time_step,t1,t2,t3,t4,t5,time_step,t6,t7,t8,t9,t10,t11,Case_fanuc,Case_sixdof
0.000000,0.000000,1.570796,-1.570799,1.570798,0.000000,0.000000,0.000000,1.570796,0.000000,0.000000,0.000000,0.000000,1,1
0.004167,0.000000,1.570796,-1.570810,1.570803,0.000000,0.004167,0.003354,1.571772,-0.004114,-0.000000,-0.007880,0.003354,1,1
0.008333,0.000885,1.570986,-1.571378,1.565569,0.000885,0.008333,0.004195,1.572011,-0.005136,-0.000000,-0.009849,0.004195,1,1
0.012500,0.001771,1.571176,-1.571946,1.560335,0.001771,0.012500,0.005596,1.572407,-0.006836,-0.000000,-0.013129,0.005596,1,1
0.016667,0.002435,1.571317,-1.572371,1.556409,0.002435,0.016667,0.006438,1.572642,-0.007853,-0.000000,-0.015097,0.006438,1,1
0.020833,0.003542,1.571549,-1.573075,1.549866,0.003542,0.020833,0.007841,1.573031,-0.009545,-0.000000,-0.018378,0.007841,1,1
0.025000,0.004650,1.571778,-1.573776,1.543324,0.004650,0.025000,0.009246,1.573417,-0.011233,-0.000000,-0.021658,0.009246,1,1
0.029167,0.005758,1.572004,-1.574473,1.536781,0.005758,0.029167,0.010652,1.573799,-0.012916,-0.000000,-0.024938,0.010652,1,1
0.033333,0.006866,1.572228,-1.575167,1.530238,0.006866,0.033333,0.012059,1.574178,-0.014594,-0.000000,-0.028219,0.012059,1,1
0.037500,0.007975,1.572447,-1.575856,1.523695,0.007975,0.037500,0.013186,1.574477,-0.015932,-0.000000,-0.030843,0.013186,1,1
0.041667,0.009084,1.572662,-1.576541,1.517152,0.009084,0.041667,0.014596,1.574849,-0.017602,-0.000000,-0.034123,0.014596,1,1
0.045833,0.009750,1.572790,-1.576951,1.513226,0.009750,0.045833,0.015725,1.575144,-0.018935,-0.000000,-0.036747,0.015725,1,1
0.050000,0.010638,1.572958,-1.577493,1.507992,0.010638,0.050000,0.016854,1.575436,-0.020263,-0.000000,-0.039373,0.016854,1,1
0.054167,0.011749,1.573165,-1.578168,1.501449,0.011748,0.054167,0.018267,1.575797,-0.021920,-0.000000,-0.042666,0.018267,1,1
0.058333,0.012859,1.573369,-1.578840,1.494906,0.012859,0.058333,0.019681,1.576153,-0.023572,-0.000000,-0.045959,0.019681,1,1
0.062500,0.013748,1.573530,-1.579375,1.489672,0.013748,0.062500,0.020814,1.576436,-0.024890,-0.000000,-0.048593,0.020814,1,1
0.066667,0.014860,1.573728,-1.580039,1.483129,0.014860,0.066667,0.022230,1.576786,-0.026534,-0.000000,-0.051885,0.022230,1,1
0.070833,0.015972,1.573922,-1.580700,1.476585,0.015972,0.070833,0.023648,1.577132,-0.028172,-0.000000,-0.055177,0.023648,1,1
0.075000,0.016862,1.574075,-1.581226,1.471351,0.016862,0.075000,0.024783,1.577406,-0.029479,-0.000000,-0.057811,0.024783,1,1
0.079167,0.017530,1.574188,-1.581618,1.467425,0.017530,0.079167,0.025635,1.577610,-0.030457,-0.000000,-0.059786,0.025635,1,1
0.083333,0.018420,1.574336,-1.582138,1.462191,0.018420,0.083333,0.026488,1.577812,-0.031434,-0.000000,-0.061762,0.026488,1,1
0.087500,0.019311,1.574482,-1.582785,1.455647,0.019534,0.087500,0.027909,1.578147,-0.033058,-0.000000,-0.065053,0.027909,1,1
0.091667,0.020871,1.574734,-1.583558,1.447796,0.020778,0.091667,0.029617,1.578544,-0.035002,-0.000000,-0.069003,0.029617,1,1
0.095833,0.021540,1.574840,-1.583943,1.443870,0.021308,0.095833,0.030756,1.578806,-0.036294,-0.000000,-0.071637,0.030756,1,1
0.100000,0.022655,1.575013,-1.584579,1.437326,0.022549,0.100000,0.032181,1.579129,-0.037903,-0.000000,-0.074928,0.032181,1,1
0.104167,0.023771,1.575183,-1.585212,1.430783,0.023880,0.104167,0.033608,1.579448,-0.039508,-0.000000,-0.078219,0.033608,1,1
0.108333,0.024887,1.575350,-1.585842,1.424240,0.025062,0.108333,0.035035,1.579763,-0.041108,-0.000000,-0.081510,0.035035,1,1
0.112500,0.026003,1.575513,-1.586467,1.417697,0.026051,0.112500,0.036499,1.580082,-0.042743,-0.000000,-0.084801,0.036499,1,1
0.116667,0.027121,1.575673,-1.587089,1.411153,0.027012,0.116667,0.038025,1.580410,-0.044439,-0.000000,-0.088092,0.038025,1,1
0.120833,0.028238,1.575830,-1.587706,1.404610,0.028113,0.120833,0.039615,1.580747,-0.046199,-0.000000,-0.091383,0.039615,1,1
0.125000,0.029357,1.575982,-1.588320,1.398066,0.029348,0.125000,0.041270,1.581092,-0.048024,-0.000000,-0.094673,0.041270,1,1
0.129167,0.030475,1.576132,-1.588930,1.391523,0.030573,0.129167,0.042994,1.581446,-0.049916,-0.000000,-0.097964,0.042994,1,1
0.133333,0.031595,1.576278,-1.589537,1.384980,0.031701,0.133333,0.044788,1.581807,-0.051877,-0.000000,-0.101254,0.044788,1,1
0.137500,0.032715,1.576421,-1.590139,1.378436,0.032718,0.137500,0.046654,1.582177,-0.053907,-0.000000,-0.104544,0.046654,1,1
0.141667,0.033835,1.576560,-1.590738,1.371893,0.033749,0.141667,0.048208,1.582479,-0.055589,-0.000000,-0.107176,0.048208,1,1
0.145833,0.034732,1.576668,-1.591213,1.366658,0.034662,0.145833,0.049808,1.582786,-0.057315,-0.000000,-0.109808,0.049808,1,1
0.150000,0.035181,1.576721,-1.591450,1.364040,0.035146,0.150000,0.051039,1.583019,-0.058639,-0.000000,-0.111781,0.051039,1,1
0.154167,0.035854,1.576799,-1.591803,1.360114,0.035864,0.154167,0.052309,1.583255,-0.059998,-0.000000,-0.113755,0.052309,1,1
0.158333,0.036752,1.576902,-1.592272,1.354879,0.036790,0.158333,0.054043,1.583572,-0.061847,-0.000000,-0.116387,0.054043,1,1
0.162500,0.037650,1.577003,-1.592740,1.349645,0.037680,0.162500,0.055831,1.583894,-0.063746,-0.000000,-0.119018,0.055831,1,1
0.166667,0.038549,1.577101,-1.593205,1.344410,0.038547,0.166667,0.057675,1.584218,-0.065697,-0.000000,-0.121649,0.057675,1,1
0.170833,0.039448,1.577197,-1.593667,1.339175,0.039427,0.170833,0.059102,1.584464,-0.067198,-0.000000,-0.123622,0.059102,1,1
0.175000,0.040347,1.577291,-1.594126,1.333940,0.040332,0.175000,0.061048,1.584796,-0.069240,-0.000000,-0.126253,0.061048,1,1
0.179167,0.041022,1.577360,-1.594469,1.330014,0.041018,0.179167,0.063043,1.585128,-0.071325,-0.000000,-0.128884,0.063043,1,1
0.183333,0.041922,1.577449,-1.594924,1.324779,0.041931,0.183333,0.065112,1.585463,-0.073473,-0.000000,-0.131515,0.065112,1,1
0.187500,0.042822,1.577538,-1.595378,1.319544,0.042834,0.187500,0.067244,1.585799,-0.075676,-0.000000,-0.134146,0.067244,1,1
0.191667,0.043723,1.577623,-1.595829,1.314309,0.043728,0.191667,0.069441,1.586137,-0.077934,-0.000000,-0.136776,0.069441,1,1
0.195833,0.045976,1.577832,-1.596950,1.301221,0.045958,0.195833,0.075103,1.586982,-0.083721,-0.000000,-0.143352,0.075103,1,1
0.200000,0.047555,1.577973,-1.597729,1.292060,0.047534,0.200000,0.079178,1.587544,-0.087829,-0.000000,-0.147954,0.079178,1,1
0.204167,0.048457,1.578048,-1.598169,1.286825,0.048453,0.204167,0.081510,1.587848,-0.090157,-0.000000,-0.150584,0.081510,1,1
0.208333,0.049361,1.578120,-1.598604,1.281590,0.049370,0.208333,0.083261,1.588068,-0.091894,-0.000000,-0.152556,0.083261,1,1
0.212500,0.050265,1.578188,-1.599037,1.276355,0.050275,0.212500,0.085596,1.588355,-0.094203,-0.000000,-0.155186,0.085596,1,1
0.216667,0.051395,1.578272,-1.599575,1.269811,0.051396,0.216667,0.089102,1.588769,-0.097649,-0.000000,-0.159130,0.089102,1,1
0.220833,0.052300,1.578337,-1.600003,1.264576,0.052292,0.220833,0.091442,1.589028,-0.099928,-0.000000,-0.161759,0.091442,1,1
0.225000,0.053205,1.578399,-1.600428,1.259341,0.053197,0.225000,0.093784,1.589277,-0.102195,-0.000000,-0.164388,0.093784,1,1
0.229167,0.054111,1.578458,-1.600851,1.254106,0.054109,0.229167,0.096127,1.589515,-0.104450,-0.000000,-0.167017,0.096127,1,1
0.233333,0.055017,1.578516,-1.601272,1.248871,0.055023,0.233333,0.098473,1.589742,-0.106694,-0.000000,-0.169646,0.098472,1,1
0.237500,0.056151,1.578584,-1.601794,1.242327,0.056156,0.237500,0.101406,1.590013,-0.109485,-0.000000,-0.172931,0.101406,1,1
0.241667,0.057058,1.578637,-1.602209,1.237092,0.057059,0.241667,0.103755,1.590216,-0.111703,-0.000000,-0.175560,0.103755,1,1
0.245833,0.057966,1.578687,-1.602621,1.231856,0.057963,0.245833,0.105518,1.590361,-0.113358,-0.000000,-0.177531,0.105518,1,1
0.250000,0.058647,1.578723,-1.602929,1.227930,0.058643,0.250000,0.107870,1.590548,-0.115557,-0.000000,-0.180160,0.107870,1,1
0.254167,0.059555,1.578768,-1.603337,1.222695,0.059554,0.254167,0.110224,1.590722,-0.117743,-0.000000,-0.182788,0.110224,1,1
0.258333,0.060464,1.578811,-1.603742,1.217459,0.060465,0.258333,0.112579,1.590885,-0.119918,-0.000000,-0.185416,0.112579,1,1
0.262500,0.061601,1.578863,-1.604246,1.210915,0.061603,0.262500,0.115525,1.591076,-0.122622,-0.000000,-0.188701,0.115525,1,1
0.266667,0.062511,1.578902,-1.604647,1.205680,0.062512,0.266667,0.117883,1.591215,-0.124770,-0.000000,-0.191329,0.117883,1,1
0.270833,0.063422,1.578937,-1.605045,1.200445,0.063421,0.270833,0.120243,1.591343,-0.126906,-0.000000,-0.193956,0.120243,1,1
0.275000,0.064333,1.578971,-1.605440,1.195210,0.064332,0.275000,0.122014,1.591432,-0.128500,-0.000000,-0.195927,0.122014,1,1
0.279167,0.065016,1.578995,-1.605735,1.191283,0.065016,0.279167,0.124377,1.591543,-0.130618,-0.000000,-0.198555,0.124377,1,1
0.283333,0.065928,1.579024,-1.606126,1.186048,0.065928,0.283333,0.126741,1.591641,-0.132723,-0.000000,-0.201182,0.126741,1,1
0.287500,0.066841,1.579052,-1.606515,1.180813,0.066841,0.287500,0.129106,1.591729,-0.134815,-0.000000,-0.203809,0.129106,1,1
0.291667,0.067753,1.579077,-1.606902,1.175577,0.067754,0.291667,0.131472,1.591805,-0.136896,-0.000000,-0.206437,0.131472,1,1
0.295833,0.068895,1.579105,-1.607381,1.169033,0.068895,0.295833,0.134432,1.591887,-0.139483,-0.000000,-0.209721,0.134432,1,1
0.300000,0.070723,1.579145,-1.608143,1.158562,0.070722,0.300000,0.139171,1.591991,-0.143591,-0.000000,-0.214975,0.139171,1,1
0.304167,0.072095,1.579170,-1.608710,1.150709,0.072094,0.304167,0.142729,1.592036,-0.146637,-0.000000,-0.218915,0.142729,1,1
0.308333,0.073468,1.579188,-1.609269,1.142856,0.073469,0.308333,0.146290,1.592055,-0.149657,-0.000000,-0.222855,0.146290,1,1
0.312500,0.074156,1.579195,-1.609546,1.138929,0.074156,0.312500,0.147478,1.592053,-0.150654,-0.000000,-0.224168,0.147478,1,1
0.316667,0.075073,1.579200,-1.609913,1.133694,0.075073,0.316667,0.150448,1.592043,-0.153141,-0.000000,-0.227451,0.150448,1,1
0.320833,0.076220,1.579205,-1.610369,1.127150,0.076219,0.320833,0.153419,1.592014,-0.155609,-0.000000,-0.230734,0.153419,1,1
0.325000,0.077597,1.579208,-1.610912,1.119297,0.077596,0.325000,0.156987,1.591958,-0.158547,-0.000000,-0.234673,0.156987,1,1
0.329167,0.079204,1.579206,-1.611541,1.110134,0.079204,0.329167,0.161152,1.591863,-0.161944,-0.000000,-0.239269,0.161152,1,1
0.333333,0.080813,1.579196,-1.612162,1.100972,0.080814,0.333333,0.165320,1.591733,-0.165303,-0.000000,-0.243864,0.165320,1,1
0.337500,0.082424,1.579181,-1.612777,1.091810,0.082424,0.337500,0.169490,1.591568,-0.168626,-0.000000,-0.248459,0.169490,1,1
0.341667,0.083806,1.579161,-1.613297,1.083957,0.083806,0.341667,0.173067,1.591397,-0.171441,-0.000000,-0.252398,0.173067,1,1
0.345833,0.085190,1.579134,-1.613811,1.076103,0.085189,0.345833,0.176646,1.591201,-0.174230,-0.000000,-0.256336,0.176646,1,1
0.350000,0.086574,1.579103,-1.614320,1.068250,0.086574,0.350000,0.180226,1.590978,-0.176990,-0.000000,-0.260274,0.180226,1,1
0.354167,0.087729,1.579073,-1.614740,1.061705,0.087730,0.354167,0.183210,1.590771,-0.179268,-0.000000,-0.263556,0.183210,1,1
0.358333,0.088654,1.579045,-1.615072,1.056470,0.088654,0.358333,0.185599,1.590590,-0.181074,-0.000000,-0.266181,0.185599,1,1
0.362500,0.089811,1.579006,-1.615483,1.049925,0.089811,0.362500,0.188585,1.590350,-0.183317,-0.000000,-0.269463,0.188585,1,1
0.366667,0.090737,1.578973,-1.615810,1.044690,0.090737,0.366667,0.190974,1.590144,-0.185096,-0.000000,-0.272088,0.190974,1,1
0.370833,0.092127,1.578919,-1.616296,1.036836,0.092127,0.370833,0.193962,1.589871,-0.187303,-0.000000,-0.275369,0.193962,1,1
0.375000,0.093287,1.578870,-1.616697,1.030292,0.093287,0.375000,0.196950,1.589525,-0.189933,-0.000000,-0.279306,0.197547,1,1
0.379167,0.094447,1.578817,-1.617095,1.023747,0.094447,0.379167,0.200536,1.589214,-0.192099,-0.000000,-0.282587,0.199913,1,1
0.383333,0.095608,1.578760,-1.617488,1.017202,0.095608,0.383333,0.202927,1.588948,-0.193815,-0.000000,-0.285212,0.202531,1,1
0.387500,0.096770,1.578700,-1.617877,1.010658,0.096770,0.387500,0.205917,1.588536,-0.196373,-0.000000,-0.289149,0.206458,1,1
0.391667,0.097701,1.578648,-1.618186,1.005422,0.097701,0.391667,0.208907,1.588242,-0.198059,-0.000000,-0.291774,0.208399,1,1
0.395833,0.099097,1.578567,-1.618645,0.997568,0.099097,0.395833,0.211897,1.587858,-0.200148,-0.000000,-0.295054,0.211672,1,1
0.400000,0.100029,1.578510,-1.618948,0.992332,0.100029,0.400000,0.214887,1.587460,-0.202221,-0.000000,-0.298335,0.214906,1,1
0.404167,0.101428,1.578420,-1.619398,0.984479,0.101428,0.404167,0.217878,1.586955,-0.204680,-0.000000,-0.302271,0.218471,1,1
0.408333,0.102828,1.578326,-1.619845,0.976625,0.102828,0.408333,0.222064,1.586425,-0.207113,-0.000000,-0.306207,0.221318,1,1
0.412500,0.103996,1.578243,-1.620213,0.970080,0.103996,0.412500,0.225055,1.585959,-0.209114,-0.000000,-0.309488,0.224591,1,1
0.416667,0.105398,1.578139,-1.620649,0.962226,0.105398,0.416667,0.228045,1.585377,-0.211491,-0.000000,-0.313424,0.228518,1,1
0.420833,0.106334,1.578065,-1.620936,0.956991,0.106334,0.420833,0.231035,1.584972,-0.213057,-0.000000,-0.316048,0.230516,1,1
0.425000,0.107505,1.577970,-1.621291,0.950446,0.107505,0.425000,0.234025,1.584449,-0.214997,-0.000000,-0.319328,0.233788,1,1
0.429167,0.108911,1.577852,-1.621714,0.942592,0.108911,0.429167,0.237612,1.583799,-0.217300,-0.000000,-0.323263,0.237671,1,1
0.433333,0.110086,1.577750,-1.622063,0.936047,0.110086,0.433333,0.240600,1.583234,-0.219194,-0.000000,-0.326543,0.240598,1,1
0.437500,0.111270,1.577643,-1.622411,0.929502,0.111270,0.437500,0.243588,1.582650,-0.221068,-0.000000,-0.329823,0.243588,1,1
0.441667,0.112468,1.577531,-1.622759,0.922957,0.112468,0.441667,0.246575,1.582046,-0.222921,-0.000000,-0.333102,0.246575,1,1
0.445833,0.113682,1.577412,-1.623106,0.916412,0.113682,0.445833,0.249562,1.581424,-0.224753,-0.000000,-0.336382,0.249562,1,1
0.450000,0.114906,1.577290,-1.623453,0.909867,0.114906,0.450000,0.252547,1.580782,-0.226565,-0.000000,-0.339661,0.252547,1,1
0.454167,0.116144,1.577163,-1.623800,0.903322,0.116144,0.454167,0.255532,1.580121,-0.228355,-0.000000,-0.342941,0.255532,1,1
0.458333,0.117397,1.577028,-1.624146,0.896777,0.117397,0.458333,0.258515,1.579441,-0.230124,-0.000000,-0.346220,0.258515,1,1
0.462500,0.118409,1.576917,-1.624422,0.891541,0.118409,0.462500,0.260901,1.578881,-0.231522,-0.000000,-0.348843,0.260901,1,1
0.466667,0.120199,1.576715,-1.624905,0.882378,0.120199,0.466667,0.264479,1.578022,-0.233599,-0.000000,-0.352778,0.264479,1,1
0.470833,0.121494,1.576564,-1.625249,0.875833,0.121494,0.470833,0.267459,1.577288,-0.235310,-0.000000,-0.356057,0.267459,1,1
0.475000,0.122280,1.576470,-1.625454,0.871906,0.122280,0.475000,0.269842,1.576685,-0.236660,-0.000000,-0.358680,0.269842,1,1
0.479167,0.123603,1.576306,-1.625796,0.865361,0.123603,0.479167,0.272819,1.575910,-0.238327,-0.000000,-0.361959,0.272819,1,1
0.483333,0.124935,1.576139,-1.626137,0.858816,0.124935,0.483333,0.275795,1.575117,-0.239971,-0.000000,-0.365238,0.275795,1,1
0.487500,0.126549,1.575932,-1.626545,0.850962,0.126549,0.487500,0.279363,1.574140,-0.241919,-0.000000,-0.369176,0.279363,1,1
0.491667,0.127363,1.575825,-1.626749,0.847035,0.127363,0.491667,0.281147,1.573638,-0.242877,-0.000000,-0.371149,0.281147,1,1
0.495833,0.129018,1.575599,-1.627154,0.839181,0.129018,0.495833,0.284117,1.572788,-0.244461,-0.000000,-0.374442,0.284117,1,1
0.500000,0.130681,1.575369,-1.627557,0.831327,0.130681,0.500000,0.288274,1.571575,-0.246652,-0.000000,-0.379053,0.288274,1,1
0.504167,0.131805,1.575209,-1.627825,0.826090,0.131805,0.504167,0.290647,1.570857,-0.247877,-0.000000,-0.381687,0.290647,1,1
0.508333,0.133227,1.575000,-1.628158,0.819545,0.133227,0.508333,0.293018,1.570126,-0.249087,-0.000000,-0.384322,0.293018,1,1
0.512500,0.134377,1.574829,-1.628423,0.814309,0.134377,0.512500,0.295981,1.569200,-0.250586,-0.000000,-0.387615,0.295981,1,1
0.516667,0.135828,1.574606,-1.628753,0.807764,0.135828,0.516667,0.298349,1.568441,-0.251764,-0.000000,-0.390249,0.298349,1,1
0.520833,0.136411,1.574516,-1.628884,0.805146,0.136411,0.520833,0.300124,1.567865,-0.252640,-0.000000,-0.392225,0.300124,1,1
0.525000,0.137886,1.574282,-1.629210,0.798601,0.137886,0.525000,0.303081,1.566888,-0.254081,-0.000000,-0.395517,0.303081,1,1
0.529167,0.139073,1.574091,-1.629471,0.793364,0.139073,0.529167,0.305444,1.566090,-0.255216,-0.000000,-0.398151,0.305444,1,1
0.533333,0.140272,1.573894,-1.629729,0.788128,0.140272,0.533333,0.307806,1.565280,-0.256337,-0.000000,-0.400785,0.307806,1,1
0.537500,0.142087,1.573591,-1.630115,0.780274,0.142087,0.537500,0.310756,1.564251,-0.257719,-0.000000,-0.404077,0.310756,1,1
0.541667,0.143611,1.573331,-1.630434,0.773728,0.143611,0.541667,0.314293,1.562996,-0.259355,-0.000000,-0.408027,0.314293,1,1
0.545833,0.144847,1.573116,-1.630687,0.768492,0.144847,0.545833,0.316647,1.562137,-0.260420,-0.000000,-0.410661,0.316647,1,1
0.550000,0.146405,1.572838,-1.631001,0.761947,0.146405,0.550000,0.319589,1.561048,-0.261734,0.000000,-0.413952,0.319589,1,1
0.554167,0.147661,1.572612,-1.631251,0.756711,0.147661,0.554167,0.321939,1.560160,-0.262766,0.000000,-0.416586,0.321939,1,1
0.558333,0.148612,1.572437,-1.631437,0.752783,0.148612,0.558333,0.323700,1.559485,-0.263529,0.000000,-0.418561,0.323700,1,1
0.562500,0.149893,1.572197,-1.631682,0.747547,0.149893,0.562500,0.326047,1.558575,-0.264535,0.000000,-0.421194,0.326047,1,1
0.566667,0.152152,1.571768,-1.632109,0.738383,0.152152,0.566667,0.329564,1.557190,-0.266021,0.000000,-0.425143,0.329564,1,1
0.570833,0.153456,1.571516,-1.632350,0.733147,0.153456,0.570833,0.332491,1.556017,-0.267238,0.000000,-0.428434,0.332491,1,1
0.575000,0.154775,1.571254,-1.632588,0.727911,0.154775,0.575000,0.334245,1.555298,-0.267950,0.000000,-0.430409,0.334245,1,1
0.579167,0.156106,1.570987,-1.632824,0.722674,0.156106,0.579167,0.337167,1.554089,-0.269124,0.000000,-0.433700,0.337167,1,1
0.583333,0.157112,1.570781,-1.632999,0.718747,0.157112,0.583333,0.338334,1.553597,-0.269584,0.000000,-0.435016,0.338334,1,1
0.587500,0.158464,1.570501,-1.633231,0.713511,0.158464,0.587500,0.341250,1.552360,-0.270725,0.000000,-0.438307,0.341250,1,1
0.591667,0.159824,1.570215,-1.633460,0.708274,0.159825,0.591667,0.342997,1.551604,-0.271395,0.000000,-0.440281,0.342997,1,1
0.595833,0.160854,1.569996,-1.633631,0.704347,0.160854,0.595833,0.344743,1.550844,-0.272058,0.000000,-0.442256,0.344743,1,1
0.600000,0.162237,1.569698,-1.633855,0.699111,0.162237,0.600000,0.347651,1.549562,-0.273146,0.000000,-0.445546,0.347651,1,1
0.604167,0.163628,1.569394,-1.634078,0.693874,0.163628,0.604167,0.349973,1.548519,-0.273996,0.000000,-0.448179,0.349973,1,1
0.608333,0.165732,1.568928,-1.634408,0.686020,0.165732,0.608333,0.353453,1.546935,-0.275248,0.000000,-0.452127,0.353453,1,1
0.612500,0.166797,1.568688,-1.634571,0.682092,0.166797,0.612500,0.354610,1.546397,-0.275654,0.000000,-0.453443,0.354610,1,1
0.616667,0.168228,1.568360,-1.634784,0.676856,0.168228,0.616667,0.357503,1.545046,-0.276658,0.000000,-0.456733,0.357503,1,1
0.620833,0.170028,1.567943,-1.635047,0.670310,0.170028,0.620833,0.360392,1.543673,-0.277638,0.000000,-0.460023,0.360392,1,1
0.625000,0.171482,1.567601,-1.635254,0.665074,0.171482,0.625000,0.362699,1.542559,-0.278403,0.000000,-0.462655,0.362699,1,1
0.629167,0.172949,1.567250,-1.635458,0.659837,0.172949,0.629167,0.364427,1.541713,-0.278964,0.000000,-0.464629,0.364427,1,1
0.633333,0.174428,1.566892,-1.635659,0.654601,0.174428,0.633333,0.366729,1.540294,-0.279888,0.000000,-0.467919,0.367304,1,1
0.637500,0.175920,1.566525,-1.635856,0.649364,0.175920,0.637500,0.369603,1.539142,-0.280606,0.000000,-0.470551,0.369123,1,1
0.641667,0.177798,1.566058,-1.636098,0.642819,0.177798,0.641667,0.372471,1.537685,-0.281482,0.000000,-0.473840,0.372396,1,1
0.645833,0.179696,1.565578,-1.636335,0.636273,0.179696,0.645833,0.374762,1.536502,-0.282163,0.000000,-0.476472,0.374749,1,1
0.650000,0.181614,1.565084,-1.636566,0.629727,0.181614,0.650000,0.377622,1.535010,-0.282996,0.000000,-0.479762,0.377636,1,1
0.654167,0.183936,1.564478,-1.636836,0.621872,0.183937,0.654167,0.381619,1.532894,-0.284129,0.000000,-0.484367,0.381618,1,1
0.658333,0.185495,1.564066,-1.637013,0.616636,0.185495,0.658333,0.383896,1.531660,-0.284745,0.000000,-0.486998,0.383896,1,1
0.662500,0.186678,1.563748,-1.637142,0.612708,0.186678,0.662500,0.385602,1.530724,-0.285195,0.000000,-0.488972,0.385602,1,1
0.666667,0.188271,1.563313,-1.637308,0.607472,0.188271,0.666667,0.387873,1.529467,-0.285783,0.000000,-0.491603,0.387873,1,1
0.670833,0.190277,1.562758,-1.637511,0.600926,0.190277,0.670833,0.390141,1.528197,-0.286355,0.000000,-0.494234,0.390141,1,1
0.675000,0.191486,1.562421,-1.637631,0.596998,0.191486,0.675000,0.392406,1.526917,-0.286913,0.000000,-0.496866,0.392406,1,1
0.679167,0.193117,1.561959,-1.637785,0.591762,0.193117,0.679167,0.394666,1.525622,-0.287451,0.000000,-0.499497,0.394666,1,1
0.683333,0.194759,1.561489,-1.637934,0.586525,0.194759,0.683333,0.396923,1.524313,-0.287973,0.000000,-0.502128,0.396923,1,1
0.687500,0.198071,1.560527,-1.638223,0.576052,0.198071,0.687500,0.400865,1.522001,-0.288858,0.000000,-0.506733,0.400865,1,1
0.691667,0.200159,1.559914,-1.638398,0.569506,0.200159,0.691667,0.404236,1.519991,-0.289580,0.000000,-0.510679,0.404236,1,1
0.695833,0.201431,1.559531,-1.638495,0.565578,0.201431,0.695833,0.405917,1.518968,-0.289919,0.000000,-0.512652,0.405917,1,1
0.700000,0.203141,1.559010,-1.638620,0.560342,0.203141,0.700000,0.408154,1.517596,-0.290358,0.000000,-0.515283,0.408154,1,1
0.704167,0.204862,1.558480,-1.638740,0.555105,0.204862,0.704167,0.410387,1.516210,-0.290780,0.000000,-0.517914,0.410387,1,1
0.708333,0.207033,1.557804,-1.638883,0.548559,0.207033,0.708333,0.412616,1.514812,-0.291185,0.000000,-0.520545,0.412616,1,1
0.712500,0.207905,1.557530,-1.638938,0.545941,0.207905,0.712500,0.414286,1.513757,-0.291480,0.000000,-0.522518,0.414286,1,1
0.716667,0.209669,1.556967,-1.639041,0.540704,0.209669,0.716667,0.416508,1.512336,-0.291856,0.000000,-0.525149,0.416508,1,1
0.720833,0.213211,1.555831,-1.639242,0.530231,0.213211,0.720833,0.420943,1.509469,-0.292574,0.000000,-0.530411,0.420943,1,1
0.725000,0.215003,1.555246,-1.639334,0.524994,0.215003,0.725000,0.422600,1.508375,-0.292817,0.000000,-0.532384,0.422600,1,1
0.729167,0.216817,1.554643,-1.639416,0.519757,0.216817,0.729167,0.425357,1.506541,-0.293208,0.000000,-0.535672,0.425357,1,1
0.733333,0.218645,1.554029,-1.639492,0.514520,0.218645,0.733333,0.427557,1.505057,-0.293499,0.000000,-0.538303,0.427557,1,1
0.737500,0.220947,1.553247,-1.639579,0.507974,0.220947,0.737500,0.430302,1.503187,-0.293840,0.000000,-0.541591,0.430302,1,1
0.741667,0.223267,1.552449,-1.639657,0.501428,0.223267,0.741667,0.433039,1.501296,-0.294155,0.000000,-0.544879,0.433039,1,1
0.745833,0.226550,1.551304,-1.639751,0.492264,0.226550,0.745833,0.436315,1.499005,-0.294500,0.000000,-0.548825,0.436315,1,1
0.750000,0.228446,1.550633,-1.639796,0.487027,0.228446,0.750000,0.438494,1.497462,-0.294709,0.000000,-0.551456,0.438494,1,1
0.754167,0.230364,1.549943,-1.639830,0.481790,0.230364,0.754167,0.441210,1.495514,-0.294944,0.000000,-0.554744,0.441210,1,1
0.758333,0.232779,1.549065,-1.639863,0.475244,0.232779,0.758333,0.443918,1.493546,-0.295150,0.000000,-0.558032,0.443918,1,1
0.762500,0.235704,1.547987,-1.639890,0.467389,0.235704,0.762500,0.447158,1.491161,-0.295364,0.000000,-0.561977,0.447158,1,1
0.766667,0.238658,1.546883,-1.639901,0.459533,0.238658,0.766667,0.449849,1.489150,-0.295509,0.000000,-0.565265,0.449849,1,1
0.770833,0.241140,1.545943,-1.639897,0.452987,0.241140,0.770833,0.453070,1.486716,-0.295654,0.000000,-0.569211,0.453070,1,1
0.775000,0.244122,1.544796,-1.639877,0.445132,0.244123,0.775000,0.456278,1.484252,-0.295756,0.000000,-0.573157,0.456278,1,1
0.779167,0.246609,1.543827,-1.639846,0.438585,0.246609,0.779167,0.458942,1.482176,-0.295807,0.000000,-0.576445,0.458942,1,1
0.783333,0.248599,1.543039,-1.639809,0.433348,0.248599,0.783333,0.461066,1.480500,-0.295826,0.000000,-0.579075,0.461066,1,1
0.787500,0.251586,1.541843,-1.639741,0.425493,0.251586,0.787500,0.464245,1.477968,-0.295828,0.000000,-0.583020,0.464245,1,1
0.791667,0.253578,1.541036,-1.639685,0.420256,0.253578,0.791667,0.466356,1.476262,-0.295802,0.000000,-0.585651,0.466356,1,1
0.795833,0.257065,1.539606,-1.639571,0.411091,0.257065,0.795833,0.470041,1.473256,-0.295726,0.000000,-0.590254,0.470041,1,1
0.800000,0.259557,1.538575,-1.639481,0.404545,0.259557,0.800000,0.472661,1.471082,-0.295632,0.000000,-0.593542,0.472661,1,1
0.804167,0.262549,1.537312,-1.639346,0.396689,0.262549,0.804167,0.475273,1.468890,-0.295510,0.000000,-0.596830,0.475273,1,1
0.808333,0.265043,1.536248,-1.639223,0.390143,0.265043,0.808333,0.478398,1.466241,-0.295335,0.000000,-0.600775,0.478398,1,1
0.812500,0.267539,1.535169,-1.639085,0.383597,0.267539,0.812500,0.480990,1.464008,-0.295151,0.000000,-0.604063,0.480990,1,1
0.816667,0.271033,1.533639,-1.638873,0.374432,0.271033,0.816667,0.484090,1.461307,-0.294896,0.000000,-0.608008,0.484090,1,1
0.820833,0.273530,1.532534,-1.638710,0.367885,0.273530,0.820833,0.487179,1.458582,-0.294604,0.000000,-0.611954,0.487179,1,1
0.825000,0.276028,1.531411,-1.638529,0.361339,0.276028,0.825000,0.489740,1.456288,-0.294323,0.000000,-0.615241,0.489740,1,1
0.829167,0.277528,1.530732,-1.638415,0.357411,0.277528,0.829167,0.491271,1.454900,-0.294137,0.000000,-0.617214,0.491271,1,1
0.833333,0.280527,1.529355,-1.638169,0.349555,0.280527,0.833333,0.494327,1.452112,-0.293745,0.000000,-0.621160,0.494327,1,1
0.837500,0.283027,1.528200,-1.637955,0.343009,0.283027,0.837500,0.496863,1.449768,-0.293384,0.000000,-0.624448,0.496863,1,1
0.841667,0.285528,1.527027,-1.637725,0.336462,0.285528,0.841667,0.498883,1.447878,-0.293072,0.000000,-0.627078,0.498883,1,1
0.845833,0.289530,1.525134,-1.637339,0.325988,0.289531,0.845833,0.503418,1.443604,-0.292333,0.000000,-0.632996,0.503418,1,1
0.850000,0.293034,1.523456,-1.636980,0.316823,0.293034,0.850000,0.506919,1.440234,-0.291683,0.000000,-0.637599,0.506919,1,1
0.854167,0.295537,1.522237,-1.636702,0.310276,0.295537,0.854167,0.509407,1.437802,-0.291177,0.000000,-0.640887,0.509407,1,1
0.858333,0.297039,1.521499,-1.636529,0.306348,0.297039,0.858333,0.510893,1.436333,-0.290857,0.000000,-0.642860,0.510893,1,1
0.862500,0.300044,1.520006,-1.636167,0.298493,0.300044,0.862500,0.513365,1.433874,-0.290305,0.000000,-0.646148,0.513365,1,1
0.866667,0.301547,1.519253,-1.635979,0.294565,0.301547,0.866667,0.515336,1.431896,-0.289845,0.000000,-0.648778,0.515336,1,1
0.870833,0.303551,1.518240,-1.635718,0.289327,0.303551,0.870833,0.517298,1.429904,-0.289362,0.000000,-0.651409,0.517298,1,1
0.875000,0.305054,1.517477,-1.635520,0.285399,0.305054,0.875000,0.518766,1.428403,-0.288985,0.000000,-0.653382,0.518766,1,1
0.879167,0.308561,1.515681,-1.635040,0.276234,0.308561,0.879167,0.522181,1.424885,-0.288083,0.000000,-0.657985,0.522181,1,1
0.883333,0.312570,1.513611,-1.634476,0.265759,0.312570,0.883333,0.525576,1.420828,-0.286987,0.000000,-0.663246,0.526061,1,1
0.887500,0.315578,1.512039,-1.634032,0.257903,0.315578,0.887500,0.528952,1.417755,-0.286110,0.000000,-0.667192,0.528346,1,1
0.891667,0.318585,1.510445,-1.633565,0.250047,0.318585,0.891667,0.531828,1.414657,-0.285189,0.000000,-0.671138,0.531979,1,1
0.895833,0.320089,1.509640,-1.633324,0.246119,0.320090,0.895833,0.533258,1.413097,-0.284708,0.000000,-0.673111,0.533315,1,1
0.900000,0.323098,1.508012,-1.632823,0.238263,0.323098,0.900000,0.536111,1.409965,-0.283724,0.000000,-0.677057,0.536096,1,1
0.904167,0.325605,1.506647,-1.632395,0.231716,0.325605,0.904167,0.538475,1.407336,-0.282870,0.000000,-0.680345,0.538476,1,1
0.908333,0.328112,1.505267,-1.631953,0.225169,0.328112,0.908333,0.540829,1.404691,-0.281985,0.000000,-0.683634,0.540829,1,1
0.912500,0.330118,1.504156,-1.631591,0.219932,0.330118,0.912500,0.542704,1.402563,-0.281255,0.000000,-0.686265,0.542704,1,1
0.916667,0.332625,1.502753,-1.631125,0.213385,0.332625,0.916667,0.545039,1.399890,-0.280318,0.000000,-0.689553,0.545039,1,1
0.920833,0.334631,1.501625,-1.630745,0.208148,0.334631,0.920833,0.546898,1.397740,-0.279545,0.000000,-0.692184,0.546898,1,1
0.925000,0.336135,1.500771,-1.630452,0.204219,0.336135,0.925000,0.548287,1.396120,-0.278951,0.000000,-0.694157,0.548287,1,1
0.929167,0.338642,1.499338,-1.629953,0.197672,0.338642,0.929167,0.550134,1.393953,-0.278145,0.000000,-0.696788,0.550134,1,1
0.933333,0.340647,1.498184,-1.629546,0.192435,0.340647,0.933333,0.552436,1.391235,-0.277120,0.000000,-0.700077,0.552436,1,1
0.937500,0.342152,1.497313,-1.629236,0.188507,0.342152,0.937500,0.553809,1.389594,-0.276484,0.000000,-0.702051,0.553809,1,1
0.941667,0.344157,1.496144,-1.628812,0.183269,0.344157,0.941667,0.555635,1.387398,-0.275622,0.000000,-0.704682,0.555635,1,1
0.945833,0.346162,1.494968,-1.628381,0.178032,0.346162,0.945833,0.557454,1.385193,-0.274741,0.000000,-0.707313,0.557454,1,1
0.950000,0.348167,1.493784,-1.627943,0.172794,0.348167,0.950000,0.559266,1.382979,-0.273841,0.000000,-0.709944,0.559266,1,1
0.954167,0.349671,1.492893,-1.627609,0.168866,0.349671,0.954167,0.560619,1.381312,-0.273152,0.000000,-0.711918,0.560619,1,1
0.958333,0.351175,1.491995,-1.627269,0.164938,0.351175,0.958333,0.561969,1.379639,-0.272453,0.000000,-0.713891,0.561969,1,1
0.962500,0.353179,1.490792,-1.626809,0.159700,0.353179,0.962500,0.563763,1.377402,-0.271507,0.000000,-0.716522,0.563763,1,1
0.966667,0.355183,1.489582,-1.626342,0.154462,0.355184,0.966667,0.565550,1.375156,-0.270541,0.000000,-0.719154,0.565550,1,1
0.970833,0.358190,1.487758,-1.625630,0.146606,0.358190,0.970833,0.567774,1.372337,-0.269311,0.000000,-0.722443,0.567774,1,1
0.975000,0.360194,1.486533,-1.625146,0.141368,0.360194,0.975000,0.569990,1.369506,-0.268056,0.000000,-0.725733,0.569990,1,1
0.979167,0.362197,1.485298,-1.624650,0.137049,0.362197,0.979167,0.571751,1.367229,-0.267025,0.000000,-0.728364,0.571751,1,1
0.983333,0.364701,1.483743,-1.624019,0.137205,0.364701,0.983333,0.573506,1.364943,-0.265975,0.000000,-0.730996,0.573506,1,1
0.987500,0.366703,1.482493,-1.623507,0.140017,0.366703,0.987500,0.575691,1.362076,-0.264642,0.000000,-0.734286,0.575691,1,1
0.991667,0.368701,1.481236,-1.622985,0.142875,0.368701,0.991667,0.577429,1.359770,-0.263550,0.000000,-0.736917,0.577429,1,1
0.995833,0.371694,1.479343,-1.622190,0.144327,0.371694,0.995833,0.580026,1.356300,-0.261884,0.000000,-0.740865,0.580026,1,1
1.000000,0.374682,1.477443,-1.621384,0.143933,0.374682,1.000000,0.582605,1.352810,-0.260176,0.000000,-0.744813,0.582605,1,1
1.004167,0.377664,1.475531,-1.620561,0.143474,0.377664,1.004167,0.585169,1.349302,-0.258425,0.000000,-0.748761,0.585169,1,1
1.008333,0.380640,1.473604,-1.619717,0.145205,0.380640,1.008333,0.587291,1.346363,-0.256932,0.000000,-0.752052,0.587291,1,1
1.012500,0.383116,1.471988,-1.619000,0.147584,0.383116,1.012500,0.589826,1.342823,-0.255110,0.000000,-0.756000,0.589826,1,1
1.016667,0.386080,1.470037,-1.618122,0.149168,0.386080,1.016667,0.592342,1.339263,-0.253240,0.000000,-0.759949,0.592342,1,1
1.020833,0.388546,1.468403,-1.617379,0.149350,0.388546,1.020833,0.594425,1.336281,-0.251647,0.000000,-0.763240,0.594425,1,1
1.025000,0.391006,1.466759,-1.616619,0.149396,0.391006,1.025000,0.596497,1.333288,-0.250025,0.000000,-0.766530,0.596497,1,1
1.029167,0.393954,1.464775,-1.615694,0.150328,0.393954,1.029167,0.598557,1.330282,-0.248374,0.000000,-0.769821,0.598557,1,1
1.033333,0.395916,1.463446,-1.615067,0.151438,0.395916,1.033333,0.600607,1.327266,-0.246697,0.000000,-0.773107,0.600607,1,1
1.037500,0.398854,1.461443,-1.614112,0.153133,0.398854,1.037500,0.603050,1.323631,-0.244645,0.000000,-0.777040,0.603050,1,1
1.041667,0.400320,1.460436,-1.613627,0.153630,0.400321,1.041667,0.604264,1.321806,-0.243599,0.000000,-0.779006,0.604264,1,1
1.045833,0.402760,1.458750,-1.612807,0.154012,0.402760,1.045833,0.605876,1.319366,-0.242189,0.000000,-0.781628,0.605876,1,1
1.050000,0.403735,1.458075,-1.612477,0.154172,0.403735,1.050000,0.607082,1.317532,-0.241122,0.000000,-0.783595,0.607082,1,1
1.054167,0.405195,1.457056,-1.611974,0.154712,0.405195,1.054167,0.608281,1.315693,-0.240041,0.000000,-0.785561,0.608281,1,1
1.058333,0.407139,1.455694,-1.611298,0.155580,0.407139,1.058333,0.609875,1.313235,-0.238585,0.000000,-0.788183,0.609875,1,1
1.062500,0.408597,1.454671,-1.610788,0.156218,0.408597,1.062500,0.611065,1.311387,-0.237480,0.000000,-0.790150,0.611065,1,1
1.066667,0.410536,1.453300,-1.610098,0.156888,0.410537,1.066667,0.612646,1.308916,-0.235992,0.000000,-0.792772,0.612646,1,1
1.070833,0.412474,1.451925,-1.609402,0.157480,0.412474,1.070833,0.614219,1.306439,-0.234486,0.000000,-0.795394,0.614219,1,1
1.075000,0.413925,1.450891,-1.608876,0.157928,0.413926,1.075000,0.615393,1.304576,-0.233343,0.000000,-0.797361,0.615393,1,1
1.079167,0.415858,1.449507,-1.608166,0.158594,0.415858,1.079167,0.616953,1.302087,-0.231804,0.000000,-0.799983,0.616953,1,1
1.083333,0.418271,1.447771,-1.607270,0.159488,0.418271,1.083333,0.618894,1.298967,-0.229859,0.000000,-0.803261,0.618894,1,1
1.087500,0.419716,1.446727,-1.606727,0.160027,0.419716,1.087500,0.620052,1.297089,-0.228674,0.000000,-0.805228,0.620052,1,1
1.091667,0.421640,1.445327,-1.605993,0.160688,0.421640,1.091667,0.621590,1.294580,-0.227081,0.000000,-0.807850,0.621590,1,1
1.095833,0.423082,1.444275,-1.605438,0.161165,0.423082,1.095833,0.622737,1.292693,-0.225872,0.000000,-0.809817,0.622737,1,1
1.100000,0.425000,1.442867,-1.604690,0.161806,0.425000,1.100000,0.624262,1.290172,-0.224247,0.000000,-0.812439,0.624262,1,1
1.104167,0.426438,1.441808,-1.604125,0.162295,0.426438,1.104167,0.625400,1.288276,-0.223014,0.000000,-0.814406,0.625400,1,1
1.108333,0.428352,1.440391,-1.603363,0.162960,0.428352,1.108333,0.626912,1.285744,-0.221357,0.000000,-0.817029,0.626912,1,1
1.112500,0.429786,1.439326,-1.602788,0.163461,0.429786,1.112500,0.628040,1.283840,-0.220100,0.000000,-0.818995,0.628040,1,1
1.116667,0.431218,1.438257,-1.602208,0.163952,0.431218,1.116667,0.629164,1.281932,-0.218833,0.000000,-0.820962,0.629164,1,1
1.120833,0.433601,1.436469,-1.601229,0.164756,0.433601,1.120833,0.631030,1.278747,-0.216705,0.000000,-0.824240,0.631030,1,1
1.125000,0.435981,1.434676,-1.600242,0.165556,0.435981,1.125000,0.632885,1.275552,-0.214548,0.000000,-0.827519,0.632885,1,1
1.129167,0.438356,1.432875,-1.599242,0.166357,0.438356,1.129167,0.634359,1.272989,-0.212800,0.000000,-0.830797,0.634727,1,1
1.133333,0.440252,1.431428,-1.598432,0.166997,0.440252,1.133333,0.635827,1.270420,-0.211037,0.000000,-0.832764,0.635597,1,1
1.137500,0.442618,1.429612,-1.597408,0.167792,0.442618,1.137500,0.637651,1.267200,-0.208806,0.000000,-0.836043,0.637661,1,1
1.141667,0.444036,1.428520,-1.596789,0.168264,0.444036,1.141667,0.639104,1.264618,-0.207004,0.000000,-0.838665,0.639155,1,1
1.145833,0.446394,1.426691,-1.595744,0.169046,0.446395,1.145833,0.640907,1.261382,-0.204722,0.000000,-0.841944,0.640905,1,1
1.150000,0.448279,1.425225,-1.594903,0.169670,0.448279,1.150000,0.641982,1.259434,-0.203337,0.000000,-0.843911,0.641981,1,1
1.154167,0.450160,1.423752,-1.594050,0.170291,0.450160,1.154167,0.643768,1.256184,-0.201012,0.000000,-0.847190,0.643768,1,1
1.158333,0.452037,1.422275,-1.593190,0.170908,0.452038,1.158333,0.645186,1.253576,-0.199128,0.000000,-0.849813,0.645186,1,1
1.162500,0.453913,1.420794,-1.592323,0.171523,0.453913,1.162500,0.646597,1.250962,-0.197227,0.000000,-0.852436,0.646597,1,1
1.166667,0.455785,1.419307,-1.591447,0.172134,0.455785,1.166667,0.648001,1.248344,-0.195307,0.000000,-0.855059,0.648001,1,1
1.170833,0.458121,1.417443,-1.590343,0.172893,0.458121,1.170833,0.649398,1.245725,-0.193370,0.000000,-0.857682,0.649398,1,1
1.175000,0.459988,1.415948,-1.589453,0.173498,0.459988,1.175000,0.651136,1.242453,-0.190931,0.000000,-0.860961,0.651136,1,1
1.179167,0.461851,1.414447,-1.588553,0.174099,0.461851,1.179167,0.652516,1.239834,-0.188953,0.000000,-0.863585,0.652516,1,1
1.183333,0.464176,1.412565,-1.587417,0.174846,0.464176,1.183333,0.653889,1.237216,-0.186958,0.000000,-0.866208,0.653889,1,1
1.187500,0.466032,1.411054,-1.586499,0.175439,0.466032,1.187500,0.655256,1.234597,-0.184950,0.000000,-0.868831,0.655256,1,1
1.191667,0.467885,1.409537,-1.585572,0.176028,0.467885,1.191667,0.656613,1.231979,-0.182925,0.000000,-0.871455,0.656615,1,1
1.195833,0.469273,1.408397,-1.584872,0.176468,0.469273,1.195833,0.657628,1.230015,-0.181393,0.000000,-0.873423,0.657629,1,1
1.200000,0.471582,1.406491,-1.583696,0.177198,0.471582,1.200000,0.659647,1.226088,-0.178306,0.000000,-0.877358,0.659646,1,1
1.204167,0.475274,1.403437,-1.581804,0.178360,0.475274,1.204167,0.662314,1.220851,-0.174133,0.000000,-0.882605,0.662315,1,1
1.208333,0.477575,1.401519,-1.580607,0.179081,0.477575,1.208333,0.663963,1.217578,-0.171482,0.000000,-0.885885,0.663963,1,1
1.212500,0.480329,1.399206,-1.579149,0.179936,0.480329,1.212500,0.665928,1.213650,-0.168269,0.000000,-0.889821,0.665928,1,1
1.216667,0.482161,1.397658,-1.578167,0.180501,0.482161,1.216667,0.667227,1.211032,-0.166101,0.000000,-0.892445,0.667227,1,1
1.220833,0.483989,1.396104,-1.577173,0.181062,0.483989,1.220833,0.668518,1.208413,-0.163917,0.000000,-0.895069,0.668518,1,1
1.225000,0.486270,1.394157,-1.575922,0.181758,0.486270,1.225000,0.670123,1.205140,-0.161165,0.000000,-0.898349,0.670123,1,1
1.229167,0.488092,1.392594,-1.574912,0.182311,0.488092,1.229167,0.671398,1.202522,-0.158944,0.000000,-0.900974,0.671398,1,1
1.233333,0.489910,1.391025,-1.573893,0.182860,0.489910,1.233333,0.672666,1.199903,-0.156705,0.000000,-0.903598,0.672666,1,1
1.237500,0.491725,1.389453,-1.572866,0.183406,0.491725,1.237500,0.673926,1.197285,-0.154451,0.000000,-0.906222,0.673926,1,1
1.241667,0.493990,1.387482,-1.571571,0.184082,0.493990,1.241667,0.675493,1.194011,-0.151612,0.000000,-0.909503,0.675493,1,1
1.245833,0.495799,1.385901,-1.570528,0.184620,0.495799,1.245833,0.676737,1.191393,-0.149321,0.000000,-0.912127,0.676737,1,1
1.250000,0.497153,1.384712,-1.569740,0.185021,0.497153,1.250000,0.677664,1.189429,-0.147590,0.000000,-0.914096,0.677664,1,1
1.254167,0.500759,1.381533,-1.567622,0.186083,0.500759,1.254167,0.680127,1.184192,-0.142951,0.000000,-0.919345,0.680127,1,1
1.258333,0.502110,1.380338,-1.566824,0.186479,0.502110,1.258333,0.681039,1.182228,-0.141187,0.000000,-0.921314,0.681039,1,1
1.262500,0.503904,1.378737,-1.565743,0.186999,0.503904,1.262500,0.682250,1.179610,-0.138823,0.000000,-0.923939,0.682250,1,1
1.266667,0.505249,1.377534,-1.564929,0.187388,0.505249,1.266667,0.683153,1.177646,-0.137039,0.000000,-0.925908,0.683153,1,1
1.270833,0.507485,1.375523,-1.563559,0.188029,0.507485,1.270833,0.684352,1.175027,-0.134648,0.000000,-0.928533,0.684352,1,1
1.275000,0.509270,1.373910,-1.562455,0.188538,0.509270,1.275000,0.685545,1.172409,-0.132245,0.000000,-0.931158,0.685545,1,1
1.279167,0.511053,1.372293,-1.561344,0.189044,0.511053,1.279167,0.686731,1.169790,-0.129826,0.000000,-0.933783,0.686731,1,1
1.283333,0.512833,1.370672,-1.560225,0.189546,0.512833,1.283333,0.688203,1.166517,-0.126780,0.000000,-0.937065,0.688203,1,1
1.287500,0.514610,1.369047,-1.559099,0.190045,0.514610,1.287500,0.689371,1.163898,-0.124323,0.000000,-0.939691,0.689371,1,1
1.291667,0.516828,1.367010,-1.557681,0.190663,0.516828,1.291667,0.690822,1.160625,-0.121232,0.000000,-0.942973,0.690822,1,1
1.295833,0.519041,1.364969,-1.556253,0.191277,0.519041,1.295833,0.692261,1.157352,-0.118117,0.000000,-0.946255,0.692261,1,1
1.300000,0.521250,1.362922,-1.554813,0.191884,0.521250,1.300000,0.693690,1.154078,-0.114978,0.000000,-0.949537,0.693690,1,1
1.304167,0.523014,1.361279,-1.553651,0.192365,0.523014,1.304167,0.694824,1.151460,-0.112449,0.000000,-0.952163,0.694824,1,1
1.308333,0.524773,1.359631,-1.552479,0.192841,0.524773,1.308333,0.695950,1.148841,-0.109904,0.000000,-0.954789,0.695950,1,1
1.312500,0.527408,1.357154,-1.550711,0.193550,0.527409,1.312500,0.697630,1.144913,-0.106064,0.000000,-0.958729,0.697630,1,1
1.316667,0.529600,1.355084,-1.549226,0.194135,0.529600,1.316667,0.699016,1.141640,-0.102837,0.000000,-0.962012,0.699016,1,1
1.320833,0.532223,1.352591,-1.547426,0.194827,0.532223,1.320833,0.700666,1.137712,-0.098937,0.000000,-0.965951,0.700666,1,1
1.325000,0.534840,1.350090,-1.545610,0.195512,0.534840,1.325000,0.702028,1.134438,-0.095664,0.000000,-0.969235,0.702028,1,1
1.329167,0.536581,1.348419,-1.544391,0.195964,0.536582,1.329167,0.703381,1.131165,-0.092392,0.000000,-0.972518,0.703381,1,1
1.333333,0.537883,1.347160,-1.543466,0.196298,0.537884,1.333333,0.703917,1.129855,-0.091083,0.000000,-0.973832,0.703917,1,1
1.337500,0.539617,1.345479,-1.542227,0.196740,0.539617,1.337500,0.704986,1.127237,-0.088465,0.000000,-0.976459,0.704986,1,1
1.341667,0.541781,1.343374,-1.540670,0.197288,0.541781,1.341667,0.706579,1.123308,-0.084538,0.000000,-0.980400,0.706579,1,1
1.345833,0.543508,1.341686,-1.539415,0.197722,0.543508,1.345833,0.707630,1.120690,-0.081920,0.000000,-0.983027,0.707630,1,1
1.350000,0.545233,1.339993,-1.538152,0.198151,0.545233,1.350000,0.708674,1.118071,-0.079302,0.000000,-0.985655,0.708674,1,1
1.354167,0.547383,1.337872,-1.536561,0.198681,0.547383,1.354167,0.709711,1.115452,-0.076684,0.000000,-0.988282,0.709711,1,1
1.358333,0.549530,1.335745,-1.534959,0.199206,0.549530,1.358333,0.711000,1.112178,-0.073411,0.000000,-0.991567,0.711000,1,1
1.362500,0.551673,1.333615,-1.533348,0.199725,0.551673,1.362500,0.712534,1.108250,-0.069484,0.000000,-0.995509,0.712534,1,1
1.366667,0.553383,1.331905,-1.532049,0.200135,0.553383,1.366667,0.713545,1.105631,-0.066866,0.000000,-0.998137,0.713545,1,1
1.370833,0.555090,1.330191,-1.530740,0.200540,0.555090,1.370833,0.714549,1.103012,-0.064248,0.000000,-1.000765,0.714549,1,1
1.375000,0.557645,1.327615,-1.528764,0.201141,0.557645,1.375000,0.715795,1.099084,-0.060321,0.000000,-1.004708,0.716044,1,1
1.379167,0.559345,1.325893,-1.527439,0.201537,0.559345,1.379167,0.717031,1.096465,-0.057703,0.000000,-1.007337,0.716823,1,1
1.383333,0.561466,1.323735,-1.525770,0.202026,0.561466,1.383333,0.718255,1.093191,-0.054431,0.000000,-1.010623,0.718264,1,1
1.387500,0.563581,1.321572,-1.524087,0.202507,0.563581,1.387500,0.719226,1.090572,-0.051813,0.000000,-1.013252,0.719228,1,1
1.391667,0.566114,1.318969,-1.522055,0.203077,0.566114,1.391667,0.720913,1.085989,-0.047231,0.000000,-1.017853,0.720912,1,1
1.395833,0.568220,1.316794,-1.520347,0.203544,0.568220,1.395833,0.721865,1.083370,-0.044613,0.000000,-1.020482,0.721865,1,1
1.400000,0.569900,1.315049,-1.518969,0.203911,0.569900,1.400000,0.722812,1.080751,-0.041995,0.000000,-1.023112,0.722812,1,1
1.404167,0.571995,1.312862,-1.517236,0.204365,0.571996,1.404167,0.723985,1.077477,-0.038723,0.000000,-1.026399,0.723985,1,1
1.408333,0.573251,1.311548,-1.516190,0.204633,0.573251,1.408333,0.724683,1.075513,-0.036759,0.000000,-1.028371,0.724683,1,1
1.412500,0.575339,1.309353,-1.514438,0.205076,0.575339,1.412500,0.726069,1.071584,-0.032832,0.000000,-1.032316,0.726069,1,1
1.416667,0.577841,1.306715,-1.512321,0.205603,0.577841,1.416667,0.727440,1.067656,-0.028905,0.000000,-1.036255,0.727440,1,1
1.420833,0.579505,1.304951,-1.510898,0.205948,0.579505,1.420833,0.728343,1.065038,-0.026287,0.000000,-1.038463,0.728343,1,1
1.425000,0.581165,1.303183,-1.509464,0.206281,0.581165,1.425000,0.729240,1.062420,-0.023669,0.000000,-1.038845,0.729240,1,1
1.429167,0.584065,1.300083,-1.506942,0.206853,0.584065,1.429167,0.730801,1.057837,-0.019088,0.000000,-1.038975,0.730801,1,1
1.433333,0.585718,1.298308,-1.505490,0.207176,0.585718,1.433333,0.731685,1.055219,-0.016470,0.000000,-1.038958,0.731685,1,1
1.437500,0.586955,1.296972,-1.504394,0.207416,0.586955,1.437500,0.732345,1.053255,-0.014506,0.000000,-1.038964,0.732345,1,1
1.441667,0.589011,1.294742,-1.502554,0.207811,0.589011,1.441667,0.733221,1.050637,-0.011888,0.000000,-1.038974,0.733221,1,1
1.445833,0.590243,1.293401,-1.501445,0.208043,0.590243,1.445833,0.734095,1.048018,-0.009270,0.000000,-1.038986,0.734095,1,1
1.450000,0.592293,1.291163,-1.499587,0.208422,0.592293,1.450000,0.735180,1.044745,-0.005998,0.000000,-1.039002,0.735180,1,1
1.454167,0.593930,1.289369,-1.498094,0.208720,0.593930,1.454167,0.736043,1.042127,-0.003380,0.000000,-1.039014,0.736043,1,1
1.458333,0.595155,1.288022,-1.496968,0.208942,0.595155,1.458333,0.736687,1.040163,-0.001416,0.000000,-1.039024,0.736687,1,1
1.462500,0.596379,1.286672,-1.495836,0.209160,0.596379,1.462500,0.737328,1.038199,0.000547,0.000000,-1.039034,0.737328,1,1
1.466667,0.597600,1.285320,-1.494700,0.209377,0.597600,1.466667,0.737968,1.036235,0.002511,0.000000,-1.039044,0.737968,1,1
1.470833,0.600039,1.282612,-1.492417,0.209803,0.600039,1.470833,0.739241,1.032308,0.006438,0.000000,-1.039064,0.739241,1,1
1.475000,0.602069,1.280352,-1.490506,0.210152,0.602069,1.475000,0.740295,1.029035,0.009710,0.000000,-1.039082,0.740295,1,1
1.479167,0.604496,1.277631,-1.488193,0.210559,0.604496,1.479167,0.741341,1.025761,0.012983,0.000000,-1.039100,0.741341,1,1
1.483333,0.605304,1.276723,-1.487419,0.210692,0.605304,1.483333,0.741966,1.023798,0.014946,0.000000,-1.039111,0.741966,1,1
1.487500,0.606915,1.274902,-1.485858,0.210953,0.606915,1.487500,0.742795,1.021179,0.017564,0.000000,-1.039126,0.742795,1,1
1.491667,0.608926,1.272622,-1.483899,0.211274,0.608926,1.491667,0.743619,1.018561,0.020182,0.000000,-1.039141,0.743619,1,1
1.495833,0.610532,1.270795,-1.482324,0.211526,0.610532,1.495833,0.744645,1.015287,0.023455,0.000000,-1.039162,0.744645,1,1
1.500000,0.612135,1.268964,-1.480740,0.211773,0.612135,1.500000,0.745460,1.012669,0.026073,0.000000,-1.039177,0.745460,1,1
1.504167,0.614133,1.266671,-1.478749,0.212074,0.614134,1.504167,0.746270,1.010050,0.028691,0.000000,-1.039193,0.746270,1,1
1.508333,0.615730,1.264834,-1.477148,0.212311,0.615730,1.508333,0.747278,1.006777,0.031963,0.000000,-1.039215,0.747278,1,1
1.512500,0.618118,1.262072,-1.474733,0.212657,0.618118,1.512500,0.748279,1.002849,0.035890,0.000000,-1.039239,0.748479,1,1
1.516667,0.620104,1.259766,-1.472707,0.212938,0.620104,1.516667,0.749273,1.000230,0.038508,0.000000,-1.039258,0.749106,1,1
1.520833,0.621293,1.258379,-1.471484,0.213101,0.621293,1.520833,0.750063,0.997612,0.041126,0.000000,-1.039276,0.749959,1,1
1.525000,0.623270,1.256064,-1.469436,0.213368,0.623270,1.525000,0.751037,0.994339,0.044398,0.000000,-1.039296,0.751041,1,1
1.529167,0.625639,1.253282,-1.466968,0.213683,0.625639,1.529167,0.752172,0.990411,0.048325,0.000000,-1.039309,0.752171,1,1
1.533333,0.627608,1.250958,-1.464898,0.213936,0.627608,1.533333,0.753084,0.987137,0.051598,0.000000,-1.039320,0.753084,1,1
1.537500,0.629179,1.249095,-1.463230,0.214132,0.629179,1.537500,0.753792,0.984518,0.054216,0.000000,-1.039329,0.753792,1,1
1.541667,0.631530,1.246293,-1.460714,0.214417,0.631530,1.541667,0.754830,0.980590,0.058143,0.000000,-1.039341,0.754830,1,1
1.545833,0.633485,1.243956,-1.458607,0.214647,0.633485,1.545833,0.755665,0.977317,0.061415,0.000000,-1.039352,0.755665,1,1
1.550000,0.635435,1.241612,-1.456485,0.214869,0.635435,1.550000,0.756475,0.974062,0.064688,0.000000,-1.039361,0.756475,1,1
1.554167,0.636991,1.239733,-1.454349,0.215082,0.637379,1.554167,0.757105,0.971522,0.067306,0.000000,-1.039384,0.757105,1,1
1.558333,0.639319,1.236910,-1.452201,0.215092,0.639157,1.558333,0.757874,0.968408,0.070578,0.000000,-1.039476,0.757874,1,1
1.562500,0.640480,1.235495,-1.450906,0.215056,0.640190,1.562500,0.758473,0.965973,0.073196,0.000000,-1.039595,0.758473,1,1
1.566667,0.642411,1.233133,-1.448734,0.215515,0.642343,1.566667,0.759057,0.963592,0.075814,0.000000,-1.039786,0.759057,1,1
1.570833,0.643953,1.231239,-1.446988,0.215843,0.644034,1.570833,0.759630,0.961245,0.078432,0.000000,-1.040006,0.759630,1,1
1.575000,0.645492,1.229344,-1.445235,0.216016,0.645599,1.575000,0.760327,0.958385,0.081705,0.000000,-1.040335,0.760327,1,1
1.579167,0.647412,1.226970,-1.443032,0.216072,0.647423,1.579167,0.760868,0.956153,0.084323,0.000000,-1.040676,0.760868,1,1
1.583333,0.649711,1.224118,-1.440379,0.216133,0.649610,1.583333,0.761792,0.952329,0.088904,0.000000,-1.041322,0.761792,1,1
1.587500,0.653151,1.219829,-1.436371,0.216474,0.653099,1.587500,0.762807,0.948102,0.094140,0.000000,-1.042247,0.762807,1,1
1.591667,0.655435,1.216960,-1.433674,0.216763,0.655479,1.591667,0.763539,0.945036,0.097976,0.000000,-1.043015,0.763539,1,1
1.595833,0.656953,1.215044,-1.431864,0.216898,0.657021,1.595833,0.764126,0.942568,0.101075,0.000000,-1.043656,0.764126,1,1
1.600000,0.658088,1.213603,-1.430497,0.216933,0.658124,1.600000,0.764353,0.941126,0.102889,0.000000,-1.044029,0.764467,1,1
1.604167,0.659600,1.211680,-1.428670,0.216960,0.659579,1.604167,0.764914,0.939232,0.105276,0.000000,-1.044522,0.764820,1,1
1.608333,0.660732,1.210236,-1.427295,0.217002,0.660689,1.608333,0.765242,0.937839,0.107033,0.000000,-1.044886,0.765206,1,1
1.612500,0.662238,1.208308,-1.425452,0.217114,0.662218,1.612500,0.765672,0.936009,0.109345,0.000000,-1.045368,0.765666,1,1
1.616667,0.663366,1.206860,-1.424064,0.217202,0.663368,1.616667,0.765882,0.935112,0.110480,0.000000,-1.045606,0.765878,1,1
1.620833,0.665993,1.203476,-1.420815,0.217368,0.666021,1.620833,0.766710,0.931570,0.114963,0.000000,-1.046547,0.766713,1,1
1.625000,0.667491,1.201540,-1.418950,0.217431,0.667512,1.625000,0.767107,0.929862,0.117130,0.000000,-1.047007,0.767107,1,1
1.629167,0.668612,1.200085,-1.417544,0.217459,0.668616,1.629167,0.767398,0.928606,0.118725,0.000000,-1.047347,0.767398,1,1
1.633333,0.670476,1.197655,-1.415187,0.217510,0.670461,1.633333,0.767875,0.926544,0.121348,0.000000,-1.047908,0.767875,1,1
1.637500,0.671964,1.195709,-1.413295,0.217564,0.671950,1.637500,0.768246,0.924935,0.123398,0.000000,-1.048347,0.768246,1,1
1.641667,0.674191,1.192785,-1.410440,0.217656,0.674195,1.641667,0.768700,0.922964,0.125913,0.000000,-1.048883,0.768700,1,1
1.645833,0.676042,1.190343,-1.408049,0.217714,0.676053,1.645833,0.769231,0.920647,0.128873,0.000000,-1.049525,0.769231,1,1
1.650000,0.677520,1.188388,-1.406129,0.217745,0.677528,1.650000,0.769573,0.919154,0.130784,0.000000,-1.049944,0.769573,1,1
1.654167,0.678994,1.186427,-1.404196,0.217763,0.678993,1.654167,0.769906,0.917691,0.132660,0.000000,-1.050356,0.769906,1,1
1.658333,0.680098,1.184956,-1.402742,0.217775,0.680092,1.658333,0.770151,0.916615,0.134040,0.000000,-1.050661,0.770151,1,1
1.662500,0.681200,1.183482,-1.401282,0.217789,0.681195,1.662500,0.770392,0.915554,0.135401,0.000000,-1.050962,0.770392,1,1
1.666667,0.682300,1.182007,-1.399817,0.217803,0.682298,1.666667,0.770629,0.914510,0.136743,0.000000,-1.051260,0.770629,1,1
1.670833,0.683764,1.180037,-1.397856,0.217817,0.683766,1.670833,0.770861,0.913481,0.138067,0.000000,-1.051554,0.770861,1,1
1.675000,0.685225,1.178065,-1.395889,0.217822,0.685228,1.675000,0.771245,0.911786,0.140248,0.000000,-1.052040,0.771245,1,1
1.679167,0.687412,1.175102,-1.392923,0.217816,0.687412,1.679167,0.771690,0.909807,0.142797,0.000000,-1.052610,0.771690,1,1
1.683333,0.689233,1.172630,-1.390446,0.217806,0.689230,1.683333,0.772050,0.908208,0.144861,0.000000,-1.053075,0.772050,1,1
1.687500,0.690685,1.170648,-1.388449,0.217793,0.690683,1.687500,0.772329,0.906959,0.146473,0.000000,-1.053439,0.772329,1,1
1.691667,0.692133,1.168663,-1.386443,0.217774,0.692133,1.691667,0.772603,0.905735,0.148056,0.000000,-1.053798,0.772603,1,1
1.695833,0.693939,1.166178,-1.383925,0.217744,0.693941,1.695833,0.772938,0.904236,0.149996,0.000000,-1.054239,0.772938,1,1
1.700000,0.696103,1.163192,-1.380891,0.217696,0.696104,1.700000,0.773328,0.902481,0.152270,0.000000,-1.054758,0.773328,1,1
1.704167,0.698261,1.160200,-1.377842,0.217635,0.698260,1.704167,0.773643,0.901061,0.154111,0.000000,-1.055180,0.773643,1,1
1.708333,0.699694,1.158200,-1.375792,0.217585,0.699693,1.708333,0.773950,0.899675,0.155910,0.000000,-1.055593,0.773950,1,1
1.712500,0.701840,1.155197,-1.372706,0.217504,0.701840,1.712500,0.774249,0.898325,0.157665,0.000000,-1.055998,0.774249,1,1
1.716667,0.703267,1.153191,-1.370639,0.217443,0.703267,1.716667,0.774541,0.897002,0.159387,0.000000,-1.056396,0.774541,1,1
1.720833,0.705401,1.150176,-1.367520,0.217339,0.705401,1.720833,0.774823,0.895718,0.161059,0.000000,-1.056784,0.774823,1,1
1.725000,0.707176,1.147660,-1.364911,0.217244,0.707176,1.725000,0.775153,0.894215,0.163018,0.000000,-1.057240,0.775153,1,1
1.729167,0.708946,1.145139,-1.362286,0.217140,0.708945,1.729167,0.775419,0.892999,0.164604,0.000000,-1.057611,0.775419,1,1
1.733333,0.710712,1.142614,-1.359649,0.217028,0.710711,1.733333,0.775679,0.891814,0.166152,0.000000,-1.057974,0.775679,1,1
1.737500,0.712824,1.139578,-1.356466,0.216882,0.712825,1.737500,0.775931,0.890658,0.167663,0.000000,-1.058329,0.775931,1,1
1.741667,0.714931,1.136537,-1.353267,0.216724,0.714932,1.741667,0.776225,0.889306,0.169432,0.000000,-1.058746,0.776225,1,1
1.745833,0.716332,1.134505,-1.351122,0.216610,0.716332,1.745833,0.776463,0.888211,0.170866,0.000000,-1.059084,0.776463,1,1
1.750000,0.718428,1.131453,-1.347889,0.216429,0.718428,1.750000,0.776741,0.886931,0.172543,0.000000,-1.059482,0.776741,1,1
1.754167,0.719822,1.129414,-1.345723,0.216302,0.719822,1.754167,0.776920,0.886103,0.173629,0.000000,-1.059740,0.776920,1,1
1.758333,0.721559,1.126861,-1.343000,0.216133,0.721559,1.758333,0.777096,0.885291,0.174961,0.000000,-1.060057,0.777139,1,1
1.762500,0.723639,1.123793,-1.339720,0.215920,0.723639,1.762500,0.777396,0.883901,0.176520,0.000000,-1.060683,0.777341,1,1
1.766667,0.725715,1.120720,-1.336425,0.215698,0.725715,1.766667,0.777644,0.882747,0.178037,0.000000,-1.060729,0.777657,1,1
1.770833,0.727783,1.117641,-1.333108,0.215461,0.727783,1.770833,0.777884,0.881630,0.179507,0.000000,-1.061161,0.777881,1,1
1.775000,0.729502,1.115070,-1.330331,0.215254,0.729502,1.775000,0.778078,0.880727,0.180697,0.000000,-1.061431,0.778078,1,1
1.779167,0.731216,1.112493,-1.327537,0.215037,0.731216,1.779167,0.778267,0.879846,0.181857,0.000000,-1.061711,0.778267,1,1
1.783333,0.733267,1.109396,-1.324167,0.214764,0.733268,1.783333,0.778450,0.878987,0.182990,0.000000,-1.061985,0.778450,1,1
1.787500,0.735654,1.105777,-1.320216,0.214432,0.735654,1.787500,0.778702,0.877642,0.184763,0.000000,-1.062414,0.778738,1,1
1.791667,0.737354,1.103186,-1.317379,0.214185,0.737354,1.791667,0.778909,0.876838,0.185825,0.000000,-1.062672,0.778872,1,1
1.795833,0.738371,1.101629,-1.315668,0.214031,0.738371,1.795833,0.779009,0.876367,0.186447,0.000000,-1.062823,0.778995,1,1
1.800000,0.739723,1.099549,-1.313373,0.213816,0.739723,1.800000,0.779141,0.875749,0.187263,0.000000,-1.063021,0.779138,1,1
1.804167,0.741073,1.097467,-1.311072,0.213597,0.741074,1.804167,0.779269,0.875143,0.188064,0.000000,-1.063216,0.779269,1,1
1.808333,0.742421,1.094860,-1.308182,0.213315,0.742757,1.808333,0.779395,0.874550,0.188849,0.000000,-1.063408,0.779395,1,1
1.812500,0.743766,1.093294,-1.306445,0.213143,0.743766,1.812500,0.779519,0.873968,0.189619,0.000000,-1.063596,0.779519,1,1
1.816667,0.744773,1.091727,-1.304700,0.212966,0.744562,1.816667,0.779609,0.873540,0.190185,0.000000,-1.063734,0.779609,1,1
1.820833,0.746112,1.089633,-1.302364,0.212723,0.745945,1.820833,0.779699,0.873119,0.190743,0.000000,-1.063871,0.779699,1,1
1.825000,0.747449,1.087538,-1.300022,0.212476,0.747448,1.825000,0.779816,0.872566,0.191475,0.000000,-1.064050,0.779816,1,1
1.829167,0.749784,1.083865,-1.295906,0.212033,0.749957,1.829167,0.780044,0.871484,0.192908,0.000000,-1.064402,0.780044,1,1
1.833333,0.751116,1.081765,-1.293548,0.211775,0.751290,1.833333,0.780154,0.870964,0.193599,0.000000,-1.064572,0.780154,1,1
1.837500,0.752443,1.079659,-1.291172,0.211505,0.752472,1.837500,0.780262,0.870453,0.194276,0.000000,-1.064738,0.780262,1,1
1.841667,0.754098,1.077022,-1.288192,0.211161,0.753977,1.841667,0.780394,0.869828,0.195105,0.000000,-1.064943,0.780394,1,1
1.845833,0.755750,1.074383,-1.285200,0.210809,0.755630,1.845833,0.780522,0.869219,0.195914,0.000000,-1.065142,0.780522,1,1
1.850000,0.757068,1.072267,-1.282795,0.210519,0.757049,1.850000,0.780622,0.868744,0.196545,0.000000,-1.065298,0.780622,1,1
1.854167,0.758712,1.069618,-1.279776,0.210149,0.758797,1.854167,0.780744,0.868161,0.197319,0.000000,-1.065490,0.780744,1,1
1.858333,0.760351,1.066965,-1.276742,0.209768,0.760413,1.858333,0.780839,0.867593,0.198074,0.000000,-1.065676,0.780863,1,1
1.862500,0.761660,1.064840,-1.274302,0.209458,0.761656,1.862500,0.780956,0.867150,0.198662,0.000000,-1.065822,0.780936,1,1
1.866667,0.762965,1.062711,-1.271851,0.209139,0.762923,1.866667,0.781047,0.866716,0.199240,0.000000,-1.065966,0.781044,1,1
1.870833,0.764268,1.060579,-1.269391,0.208811,0.764238,1.870833,0.781136,0.866291,0.199805,0.000000,-1.066106,0.781136,1,1
1.875000,0.765893,1.057910,-1.266303,0.208389,0.765901,1.875000,0.781223,0.865874,0.200360,0.000000,-1.066244,0.781223,1,1
1.879167,0.767190,1.055773,-1.263824,0.208046,0.767216,1.879167,0.781330,0.865362,0.201043,0.000000,-1.066414,0.781331,1,1
1.883333,0.768161,1.054166,-1.261956,0.207784,0.768177,1.883333,0.781372,0.865162,0.201308,0.000000,-1.066480,0.781372,1,1
1.887500,0.769130,1.052559,-1.260083,0.207521,0.769130,1.887500,0.781454,0.864769,0.201832,0.000000,-1.066610,0.781454,1,1
1.891667,0.770419,1.050413,-1.257578,0.207162,0.770409,1.891667,0.781535,0.864382,0.202347,0.000000,-1.066739,0.781535,1,1
1.895833,0.771707,1.048265,-1.255066,0.206798,0.771699,1.895833,0.781614,0.864004,0.202851,0.000000,-1.066865,0.781614,1,1
1.900000,0.772992,1.046113,-1.252544,0.206427,0.772991,1.900000,0.781691,0.863633,0.203346,0.000000,-1.066988,0.781691,1,1
1.904167,0.774274,1.043959,-1.250013,0.206050,0.774279,1.904167,0.781767,0.863269,0.203830,0.000000,-1.067109,0.781767,1,1
1.908333,0.775873,1.041262,-1.246836,0.205570,0.775876,1.908333,0.781841,0.862824,0.204424,0.000000,-1.067258,0.781860,1,1
1.912500,0.777150,1.039102,-1.244286,0.205181,0.777150,1.912500,0.781932,0.862476,0.204888,0.000000,-1.067374,0.781916,1,1
1.916667,0.778424,1.036938,-1.241725,0.204783,0.778422,1.916667,0.782003,0.862136,0.205342,0.000000,-1.067487,0.782000,1,1
1.920833,0.779695,1.034771,-1.239155,0.204380,0.779694,1.920833,0.782072,0.861802,0.205787,0.000000,-1.067599,0.782072,1,1
1.925000,0.780964,1.032601,-1.236575,0.203970,0.780964,1.925000,0.782140,0.861475,0.206223,0.000000,-1.067709,0.782140,1,1
1.929167,0.782230,1.030429,-1.233986,0.203553,0.782231,1.929167,0.782206,0.861155,0.206651,0.000000,-1.067816,0.782206,1,1
1.933333,0.783808,1.027709,-1.230736,0.203023,0.783809,1.933333,0.782272,0.860841,0.207070,0.000000,-1.067921,0.782272,1,1
1.937500,0.785068,1.025529,-1.228125,0.202592,0.785068,1.937500,0.782336,0.860532,0.207483,0.000000,-1.068025,0.782336,1,1
1.941667,0.786326,1.023346,-1.225505,0.202154,0.786325,1.941667,0.782414,0.860153,0.207989,0.000000,-1.068152,0.782414,1,1
1.945833,0.787267,1.021708,-1.223535,0.201823,0.787267,1.945833,0.782460,0.859933,0.208283,0.000000,-1.068226,0.782460,1,1
1.950000,0.788207,1.020067,-1.221557,0.201486,0.788207,1.950000,0.782505,0.859716,0.208573,0.000000,-1.068299,0.782505,1,1
1.954167,0.789146,1.018424,-1.219575,0.201146,0.789146,1.954167,0.782549,0.859502,0.208859,0.000000,-1.068371,0.782549,1,1
1.958333,0.790394,1.016232,-1.216922,0.200686,0.790394,1.958333,0.782607,0.859221,0.209234,0.000000,-1.068466,0.782607,1,1
1.962500,0.791641,1.014036,-1.214262,0.200221,0.791641,1.962500,0.782664,0.858946,0.209602,0.000000,-1.068558,0.782664,1,1
1.966667,0.793195,1.011288,-1.210923,0.199631,0.793195,1.966667,0.782720,0.858677,0.209963,0.000000,-1.068649,0.782720,1,1
1.970833,0.794437,1.009086,-1.208243,0.199152,0.794437,1.970833,0.782774,0.858411,0.210318,0.000000,-1.068739,0.782774,1,1
1.975000,0.795675,1.006881,-1.205551,0.198666,0.795675,1.975000,0.782841,0.858087,0.210751,0.000000,-1.068848,0.782841,1,1
1.979167,0.796911,1.004672,-1.202850,0.198173,0.796911,1.979167,0.782893,0.857835,0.211088,0.000000,-1.068934,0.782893,1,1
1.983333,0.798452,1.001908,-1.199462,0.197549,0.798453,1.983333,0.782957,0.857526,0.211502,0.000000,-1.069038,0.782957,1,1
1.987500,0.799683,0.999693,-1.196740,0.197042,0.799683,1.987500,0.783007,0.857285,0.211825,0.000000,-1.069120,0.783007,1,1
1.991667,0.800911,0.997474,-1.194007,0.196527,0.800911,1.991667,0.783043,0.857108,0.212062,0.000000,-1.069180,0.783043,1,1
1.995833,0.802135,0.995253,-1.191264,0.196006,0.802135,1.995833,0.783103,0.856817,0.212451,0.000000,-1.069278,0.783103,1,1
2.000000,0.803358,0.993028,-1.188511,0.195478,0.803358,2.000000,0.783150,0.856590,0.212755,0.000000,-1.069355,0.783150,1,1
2.004167,0.804578,0.990800,-1.185751,0.194945,0.804579,2.004167,0.783196,0.856368,0.213052,0.000000,-1.069431,0.783196,1,1
2.008333,0.806100,0.988011,-1.182283,0.194267,0.806100,2.008333,0.783252,0.856096,0.213417,0.000000,-1.069523,0.783252,1,1
2.012500,0.807314,0.985776,-1.179500,0.193719,0.807315,2.012500,0.783284,0.855936,0.213630,0.000000,-1.069577,0.783284,1,1
2.016667,0.808224,0.984097,-1.177405,0.193302,0.808224,2.016667,0.783328,0.855726,0.213912,0.000000,-1.069649,0.783328,1,1
2.020833,0.809433,0.981856,-1.174600,0.192739,0.809433,2.020833,0.783370,0.855522,0.214186,0.000000,-1.069718,0.783370,1,1
2.025000,0.810641,0.979611,-1.171788,0.192171,0.810641,2.025000,0.783411,0.855321,0.214455,0.000000,-1.069787,0.783411,1,1
2.029167,0.811845,0.977364,-1.168965,0.191595,0.811846,2.029167,0.783451,0.855124,0.214719,0.000000,-1.069854,0.783451,1,1
2.033333,0.812748,0.975676,-1.166842,0.191160,0.812748,2.033333,0.783481,0.854979,0.214913,0.000000,-1.069903,0.783481,1,1
2.037500,0.813948,0.973422,-1.163999,0.190571,0.813948,2.037500,0.783520,0.854789,0.215167,0.000000,-1.069968,0.783520,1,1
2.041667,0.815146,0.971166,-1.161148,0.189976,0.815146,2.041667,0.783558,0.854603,0.215417,0.000000,-1.070031,0.783558,1,1
2.045833,0.816341,0.968906,-1.158286,0.189375,0.816342,2.045833,0.783596,0.854421,0.215661,0.000000,-1.070093,0.783596,1,1
2.050000,0.817237,0.967209,-1.156135,0.188920,0.817237,2.050000,0.783623,0.854287,0.215841,0.000000,-1.070139,0.783623,1,1
2.054167,0.818725,0.964375,-1.152531,0.188150,0.818725,2.054167,0.783668,0.854067,0.216136,0.000000,-1.070214,0.783668,1,1
2.058333,0.819914,0.962106,-1.149641,0.187529,0.819914,2.058333,0.783703,0.853896,0.216366,0.000000,-1.070273,0.783703,1,1
2.062500,0.821396,0.959264,-1.146013,0.186743,0.821396,2.062500,0.783738,0.853686,0.216648,0.000000,-1.070344,0.783746,1,1
2.066667,0.822579,0.956987,-1.143099,0.186106,0.822579,2.066667,0.783780,0.853522,0.216868,0.000000,-1.070400,0.783773,1,1
2.070833,0.823759,0.954706,-1.140173,0.185461,0.823759,2.070833,0.783813,0.853361,0.217083,0.000000,-1.070455,0.783812,1,1
2.075000,0.824643,0.952993,-1.137972,0.184973,0.824643,2.075000,0.783837,0.853243,0.217242,0.000000,-1.070496,0.783837,1,1
2.079167,0.825525,0.951277,-1.135763,0.184480,0.825525,2.079167,0.783861,0.853127,0.217398,0.000000,-1.070536,0.783861,1,1
2.083333,0.826699,0.948987,-1.132808,0.183815,0.826699,2.083333,0.783892,0.852974,0.217603,0.000000,-1.070588,0.783892,1,1
2.087500,0.827870,0.946693,-1.129845,0.183145,0.827870,2.087500,0.783923,0.852825,0.217803,0.000000,-1.070639,0.783923,1,1
2.091667,0.829040,0.944396,-1.126870,0.182467,0.829040,2.091667,0.783953,0.852678,0.218000,0.000000,-1.070689,0.783953,1,1
2.095833,0.830206,0.942095,-1.123885,0.181783,0.830206,2.095833,0.783982,0.852535,0.218193,0.000000,-1.070738,0.783982,1,1
2.100000,0.831371,0.939791,-1.120889,0.181091,0.831371,2.100000,0.784011,0.852394,0.218382,0.000000,-1.070787,0.784011,1,1
2.104167,0.832533,0.937484,-1.117882,0.180392,0.832533,2.104167,0.784039,0.852256,0.218567,0.000000,-1.070834,0.784039,1,1
2.108333,0.833692,0.935172,-1.114865,0.179685,0.833692,2.108333,0.784067,0.852121,0.218748,0.000000,-1.070880,0.784067,1,1
2.112500,0.835139,0.932279,-1.111080,0.178793,0.835139,2.112500,0.784100,0.851956,0.218970,0.000000,-1.070937,0.784100,1,1
2.116667,0.836294,0.929960,-1.108039,0.178072,0.836294,2.116667,0.784127,0.851827,0.219144,0.000000,-1.070981,0.784127,1,1
2.120833,0.837445,0.927637,-1.104986,0.177341,0.837445,2.120833,0.784152,0.851700,0.219313,0.000000,-1.071025,0.784152,1,1
2.125000,0.838595,0.925310,-1.101921,0.176604,0.838595,2.125000,0.784178,0.851576,0.219480,0.000000,-1.071067,0.784178,1,1
2.129167,0.839742,0.922979,-1.098845,0.175859,0.839742,2.129167,0.784203,0.851455,0.219643,0.000000,-1.071109,0.784203,1,1
2.133333,0.840601,0.921229,-1.096532,0.175295,0.840601,2.133333,0.784221,0.851366,0.219763,0.000000,-1.071140,0.784221,1,1
2.137500,0.841743,0.918891,-1.093434,0.174536,0.841743,2.137500,0.784245,0.851249,0.219920,0.000000,-1.071180,0.784245,1,1
2.141667,0.843169,0.915965,-1.089552,0.173579,0.843169,2.141667,0.784274,0.851105,0.220113,0.000000,-1.071229,0.784274,1,1
2.145833,0.844307,0.913619,-1.086433,0.172805,0.844307,2.145833,0.784297,0.850994,0.220263,0.000000,-1.071268,0.784297,1,1
2.150000,0.845725,0.910681,-1.082515,0.171825,0.845725,2.150000,0.784319,0.850884,0.220411,0.000000,-1.071305,0.784319,1,1
2.154167,0.846292,0.909505,-1.080944,0.171431,0.846292,2.154167,0.784336,0.850803,0.220520,0.000000,-1.071333,0.784336,1,1
2.158333,0.847987,0.905968,-1.076205,0.170232,0.847987,2.158333,0.784368,0.850644,0.220733,0.000000,-1.071388,0.784368,1,1
2.162500,0.849961,0.901836,-1.070657,0.168821,0.849961,2.162500,0.784399,0.850490,0.220940,0.000000,-1.071441,0.784399,1,1
2.166667,0.851086,0.899468,-1.067469,0.168000,0.851086,2.166667,0.784425,0.850366,0.221107,0.000000,-1.071484,0.784425,1,1
2.170833,0.852768,0.895909,-1.062660,0.166747,0.852768,2.170833,0.784454,0.850220,0.221303,0.000000,-1.071534,0.784454,1,1
2.175000,0.854165,0.892935,-1.058632,0.165690,0.854165,2.175000,0.784473,0.850126,0.221429,0.000000,-1.071566,0.784473,1,1
2.179167,0.855280,0.890550,-1.055391,0.164835,0.855280,2.179167,0.784492,0.850034,0.221554,0.000000,-1.071598,0.784492,1,1
2.183333,0.856670,0.887564,-1.051327,0.163760,0.856670,2.183333,0.784520,0.849898,0.221736,0.000000,-1.071645,0.784520,1,1
2.187500,0.857780,0.885171,-1.048062,0.162889,0.857780,2.187500,0.784538,0.849811,0.221853,0.000000,-1.071675,0.784538,1,1
2.191667,0.859164,0.882172,-1.043961,0.161785,0.859164,2.191667,0.784555,0.849725,0.221969,0.000000,-1.071705,0.784555,1,1
2.195833,0.860268,0.879770,-1.040669,0.160894,0.860268,2.195833,0.784576,0.849620,0.222110,0.000000,-1.071741,0.784576,1,1
2.200000,0.861921,0.876157,-1.035707,0.159544,0.861921,2.200000,0.784597,0.849518,0.222248,0.000000,-1.071776,0.784597,1,1
2.204167,0.863294,0.873140,-1.031552,0.158408,0.863294,2.204167,0.784618,0.849418,0.222382,0.000000,-1.071811,0.784618,1,1
2.208333,0.864664,0.870116,-1.027376,0.157256,0.864664,2.208333,0.784637,0.849320,0.222513,0.000000,-1.071845,0.784637,1,1
2.212500,0.865758,0.867693,-1.024025,0.156328,0.865758,2.212500,0.784221,0.850785,0.220239,0.000000,-1.071035,0.784221,1,1
2.216667,0.866848,0.865263,-1.020655,0.155387,0.866848,2.216667,0.783800,0.852268,0.217943,0.000000,-1.070222,0.783800,1,1
2.220833,0.868208,0.862219,-1.016425,0.154200,0.868208,2.220833,0.783378,0.854119,0.215079,0.000000,-1.069208,0.783273,1,1
2.225000,0.869294,0.859781,-1.013028,0.153242,0.869294,2.225000,0.782850,0.855598,0.212793,0.000000,-1.068401,0.782938,1,1
2.229167,0.870377,0.857336,-1.009616,0.152275,0.870377,2.229167,0.782427,0.857075,0.210511,0.000000,-1.067596,0.782441,1,1
2.233333,0.871728,0.854275,-1.005336,0.151056,0.871728,2.233333,0.782003,0.858550,0.208234,0.000000,-1.066794,0.782005,1,1
2.237500,0.872807,0.851822,-1.001897,0.150070,0.872807,2.237500,0.781472,0.860392,0.205391,0.000000,-1.065794,0.781469,1,1
2.241667,0.873883,0.849362,-0.998443,0.149075,0.873883,2.241667,0.781046,0.861864,0.203124,0.000000,-1.064997,0.781045,1,1
2.245833,0.875225,0.846282,-0.994108,0.147820,0.875225,2.245833,0.780512,0.863701,0.200294,0.000000,-1.064005,0.780512,1,1
2.250000,0.876296,0.843813,-0.990626,0.146807,0.876296,2.250000,0.780085,0.865168,0.198036,0.000000,-1.063215,0.780085,1,1
2.254167,0.877631,0.840719,-0.986251,0.145526,0.877631,2.254167,0.779656,0.866634,0.195783,0.000000,-1.062427,0.779656,1,1
2.258333,0.878963,0.837618,-0.981857,0.144233,0.878964,2.258333,0.779120,0.868465,0.192969,0.000000,-1.061444,0.779120,1,1
2.262500,0.880027,0.835132,-0.978327,0.143189,0.880027,2.262500,0.778583,0.870294,0.190163,0.000000,-1.060466,0.778583,1,1
2.266667,0.881618,0.831394,-0.973009,0.141609,0.881618,2.266667,0.777936,0.872484,0.186804,0.000000,-1.059297,0.777936,1,1
2.270833,0.882941,0.828271,-0.968553,0.140275,0.882941,2.270833,0.777504,0.873942,0.184571,0.000000,-1.058522,0.777504,1,1
2.275000,0.883996,0.825766,-0.964970,0.139198,0.883996,2.275000,0.776963,0.875763,0.181784,0.000000,-1.057555,0.776963,1,1
2.279167,0.885311,0.822628,-0.960473,0.137838,0.885311,2.279167,0.776420,0.877581,0.179004,0.000000,-1.056594,0.776420,1,1
2.283333,0.886362,0.820111,-0.956858,0.136740,0.886362,2.283333,0.775986,0.879033,0.176785,0.000000,-1.055827,0.775986,1,1
2.287500,0.887671,0.816957,-0.952316,0.135352,0.887671,2.287500,0.775550,0.880484,0.174570,0.000000,-1.055063,0.775550,1,1
2.291667,0.888716,0.814429,-0.948669,0.134234,0.888716,2.291667,0.775004,0.882296,0.171806,0.000000,-1.054111,0.775004,1,1
2.295833,0.889758,0.811894,-0.945005,0.133104,0.889758,2.295833,0.774567,0.883744,0.169600,0.000000,-1.053352,0.774567,1,1
2.300000,0.891059,0.808720,-0.940407,0.131681,0.891059,2.300000,0.774129,0.885190,0.167399,0.000000,-1.052596,0.774129,1,1
2.304167,0.892097,0.806174,-0.936713,0.130531,0.892097,2.304167,0.773580,0.886996,0.164651,0.000000,-1.051654,0.773580,1,1
2.308333,0.893133,0.803622,-0.932069,0.129079,0.893391,2.308333,0.773140,0.888438,0.162458,0.000000,-1.050904,0.773140,1,1
2.312500,0.894425,0.800425,-0.928341,0.127776,0.894371,2.312500,0.772589,0.890239,0.159722,0.000000,-1.049969,0.772589,1,1
2.316667,0.895456,0.797861,-0.924596,0.126223,0.895251,2.316667,0.772147,0.891679,0.157538,0.000000,-1.049224,0.772147,1,1
2.320833,0.896741,0.794646,-0.919890,0.125025,0.896656,2.320833,0.771594,0.893476,0.154812,0.000000,-1.048296,0.771594,1,1
2.325000,0.899050,0.788850,-0.911389,0.123144,0.899298,2.325000,0.770707,0.896348,0.150462,0.000000,-1.046816,0.770707,1,1
2.329167,0.900075,0.786268,-0.907596,0.122109,0.900394,2.329167,0.770151,0.898140,0.147750,0.000000,-1.045897,0.770151,1,1
2.333333,0.901603,0.782374,-0.901849,0.119453,0.901598,2.333333,0.769482,0.900287,0.144506,0.000000,-1.044799,0.769482,1,1
2.337500,0.902620,0.779773,-0.898001,0.117552,0.902349,2.337500,0.769034,0.901716,0.142349,0.000000,-1.044071,0.769034,1,1
2.341667,0.903381,0.777815,-0.895096,0.116616,0.903113,2.341667,0.768698,0.902787,0.140733,0.000000,-1.043527,0.768698,1,1
2.345833,0.904646,0.774545,-0.890234,0.115724,0.904661,2.345833,0.768137,0.904570,0.138045,0.000000,-1.042622,0.768137,1,1
2.350000,0.905908,0.771267,-0.885351,0.114662,0.906144,2.350000,0.767575,0.906351,0.135363,0.000000,-1.041720,0.767575,1,1
2.354167,0.907167,0.767979,-0.880443,0.112887,0.907341,2.354167,0.767011,0.908130,0.132686,0.000000,-1.040823,0.767011,1,1
2.358333,0.908674,0.764020,-0.874517,0.110256,0.908579,2.358333,0.766446,0.909907,0.130015,0.000000,-1.039929,0.766446,1,1
2.362500,0.909676,0.761373,-0.870545,0.108714,0.909492,2.362500,0.765880,0.911683,0.127348,0.000000,-1.039037,0.765880,1,1
2.366667,0.910924,0.758052,-0.865548,0.107373,0.910876,2.366667,0.765313,0.913456,0.124689,0.000000,-1.038151,0.765313,1,1
2.370833,0.911920,0.755389,-0.861534,0.106330,0.911997,2.370833,0.764858,0.914872,0.122566,0.000000,-1.037444,0.764858,1,1
2.375000,0.913411,0.751382,-0.855480,0.104302,0.913496,2.375000,0.764288,0.916995,0.119387,0.000000,-1.036387,0.764174,1,1
2.379167,0.914403,0.748704,-0.851425,0.102763,0.914422,2.379167,0.763717,0.918408,0.117272,0.000000,-1.035694,0.763812,1,1
2.383333,0.916134,0.743999,-0.844285,0.100090,0.916057,2.383333,0.762916,0.920877,0.113579,0.000000,-1.034473,0.762873,1,1
2.387500,0.917366,0.740627,-0.839153,0.098381,0.917309,2.387500,0.762342,0.922639,0.110949,0.000000,-1.033602,0.762344,1,1
2.391667,0.918595,0.737243,-0.833990,0.096790,0.918614,2.391667,0.761767,0.924398,0.108324,0.000000,-1.032737,0.761766,1,1
2.395833,0.919576,0.734526,-0.829836,0.095430,0.919627,2.395833,0.761305,0.925804,0.106228,0.000000,-1.032047,0.761305,1,1
2.400000,0.920554,0.731801,-0.825659,0.093922,0.920582,2.400000,0.760843,0.927209,0.104136,0.000000,-1.031360,0.760843,1,1
2.404167,0.921530,0.729068,-0.821463,0.092366,0.921521,2.404167,0.760380,0.928612,0.102048,0.000000,-1.030674,0.760380,1,1
2.408333,0.922747,0.725641,-0.816190,0.090486,0.922724,2.408333,0.759916,0.930365,0.099442,0.000000,-1.029821,0.759800,1,1
2.412500,0.923962,0.722206,-0.810897,0.088659,0.923952,2.412500,0.759218,0.932116,0.096841,0.000000,-1.028970,0.759339,1,1
2.416667,0.924932,0.719449,-0.806636,0.087197,0.924938,2.416667,0.758752,0.933515,0.094764,0.000000,-1.028293,0.758773,1,1
2.420833,0.925899,0.716681,-0.802351,0.085692,0.925910,2.420833,0.758285,0.934913,0.092691,0.000000,-1.027618,0.758289,1,1
2.425000,0.927105,0.713213,-0.796972,0.083762,0.927109,2.425000,0.757701,0.936659,0.090104,0.000000,-1.026776,0.757700,1,1
2.429167,0.928308,0.709732,-0.791559,0.081809,0.928303,2.429167,0.757232,0.938054,0.088039,0.000000,-1.026106,0.757232,1,1
2.433333,0.929268,0.706938,-0.787207,0.080247,0.929262,2.433333,0.756645,0.939797,0.085461,0.000000,-1.025271,0.756645,1,1
2.437500,0.930226,0.704135,-0.782830,0.078684,0.930224,2.437500,0.756174,0.941190,0.083403,0.000000,-1.024605,0.756174,1,1
2.441667,0.931421,0.700621,-0.777334,0.076715,0.931425,2.441667,0.755584,0.942929,0.080835,0.000000,-1.023777,0.755584,1,1
2.445833,0.932375,0.697800,-0.772913,0.075116,0.932379,2.445833,0.755111,0.944319,0.078785,0.000000,-1.023116,0.755111,1,1
2.450000,0.933564,0.694262,-0.767356,0.073087,0.933564,2.450000,0.754519,0.946055,0.076226,0.000000,-1.022294,0.754519,1,1
2.454167,0.934513,0.691422,-0.762886,0.071450,0.934511,2.454167,0.754045,0.947443,0.074184,0.000000,-1.021638,0.754045,1,1
2.458333,0.935224,0.689286,-0.759518,0.070218,0.935221,2.458333,0.753688,0.948483,0.072654,0.000000,-1.021148,0.753688,1,1
2.462500,0.936169,0.686427,-0.755000,0.068565,0.936168,2.462500,0.753211,0.949868,0.070617,0.000000,-1.020497,0.753211,1,1
2.466667,0.937112,0.683561,-0.750465,0.066899,0.937113,2.466667,0.752734,0.951253,0.068583,0.000000,-1.019847,0.752734,1,1
2.470833,0.938054,0.680686,-0.745906,0.065216,0.938055,2.470833,0.752256,0.952636,0.066553,0.000000,-1.019200,0.752256,1,1
2.475000,0.939228,0.677080,-0.740180,0.063092,0.939228,2.475000,0.751658,0.954364,0.064019,0.000000,-1.018394,0.751658,1,1
2.479167,0.940399,0.673460,-0.734415,0.060946,0.940399,2.479167,0.751177,0.955744,0.061996,0.000000,-1.017751,0.751177,1,1
2.483333,0.941334,0.670553,-0.729775,0.059215,0.941334,2.483333,0.750576,0.957469,0.059470,0.000000,-1.016950,0.750576,1,1
2.487500,0.942500,0.666904,-0.723933,0.057027,0.942500,2.487500,0.750094,0.958848,0.057454,0.000000,-1.016313,0.750094,1,1
2.491667,0.943430,0.663975,-0.719238,0.055261,0.943431,2.491667,0.749491,0.960570,0.054937,0.000000,-1.015518,0.749491,1,1
2.495833,0.944358,0.661034,-0.714513,0.053475,0.944359,2.495833,0.749007,0.961946,0.052928,0.000000,-1.014885,0.749007,1,1
2.500000,0.945285,0.658084,-0.709762,0.051673,0.945285,2.500000,0.748522,0.963321,0.050923,0.000000,-1.014254,0.748522,1,1
2.504167,0.946440,0.654380,-0.703787,0.049401,0.946440,2.504167,0.747914,0.965038,0.048420,0.000000,-1.013468,0.747914,1,1
2.508333,0.947362,0.651408,-0.698984,0.047571,0.947362,2.508333,0.747427,0.966411,0.046421,0.000000,-1.012842,0.747427,1,1
2.512500,0.948742,0.646929,-0.691729,0.044795,0.948742,2.512500,0.746817,0.968125,0.043927,0.000000,-1.012062,0.746817,1,1
2.516667,0.949889,0.643184,-0.685650,0.042462,0.949889,2.516667,0.746084,0.970181,0.040939,0.000000,-1.011130,0.746084,1,1
2.520833,0.951033,0.639419,-0.679523,0.040099,0.951033,2.520833,0.745471,0.971892,0.038456,0.000000,-1.010357,0.745471,1,1
2.525000,0.952174,0.635636,-0.673353,0.037710,0.952174,2.525000,0.744856,0.973601,0.035977,0.000000,-1.009587,0.744856,1,1
2.529167,0.953311,0.631831,-0.667129,0.035292,0.953311,2.529167,0.744240,0.975309,0.033503,0.000000,-1.008821,0.744240,1,1
2.533333,0.955127,0.625719,-0.657112,0.031387,0.955127,2.533333,0.743376,0.977698,0.030046,0.000000,-1.007753,0.743376,1,1
2.537500,0.956259,0.621879,-0.650802,0.028918,0.956259,2.537500,0.742633,0.979743,0.027090,0.000000,-1.006842,0.742633,1,1
2.541667,0.957612,0.617238,-0.643150,0.025906,0.957612,2.541667,0.741888,0.981786,0.024142,0.000000,-1.005937,0.741888,1,1
2.545833,0.958287,0.614908,-0.639300,0.024386,0.958287,2.545833,0.741514,0.982806,0.022672,0.000000,-1.005486,0.741514,1,1
2.550000,0.959408,0.610998,-0.632820,0.021816,0.959408,2.550000,0.740890,0.984506,0.020223,0.000000,-1.004737,0.740890,1,1
2.554167,0.960303,0.607862,-0.627617,0.019750,0.960303,2.554167,0.740390,0.985864,0.018269,0.000000,-1.004141,0.740390,1,1
2.558333,0.961420,0.603917,-0.621081,0.017132,0.961420,2.558333,0.739763,0.987561,0.015829,0.000000,-1.003398,0.739763,1,1
2.562500,0.962311,0.600747,-0.615853,0.015022,0.962311,2.562500,0.739387,0.988578,0.014368,0.000000,-1.002954,0.739387,1,1
2.566667,0.963644,0.595969,-0.608010,0.011859,0.963644,2.566667,0.738507,0.990951,0.010962,0.000000,-1.001920,0.738507,1,1
2.570833,0.964752,0.591967,-0.601475,0.009261,0.964752,2.570833,0.737876,0.992643,0.008536,0.000000,-1.001187,0.737876,1,1
2.575000,0.965637,0.588749,-0.596246,0.007224,0.965637,2.575000,0.737370,0.993996,0.006599,0.000000,-1.000602,0.737370,1,1
2.579167,0.966518,0.585509,-0.591018,0.005216,0.966518,2.579167,0.736863,0.995348,0.004665,0.000000,-1.000020,0.736863,1,1
2.583333,0.967179,0.583071,-0.587098,0.003711,0.967179,2.583333,0.736482,0.996361,0.003216,0.000000,-0.999585,0.736482,1,1
2.587500,0.968057,0.579803,-0.581870,0.001700,0.968057,2.587500,0.735973,0.997711,0.001287,0.000000,-0.999006,0.735973,1,1
2.591667,0.968934,0.576523,-0.576642,-0.000303,0.968934,2.591667,0.735464,0.999061,-0.000639,0.000000,-0.998429,0.735464,1,1
2.595833,0.970246,0.571579,-0.568801,-0.003272,0.970246,2.595833,0.734698,1.001084,-0.003524,0.000000,-0.997567,0.734698,1,1
2.600000,0.971119,0.568266,-0.563574,-0.005228,0.971119,2.600000,0.734186,1.002431,-0.005442,0.000000,-0.996995,0.734186,1,1
2.604167,0.971989,0.564937,-0.558343,-0.007165,0.971989,2.604167,0.733673,1.003777,-0.007358,0.000000,-0.996426,0.733673,1,1
2.608333,0.973075,0.560747,-0.551805,-0.009567,0.973075,2.608333,0.733159,1.005123,-0.009272,0.000000,-0.995858,0.733159,1,1
2.612500,0.973941,0.557381,-0.546574,-0.011481,0.973942,2.612500,0.732645,1.006467,-0.011183,0.000000,-0.995291,0.732645,1,1
2.616667,0.975022,0.553151,-0.540036,-0.013855,0.975022,2.616667,0.732000,1.008147,-0.013568,0.000000,-0.994586,0.732000,1,1
2.620833,0.975885,0.549748,-0.534806,-0.015733,0.975885,2.620833,0.731354,1.009826,-0.015948,0.000000,-0.993884,0.731354,1,1
2.625000,0.977391,0.543763,-0.525653,-0.018983,0.977391,2.625000,0.730447,1.012173,-0.019274,0.000000,-0.992906,0.730447,1,1
2.629167,0.978464,0.539455,-0.519115,-0.021273,0.978464,2.629167,0.729927,1.013849,-0.021643,0.000000,-0.992211,0.729797,1,1
2.633333,0.979319,0.535979,-0.513886,-0.023079,0.979319,2.633333,0.729276,1.015188,-0.023535,0.000000,-0.991658,0.729384,1,1
2.637500,0.980386,0.531617,-0.507348,-0.025322,0.980386,2.637500,0.728623,1.016860,-0.025897,0.000000,-0.990970,0.728618,1,1
2.641667,0.981451,0.527232,-0.500811,-0.027541,0.981451,2.641667,0.727968,1.018532,-0.028254,0.000000,-0.990284,0.727969,1,1
2.645833,0.982513,0.522818,-0.494274,-0.029730,0.982513,2.645833,0.727312,1.020202,-0.030607,0.000000,-0.989601,0.727312,1,1
2.650000,0.983784,0.517489,-0.486430,-0.032325,0.983784,2.650000,0.726523,1.022205,-0.033425,0.000000,-0.988786,0.726523,1,1
2.654167,0.985263,0.511224,-0.477279,-0.035309,0.985263,2.654167,0.725732,1.024206,-0.036237,0.000000,-0.987974,0.725732,1,1
2.658333,0.986316,0.506708,-0.470743,-0.037401,0.986316,2.658333,0.725071,1.025872,-0.038576,0.000000,-0.987301,0.725071,1,1
2.662500,0.987365,0.502159,-0.464207,-0.039464,0.987365,2.662500,0.724276,1.027870,-0.041378,0.000000,-0.986498,0.724276,1,1
2.666667,0.988622,0.496659,-0.456363,-0.041895,0.988622,2.666667,0.723478,1.029866,-0.044172,0.000000,-0.985699,0.723478,1,1
2.670833,0.989875,0.491127,-0.448521,-0.044295,0.989875,2.670833,0.722678,1.031860,-0.046961,0.000000,-0.984904,0.722678,1,1
2.675000,0.990916,0.486477,-0.441985,-0.046257,0.990916,2.675000,0.722009,1.033520,-0.049279,0.000000,-0.984248,0.722009,1,1
2.679167,0.991954,0.481789,-0.435450,-0.048184,0.991954,2.679167,0.721339,1.035178,-0.051594,0.000000,-0.983601,0.721339,1,1
2.683333,0.993197,0.476126,-0.427607,-0.050461,0.993197,2.683333,0.720532,1.037166,-0.054366,0.000000,-0.982816,0.720532,1,1
2.687500,0.994436,0.470412,-0.419765,-0.052688,0.994436,2.687500,0.719859,1.038822,-0.056671,0.000000,-0.982163,0.719859,1,1
2.691667,0.995672,0.464657,-0.411920,-0.054874,0.995672,2.691667,0.718913,1.041140,-0.059894,0.000000,-0.981240,0.718913,1,1
2.695833,0.997110,0.457885,-0.402769,-0.057370,0.997110,2.695833,0.717964,1.043456,-0.063107,0.000000,-0.980352,0.717964,1,1
2.700000,0.998339,0.452026,-0.394926,-0.059462,0.998339,2.700000,0.717148,1.045439,-0.065855,0.000000,-0.979583,0.717148,1,1
2.704167,0.999563,0.446106,-0.387082,-0.061499,0.999563,2.704167,0.716329,1.047420,-0.068596,0.000000,-0.978824,0.716329,1,1
2.708333,1.000580,0.441127,-0.380546,-0.063149,1.000580,2.708333,0.715645,1.049070,-0.070876,0.000000,-0.978194,0.715645,1,1
2.712500,1.002203,0.433092,-0.370089,-0.065717,1.002203,2.712500,0.714548,1.051708,-0.074517,0.000000,-0.977190,0.714548,1,1
2.716667,1.003620,0.426001,-0.360939,-0.067905,1.003620,2.716667,0.713584,1.054013,-0.077694,0.000000,-0.976319,0.713584,1,1
2.720833,1.005433,0.416762,-0.349176,-0.070610,1.005433,2.720833,0.712479,1.056975,-0.081769,0.000000,-0.975206,0.712341,1,1
2.725000,1.006637,0.410517,-0.341334,-0.072338,1.006637,2.725000,0.711647,1.058618,-0.084025,0.000000,-0.974593,0.711791,1,1
2.729167,1.007637,0.405251,-0.334800,-0.073716,1.007637,2.729167,0.710813,1.060589,-0.086729,0.000000,-0.973860,0.710836,1,1
2.733333,1.008834,0.398873,-0.326958,-0.075305,1.008834,2.733333,0.709976,1.062558,-0.089426,0.000000,-0.973132,0.709970,1,1
2.737500,1.009629,0.394580,-0.321731,-0.076324,1.009629,2.737500,0.709416,1.063870,-0.091220,0.000000,-0.972650,0.709415,1,1
2.741667,1.010621,0.389157,-0.315196,-0.077547,1.010621,2.741667,0.708715,1.065509,-0.093460,0.000000,-0.972049,0.708715,1,1
2.745833,1.011809,0.382613,-0.307356,-0.078982,1.011809,2.745833,0.707872,1.067474,-0.096143,0.000000,-0.971332,0.707872,1,1
2.750000,1.012401,0.379318,-0.303435,-0.079676,1.012401,2.750000,0.707449,1.068456,-0.097481,0.000000,-0.970975,0.707449,1,1
2.754167,1.013386,0.373760,-0.296902,-0.080770,1.013386,2.754167,0.706743,1.070092,-0.099710,0.000000,-0.970382,0.706743,1,1
2.758333,1.014369,0.368169,-0.290368,-0.081832,1.014369,2.758333,0.706036,1.071727,-0.101935,0.000000,-0.969792,0.706036,1,1
2.762500,1.015742,0.360264,-0.281220,-0.083246,1.015743,2.762500,0.705184,1.073688,-0.104600,0.000000,-0.969088,0.705184,1,1
2.766667,1.016916,0.353429,-0.273376,-0.084404,1.016917,2.766667,0.704189,1.075974,-0.107703,0.000000,-0.968271,0.704189,1,1
2.770833,1.017891,0.347658,-0.266838,-0.085301,1.017892,2.770833,0.703475,1.077605,-0.109914,0.000000,-0.967691,0.703475,1,1
2.775000,1.018669,0.342989,-0.261608,-0.085971,1.018669,2.775000,0.703046,1.078909,-0.111679,0.000000,-0.967230,0.702903,1,1
2.779167,1.019445,0.338277,-0.256378,-0.086599,1.019445,2.779167,0.702329,1.080213,-0.113442,0.000000,-0.966770,0.702448,1,1
2.783333,1.020413,0.332335,-0.249841,-0.087331,1.020413,2.783333,0.701754,1.081842,-0.115643,0.000000,-0.966198,0.701606,1,1
2.787500,1.021379,0.326341,-0.243304,-0.088013,1.021380,2.787500,0.701035,1.083144,-0.117401,0.000000,-0.965743,0.701153,1,1
2.791667,1.022151,0.321517,-0.238074,-0.088531,1.022151,2.791667,0.700313,1.084771,-0.119595,0.000000,-0.965176,0.700364,1,1
2.795833,1.022729,0.317864,-0.234152,-0.088887,1.022729,2.795833,0.699879,1.085747,-0.120909,0.000000,-0.964837,0.699898,1,1
2.800000,1.023305,0.314181,-0.230230,-0.089216,1.023305,2.800000,0.699444,1.086722,-0.122222,0.000000,-0.964500,0.699452,1,1
2.804167,1.024072,0.309232,-0.225001,-0.089618,1.024072,2.804167,0.698864,1.088022,-0.123970,0.000000,-0.964052,0.698865,1,1
2.808333,1.024647,0.305504,-0.221079,-0.089903,1.024647,2.808333,0.698428,1.088996,-0.125280,0.000000,-0.963717,0.698428,1,1
2.812500,1.025220,0.301744,-0.217157,-0.090157,1.025220,2.812500,0.697991,1.089971,-0.126588,0.000000,-0.963383,0.697991,1,1
2.816667,1.025984,0.296692,-0.211927,-0.090459,1.025984,2.816667,0.697408,1.091269,-0.128330,0.000000,-0.962939,0.697408,1,1
2.820833,1.026746,0.291606,-0.206698,-0.090729,1.026747,2.820833,0.696823,1.092567,-0.130070,0.000000,-0.962497,0.696823,1,1
2.825000,1.027507,0.286476,-0.201469,-0.090957,1.027507,2.825000,0.696237,1.093864,-0.131808,0.000000,-0.962056,0.696237,1,1
2.829167,1.028267,0.281303,-0.196240,-0.091145,1.028267,2.829167,0.695650,1.095161,-0.133543,0.000000,-0.961618,0.695650,1,1
2.833333,1.029215,0.274786,-0.189703,-0.091329,1.029215,2.833333,0.694915,1.096781,-0.135709,0.000000,-0.961072,0.694915,1,1
2.837500,1.029971,0.269550,-0.184475,-0.091428,1.029971,2.837500,0.694326,1.098076,-0.137438,0.000000,-0.960638,0.694326,1,1
2.841667,1.030726,0.264314,-0.179246,-0.091484,1.030726,2.841667,0.693735,1.099371,-0.139166,0.000000,-0.960205,0.693735,1,1
2.845833,1.031292,0.260387,-0.175324,-0.091515,1.031292,2.845833,0.693291,1.100342,-0.140459,0.000000,-0.959882,0.693291,1,1
2.850000,1.032044,0.255151,-0.170095,-0.091580,1.032044,2.850000,0.692699,1.101635,-0.142182,0.000000,-0.959453,0.692699,1,1
2.854167,1.032794,0.249915,-0.164867,-0.091665,1.032795,2.854167,0.692253,1.102605,-0.143473,0.000000,-0.959132,0.692253,1,1
2.858333,1.033169,0.247297,-0.162252,-0.091735,1.033357,2.858333,0.691807,1.103575,-0.144763,0.000000,-0.958812,0.691807,1,1
2.862500,1.034105,0.240752,-0.155717,-0.091815,1.034027,2.862500,0.691212,1.104867,-0.146480,0.000000,-0.958387,0.691212,1,1
2.866667,1.034665,0.236825,-0.151795,-0.091871,1.034525,2.866667,0.690615,1.106159,-0.148195,0.000000,-0.957964,0.690615,1,1
2.870833,1.035597,0.230280,-0.145260,-0.091983,1.035564,2.870833,0.690017,1.107450,-0.149908,0.000000,-0.957543,0.690017,1,1
2.875000,1.035970,0.227662,-0.142645,-0.092029,1.035995,2.875000,0.689568,1.108419,-0.151191,0.000000,-0.957228,0.689568,1,1
2.879167,1.036527,0.223735,-0.138724,-0.092097,1.036573,2.879167,0.689118,1.109386,-0.152472,0.000000,-0.956914,0.689118,1,1
2.883333,1.037270,0.218499,-0.133496,-0.092184,1.037290,2.883333,0.688517,1.110676,-0.154179,0.000000,-0.956497,0.688517,1,1
2.887500,1.037826,0.214572,-0.129574,-0.092249,1.037817,2.887500,0.688065,1.111643,-0.155457,0.000000,-0.956186,0.688065,1,1
2.891667,1.038565,0.209337,-0.124346,-0.092339,1.038546,2.891667,0.687462,1.112932,-0.157160,0.000000,-0.955772,0.687462,1,1
2.895833,1.039304,0.204101,-0.119118,-0.092431,1.039292,2.895833,0.686857,1.114220,-0.158860,0.000000,-0.955360,0.686857,1,1
2.900000,1.040042,0.198865,-0.113890,-0.092526,1.040044,2.900000,0.686252,1.115508,-0.160558,0.000000,-0.954950,0.686252,1,1
2.904167,1.040594,0.194938,-0.109968,-0.092599,1.040604,2.904167,0.685797,1.116474,-0.161829,0.000000,-0.954644,0.685797,1,1
2.908333,1.041328,0.189702,-0.104740,-0.092697,1.041335,2.908333,0.685189,1.117761,-0.163523,0.000000,-0.954237,0.685189,1,1
2.912500,1.042061,0.184466,-0.099512,-0.092797,1.042060,2.912500,0.684580,1.119047,-0.165215,0.000000,-0.953832,0.684580,1,1
2.916667,1.042610,0.180539,-0.095591,-0.092872,1.042606,2.916667,0.684275,1.119690,-0.166059,0.000000,-0.953631,0.684275,1,1
2.920833,1.043158,0.176612,-0.091670,-0.092950,1.043155,2.920833,0.683817,1.120654,-0.167326,0.000000,-0.953329,0.683817,1,1
2.925000,1.043705,0.172685,-0.087749,-0.093028,1.043705,2.925000,0.683205,1.121939,-0.169012,0.000000,-0.952927,0.683205,1,1
2.929167,1.044433,0.167449,-0.082521,-0.093135,1.044435,2.929167,0.682592,1.123224,-0.170696,0.000000,-0.952528,0.682592,1,1
2.933333,1.044979,0.163522,-0.078600,-0.093215,1.044980,2.933333,0.682132,1.124187,-0.171958,0.000000,-0.952230,0.682132,1,1
2.937500,1.045705,0.158286,-0.073372,-0.093325,1.045705,2.937500,0.681517,1.125471,-0.173637,0.000000,-0.951833,0.681517,1,1
2.941667,1.046249,0.154359,-0.069451,-0.093410,1.046248,2.941667,0.681054,1.126433,-0.174896,0.000000,-0.951538,0.681054,1,1
2.945833,1.046972,0.149123,-0.064223,-0.093525,1.046971,2.945833,0.680591,1.127395,-0.176153,0.000000,-0.951243,0.680591,1,1
2.950000,1.047513,0.145196,-0.060302,-0.093614,1.047513,2.950000,0.680128,1.128357,-0.177409,0.000000,-0.950949,0.680128,1,1
2.954167,1.048054,0.141269,-0.056382,-0.093703,1.048054,2.954167,0.679509,1.129640,-0.179082,0.000000,-0.950558,0.679509,1,1
2.958333,1.048773,0.136033,-0.051154,-0.093824,1.048774,2.958333,0.678888,1.130921,-0.180752,0.000000,-0.950169,0.678888,1,1
2.962500,1.049492,0.130797,-0.045926,-0.093947,1.049492,2.962500,0.678267,1.132202,-0.182420,0.000000,-0.949782,0.678267,1,1
2.966667,1.050209,0.125561,-0.040698,-0.094073,1.050209,2.966667,0.677644,1.133483,-0.184086,0.000000,-0.949397,0.677644,1,1
2.970833,1.050746,0.121634,-0.036777,-0.094170,1.050746,2.970833,0.677176,1.134443,-0.185333,0.000000,-0.949110,0.677176,1,1
2.975000,1.051460,0.116398,-0.031549,-0.094304,1.051460,2.975000,0.676550,1.135723,-0.186995,0.000000,-0.948728,0.676550,1,1
2.979167,1.051995,0.112471,-0.027629,-0.094406,1.051995,2.979167,0.676080,1.136682,-0.188240,0.000000,-0.948443,0.676080,1,1
2.983333,1.052706,0.107235,-0.022401,-0.094545,1.052706,2.983333,0.675453,1.137961,-0.189897,0.000000,-0.948064,0.675453,1,1
2.987500,1.053417,0.101999,-0.017173,-0.094685,1.053417,2.987500,0.674982,1.138920,-0.191139,0.000000,-0.947781,0.674982,1,1
2.991667,1.053771,0.099381,-0.014559,-0.094757,1.053771,2.991667,0.674510,1.139879,-0.192380,0.000000,-0.947499,0.674510,1,1
2.995833,1.054302,0.095454,-0.010638,-0.094868,1.054302,2.995833,0.674037,1.140837,-0.193619,0.000000,-0.947218,0.674037,1,1
3.000000,1.055009,0.090218,-0.005411,-0.095019,1.055009,3.000000,0.673405,1.142114,-0.195269,0.000000,-0.946845,0.673405,1,1
3.004167,1.055538,0.086291,-0.001490,-0.095134,1.055538,3.004167,0.672930,1.143072,-0.196505,0.000000,-0.946566,0.672930,1,1
3.008333,1.056242,0.081055,0.003738,-0.095291,1.056242,3.008333,0.672297,1.144348,-0.198152,0.000000,-0.946196,0.672297,1,1
3.012500,1.056945,0.075819,0.008965,-0.095450,1.056945,3.012500,0.671661,1.145624,-0.199796,0.000000,-0.945828,0.671661,1,1
3.016667,1.058172,0.066656,0.018114,-0.095738,1.058172,3.016667,0.670548,1.147857,-0.202670,0.000000,-0.945187,0.670548,1,1
3.020833,1.058872,0.061420,0.023342,-0.095910,1.058872,3.020833,0.669909,1.149131,-0.204308,0.000000,-0.944823,0.669909,1,1
3.025000,1.059569,0.056184,0.028569,-0.096095,1.059569,3.025000,0.669269,1.150406,-0.205944,0.000000,-0.944462,0.669269,1,1
3.029167,1.060265,0.050948,0.033797,-0.096284,1.060265,3.029167,0.668628,1.151680,-0.207578,0.000000,-0.944102,0.668628,1,1
3.033333,1.060786,0.047021,0.037718,-0.096428,1.060786,3.033333,0.668146,1.152635,-0.208801,0.000000,-0.943833,0.668146,1,1
3.037500,1.061479,0.041785,0.042946,-0.096621,1.061479,3.037500,0.667502,1.153908,-0.210431,0.000000,-0.943476,0.667502,1,1
3.041667,1.062343,0.035240,0.049480,-0.096866,1.062343,3.041667,0.666857,1.155180,-0.212059,0.000000,-0.943121,0.666857,1,1
3.045833,1.062861,0.031313,0.053401,-0.097021,1.062861,3.045833,0.666373,1.156134,-0.213278,0.000000,-0.942856,0.666373,1,1
3.050000,1.063377,0.027386,0.057322,-0.097184,1.063377,3.050000,0.665888,1.157088,-0.214497,0.000000,-0.942592,0.665888,1,1
3.054167,1.064408,0.019532,0.065164,-0.097516,1.064408,3.054167,0.664753,1.159313,-0.217335,0.000000,-0.941978,0.664753,1,1
3.058333,1.065950,0.007751,0.076927,-0.098025,1.065950,3.058333,0.663452,1.161855,-0.220572,0.000000,-0.941283,0.663452,1,1
3.062500,1.066804,0.001206,0.083462,-0.098327,1.066804,3.062500,0.662472,1.163760,-0.222994,0.000000,-0.940766,0.662473,1,1
3.066667,1.067654,-0.005339,0.089996,-0.098667,1.067654,3.066667,0.661653,1.165346,-0.225007,0.000000,-0.940339,0.661653,1,1
3.070833,1.068163,-0.009266,0.093917,-0.098882,1.068163,3.070833,0.661160,1.166298,-0.226213,0.000000,-0.940085,0.661160,1,1
3.075000,1.068670,-0.013193,0.097838,-0.099097,1.068670,3.075000,0.660667,1.167249,-0.227418,0.000000,-0.939831,0.660667,1,1
3.079167,1.069345,-0.018429,0.103066,-0.099382,1.069345,3.079167,0.660008,1.168517,-0.229022,0.000000,-0.939495,0.660008,1,1
3.083333,1.070187,-0.024974,0.109602,-0.099746,1.070187,3.083333,0.659182,1.170101,-0.231025,0.000000,-0.939076,0.659182,1,1
3.087500,1.070860,-0.030210,0.114830,-0.100046,1.070860,3.087500,0.658520,1.171368,-0.232625,0.000000,-0.938743,0.658520,1,1
3.091667,1.071697,-0.036755,0.121365,-0.100461,1.071697,3.091667,0.657691,1.172951,-0.234622,0.000000,-0.938330,0.657691,1,1
3.095833,1.072366,-0.041991,0.126593,-0.100810,1.072366,3.095833,0.657026,1.174218,-0.236217,0.000000,-0.938001,0.657026,1,1
3.100000,1.073032,-0.047227,0.131821,-0.101171,1.073032,3.100000,0.656359,1.175483,-0.237809,0.000000,-0.937674,0.656359,1,1
3.104167,1.073698,-0.052463,0.137050,-0.101542,1.073698,3.104167,0.655691,1.176748,-0.239400,0.000000,-0.937348,0.655691,1,1
3.108333,1.074361,-0.057699,0.142278,-0.101927,1.074361,3.108333,0.655022,1.178013,-0.240988,0.000000,-0.937025,0.655022,1,1
3.112500,1.074858,-0.061626,0.146199,-0.102227,1.074858,3.112500,0.654519,1.178962,-0.242178,0.000000,-0.936784,0.654519,1,1
3.116667,1.075684,-0.068171,0.152735,-0.102758,1.075684,3.116667,0.653679,1.180542,-0.244159,0.000000,-0.936383,0.653679,1,1
3.120833,1.076672,-0.076025,0.160577,-0.103425,1.076672,3.120833,0.652838,1.182121,-0.246136,0.000000,-0.935985,0.652838,1,1
3.125000,1.077494,-0.082570,0.167113,-0.104017,1.077494,3.125000,0.651825,1.184016,-0.248505,0.000000,-0.935510,0.651825,1,1
3.129167,1.078149,-0.087806,0.172342,-0.104539,1.078149,3.129167,0.651148,1.185278,-0.250081,0.000000,-0.935197,0.651148,1,1
3.133333,1.078638,-0.091733,0.176263,-0.104954,1.078638,3.133333,0.650639,1.186225,-0.251262,0.000000,-0.934963,0.650639,1,1
3.137500,1.079289,-0.096969,0.181492,-0.105533,1.079289,3.137500,0.649959,1.187487,-0.252834,0.000000,-0.934653,0.649959,1,1
3.141667,1.079939,-0.102205,0.186721,-0.106124,1.079939,3.141667,0.649278,1.188748,-0.254404,0.000000,-0.934344,0.649278,1,1
3.145833,1.080426,-0.106132,0.190642,-0.106579,1.080426,3.145833,0.648766,1.189694,-0.255580,0.000000,-0.934114,0.648766,1,1
3.150000,1.081073,-0.111368,0.195871,-0.107233,1.081073,3.150000,0.648082,1.190955,-0.257147,0.000000,-0.933808,0.648082,1,1
3.154167,1.081719,-0.116604,0.201100,-0.107916,1.081719,3.154167,0.647397,1.192215,-0.258711,0.000000,-0.933504,0.647397,1,1
3.158333,1.082363,-0.121840,0.206329,-0.108658,1.082363,3.158333,0.646710,1.193475,-0.260273,0.000000,-0.933202,0.646710,1,1
3.162500,1.083005,-0.127076,0.211558,-0.109454,1.083005,3.162500,0.646022,1.194734,-0.261833,0.000000,-0.932901,0.646022,1,1
3.166667,1.083646,-0.132312,0.216787,-0.110300,1.083646,3.166667,0.645333,1.195994,-0.263391,0.000000,-0.932603,0.645333,1,1
3.170833,1.084126,-0.136239,0.220709,-0.110962,1.084126,3.170833,0.644815,1.196938,-0.264558,0.000000,-0.932380,0.644815,1,1
3.175000,1.084763,-0.141475,0.225938,-0.111917,1.084763,3.175000,0.644123,1.198196,-0.266112,0.000000,-0.932084,0.644123,1,1
3.179167,1.085241,-0.145402,0.229860,-0.112665,1.085241,3.179167,0.643603,1.199140,-0.267276,0.000000,-0.931864,0.643603,1,1
3.183333,1.085876,-0.150638,0.235090,-0.113749,1.085876,3.183333,0.643082,1.200083,-0.268439,0.000000,-0.931644,0.642908,1,1
3.187500,1.086668,-0.157183,0.241627,-0.115190,1.086668,3.187500,0.642039,1.201970,-0.270763,0.000000,-0.931207,0.642220,1,1
3.191667,1.087458,-0.163728,0.248163,-0.116755,1.087458,3.191667,0.641167,1.203541,-0.272695,0.000000,-0.930846,0.641159,1,1
3.195833,1.088245,-0.170273,0.254700,-0.118522,1.088245,3.195833,0.640292,1.205111,-0.274624,0.000000,-0.930488,0.640292,1,1
3.200000,1.088716,-0.174200,0.258623,-0.119703,1.088716,3.200000,0.639766,1.206053,-0.275779,0.000000,-0.930275,0.639766,1,1
3.204167,1.089342,-0.179436,0.263852,-0.121519,1.089342,3.204167,0.639063,1.207309,-0.277318,0.000000,-0.929991,0.639063,1,1
3.208333,1.090123,-0.185981,0.270390,-0.123928,1.090123,3.208333,0.638183,1.208878,-0.279239,0.000000,-0.929640,0.638183,1,1
3.212500,1.090746,-0.191217,0.275620,-0.125994,1.090746,3.212500,0.637478,1.210133,-0.280773,0.000000,-0.929360,0.637478,1,1
3.216667,1.091367,-0.196453,0.280849,-0.128329,1.091367,3.216667,0.636770,1.211388,-0.282305,0.000000,-0.929083,0.636770,1,1
3.220833,1.092141,-0.202998,0.287387,-0.131721,1.092141,3.220833,0.636061,1.212642,-0.283835,0.000000,-0.928807,0.636061,1,1
3.225000,1.092450,-0.205616,0.290002,-0.133181,1.092450,3.225000,0.635529,1.213583,-0.284981,0.000000,-0.928601,0.635529,1,1
3.229167,1.093220,-0.212161,0.296540,-0.137468,1.093220,3.229167,0.634640,1.215150,-0.286889,0.000000,-0.928260,0.634640,1,1
3.233333,1.093835,-0.217396,0.301767,-0.141239,1.093835,3.233333,0.633926,1.216403,-0.288413,0.000000,-0.927990,0.633926,1,1
3.237500,1.094448,-0.222632,0.306994,-0.145621,1.094448,3.237500,0.633211,1.217656,-0.289935,0.000000,-0.927721,0.633211,1,1
3.241667,1.094906,-0.226559,0.310914,-0.149332,1.094906,3.241667,0.632674,1.218595,-0.291074,0.000000,-0.927521,0.632674,1,1
3.245833,1.095516,-0.231795,0.316141,-0.154563,1.095516,3.245833,0.631957,1.219847,-0.292592,0.000000,-0.927255,0.631957,1,1
3.250000,1.096277,-0.238340,0.322675,-0.161101,1.096277,3.250000,0.631058,1.221412,-0.294487,0.000000,-0.926925,0.631058,1,1
3.254167,1.097036,-0.244885,0.329209,-0.167639,1.097036,3.254167,0.630157,1.222976,-0.296379,0.000000,-0.926597,0.630157,1,1
3.258333,1.097641,-0.250121,0.334436,-0.172870,1.097641,3.258333,0.629434,1.224227,-0.297889,0.000000,-0.926337,0.629434,1,1
3.262500,1.098244,-0.255357,0.339664,-0.178101,1.098244,3.262500,0.628709,1.225477,-0.299398,0.000000,-0.926079,0.628709,1,1
3.266667,1.098846,-0.260593,0.344891,-0.183332,1.098846,3.266667,0.627984,1.226728,-0.300905,0.000000,-0.925823,0.627984,1,1
3.270833,1.099596,-0.267138,0.351426,-0.189870,1.099596,3.270833,0.627256,1.227978,-0.302409,0.000000,-0.925568,0.627256,1,1
3.275000,1.099895,-0.269756,0.354040,-0.192486,1.099895,3.275000,0.626710,1.228915,-0.303536,0.000000,-0.925378,0.626710,1,1
3.279167,1.100641,-0.276301,0.360575,-0.199024,1.100641,3.279167,0.625797,1.230476,-0.305413,0.000000,-0.925064,0.625797,1,1
3.283333,1.101237,-0.281537,0.365803,-0.204255,1.101237,3.283333,0.625248,1.231413,-0.306536,0.000000,-0.924877,0.625248,1,1
3.287500,1.101831,-0.286773,0.371031,-0.209486,1.101831,3.287500,0.624332,1.232974,-0.308408,0.000000,-0.924566,0.624332,1,1
3.291667,1.102571,-0.288082,0.372330,-0.210789,1.102571,3.291667,0.623597,1.234222,-0.309902,0.000000,-0.924320,0.623597,1,1
3.295833,1.102866,-0.285464,0.369708,-0.208169,1.102866,3.295833,0.623044,1.235158,-0.311021,0.000000,-0.924137,0.623044,1,1
3.300000,1.103308,-0.281537,0.365776,-0.204238,1.103308,3.300000,0.622491,1.236094,-0.312139,0.000000,-0.923955,0.622491,1,1
3.304167,1.103896,-0.278919,0.363154,-0.201618,1.103896,3.304167,0.621752,1.237341,-0.313628,0.000000,-0.923713,0.621752,1,1
3.308333,1.104775,-0.286773,0.370996,-0.209464,1.104775,3.308333,0.620826,1.239211,-0.315859,0.000000,-0.923353,0.620641,1,1
3.312500,1.105507,-0.290700,0.374913,-0.213385,1.105507,3.312500,0.619712,1.240770,-0.317714,0.000000,-0.923056,0.619905,1,1
3.316667,1.106236,-0.284155,0.368358,-0.206834,1.106236,3.316667,0.618781,1.242327,-0.319565,0.000000,-0.922762,0.618773,1,1
3.320833,1.106816,-0.278919,0.363115,-0.201593,1.106816,3.320833,0.618034,1.243573,-0.321044,0.000000,-0.922529,0.618032,1,1
3.325000,1.107540,-0.274992,0.359182,-0.197663,1.107540,3.325000,0.617285,1.245130,-0.322890,0.000000,-0.922240,0.617098,1,1
3.329167,1.108262,-0.281537,0.365717,-0.204202,1.108262,3.329167,0.616160,1.246686,-0.324733,0.000000,-0.921953,0.616355,1,1
3.333333,1.109126,-0.289391,0.373559,-0.212048,1.109126,3.333333,0.615219,1.248242,-0.326572,0.000000,-0.921670,0.615211,1,1
3.337500,1.109700,-0.292009,0.376169,-0.214661,1.109700,3.337500,0.614276,1.249797,-0.328409,0.000000,-0.921388,0.614234,1,1
3.341667,1.110129,-0.288082,0.372236,-0.210731,1.110129,3.341667,0.613709,1.250730,-0.329509,0.000000,-0.921221,0.613693,1,1
3.345833,1.110842,-0.281537,0.365682,-0.204180,1.110842,3.345833,0.612951,1.251973,-0.330974,0.000000,-0.920999,0.612948,1,1
3.350000,1.111269,-0.277610,0.361749,-0.200249,1.111269,3.350000,0.612192,1.253216,-0.332437,0.000000,-0.920779,0.612194,1,1
3.354167,1.111836,-0.282846,0.366981,-0.205483,1.111836,3.354167,0.611621,1.254148,-0.333533,0.000000,-0.920616,0.611622,1,1
3.358333,1.112260,-0.286773,0.370902,-0.209406,1.112260,3.358333,0.610859,1.255391,-0.334992,0.000000,-0.920399,0.610859,1,1
3.362500,1.112967,-0.288082,0.372201,-0.210709,1.112967,3.362500,0.610095,1.256633,-0.336450,0.000000,-0.920184,0.610095,1,1
3.366667,1.113389,-0.284155,0.368268,-0.206778,1.113389,3.366667,0.609329,1.257875,-0.337905,0.000000,-0.919970,0.609330,1,1
3.370833,1.114091,-0.277610,0.361714,-0.200227,1.114091,3.370833,0.608562,1.259117,-0.339358,0.000000,-0.919759,0.608562,1,1
3.375000,1.114792,-0.273683,0.357781,-0.196296,1.114792,3.375000,0.607601,1.260669,-0.341173,0.000000,-0.919496,0.607601,1,1
3.379167,1.115211,-0.277610,0.361702,-0.200220,1.115211,3.379167,0.606831,1.261910,-0.342622,0.000000,-0.919288,0.606831,1,1
3.383333,1.115769,-0.282846,0.366930,-0.205451,1.115769,3.383333,0.606058,1.263150,-0.344069,0.000000,-0.919082,0.606058,1,1
3.387500,1.116186,-0.286773,0.370851,-0.209374,1.116186,3.387500,0.605477,1.264080,-0.345152,0.000000,-0.918928,0.605477,1,1
3.391667,1.116741,-0.289391,0.373461,-0.211987,1.116741,3.391667,0.604702,1.265320,-0.346595,0.000000,-0.918725,0.604702,1,1
3.395833,1.117295,-0.284155,0.368217,-0.206746,1.117295,3.395833,0.603924,1.266560,-0.348036,0.000000,-0.918524,0.603924,1,1
3.400000,1.117846,-0.278919,0.362973,-0.201505,1.117846,3.400000,0.603146,1.267799,-0.349475,0.000000,-0.918325,0.603146,1,1
3.404167,1.118534,-0.277610,0.361658,-0.200193,1.118534,3.404167,0.602365,1.269039,-0.350912,0.000000,-0.918127,0.602365,1,1
3.408333,1.118946,-0.281537,0.365580,-0.204116,1.118946,3.408333,0.601583,1.270277,-0.352347,0.000000,-0.917930,0.601583,1,1
3.412500,1.119357,-0.285464,0.369501,-0.208039,1.119357,3.412500,0.600995,1.271206,-0.353422,0.000000,-0.917785,0.600995,1,1
3.416667,1.119903,-0.288082,0.372111,-0.210652,1.119903,3.416667,0.600210,1.272444,-0.354853,0.000000,-0.917591,0.600210,1,1
3.420833,1.120313,-0.284155,0.368178,-0.206722,1.120313,3.420833,0.599619,1.273373,-0.355925,0.000000,-0.917448,0.599619,1,1
3.425000,1.120856,-0.278919,0.362934,-0.201481,1.120856,3.425000,0.598831,1.274611,-0.357353,0.000000,-0.917258,0.598831,1,1
3.429167,1.121534,-0.277610,0.361619,-0.200168,1.121534,3.429167,0.597844,1.276157,-0.359135,0.000000,-0.917022,0.597844,1,1
3.433333,1.122075,-0.282846,0.366847,-0.205399,1.122075,3.433333,0.597250,1.277085,-0.360202,0.000000,-0.916883,0.597250,1,1
3.437500,1.122615,-0.288082,0.372075,-0.210630,1.122615,3.437500,0.596258,1.278631,-0.361980,0.000000,-0.916651,0.596258,1,1
3.441667,1.123019,-0.292009,0.375997,-0.214554,1.123019,3.441667,0.595661,1.279558,-0.363044,0.000000,-0.916514,0.595661,1,1
3.445833,1.123555,-0.286773,0.370753,-0.209313,1.123555,3.445833,0.594865,1.280794,-0.364462,0.000000,-0.916333,0.594865,1,1
3.450000,1.124225,-0.280228,0.364198,-0.202762,1.124225,3.450000,0.594066,1.282030,-0.365877,0.000000,-0.916153,0.594066,1,1
3.454167,1.124759,-0.277610,0.361576,-0.200141,1.124759,3.454167,0.593066,1.283575,-0.367645,0.000000,-0.915930,0.593066,1,1
3.458333,1.125158,-0.281537,0.365497,-0.204065,1.125158,3.458333,0.592464,1.284501,-0.368703,0.000000,-0.915798,0.592464,1,1
3.462500,1.125822,-0.288082,0.372032,-0.210604,1.125822,3.462500,0.591459,1.286045,-0.370465,0.000000,-0.915579,0.591459,1,1
3.466667,1.126352,-0.290700,0.374643,-0.213217,1.126352,3.466667,0.590653,1.287279,-0.371872,0.000000,-0.915407,0.590653,1,1
3.470833,1.126880,-0.285464,0.369399,-0.207976,1.126880,3.470833,0.589846,1.288513,-0.373277,0.000000,-0.915236,0.589846,1,1
3.475000,1.127406,-0.280228,0.364155,-0.202735,1.127406,3.475000,0.589036,1.289747,-0.374680,0.000000,-0.915067,0.589036,1,1
3.479167,1.128063,-0.276301,0.360222,-0.198804,1.128063,3.479167,0.588022,1.291289,-0.376431,0.000000,-0.914858,0.588022,1,1
3.483333,1.128718,-0.282846,0.366757,-0.205343,1.128718,3.483333,0.587209,1.292522,-0.377830,0.000000,-0.914693,0.587209,1,1
3.487500,1.129370,-0.289391,0.373292,-0.211882,1.129370,3.487500,0.586190,1.294064,-0.379576,0.000000,-0.914488,0.586190,1,1
3.491667,1.129891,-0.292009,0.375903,-0.214495,1.129890,3.491667,0.585169,1.295604,-0.381319,0.000000,-0.914285,0.585169,1,1
3.495833,1.130409,-0.286773,0.370659,-0.209254,1.130409,3.495833,0.584349,1.296836,-0.382710,0.000000,-0.914126,0.584349,1,1
3.500000,1.130926,-0.281537,0.365415,-0.204014,1.130926,3.500000,0.583527,1.298068,-0.384100,0.000000,-0.913969,0.583527,1,1
3.504167,1.131442,-0.276301,0.360171,-0.198773,1.131442,3.504167,0.582704,1.299300,-0.385487,0.000000,-0.913813,0.582704,1,1
3.508333,1.131957,-0.281537,0.365403,-0.204006,1.131957,3.508333,0.582085,1.300223,-0.386526,0.000000,-0.913697,0.582085,1,1
3.512500,1.132469,-0.286773,0.370631,-0.209237,1.132469,3.512500,0.581259,1.301454,-0.387910,0.000000,-0.913544,0.581259,1,1
3.516667,1.132982,-0.292009,0.375860,-0.214468,1.132982,3.516667,0.580224,1.302993,-0.389638,0.000000,-0.913355,0.580224,1,1
3.520833,1.133365,-0.288082,0.371927,-0.210538,1.133365,3.520833,0.579601,1.303916,-0.390673,0.000000,-0.913243,0.579601,1,1
3.525000,1.134256,-0.278919,0.362750,-0.201366,1.134255,3.525000,0.578146,1.306068,-0.393084,0.000000,-0.912985,0.578146,1,1
3.529167,1.134890,-0.274992,0.358817,-0.197436,1.134890,3.529167,0.577102,1.307605,-0.394802,0.000000,-0.912804,0.577102,1,1
3.533333,1.135395,-0.280228,0.364045,-0.202667,1.135395,3.533333,0.576264,1.308834,-0.396173,0.000000,-0.912661,0.576264,1,1
3.537500,1.136025,-0.286773,0.370580,-0.209205,1.136025,3.537500,0.575425,1.310063,-0.397543,0.000000,-0.912520,0.575425,1,1
3.541667,1.136653,-0.288082,0.371880,-0.210508,1.136653,3.541667,0.574374,1.311599,-0.399253,0.000000,-0.912346,0.574374,1,1
3.545833,1.137028,-0.284155,0.367947,-0.206578,1.137028,3.545833,0.573742,1.312520,-0.400278,0.000000,-0.912243,0.573742,1,1
3.550000,1.137527,-0.278919,0.362703,-0.201337,1.137527,3.550000,0.572687,1.314055,-0.401983,0.000000,-0.912073,0.572687,1,1
3.554167,1.138399,-0.272374,0.356148,-0.194786,1.138399,3.554167,0.571204,1.316204,-0.404365,0.000000,-0.911839,0.571204,1,1
3.558333,1.138895,-0.277610,0.361376,-0.200017,1.138895,3.558333,0.570354,1.317431,-0.405722,0.000000,-0.911708,0.570354,1,1
3.562500,1.139266,-0.281537,0.365297,-0.203940,1.139266,3.562500,0.569715,1.318351,-0.406739,0.000000,-0.911612,0.569715,1,1
3.566667,1.139760,-0.286773,0.370525,-0.209171,1.139760,3.566667,0.568861,1.319577,-0.408093,0.000000,-0.911484,0.568861,1,1
3.570833,1.140375,-0.290700,0.374442,-0.213092,1.140375,3.570833,0.567792,1.321110,-0.409783,0.000000,-0.911327,0.567792,1,1
3.575000,1.140988,-0.284155,0.367888,-0.206541,1.140988,3.575000,0.566720,1.322642,-0.411470,0.000000,-0.911172,0.566720,1,1
3.579167,1.141477,-0.278919,0.362644,-0.201300,1.141477,3.579167,0.565859,1.323868,-0.412818,0.000000,-0.911050,0.565859,1,1
3.583333,1.142330,-0.272374,0.356089,-0.194749,1.142330,3.583333,0.564351,1.326012,-0.415171,0.000000,-0.910840,0.564351,1,1
3.587500,1.142937,-0.278919,0.362624,-0.201288,1.142937,3.587500,0.563269,1.327543,-0.416848,0.000000,-0.910694,0.563269,1,1
3.591667,1.143421,-0.284155,0.367852,-0.206519,1.143421,3.591667,0.562401,1.328767,-0.418187,0.000000,-0.910579,0.562401,1,1
3.595833,1.144385,-0.289391,0.373072,-0.211745,1.144385,3.595833,0.560879,1.330909,-0.420527,0.000000,-0.910381,0.560879,1,1
3.600000,1.144865,-0.284155,0.367828,-0.206504,1.144865,3.600000,0.559788,1.332438,-0.422195,0.000000,-0.910243,0.559788,1,1
3.604167,1.145463,-0.277610,0.361274,-0.199953,1.145463,3.604167,0.558694,1.333967,-0.423859,0.000000,-0.910108,0.558694,1,1
3.608333,1.146058,-0.276301,0.359959,-0.198640,1.146058,3.608333,0.557816,1.335495,-0.425519,0.000000,-0.909976,0.557596,1,1
3.612500,1.146652,-0.282846,0.366494,-0.205179,1.146652,3.612500,0.556496,1.337023,-0.427177,0.000000,-0.909846,0.556725,1,1
3.616667,1.147363,-0.290700,0.374336,-0.213026,1.147363,3.616667,0.555172,1.338856,-0.429162,0.000000,-0.909694,0.555115,1,1
3.620833,1.147952,-0.292009,0.375635,-0.214329,1.147952,3.620833,0.554286,1.340077,-0.430483,0.000000,-0.909595,0.554277,1,1
3.625000,1.148540,-0.285464,0.369081,-0.207778,1.148540,3.625000,0.552955,1.341909,-0.432461,0.000000,-0.909448,0.552967,1,1
3.629167,1.149242,-0.277610,0.361215,-0.199916,1.149242,3.629167,0.551619,1.343740,-0.434434,0.000000,-0.909306,0.551616,1,1
3.633333,1.149824,-0.276301,0.359900,-0.198604,1.149824,3.633333,0.550502,1.345265,-0.436074,0.000000,-0.909191,0.550502,1,1
3.637500,1.150521,-0.284155,0.367742,-0.206450,1.150521,3.637500,0.549157,1.347095,-0.438039,0.000000,-0.909056,0.549157,1,1
3.641667,1.151101,-0.288082,0.371659,-0.210371,1.151101,3.641667,0.548034,1.348619,-0.439673,0.000000,-0.908946,0.548034,1,1
3.645833,1.151792,-0.280228,0.363793,-0.202510,1.151792,3.645833,0.546906,1.350142,-0.441303,0.000000,-0.908839,0.546906,1,1
3.650000,1.152481,-0.277610,0.361168,-0.199887,1.152481,3.650000,0.545551,1.351970,-0.443256,0.000000,-0.908714,0.545551,1,1
3.654167,1.153167,-0.285464,0.369010,-0.207733,1.153167,3.654167,0.543964,1.354102,-0.445530,0.000000,-0.908572,0.543964,1,1
3.658333,1.153737,-0.289391,0.372927,-0.211654,1.153737,3.658333,0.542826,1.355624,-0.447149,0.000000,-0.908475,0.542826,1,1
3.662500,1.154531,-0.280228,0.363750,-0.202483,1.154531,3.662500,0.541227,1.357753,-0.449411,0.000000,-0.908342,0.541227,1,1
3.666667,1.155322,-0.276301,0.359813,-0.198550,1.155322,3.666667,0.539623,1.359882,-0.451667,0.000000,-0.908215,0.539623,1,1
3.670833,1.155997,-0.284155,0.367655,-0.206396,1.155997,3.670833,0.538242,1.361706,-0.453595,0.000000,-0.908111,0.538242,1,1
3.675000,1.156557,-0.285464,0.368955,-0.207699,1.156557,3.675000,0.537088,1.363225,-0.455198,0.000000,-0.908027,0.537088,1,1
3.679167,1.157114,-0.278919,0.362400,-0.201148,1.157114,3.679167,0.535930,1.364744,-0.456799,0.000000,-0.907946,0.535930,1,1
3.683333,1.157892,-0.274992,0.358463,-0.197215,1.157892,3.683333,0.534537,1.366566,-0.458715,0.000000,-0.907851,0.534537,1,1
3.687500,1.158445,-0.281537,0.364998,-0.203754,1.158445,3.687500,0.533140,1.368387,-0.460627,0.000000,-0.907760,0.533140,1,1
3.691667,1.159107,-0.289391,0.372840,-0.211600,1.159107,3.691667,0.531738,1.370208,-0.462534,0.000000,-0.907673,0.531738,1,1
3.695833,1.159766,-0.292009,0.375446,-0.214211,1.159766,3.695833,0.530331,1.372027,-0.464437,0.000000,-0.907590,0.530331,1,1
3.700000,1.160532,-0.282846,0.366270,-0.205039,1.160532,3.700000,0.528684,1.374149,-0.466651,0.000000,-0.907498,0.528684,1,1
3.704167,1.161184,-0.280228,0.363644,-0.202417,1.161184,3.704167,0.527502,1.375664,-0.468228,0.000000,-0.907436,0.527502,1,1
3.708333,1.161509,-0.284155,0.367565,-0.206340,1.161509,3.708333,0.526792,1.376573,-0.469174,0.000000,-0.907400,0.526792,1,1
3.712500,1.161941,-0.286773,0.370175,-0.208953,1.161941,3.712500,0.525844,1.377784,-0.470432,0.000000,-0.907341,0.525606,1,1
3.716667,1.162372,-0.281537,0.364931,-0.203712,1.162372,3.716667,0.524655,1.379298,-0.472002,0.000000,-0.907306,0.524853,1,1
3.720833,1.162908,-0.277610,0.360999,-0.199781,1.162908,3.720833,0.523463,1.380811,-0.473568,0.000000,-0.907243,0.523454,1,1
3.725000,1.163551,-0.285464,0.368841,-0.207628,1.163551,3.725000,0.522028,1.382627,-0.475444,0.000000,-0.907183,0.522030,1,1
3.729167,1.164084,-0.286773,0.370140,-0.208931,1.164084,3.729167,0.521068,1.383836,-0.476692,0.000000,-0.907145,0.521068,1,1
3.733333,1.164509,-0.281537,0.364896,-0.203690,1.164509,3.733333,0.519866,1.385348,-0.478249,0.000000,-0.907099,0.519865,1,1
3.737500,1.164933,-0.278919,0.362274,-0.201070,1.164933,3.737500,0.518901,1.386557,-0.479492,0.000000,-0.907065,0.518901,1,1
3.741667,1.165355,-0.284155,0.367502,-0.206301,1.165355,3.741667,0.517934,1.387765,-0.480733,0.000000,-0.907032,0.517934,1,1
3.745833,1.165776,-0.286773,0.370112,-0.208914,1.165776,3.745833,0.516965,1.388973,-0.481972,0.000000,-0.907002,0.516965,1,1
3.750000,1.166196,-0.281537,0.364868,-0.203673,1.166196,3.750000,0.515994,1.390181,-0.483208,0.000000,-0.906972,0.515994,1,1
3.754167,1.166615,-0.278919,0.362247,-0.201052,1.166615,3.754167,0.515264,1.391086,-0.484443,0.000000,-0.906945,0.515020,1,1
3.758333,1.167032,-0.284155,0.367475,-0.206284,1.167032,3.758333,0.514045,1.392595,-0.485676,0.000000,-0.906667,0.514248,1,1
3.762500,1.167553,-0.285464,0.368774,-0.207586,1.167553,3.762500,0.513067,1.393802,-0.486907,0.000000,-0.906853,0.513101,1,1
3.766667,1.167968,-0.280228,0.363530,-0.202345,1.167968,3.766667,0.511843,1.395310,-0.488444,0.000000,-0.906912,0.511806,1,1
3.770833,1.168278,-0.276301,0.359597,-0.198415,1.168278,3.770833,0.511106,1.396214,-0.489363,0.000000,-0.906868,0.511092,1,1
3.775000,1.168691,-0.281537,0.364829,-0.203648,1.168691,3.775000,0.510121,1.397420,-0.490588,0.000000,-0.906835,0.510119,1,1
3.779167,1.169309,-0.289391,0.372671,-0.211495,1.169309,3.779167,0.508641,1.399228,-0.492421,0.000000,-0.906806,0.508642,1,1
3.783333,1.170027,-0.293318,0.376585,-0.215414,1.170027,3.783333,0.507156,1.401035,-0.494250,0.000000,-0.906784,0.507156,1,1
3.787500,1.170537,-0.286773,0.370030,-0.208863,1.170537,3.787500,0.505667,1.402841,-0.496076,0.000000,-0.906765,0.505667,1,1
3.791667,1.170842,-0.282846,0.366097,-0.204932,1.170842,3.791667,0.504919,1.403743,-0.496986,0.000000,-0.906758,0.504919,1,1
3.795833,1.171147,-0.278919,0.362164,-0.201001,1.171147,3.795833,0.504171,1.404646,-0.497894,0.000000,-0.906751,0.504171,1,1
3.800000,1.171450,-0.282846,0.366089,-0.204927,1.171450,3.800000,0.503420,1.405548,-0.498802,0.000000,-0.906746,0.503420,1,1
3.804167,1.171854,-0.288082,0.371318,-0.210158,1.171854,3.804167,0.502419,1.406751,-0.500011,0.000000,-0.906740,0.502419,1,1
3.808333,1.172156,-0.292009,0.375239,-0.214081,1.172156,3.808333,0.501666,1.407652,-0.500916,0.000000,-0.906737,0.501666,1,1
3.812500,1.172558,-0.286773,0.369995,-0.208841,1.172558,3.812500,0.500660,1.408854,-0.502121,0.000000,-0.906734,0.500660,1,1
3.816667,1.172959,-0.281537,0.364751,-0.203600,1.172959,3.816667,0.499652,1.410056,-0.503324,0.000000,-0.906732,0.499652,1,1
3.820833,1.173259,-0.277610,0.360818,-0.199669,1.173258,3.820833,0.498894,1.410957,-0.504224,0.000000,-0.906732,0.498894,1,1
3.825000,1.173657,-0.282846,0.366050,-0.204903,1.173657,3.825000,0.497882,1.412158,-0.505424,0.000000,-0.906734,0.497882,1,1
3.829167,1.174055,-0.288082,0.371278,-0.210134,1.174055,3.829167,0.496868,1.413358,-0.506621,0.000000,-0.906737,0.496868,1,1
3.833333,1.174352,-0.292009,0.375200,-0.214057,1.174352,3.833333,0.496105,1.414258,-0.507517,0.000000,-0.906741,0.496105,1,1
3.837500,1.174847,-0.285464,0.368645,-0.207506,1.174847,3.837500,0.495087,1.415458,-0.508711,0.000000,-0.906747,0.495087,1,1
3.841667,1.175241,-0.280228,0.363401,-0.202265,1.175241,3.841667,0.494067,1.416657,-0.509903,0.000000,-0.906754,0.494067,1,1
3.845833,1.175536,-0.278919,0.362090,-0.200955,1.175536,3.845833,0.493300,1.417557,-0.510796,0.000000,-0.906761,0.493300,1,1
3.850000,1.175928,-0.284155,0.367318,-0.206186,1.175928,3.850000,0.492276,1.418755,-0.511984,0.000000,-0.906771,0.492276,1,1
3.854167,1.176319,-0.284155,0.367310,-0.206181,1.176319,3.854167,0.491249,1.419954,-0.513170,0.000000,-0.906783,0.491249,1,1
3.858333,1.176709,-0.278919,0.362066,-0.200940,1.176709,3.858333,0.489963,1.421451,-0.514651,0.000000,-0.906801,0.489963,1,1
3.862500,1.177195,-0.274992,0.358133,-0.197009,1.177195,3.862500,0.488673,1.422948,-0.516127,0.000000,-0.906821,0.488673,1,1
3.866667,1.177680,-0.281537,0.364668,-0.203548,1.177680,3.866667,0.487379,1.424444,-0.517601,0.000000,-0.906843,0.487379,1,1
3.870833,1.177970,-0.285464,0.368590,-0.207472,1.177970,3.870833,0.486860,1.425042,-0.518189,0.000000,-0.906854,0.486860,1,1
3.875000,1.178355,-0.288082,0.371200,-0.210085,1.178355,3.875000,0.485561,1.426537,-0.519658,0.000000,-0.906880,0.485561,1,1
3.879167,1.178739,-0.282846,0.365956,-0.204844,1.178739,3.879167,0.484519,1.427733,-0.520830,0.000000,-0.906903,0.484519,1,1
3.883333,1.179122,-0.280228,0.363334,-0.202223,1.179122,3.883333,0.483474,1.428928,-0.522000,0.000000,-0.906928,0.483474,1,1
3.887500,1.179600,-0.286773,0.369869,-0.208762,1.179600,3.887500,0.482427,1.430123,-0.523168,0.000000,-0.906954,0.482427,1,1
3.891667,1.179886,-0.290700,0.373790,-0.212686,1.179886,3.891667,0.481379,1.431317,-0.524335,0.000000,-0.906982,0.481379,1,1
3.895833,1.180266,-0.285464,0.368546,-0.207445,1.180266,3.895833,0.480327,1.432511,-0.525499,0.000000,-0.907012,0.480327,1,1
3.900000,1.180739,-0.278919,0.361992,-0.200894,1.180739,3.900000,0.479273,1.433704,-0.526661,0.000000,-0.907043,0.479273,1,1
3.904167,1.181116,-0.276301,0.359370,-0.198273,1.181116,3.904167,0.477953,1.435196,-0.528111,0.000000,-0.907084,0.477953,1,1
3.908333,1.181493,-0.281537,0.364598,-0.203504,1.181493,3.908333,0.476893,1.436388,-0.529269,0.000000,-0.907119,0.476893,1,1
3.912500,1.181775,-0.285464,0.368519,-0.207427,1.181775,3.912500,0.476097,1.437282,-0.530135,0.000000,-0.907147,0.476097,1,1
3.916667,1.182149,-0.288082,0.371129,-0.210040,1.182149,3.916667,0.475033,1.438474,-0.531289,0.000000,-0.907185,0.475033,1,1
3.920833,1.182616,-0.281537,0.364574,-0.203489,1.182616,3.920833,0.473967,1.439665,-0.532440,0.000000,-0.907225,0.473967,1,1
3.925000,1.182987,-0.281537,0.364570,-0.203487,1.182987,3.925000,0.472632,1.441153,-0.533877,0.000000,-0.907276,0.472632,1,1
3.929167,1.183358,-0.286773,0.369798,-0.208718,1.183358,3.929167,0.471560,1.442344,-0.535024,0.000000,-0.907320,0.471560,1,1
3.933333,1.183728,-0.289391,0.372408,-0.211331,1.183728,3.933333,0.470486,1.443533,-0.536169,0.000000,-0.907365,0.470486,1,1
3.937500,1.184097,-0.284155,0.367165,-0.206090,1.184097,3.937500,0.469410,1.444722,-0.537311,0.000000,-0.907411,0.469410,1,1
3.941667,1.184557,-0.277610,0.360610,-0.199539,1.184557,3.941667,0.468331,1.445911,-0.538452,0.000000,-0.907460,0.468331,1,1
3.945833,1.184832,-0.276301,0.359299,-0.198229,1.184832,3.945833,0.467521,1.446803,-0.539306,0.000000,-0.907497,0.467521,1,1
3.950000,1.185197,-0.281537,0.364527,-0.203460,1.185197,3.950000,0.466167,1.448288,-0.540727,0.000000,-0.907560,0.466167,1,1
3.954167,1.185562,-0.286773,0.369755,-0.208691,1.185562,3.954167,0.465080,1.449475,-0.541861,0.000000,-0.907614,0.465081,1,1
3.958333,1.185835,-0.290700,0.373676,-0.212614,1.185835,3.958333,0.464264,1.450365,-0.542710,0.000000,-0.907655,0.464264,1,1
3.962500,1.186288,-0.284155,0.367121,-0.206063,1.186288,3.962500,0.462901,1.451848,-0.544123,0.000000,-0.907725,0.462901,1,1
3.966667,1.186559,-0.282846,0.365811,-0.204753,1.186559,3.966667,0.462354,1.452441,-0.544687,0.000000,-0.907754,0.462354,1,1
3.970833,1.186920,-0.288082,0.371039,-0.209984,1.186920,3.970833,0.461259,1.453627,-0.545814,0.000000,-0.907813,0.461259,1,1
3.975000,1.187279,-0.290700,0.373649,-0.212597,1.187279,3.975000,0.459888,1.455108,-0.547220,0.000000,-0.907888,0.459888,1,1
3.979167,1.187638,-0.285464,0.368405,-0.207357,1.187638,3.979167,0.458788,1.456293,-0.548342,0.000000,-0.907951,0.458788,1,1
3.983333,1.188084,-0.278919,0.361850,-0.200805,1.188084,3.983333,0.457684,1.457477,-0.549462,0.000000,-0.908015,0.457684,1,1
3.987500,1.188619,-0.273683,0.356606,-0.195564,1.188619,3.987500,0.455750,1.459548,-0.551418,0.000000,-0.908130,0.455750,1,1
3.991667,1.188886,-0.277610,0.360527,-0.199488,1.188886,3.991667,0.454918,1.460435,-0.552253,0.000000,-0.908182,0.454918,1,1
3.995833,1.189240,-0.282846,0.365755,-0.204719,1.189240,3.995833,0.453806,1.461617,-0.553366,0.000000,-0.908252,0.453806,1,1
4.000000,1.189593,-0.288082,0.370983,-0.209950,1.189593,4.000000,0.452692,1.462799,-0.554476,0.000000,-0.908323,0.452692,1,1
4.004167,1.189945,-0.290700,0.373594,-0.212563,1.189945,4.004167,0.451575,1.463980,-0.555584,0.000000,-0.908397,0.451575,1,1
4.008333,1.190296,-0.285464,0.368350,-0.207322,1.190296,4.008333,0.450455,1.465161,-0.556690,0.000000,-0.908471,0.450455,1,1
4.012500,1.190645,-0.280228,0.363106,-0.202081,1.190645,4.012500,0.449333,1.466341,-0.557794,0.000000,-0.908548,0.449333,1,1
4.016667,1.190994,-0.277610,0.360484,-0.199461,1.190994,4.016667,0.448209,1.467521,-0.558895,0.000000,-0.908626,0.448209,1,1
4.020833,1.191255,-0.281537,0.364405,-0.203384,1.191255,4.020833,0.447363,1.468405,-0.559720,0.000000,-0.908686,0.447363,1,1
4.025000,1.191602,-0.286773,0.369633,-0.208615,1.191602,4.025000,0.446234,1.469584,-0.560818,0.000000,-0.908766,0.446234,1,1
4.029167,1.192035,-0.290700,0.373550,-0.212536,1.192035,4.029167,0.444820,1.471057,-0.562187,0.000000,-0.908870,0.444820,1,1
4.033333,1.192380,-0.285464,0.368307,-0.207295,1.192380,4.033333,0.443685,1.472234,-0.563280,0.000000,-0.908954,0.443685,1,1
4.037500,1.192638,-0.281537,0.364374,-0.203365,1.192638,4.037500,0.442832,1.473117,-0.564098,0.000000,-0.909019,0.442832,1,1
4.041667,1.192981,-0.278919,0.361752,-0.200744,1.192981,4.041667,0.441693,1.474294,-0.565188,0.000000,-0.909106,0.441693,1,1
4.045833,1.193238,-0.282846,0.365673,-0.204667,1.193238,4.045833,0.440836,1.475176,-0.566003,0.000000,-0.909173,0.440836,1,1
4.050000,1.193579,-0.288082,0.370901,-0.209899,1.193579,4.050000,0.439692,1.476351,-0.567089,0.000000,-0.909263,0.439692,1,1
4.054167,1.194005,-0.292009,0.374818,-0.213819,1.194005,4.054167,0.438259,1.477820,-0.568443,0.000000,-0.909377,0.438259,1,1
4.058333,1.194598,-0.282846,0.365642,-0.204648,1.194598,4.058333,0.436247,1.479875,-0.570334,0.000000,-0.909541,0.436247,1,1
4.062500,1.195105,-0.277610,0.360398,-0.199407,1.195105,4.062500,0.434804,1.481341,-0.571680,0.000000,-0.909662,0.434804,1,1
4.066667,1.195525,-0.284155,0.366933,-0.205946,1.195525,4.066667,0.433069,1.483101,-0.573292,0.000000,-0.909809,0.433069,1,1
4.070833,1.195944,-0.290700,0.373468,-0.212485,1.195944,4.070833,0.431617,1.484565,-0.574630,0.000000,-0.909935,0.431617,1,1
4.075000,1.196361,-0.294627,0.377386,-0.216406,1.196361,4.075000,0.430161,1.486029,-0.575965,0.000000,-0.910063,0.430161,1,1
4.079167,1.196776,-0.288082,0.370831,-0.209855,1.196776,4.079167,0.428701,1.487492,-0.577297,0.000000,-0.910194,0.428701,1,1
4.083333,1.197108,-0.282846,0.365587,-0.204614,1.197108,4.083333,0.427529,1.488661,-0.578360,0.000000,-0.910301,0.427529,1,1
4.087500,1.197438,-0.277610,0.360343,-0.199373,1.197438,4.087500,0.426355,1.489830,-0.579420,0.000000,-0.910410,0.426355,1,1
4.091667,1.197767,-0.282846,0.365575,-0.204607,1.197767,4.091667,0.425472,1.490706,-0.580214,0.000000,-0.910492,0.425472,1,1
4.095833,1.198177,-0.289391,0.372111,-0.211145,1.198177,4.095833,0.423705,1.492458,-0.581799,0.000000,-0.910658,0.423705,1,1
4.100000,1.198668,-0.294627,0.377335,-0.216374,1.198668,4.100000,0.421930,1.494208,-0.583380,0.000000,-0.910829,0.421930,1,1
4.104167,1.198994,-0.289391,0.372091,-0.211133,1.198994,4.104167,0.421040,1.495083,-0.584167,0.000000,-0.910915,0.421040,1,1
4.108333,1.199237,-0.285464,0.368158,-0.207203,1.199237,4.108333,0.420149,1.495957,-0.584954,0.000000,-0.911003,0.420149,1,1
4.112500,1.199561,-0.280228,0.362915,-0.201962,1.199561,4.112500,0.418958,1.497122,-0.586001,0.000000,-0.911121,0.418958,1,1
4.116667,1.199883,-0.277610,0.360293,-0.199341,1.199883,4.116667,0.417467,1.498577,-0.587307,0.000000,-0.911270,0.417467,1,1
4.120833,1.200205,-0.282846,0.365521,-0.204572,1.200205,4.120833,0.416569,1.499450,-0.588089,0.000000,-0.911361,0.416569,1,1
4.125000,1.200526,-0.288082,0.370749,-0.209804,1.200526,4.125000,0.415071,1.500904,-0.589389,0.000000,-0.911515,0.415071,1,1
4.129167,1.201007,-0.290700,0.373355,-0.212414,1.201007,4.129167,0.413267,1.502647,-0.590946,0.000000,-0.911702,0.413267,1,1
4.133333,1.201405,-0.284155,0.366801,-0.205863,1.201405,4.133333,0.411759,1.504099,-0.592238,0.000000,-0.911861,0.411759,1,1
4.137500,1.201723,-0.281537,0.364179,-0.203243,1.201723,4.137500,0.410549,1.505259,-0.593270,0.000000,-0.911990,0.410549,1,1
4.141667,1.202118,-0.288082,0.370714,-0.209782,1.202118,4.141667,0.409336,1.506419,-0.594299,0.000000,-0.912120,0.409336,1,1
4.145833,1.202215,-0.290859,0.373321,-0.212392,1.202592,4.145833,0.407210,1.508447,-0.596096,0.000000,-0.912351,0.407210,1,1
4.150000,1.201689,-0.285978,0.368079,-0.207152,1.202828,4.150000,0.405990,1.509605,-0.597119,0.000000,-0.912486,0.405990,1,1
4.154167,1.200396,-0.278875,0.360214,-0.199290,1.202669,4.154167,0.404461,1.511052,-0.598395,0.000000,-0.912656,0.404461,1,1
4.158333,1.199466,-0.275429,0.356285,-0.195360,1.202194,4.158333,0.403235,1.512208,-0.599414,0.000000,-0.912794,0.403235,1,1
4.162500,1.199785,-0.280665,0.361517,-0.200593,1.200524,4.162500,0.402006,1.513364,-0.600430,0.000000,-0.912934,0.402006,1,1
4.166667,1.200268,-0.288519,0.369359,-0.208440,1.198426,4.166667,0.400465,1.514807,-0.601697,0.000000,-0.913111,0.400465,1,1
4.170833,1.199985,-0.291391,0.371967,-0.211053,1.198669,4.170833,0.398922,1.516250,-0.602961,0.000000,-0.913289,0.398922,1,1
4.175000,1.198412,-0.288223,0.368029,-0.207122,1.200061,4.175000,0.397992,1.517115,-0.603717,0.000000,-0.913398,0.397992,1,1
4.179167,1.195600,-0.283042,0.361454,-0.200571,1.201215,4.179167,0.396418,1.518577,-0.604993,0.000000,-0.913584,0.396418,1,1
4.183333,1.193840,-0.279944,0.357511,-0.196641,1.200428,4.183333,0.395447,1.519475,-0.605776,0.000000,-0.913699,0.395447,1,1
4.187500,1.194258,-0.286489,0.364049,-0.203182,1.194592,4.187500,0.394131,1.520690,-0.606833,0.000000,-0.913857,0.394131,1,1
4.191667,1.194596,-0.291725,0.369277,-0.208413,1.190743,4.191667,0.392455,1.522233,-0.608174,0.000000,-0.914059,0.392455,1,1
4.195833,1.193507,-0.295966,0.373185,-0.212334,1.191689,4.195833,0.390725,1.523818,-0.609548,0.000000,-0.914270,0.390725,1,1
4.200000,1.190839,-0.291987,0.367897,-0.207093,1.194813,4.200000,0.389658,1.524792,-0.610391,0.000000,-0.914402,0.389658,1,1
4.204167,1.188217,-0.287997,0.362601,-0.201852,1.195462,4.204167,0.387856,1.526435,-0.611810,0.000000,-0.914625,0.387856,1,1
4.208333,1.186343,-0.286285,0.359941,-0.199231,1.191929,4.208333,0.386368,1.527784,-0.612973,0.000000,-0.914812,0.386368,1,1
4.212500,1.186699,-0.291521,0.365169,-0.204462,1.186928,4.212500,0.384846,1.529160,-0.614156,0.000000,-0.915004,0.384846,1,1
4.216667,1.186969,-0.295448,0.369090,-0.208386,1.183708,4.216667,0.383679,1.530211,-0.615058,0.000000,-0.915153,0.383679,1,1
4.220833,1.186595,-0.299711,0.372988,-0.212307,1.184645,4.220833,0.381700,1.531988,-0.616581,0.000000,-0.915407,0.381700,1,1
4.225000,1.183645,-0.295840,0.367661,-0.207066,1.187448,4.225000,0.380071,1.533444,-0.617826,0.000000,-0.915618,0.380071,1,1
4.229167,1.180636,-0.292007,0.362322,-0.201825,1.188235,4.229167,0.378406,1.534927,-0.619092,0.000000,-0.915835,0.378406,1,1
4.233333,1.178506,-0.291743,0.360935,-0.200512,1.183515,4.233333,0.376276,1.536817,-0.620701,0.000000,-0.916116,0.376276,1,1
4.237500,1.178760,-0.297027,0.366159,-0.205743,1.178640,4.237500,0.374522,1.538365,-0.622015,0.000000,-0.916350,0.374522,1,1
4.241667,1.178908,-0.301007,0.370077,-0.209666,1.175797,4.241667,0.373177,1.539548,-0.623017,0.000000,-0.916530,0.373177,1,1
4.245833,1.179043,-0.304995,0.373993,-0.213590,1.176158,4.245833,0.371808,1.540748,-0.624032,0.000000,-0.916716,0.371808,1,1
4.250000,1.176670,-0.302154,0.369964,-0.209659,1.178388,4.250000,0.370416,1.541964,-0.625059,0.000000,-0.916905,0.370416,1,1
4.254167,1.172668,-0.297466,0.363234,-0.203108,1.179954,4.254167,0.368054,1.544021,-0.626793,0.000000,-0.917228,0.368054,1,1
4.258333,1.170280,-0.295976,0.360504,-0.200488,1.177860,4.258333,0.366110,1.545706,-0.628208,0.000000,-0.917497,0.366110,1,1
4.262500,1.170313,-0.302702,0.367021,-0.207026,1.171315,4.262500,0.363622,1.547851,-0.630006,0.000000,-0.917845,0.363622,1,1
4.266667,1.170303,-0.309447,0.373535,-0.213565,1.167173,4.266667,0.361062,1.550046,-0.631841,0.000000,-0.918206,0.361062,1,1
4.270833,1.168671,-0.311635,0.374731,-0.214868,1.168358,4.270833,0.358953,1.551844,-0.633338,0.000000,-0.918506,0.358953,1,1
4.275000,1.163825,-0.306042,0.366591,-0.207007,1.171706,4.275000,0.355714,1.555054,-0.636005,0.000000,-0.919049,0.355171,1,1
4.279167,1.160621,-0.303660,0.362464,-0.203076,1.171067,4.279167,0.352362,1.557419,-0.637961,0.000000,-0.919459,0.352927,1,1
4.283333,1.160523,-0.310451,0.368967,-0.209615,1.164522,4.283333,0.349467,1.559838,-0.639953,0.000000,-0.919885,0.349654,1,1
4.287500,1.157937,-0.311735,0.368776,-0.209608,1.158420,4.287500,0.346485,1.562313,-0.641984,0.000000,-0.920329,0.345842,1,1
4.291667,1.153866,-0.307031,0.361959,-0.203057,1.155529,4.291667,0.342803,1.565352,-0.644470,0.000000,-0.920881,0.343426,1,1
4.295833,1.151400,-0.305567,0.359167,-0.200436,1.155322,4.295833,0.340256,1.567433,-0.646164,0.000000,-0.921269,0.340808,1,1
4.300000,1.151032,-0.312466,0.365648,-0.206975,1.153215,4.300000,0.337649,1.569552,-0.647884,0.000000,-0.921669,0.338190,1,1
4.304167,1.150658,-0.319368,0.372128,-0.213514,1.150064,4.304167,0.333724,1.572780,-0.650495,0.000000,-0.922285,0.334263,1,1
4.308333,1.149666,-0.322564,0.374642,-0.216127,1.149283,4.308333,0.331106,1.574996,-0.652278,0.000000,-0.922718,0.331645,1,1
4.312500,1.147195,-0.319773,0.370518,-0.212197,1.149999,4.312500,0.329143,1.576657,-0.653610,0.000000,-0.923048,0.329681,1,1
4.316667,1.143069,-0.315141,0.363630,-0.205646,1.150312,4.316667,0.325870,1.579422,-0.655821,0.000000,-0.923601,0.326409,1,1
4.320833,1.140532,-0.313720,0.360797,-0.203025,1.147602,4.320833,0.323252,1.581629,-0.657578,0.000000,-0.924051,0.323791,1,1
4.325000,1.140282,-0.317881,0.364677,-0.206948,1.143675,4.325000,0.321289,1.583281,-0.658889,0.000000,-0.924392,0.321827,1,1
4.329167,1.139958,-0.323425,0.369848,-0.212179,1.139163,4.329167,0.319325,1.584931,-0.660195,0.000000,-0.924736,0.319864,1,1
4.333333,1.138961,-0.326624,0.372349,-0.214793,1.137697,4.333333,0.316053,1.587677,-0.662364,0.000000,-0.925313,0.316591,1,1
4.337500,1.133548,-0.319952,0.362693,-0.205621,1.139908,4.337500,0.311471,1.591512,-0.665379,0.000000,-0.926133,0.312010,1,1
4.341667,1.131127,-0.318499,0.359842,-0.203001,1.139867,4.341667,0.308853,1.593696,-0.667085,0.000000,-0.926611,0.309392,1,1
4.345833,1.130789,-0.325412,0.366303,-0.209539,1.133653,4.345833,0.306235,1.595875,-0.668781,0.000000,-0.927094,0.306774,1,1
4.350000,1.130658,-0.328175,0.368888,-0.212155,1.131035,4.350000,0.304272,1.597508,-0.670049,0.000000,-0.927458,0.304810,1,1
4.354167,1.129771,-0.332699,0.372680,-0.216076,1.129211,4.354167,0.300999,1.600222,-0.672150,0.000000,-0.928073,0.301538,1,1
4.358333,1.127535,-0.329801,0.368531,-0.212145,1.129361,4.358333,0.299036,1.601847,-0.673401,0.000000,-0.928446,0.299574,1,1
4.362500,1.125303,-0.326921,0.364373,-0.208215,1.130097,4.362500,0.297072,1.603469,-0.674648,0.000000,-0.928822,0.297611,1,1
4.366667,1.122323,-0.324415,0.360131,-0.204284,1.128229,4.366667,0.293800,1.606168,-0.676716,0.000000,-0.929453,0.294338,1,1
4.370833,1.122069,-0.332669,0.367885,-0.212131,1.122568,4.370833,0.289873,1.609399,-0.679180,0.000000,-0.930219,0.290411,1,1
4.375000,1.121240,-0.335812,0.370377,-0.214744,1.119309,4.375000,0.287255,1.611546,-0.680809,0.000000,-0.930736,0.287793,1,1
4.379167,1.118424,-0.331888,0.364833,-0.209503,1.119936,4.379167,0.284637,1.613688,-0.682429,0.000000,-0.931259,0.285175,1,1
4.383333,1.116302,-0.330319,0.361969,-0.206882,1.121367,4.383333,0.282019,1.615825,-0.684039,0.000000,-0.931786,0.282557,1,1
4.387500,1.116203,-0.337163,0.368434,-0.213421,1.118996,4.387500,0.279401,1.618491,-0.686040,0.000000,-0.932450,0.279285,1,1
4.391667,1.115484,-0.340273,0.370927,-0.216035,1.115800,4.391667,0.276128,1.620619,-0.687631,0.000000,-0.932988,0.276667,1,1
4.395833,1.112159,-0.335301,0.363995,-0.209484,1.114097,4.395833,0.272856,1.623271,-0.689606,0.000000,-0.933665,0.273394,1,1
4.400000,1.109458,-0.332716,0.359736,-0.205553,1.114123,4.400000,0.269583,1.625915,-0.691566,0.000000,-0.934349,0.270122,1,1
4.404167,1.109436,-0.338175,0.364909,-0.210784,1.112503,4.404167,0.266965,1.628024,-0.693122,0.000000,-0.934902,0.267504,1,1
4.408333,1.109429,-0.343629,0.370083,-0.216015,1.109518,4.408333,0.264347,1.630128,-0.694669,0.000000,-0.935459,0.264886,1,1
4.412500,1.108804,-0.348078,0.373869,-0.219936,1.107655,4.412500,0.261075,1.632752,-0.696591,0.000000,-0.936161,0.261613,1,1
4.416667,1.106228,-0.344094,0.368306,-0.214695,1.108666,4.416667,0.259111,1.634321,-0.697735,0.000000,-0.936586,0.259650,1,1
4.420833,1.103706,-0.340086,0.362746,-0.209454,1.108702,4.420833,0.256493,1.636411,-0.699256,0.000000,-0.937155,0.257032,1,1
4.425000,1.101880,-0.338409,0.359880,-0.206834,1.106715,4.425000,0.253875,1.638495,-0.700767,0.000000,-0.937728,0.254414,1,1
4.429167,1.102004,-0.343820,0.365062,-0.212065,1.103169,4.429167,0.250603,1.641094,-0.702645,0.000000,-0.938449,0.251141,1,1
4.433333,1.102123,-0.349234,0.370243,-0.217296,1.099729,4.433333,0.247985,1.643165,-0.704133,0.000000,-0.939032,0.248523,1,1
4.437500,1.101598,-0.353655,0.374029,-0.221217,1.099991,4.437500,0.245367,1.645231,-0.705612,0.000000,-0.939619,0.245905,1,1
4.441667,1.097903,-0.347619,0.365676,-0.213356,1.103701,4.441667,0.240785,1.648838,-0.708186,0.000000,-0.940652,0.241324,1,1
4.445833,1.095570,-0.346294,0.362700,-0.210733,1.103510,4.445833,0.237513,1.651402,-0.710002,0.000000,-0.941399,0.238051,1,1
4.450000,1.095735,-0.351698,0.367882,-0.215964,1.099025,4.450000,0.234240,1.653958,-0.711807,0.000000,-0.942151,0.234779,1,1
4.454167,1.095302,-0.354722,0.370380,-0.218577,1.094563,4.454167,0.231622,1.655995,-0.713236,0.000000,-0.942758,0.232161,1,1
4.458333,1.091772,-0.348620,0.362025,-0.210716,1.093035,4.458333,0.228350,1.658534,-0.715012,0.000000,-0.943522,0.228888,1,1
4.462500,1.089423,-0.344558,0.356452,-0.205475,1.094253,4.462500,0.225077,1.661065,-0.716775,0.000000,-0.944290,0.225616,1,1
4.466667,1.089655,-0.349940,0.361642,-0.210709,1.093072,4.466667,0.222460,1.663082,-0.718172,0.000000,-0.944910,0.222998,1,1
4.470833,1.089804,-0.353986,0.365529,-0.214632,1.090516,4.470833,0.220496,1.664590,-0.719213,0.000000,-0.945377,0.221034,1,1
4.475000,1.090035,-0.359372,0.370714,-0.219863,1.088851,4.475000,0.217878,1.666596,-0.720593,0.000000,-0.946003,0.218416,1,1
4.479167,1.089223,-0.364052,0.374410,-0.223782,1.089685,4.479167,0.213951,1.669597,-0.722650,0.000000,-0.946947,0.214489,1,1
4.483333,1.086990,-0.359961,0.368833,-0.218541,1.090946,4.483333,0.210679,1.672088,-0.724350,0.000000,-0.947738,0.211217,1,1
4.487500,1.084803,-0.355864,0.363256,-0.213300,1.091180,4.487500,0.208061,1.674072,-0.725695,0.000000,-0.948377,0.208599,1,1
4.491667,1.082677,-0.353093,0.358981,-0.209369,1.087336,4.491667,0.204788,1.676543,-0.727365,0.000000,-0.949179,0.205326,1,1
4.495833,1.083045,-0.359802,0.365468,-0.215908,1.081840,4.495833,0.201516,1.679006,-0.729020,0.000000,-0.949986,0.202054,1,1
4.500000,1.083514,-0.367844,0.373254,-0.223755,1.080634,4.500000,0.198243,1.681458,-0.730660,0.000000,-0.950960,0.198127,1,1
4.504167,1.082964,-0.373814,0.378253,-0.228982,1.084609,4.504167,0.192353,1.685856,-0.733590,0.000000,-0.951995,0.192891,1,1
4.508333,1.079824,-0.367623,0.369884,-0.221121,1.089159,4.508333,0.188426,1.688765,-0.735509,0.000000,-0.953323,0.188964,1,1
4.512500,1.077178,-0.362504,0.362893,-0.214570,1.088239,4.512500,0.185153,1.691177,-0.737092,0.000000,-0.954083,0.185692,1,1
4.516667,1.075714,-0.360735,0.360008,-0.211949,1.083003,4.516667,0.183190,1.692618,-0.738032,0.000000,-0.954585,0.183728,1,1
4.520833,1.076114,-0.366069,0.365206,-0.217180,1.077767,4.520833,0.180572,1.694536,-0.739281,0.000000,-0.955255,0.181110,1,1
4.525000,1.076548,-0.371390,0.370407,-0.222412,1.073658,4.525000,0.177299,1.696924,-0.740830,0.000000,-0.956095,0.177838,1,1
4.529167,1.076381,-0.374339,0.372914,-0.225025,1.073879,4.529167,0.174681,1.698826,-0.742056,0.000000,-0.956770,0.175220,1,1
4.533333,1.073849,-0.369156,0.365929,-0.218474,1.077540,4.533333,0.172063,1.700720,-0.743272,0.000000,-0.957448,0.172602,1,1
4.537500,1.072060,-0.367671,0.362945,-0.215851,1.079065,4.537500,0.167482,1.704025,-0.745388,0.000000,-0.958637,0.168020,1,1
4.541667,1.072415,-0.371653,0.366849,-0.219774,1.077250,4.541667,0.165518,1.705432,-0.746281,0.000000,-0.959151,0.166057,1,1
4.545833,1.072746,-0.375646,0.370749,-0.223698,1.073368,4.545833,0.163555,1.706834,-0.747169,0.000000,-0.959666,0.164093,1,1
4.550000,1.072596,-0.378594,0.373253,-0.226311,1.070877,4.550000,0.160937,1.708699,-0.748346,0.000000,-0.960353,0.161475,1,1
4.554167,1.070136,-0.373396,0.366264,-0.219760,1.072028,4.554167,0.157664,1.711022,-0.749806,0.000000,-0.961216,0.158203,1,1
4.558333,1.067802,-0.369531,0.360579,-0.214520,1.074414,4.558333,0.153758,1.713796,-0.752066,0.000000,-0.962255,0.157410,1,1
4.562500,1.068646,-0.378823,0.369700,-0.223683,1.071837,4.562500,0.149054,1.698011,-0.754826,0.000000,-0.962709,0.136011,1,1
4.566667,1.067990,-0.382098,0.372105,-0.226301,1.066003,4.566667,0.114549,1.666597,-0.756242,0.000000,-0.959436,0.108683,1,1
4.570833,1.063327,-0.376442,0.363547,-0.218447,1.065177,4.570833,0.020483,1.603927,-0.758122,0.000000,-0.954854,0.088056,1,1
4.575000,1.054057,-0.377464,0.359798,-0.215829,1.067072,4.575000,-0.056134,1.536127,-0.759432,0.000000,-0.950927,0.079384,1,1
4.579167,1.036341,-0.392358,0.367255,-0.224992,1.063377,4.579167,-0.109007,1.471706,-0.760673,0.000000,-0.946346,0.068557,1,1
4.583333,1.016802,-0.405484,0.373613,-0.232846,1.055523,4.583333,-0.127493,1.439897,-0.761565,-0.003946,-0.875344,0.035775,1,1
4.587500,0.993796,-0.414529,0.376175,-0.236773,1.046360,4.587500,-0.151487,1.421617,-0.762463,-0.003612,-0.762413,0.030343,1,1
4.591667,0.974380,-0.410634,0.367295,-0.228919,1.038506,4.591667,-0.162799,1.410824,-0.763581,-0.007321,-0.585136,0.027481,1,1
4.595833,0.956179,-0.408927,0.361157,-0.223683,1.030652,4.595833,-0.174761,1.386713,-0.757246,-0.011812,-0.416705,0.042931,1,1
4.600000,0.938676,-0.420021,0.368204,-0.231537,1.022798,4.600000,-0.185573,1.373790,-0.757884,-0.017965,-0.206027,0.073732,1,1
4.604167,0.920227,-0.431341,0.375191,-0.239391,1.014944,4.604167,-0.189436,1.369511,-0.759485,-0.029043,0.044122,0.123917,1,1
4.608333,0.900831,-0.440988,0.379199,-0.244627,1.007090,4.608333,-0.196304,1.345803,-0.738174,-0.038079,0.209799,0.152135,1,1
4.612500,0.887176,-0.439801,0.372685,-0.239391,1.001854,4.612500,-0.204274,1.338447,-0.739640,-0.044357,0.360308,0.187838,1,1
4.616667,0.874245,-0.438984,0.365976,-0.234155,0.996618,4.616667,-0.212676,1.331283,-0.731876,-0.052451,0.480968,0.227302,1,1
4.620833,0.861236,-0.442810,0.362834,-0.232846,0.990073,4.620833,-0.223233,1.315902,-0.724070,-0.062755,0.639029,0.272047,1,1
4.625000,0.849138,-0.455984,0.368712,-0.240700,0.982219,4.625000,-0.257259,1.275510,-0.683177,-0.062058,0.721680,0.308058,1,1
4.629167,0.838521,-0.469300,0.374443,-0.248554,0.974365,4.629167,-0.285162,1.240784,-0.664859,-0.058130,0.820942,0.358435,1,1
4.633333,0.822007,-0.486190,0.378714,-0.256408,0.963893,4.633333,-0.331974,1.168651,-0.606013,-0.055498,0.929268,0.414481,1,1
4.637500,0.805205,-0.487886,0.366994,-0.248554,0.956039,4.637500,-0.359807,1.119321,-0.561799,-0.054630,0.989027,0.440844,1,1
4.641667,0.792533,-0.492965,0.361184,-0.245936,0.950804,4.641667,-0.380941,1.088898,-0.537384,-0.051522,1.041479,0.460674,1,1
4.645833,0.780986,-0.505395,0.363379,-0.248554,0.945568,4.645833,-0.404456,1.048126,-0.491197,-0.048904,1.040580,0.464136,1,1
4.650000,0.766089,-0.521361,0.365890,-0.242009,0.939023,4.650000,-0.432702,0.998255,-0.439128,-0.045631,1.037280,0.470147,1,1
4.654167,0.746326,-0.542011,0.368210,-0.236773,0.931169,4.654167,-0.462720,0.946240,-0.382389,-0.041704,1.033305,0.482693,1,1
4.658333,0.735293,-0.553206,0.368947,-0.240700,0.927242,4.658333,-0.471557,0.932783,-0.371787,-0.040395,1.031977,0.488410,1,1
4.662500,0.720187,-0.568491,0.369720,-0.245936,0.922006,4.662500,-0.485803,0.912791,-0.353215,-0.037123,1.028661,0.501225,1,1
4.666667,0.701130,-0.582314,0.365411,-0.247245,0.915461,4.666667,-0.492985,0.895508,-0.335231,-0.034505,1.026029,0.503897,1,1
4.670833,0.693007,-0.584978,0.360406,-0.244627,0.912843,4.670833,-0.497336,0.882576,-0.320253,-0.032541,1.024068,0.500935,1,1
4.675000,0.672033,-0.607935,0.363271,-0.235464,0.903680,4.675000,-0.513858,0.852404,-0.274379,-0.027960,1.019462,0.507730,1,1
4.679167,0.660593,-0.620759,0.365020,-0.230228,0.898444,4.679167,-0.527259,0.831103,-0.242906,-0.025342,1.016819,0.517311,1,1
4.683333,0.652759,-0.630105,0.366432,-0.226301,0.894517,4.683333,-0.534645,0.815810,-0.221328,-0.023378,1.014845,0.521237,1,1
4.687500,0.640036,-0.645733,0.368722,-0.222374,0.887972,4.687500,-0.550674,0.785439,-0.178528,-0.020106,1.011545,0.535337,1,1
4.691667,0.626938,-0.659175,0.368166,-0.226301,0.881427,4.691667,-0.564974,0.761611,-0.141909,-0.016833,1.008251,0.547570,1,1
4.695833,0.615170,-0.665253,0.361416,-0.223683,0.876191,4.695833,-0.576170,0.734655,-0.095038,-0.014215,1.005624,0.552826,1,1
4.700000,0.605450,-0.678055,0.363027,-0.226301,0.870955,4.700000,-0.591163,0.719399,-0.070842,-0.011597,1.002986,0.570472,1,1
4.704167,0.595845,-0.691024,0.364533,-0.221065,0.865719,4.704167,-0.599951,0.706988,-0.049810,-0.009634,1.001012,0.580826,1,1
4.708333,0.589001,-0.700621,0.365701,-0.217138,0.861792,4.708333,-0.611247,0.675725,0.011994,-0.007016,0.998389,0.585694,1,1
4.712500,0.580365,-0.713326,0.367283,-0.211902,0.856556,4.712500,-0.635780,0.632317,0.099011,-0.004398,0.995770,0.584086,1,1
4.716667,0.569237,-0.730276,0.368709,-0.207975,0.850011,4.716667,-0.658716,0.580269,0.199403,-0.001125,0.992496,0.586986,1,1
4.720833,0.559384,-0.743151,0.366222,-0.210593,0.844775,4.720833,-0.675017,0.547839,0.259370,0.001493,0.989877,0.596879,1,1
4.725000,0.547579,-0.754211,0.357831,-0.205357,0.839539,4.725000,-0.689312,0.501230,0.353707,-0.001125,0.987260,0.597175,1,1
4.729167,0.538046,-0.770759,0.358731,-0.201430,0.835612,4.729167,-0.690159,0.485074,0.383755,0.000184,0.985951,0.598212,1,1
4.733333,0.526081,-0.793037,0.359828,-0.196195,0.830376,4.733333,-0.690587,0.466860,0.418490,0.000838,0.983333,0.613372,1,1
4.737500,0.521916,-0.798972,0.360532,-0.193842,0.826656,4.737500,-0.690655,0.460911,0.426542,0.000838,0.981371,0.636163,1,1
4.741667,0.513922,-0.799921,0.362621,-0.190448,0.817821,4.741667,-0.691209,0.459596,0.434226,0.000838,0.978754,0.644485,1,1
4.745833,0.508038,-0.800681,0.364270,-0.187850,0.811182,4.745833,-0.691718,0.461169,0.432356,0.000838,0.976791,0.646269,1,1
4.750000,0.500717,-0.801830,0.366715,-0.184381,0.802168,4.750000,-0.692259,0.462971,0.430977,0.000838,0.974827,0.646558,1,1
4.754167,0.497135,-0.802434,0.367988,-0.182634,0.797601,4.754167,-0.692827,0.464931,0.429358,0.000838,0.972864,0.645585,1,1
4.758333,0.488791,-0.803106,0.369492,-0.179008,0.788570,4.758333,-0.693592,0.466986,0.427156,0.000838,0.970246,0.643903,1,1
4.762500,0.481558,-0.804387,0.372148,-0.175437,0.779060,4.762500,-0.694376,0.466969,0.428317,0.000838,0.967628,0.641402,1,1
4.766667,0.476861,-0.805498,0.374406,-0.172804,0.771009,4.766667,-0.694963,0.466481,0.429656,0.000838,0.965665,0.639487,1,1
4.770833,0.472594,-0.806821,0.376830,-0.172513,0.697133,4.770833,-0.695545,0.466896,0.429002,0.000838,0.963701,0.637785,1,1
4.775000,0.466750,-0.808438,0.380083,-0.171435,0.657764,4.775000,-0.696321,0.467679,0.427555,0.000838,0.961083,0.635541,1,1
4.779167,0.462346,-0.809577,0.382539,-0.170171,0.649544,4.779167,-0.696712,0.467444,0.428078,0.000838,0.959774,0.634248,1,1
4.783333,0.456581,-0.811165,0.385878,-0.168425,0.638094,4.783333,-0.697493,0.466586,0.429821,0.000838,0.957156,0.631651,1,1
4.787500,0.453754,-0.811991,0.387573,-0.167529,0.632133,4.787500,-0.698077,0.466880,0.429259,0.000838,0.955193,0.629767,1,1
4.791667,0.446944,-0.814082,0.391932,-0.165560,0.617051,4.791667,-0.698853,0.467625,0.427806,0.000838,0.952575,0.627326,1,1
4.795833,0.444249,-0.814935,0.393687,-0.165541,0.610720,4.795833,-0.699438,0.467184,0.428684,0.000838,0.950611,0.625370,1,1
4.800000,0.437923,-0.817216,0.398241,-0.165744,0.589966,4.800000,-0.700217,0.466514,0.430436,0.000838,0.947993,0.622758,1,1
4.804167,0.434241,-0.818613,0.401016,-0.165857,0.576811,4.804167,-0.700911,0.468217,0.437595,0.000838,0.945375,0.624350,1,1
4.808333,0.428711,-0.821056,0.405811,-0.166192,0.552770,4.808333,-0.717319,0.471489,0.480690,0.000838,0.942103,0.630694,1,1
4.812500,0.425686,-0.822750,0.409108,-0.166417,0.537158,4.812500,-0.733164,0.472798,0.508123,0.000838,0.940794,0.629478,1,1
4.816667,0.421362,-0.825483,0.414434,-0.166478,0.516223,4.816667,-0.790351,0.476070,0.609671,0.000838,0.937522,0.626398,1,1
4.820833,0.415622,-0.828176,0.419753,-0.165771,0.497664,4.820833,-0.823781,0.478688,0.681217,0.000838,0.934904,0.623802,1,1
4.825000,0.405099,-0.832118,0.427717,-0.163529,0.473010,4.825000,-0.853294,0.482615,0.760682,0.000838,0.930977,0.619900,1,1
4.829167,0.395766,-0.835424,0.434351,-0.161235,0.452745,4.829167,-0.864378,0.485889,0.797833,0.000838,0.927705,0.620985,1,1
4.833333,0.386560,-0.837940,0.439652,-0.158916,0.441898,4.833333,-0.867511,0.488507,0.820270,0.000838,0.925087,0.625003,1,1
4.837500,0.378158,-0.841256,0.446322,-0.157968,0.426332,4.837500,-0.868970,0.491779,0.834594,0.000838,0.921816,0.641059,1,1
4.841667,0.374624,-0.844494,0.452562,-0.158082,0.403860,4.841667,-0.869114,0.494398,0.838830,0.000838,0.919199,0.664122,1,1
4.845833,0.372327,-0.849894,0.463193,-0.157079,0.358594,4.845833,-0.869190,0.497671,0.838707,0.000838,0.915929,0.698705,1,1
4.850000,0.371518,-0.853524,0.470395,-0.155975,0.336491,4.850000,-0.869270,0.500290,0.836097,0.000838,0.913313,0.727351,1,1
4.854167,0.371638,-0.856416,0.476166,-0.153770,0.336056,4.854167,-0.869314,0.502908,0.832309,0.000838,0.910697,0.757375,1,1
4.858333,0.372456,-0.859424,0.482715,-0.147905,0.343147,4.858333,-0.869335,0.505527,0.827867,0.000838,0.908081,0.789006,1,1
4.862500,0.373101,-0.861085,0.486475,-0.143978,0.347074,4.862500,-0.869331,0.508146,0.823065,0.000838,0.905465,0.822343,1,1
4.866667,0.374212,-0.862986,0.491118,-0.138742,0.352309,4.866667,-0.869304,0.510765,0.818067,0.000838,0.902849,0.857416,1,1
4.870833,0.375462,-0.864723,0.495572,-0.133506,0.357545,4.870833,-0.869254,0.512553,0.814466,0.000838,0.900233,0.894098,1,1
4.875000,0.376791,-0.866314,0.499811,-0.128270,0.362781,4.875000,-0.869193,0.513810,0.811867,0.000838,0.897617,0.931712,1,1
4.879167,0.378133,-0.867804,0.503852,-0.123034,0.368017,4.879167,-0.869122,0.515078,0.809271,0.000838,0.895002,0.970136,1,1
4.883333,0.379791,-0.869576,0.508686,-0.116489,0.374562,4.883333,-0.869020,0.516667,0.806032,0.000838,0.891732,1.019261,1,1
4.887500,0.381100,-0.870918,0.512371,-0.111253,0.379798,4.887500,-0.868928,0.517939,0.803447,0.000838,0.889116,1.059408,1,1
4.891667,0.382395,-0.872182,0.515878,-0.106017,0.384404,4.891667,-0.868829,0.519210,0.800868,0.000838,0.886501,1.100283,1,1
4.895833,0.383768,-0.873337,0.519249,-0.100781,0.386426,4.895833,-0.868721,0.520484,0.798293,0.000838,0.883885,1.141866,1,1
4.900000,0.384988,-0.874061,0.521705,-0.096854,0.386390,4.900000,-0.868636,0.521444,0.796360,0.000838,0.881923,1.173507,1,1
4.904167,0.386112,-0.874837,0.524071,-0.092927,0.385947,4.904167,-0.868546,0.522407,0.794425,0.000838,0.879962,1.205530,1,1
4.908333,0.387444,-0.875983,0.527112,-0.087691,0.386727,4.908333,-0.868360,0.522590,0.791831,0.000838,0.877346,1.252889,1,1
4.912500,0.388588,-0.877280,0.530065,-0.082455,0.388599,4.912500,-0.868204,0.518698,0.789184,0.000838,0.874731,1.298388,1,1
4.916667,0.389077,-0.879200,0.532922,-0.077219,0.390664,4.916667,-0.868740,0.508032,0.786516,0.000838,0.872113,1.296647,1,1
4.920833,0.387543,-0.883748,0.536399,-0.070674,0.392345,4.920833,-0.869424,0.480423,0.783237,0.000838,0.868841,1.293484,1,1
4.925000,0.382992,-0.885773,0.539358,-0.068438,0.382375,4.925000,-0.869966,0.457046,0.780618,0.000838,0.866223,1.290887,1,1
4.929167,0.371573,-0.887153,0.542169,-0.064168,0.379107,4.929167,-0.870505,0.431630,0.777999,0.000838,0.863605,1.288276,1,1
4.933333,0.354487,-0.888556,0.545053,-0.059194,0.378935,4.933333,-0.871039,0.406666,0.775381,0.000838,0.860987,1.285661,1,1
4.937500,0.338477,-0.889671,0.547331,-0.055339,0.375262,4.937500,-0.871436,0.391855,0.773418,0.000838,0.859023,1.283699,1,1
4.941667,0.319569,-0.890924,0.549848,-0.051440,0.371258,4.941667,-0.871831,0.377418,0.771454,0.000838,0.857060,1.281737,1,1
4.945833,0.305794,-0.892857,0.553628,-0.046722,0.364783,4.945833,-0.872223,0.366890,0.769490,0.000838,0.855096,1.279775,1,1
4.950000,0.294515,-0.894420,0.556656,-0.043065,0.360171,4.950000,-0.872743,0.359390,0.766872,0.000838,0.852478,1.277158,1,1
4.954167,0.282376,-0.896069,0.559827,-0.039334,0.355727,4.954167,-0.873131,0.356190,0.764909,0.000838,0.850515,1.275196,1,1
4.958333,0.269604,-0.897792,0.563116,-0.035559,0.351384,4.958333,-0.873519,0.353826,0.762945,0.000838,0.848551,1.273233,1,1
4.962500,0.252770,-0.900220,0.567712,-0.030522,0.345586,4.962500,-0.874035,0.353085,0.760327,0.000838,0.845933,1.270617,1,1
4.966667,0.240347,-0.902106,0.571254,-0.026745,0.341226,4.966667,-0.874421,0.353390,0.758364,0.000838,0.843970,1.268654,1,1
4.970833,0.224993,-0.904776,0.576222,-0.021760,0.335250,4.970833,-0.874936,0.354303,0.755745,0.000838,0.841352,1.266037,1,1
4.975000,0.214313,-0.906829,0.580015,-0.018070,0.330618,4.975000,-0.875322,0.355168,0.753782,0.000838,0.839388,1.264075,1,1
4.979167,0.201130,-0.909541,0.584997,-0.013218,0.324318,4.979167,-0.875707,0.356107,0.751818,0.000838,0.837425,1.262112,1,1
4.983333,0.192062,-0.911510,0.588597,-0.009650,0.319613,4.983333,-0.876093,0.357081,0.749858,0.000842,0.835461,1.260149,1,1
4.987500,0.183824,-0.913408,0.592051,-0.006175,0.314694,4.987500,-0.876607,0.358407,0.747244,0.000847,0.832843,1.257531,1,1
4.991667,0.176009,-0.915270,0.595425,-0.002748,0.309655,4.991667,-0.876992,0.359412,0.745284,0.000851,0.830880,1.255567,1,1
4.995833,0.166515,-0.917633,0.599683,0.001679,0.302592,4.995833,-0.877506,0.360758,0.742670,0.000857,0.828262,1.252949,1,1
5.000000,0.159838,-0.919390,0.602832,0.004936,0.297116,5.000000,-0.877891,0.361769,0.740709,0.000861,0.826298,1.250986,1,1
5.004167,0.149599,-0.921038,0.605795,0.008591,0.292502,5.004167,-0.878276,0.362782,0.738749,0.000865,0.824335,1.249022,1,1
5.008333,0.139624,-0.922634,0.608653,0.012211,0.287786,5.008333,-0.878661,0.363795,0.736788,0.000869,0.822371,1.247059,1,1
5.012500,0.130651,-0.924178,0.611400,0.015705,0.282739,5.012500,-0.879045,0.364808,0.734828,0.000873,0.820408,1.245095,1,1
5.016667,0.119987,-0.926145,0.614877,0.020136,0.275400,5.016667,-0.879558,0.366159,0.732214,0.000878,0.817790,1.242477,1,1
5.020833,0.110828,-0.928003,0.618130,0.024179,0.266936,5.020833,-0.880071,0.367511,0.729600,0.000883,0.815172,1.239859,1,1
5.025000,0.104732,-0.929341,0.620456,0.026968,0.259753,5.025000,-0.880455,0.368525,0.727639,0.000887,0.813208,1.237896,1,1
5.029167,0.098263,-0.932126,0.625253,0.030913,0.185433,5.029167,-0.880967,0.370454,0.725024,0.000891,0.812234,1.235727,1,1
5.033333,0.092593,-0.934768,0.629822,0.034967,0.126029,5.033333,-0.881479,0.374457,0.722406,0.000889,0.818348,1.235499,1,1
5.037500,0.084469,-0.939087,0.637247,0.042304,0.037054,5.037500,-0.882249,0.385233,0.727511,0.000881,0.856750,1.245223,1,1
5.041667,0.081435,-0.941711,0.641734,0.047970,0.006384,5.041667,-0.883022,0.397910,0.733380,0.000871,0.904588,1.255439,1,1
5.045833,0.081293,-0.944990,0.647674,0.057916,0.013885,5.045833,-0.883931,0.408332,0.771196,0.000864,0.933087,1.261003,1,1
5.050000,0.082322,-0.946627,0.651252,0.064461,0.020430,5.050000,-0.884711,0.424099,0.767269,0.000850,0.992647,1.273787,1,1
5.054167,0.083144,-0.947910,0.654059,0.069697,0.025666,5.054167,-0.885237,0.433093,0.764651,0.000843,1.022467,1.279574,1,1
5.058333,0.083760,-0.948856,0.656127,0.073624,0.029593,5.058333,-0.885634,0.439421,0.762687,0.000838,1.042039,1.283138,1,1
5.062500,0.084580,-0.950096,0.658842,0.078860,0.034829,5.062500,-0.886166,0.449647,0.760069,0.000829,1.075767,1.289749,1,1
5.066667,0.085196,-0.951018,0.660862,0.082787,0.038756,5.066667,-0.886567,0.456286,0.758106,0.000823,1.095337,1.293181,1,1
5.070833,0.085811,-0.951929,0.662856,0.086714,0.042683,5.070833,-0.886971,0.461462,0.756142,0.000820,1.107823,1.294808,1,1
5.075000,0.086630,-0.953127,0.665483,0.091950,0.047919,5.075000,-0.887511,0.466962,0.753524,0.000816,1.117954,1.295339,1,1
5.079167,0.087653,-0.954611,0.668734,0.098495,0.054464,5.079167,-0.888053,0.472526,0.750906,0.000813,1.128189,1.295881,1,1
5.083333,0.088676,-0.956069,0.671934,0.105040,0.061009,5.083333,-0.888731,0.480996,0.747634,0.000807,1.147152,1.298038,1,1
5.087500,0.089289,-0.956931,0.673825,0.108967,0.064936,5.087500,-0.889140,0.486174,0.745670,0.000804,1.158620,1.299324,1,1
5.091667,0.090106,-0.958066,0.676317,0.114203,0.070172,5.091667,-0.889824,0.494984,0.742398,0.000797,1.177952,1.301466,1,1
5.095833,0.090922,-0.959189,0.678783,0.119439,0.075408,5.095833,-0.890374,0.501991,0.739780,0.000793,1.192786,1.302984,1,1
5.100000,0.092350,-0.961129,0.683048,0.128602,0.084571,5.100000,-0.891202,0.514689,0.735853,0.000783,1.226997,1.307424,1,1
5.104167,0.093572,-0.962766,0.686648,0.136456,0.092425,5.104167,-0.892036,0.527139,0.731926,0.000774,1.249705,1.310045,1,1
5.108333,0.094386,-0.963838,0.689006,0.141692,0.096794,5.108333,-0.892736,0.536517,0.728653,0.000767,1.267827,1.311527,1,1
5.112500,0.095606,-0.965417,0.692485,0.149546,0.097967,5.112500,-0.893439,0.545295,0.725381,0.000762,1.283245,1.312334,1,1
5.116667,0.096419,-0.966457,0.694778,0.154782,0.096783,5.116667,-0.894145,0.553109,0.722108,0.000757,1.294983,1.312287,1,1
5.120833,0.097637,-0.967991,0.698162,0.162636,0.095882,5.120833,-0.894854,0.560775,0.718836,0.000752,1.305906,1.312026,1,1
5.125000,0.098854,-0.969505,0.701503,0.170489,0.097526,5.125000,-0.895707,0.569844,0.714909,0.000747,1.318198,1.311488,1,1
5.129167,0.099461,-0.970249,0.703148,0.174416,0.099142,5.129167,-0.896134,0.573426,0.712945,0.000745,1.321254,1.310562,1,1
5.133333,0.100271,-0.971228,0.705313,0.179652,0.100847,5.133333,-0.896848,0.580260,0.709673,0.000742,1.328901,1.309533,1,1
5.137500,0.101080,-0.972199,0.707460,0.184888,0.101736,5.137500,-0.897420,0.584287,0.707055,0.000740,1.330556,1.307787,1,1
5.141667,0.101889,-0.973159,0.709582,0.190124,0.102048,5.141667,-0.897992,0.587481,0.704437,0.000740,1.329680,1.305525,1,1
5.145833,0.102899,-0.974346,0.712207,0.196669,0.102478,5.145833,-0.898708,0.590581,0.701172,0.000750,1.326601,1.302292,1,1
5.150000,0.103706,-0.975282,0.714278,0.201905,0.103394,5.150000,-0.899280,0.592422,0.698564,0.000763,1.323983,1.299674,1,1
5.154167,0.104916,-0.976674,0.717360,0.209759,0.105107,5.154167,-0.900138,0.594788,0.694652,0.000782,1.320056,1.295747,1,1
5.158333,0.105923,-0.977816,0.719891,0.216304,0.106230,5.158333,-0.900852,0.596640,0.691387,0.000791,1.316783,1.292475,1,1
5.162500,0.106729,-0.978721,0.721899,0.221540,0.106876,5.162500,-0.901423,0.598097,0.688775,0.000799,1.314165,1.289857,1,1
5.166667,0.107734,-0.979834,0.724369,0.228085,0.107628,5.166667,-0.901994,0.591802,0.686167,0.000812,1.311547,1.287239,1,1
5.170833,0.108538,-0.980715,0.726327,0.233321,0.108362,5.170833,-0.902706,0.582097,0.682905,0.000825,1.308275,1.283966,1,1
5.175000,0.109542,-0.981802,0.728745,0.239866,0.109506,5.175000,-0.903274,0.575725,0.680295,0.000835,1.305657,1.281348,1,1
5.179167,0.110345,-0.982664,0.730662,0.245102,0.110426,5.179167,-0.903841,0.572250,0.677684,0.000844,1.303039,1.278730,1,1
5.183333,0.110946,-0.983302,0.732084,0.248896,0.111025,5.183333,-0.904265,0.571663,0.675725,0.000851,1.301075,1.276767,1,1
5.187500,0.111747,-0.984145,0.733963,0.252650,0.111759,5.187500,-0.904972,0.571617,0.672458,0.000857,1.297801,1.273494,1,1
5.191667,0.112548,-0.984982,0.735830,0.252555,0.112508,5.191667,-0.905536,0.574234,0.669840,0.000857,1.295178,1.270876,1,1
5.195833,0.113149,-0.985605,0.737221,0.250242,0.113101,5.195833,-0.905960,0.576196,0.667876,0.000857,1.293212,1.268913,1,1
5.200000,0.113749,-0.986224,0.738603,0.247350,0.113727,5.200000,-0.906383,0.578159,0.665913,0.000857,1.291245,1.266949,1,1
5.204167,0.114751,-0.987246,0.740893,0.245031,0.114768,5.204167,-0.907088,0.581430,0.662640,0.000857,1.287967,1.263677,1,1
5.208333,0.115553,-0.988060,0.742718,0.244462,0.115580,5.208333,-0.907511,0.583392,0.660677,0.000857,1.286001,1.261713,1,1
5.212500,0.116355,-0.988866,0.744529,0.244464,0.116366,5.212500,-0.908216,0.586663,0.657404,0.000857,1.282723,1.258441,1,1
5.216667,0.117157,-0.989666,0.746329,0.243985,0.117149,5.216667,-0.908779,0.589280,0.654786,0.000857,1.280101,1.255823,1,1
5.220833,0.117960,-0.990459,0.748117,0.242773,0.117946,5.220833,-0.909343,0.591897,0.652168,0.000857,1.277479,1.253205,1,1
5.225000,0.118562,-0.991050,0.749452,0.241622,0.118553,5.225000,-0.909765,0.593859,0.650205,0.000857,1.275512,1.251241,1,1
5.229167,0.120168,-0.992611,0.752984,0.239182,0.120178,5.229167,-0.910610,0.597785,0.646278,0.000857,1.270924,1.246660,1,1
5.233333,0.121774,-0.994161,0.756496,0.237371,0.121791,5.233333,-0.911875,0.603673,0.640387,0.000857,1.265680,1.241424,1,1
5.237500,0.123183,-0.995498,0.759536,0.236249,0.123181,5.237500,-0.912859,0.608252,0.635806,0.000857,1.261092,1.236842,1,1
5.241667,0.124199,-0.996446,0.761700,0.235095,0.124188,5.241667,-0.913702,0.612178,0.631879,0.000857,1.257160,1.232915,1,1
5.245833,0.125021,-0.997204,0.763435,0.233864,0.125013,5.245833,-0.914264,0.614795,0.629261,0.000857,1.254538,1.230297,1,1
5.250000,0.125851,-0.997962,0.765172,0.232644,0.125852,5.250000,-0.914826,0.617412,0.626643,0.000857,1.251916,1.227679,1,1
5.254167,0.127106,-0.999098,0.767783,0.231147,0.127113,5.254167,-0.915528,0.620683,0.623370,0.000857,1.248639,1.224407,1,1
5.258333,0.128159,-1.000045,0.769962,0.230068,0.128164,5.258333,-0.916370,0.624608,0.619443,0.000857,1.244707,1.220480,1,1
5.262500,0.129012,-1.000801,0.771709,0.229183,0.129012,5.262500,-0.916932,0.627225,0.616825,0.000857,1.242085,1.217862,1,1
5.266667,0.130304,-1.001935,0.774334,0.227662,0.130300,5.266667,-0.917633,0.630497,0.613553,0.000857,1.238808,1.214589,1,1
5.270833,0.131605,-1.003068,0.776962,0.226056,0.131602,5.270833,-0.918615,0.635076,0.608971,0.000857,1.234221,1.210008,1,1
5.275000,0.132262,-1.003634,0.778278,0.225266,0.132262,5.275000,-0.919035,0.637039,0.607008,0.000857,1.232255,1.208044,1,1
5.279167,0.133371,-1.004577,0.780478,0.224067,0.133374,5.279167,-0.919736,0.640311,0.603735,0.000857,1.228978,1.204772,1,1
5.283333,0.134266,-1.005331,0.782241,0.223119,0.134268,5.283333,-0.920297,0.642928,0.601117,0.000857,1.226357,1.202154,1,1
5.287500,0.135167,-1.006083,0.784004,0.222120,0.135168,5.287500,-0.920858,0.645545,0.598499,0.000857,1.223735,1.199536,1,1
5.291667,0.136305,-1.007023,0.786213,0.220814,0.136304,5.291667,-0.921558,0.648816,0.595227,0.000857,1.220459,1.196263,1,1
5.295833,0.137223,-1.007775,0.787983,0.219767,0.137222,5.295833,-0.922119,0.651434,0.592609,0.000857,1.217838,1.193645,1,1
5.300000,0.138147,-1.008525,0.789753,0.218748,0.138147,5.300000,-0.922679,0.654051,0.589991,0.000857,1.215216,1.191027,1,1
5.304167,0.139077,-1.009274,0.791525,0.217744,0.139078,5.304167,-0.923239,0.656668,0.587373,0.000857,1.212595,1.188409,1,1
5.308333,0.140015,-1.010022,0.793298,0.216736,0.140015,5.308333,-0.923799,0.659285,0.584755,0.000857,1.209974,1.185791,1,1
5.312500,0.141433,-1.011143,0.795962,0.215193,0.141433,5.312500,-0.924639,0.663211,0.580828,0.000857,1.206042,1.181864,1,1
5.316667,0.142629,-1.012074,0.798185,0.213886,0.142628,5.316667,-0.925199,0.665828,0.578210,0.000857,1.203421,1.179246,1,1
5.320833,0.143110,-1.012447,0.799075,0.213362,0.143110,5.320833,-0.925618,0.667791,0.576246,0.000857,1.201456,1.177283,1,1
5.325000,0.143839,-1.013004,0.800412,0.212583,0.143839,5.325000,-0.926038,0.669754,0.574283,0.000857,1.199490,1.175319,1,1
5.329167,0.145307,-1.014119,0.803092,0.211027,0.145308,5.329167,-0.926877,0.673680,0.570356,0.000857,1.195558,1.171393,1,1
5.333333,0.146293,-1.014861,0.804879,0.209985,0.146294,5.333333,-0.927437,0.676297,0.567738,0.000857,1.192937,1.168775,1,1
5.337500,0.147288,-1.015600,0.806666,0.208935,0.147289,5.337500,-0.927996,0.678914,0.565120,0.000857,1.190317,1.166157,1,1
