0,0,1.5707963267948966,0,0,0,0
1736847048.0939612,0.0,1.5708,-0.0,-0.0,-0.0,0.0
1736847048.0939612,0.0,1.5708,-0.0,-0.0,-0.0,0.0
1736847048.0939612,0.0,1.5708,-0.0,-0.0,-0.0,0.0
1736847048.0939612,0.0,1.5708,-0.0,-0.0,-0.0,0.0
1736847048.0939612,0.0,1.5708,-0.0,-0.0,-0.0,0.0
1736847048.0939612,0.0,1.5708,-0.0,-0.0,-0.0,0.0
1736847048.1087828,0.0,1.5708,-0.0,-0.0,-0.0,0.0
1736847048.1098292,0.0,1.5708,-0.0,-0.0,-0.0,0.0
1736847048.1098292,0.0,1.57081,-0.0,-0.0,-0.0,0.0
1736847048.1108277,0.0,1.57081,-0.0,-0.0,-0.0,0.0
1736847048.1118279,0.0,1.57082,-0.0,-0.0,-0.0,0.0
1736847048.1128266,0.0,1.57082,-0.0,-0.0,-0.0,0.0
1736847048.1138372,0.0,1.57083,-0.0,-0.0,-0.0,0.0
1736847048.114828,0.0,1.57084,-0.0,-0.0,-0.0,0.0
1736847048.1158268,0.0,1.57086,-0.0,-0.0,-0.0,0.0
1736847048.1168282,0.0,1.57087,-0.0,-0.0,-0.0,0.0
1736847048.116988,0.0,1.57089,-0.0,-0.0,-0.0,0.0
1736847048.117998,0.0,1.5709,-0.0,-0.0,-0.0,0.0
1736847048.1189537,0.0,1.57093,-0.0,-0.0,-0.0,0.0
1736847048.1203113,0.0,1.57096,-0.0,-0.0,-0.0,0.0
1736847048.1211658,0.0,1.57099,-0.0,-0.0,-0.0,0.0
1736847048.1222851,0.0,1.57102,-0.0,-0.0,-0.0,0.0
1736847048.1231673,0.0,1.57106,-0.0,-0.0,-0.0,0.0
1736847048.1237276,0.0,1.57111,-0.0,-0.0,-0.0,0.0
1736847048.1253312,0.0,1.57117,-0.0,-0.0,-0.0,0.0
1736847048.1263373,0.0,1.57122,-0.0,-0.0,-0.0,0.0
1736847048.1263373,0.0,1.57127,-0.0,-0.0,-0.0,0.0
1736847048.127337,0.0,1.57132,-0.0,-0.0,-0.0,0.0
1736847048.1283357,0.0,1.57137,-0.0,-0.0,-0.0,0.0
1736847048.1293542,0.0,1.57143,-0.0,-0.0,-0.0,0.0
1736847048.1301205,0.0,1.57149,-0.0,-0.0,-0.0,0.0
1736847048.1311777,0.0,1.57157,-0.0,-0.0,-0.0,0.0
1736847048.1321797,0.0,1.57166,-0.0,-0.0,-0.0,0.0
1736847048.1321797,0.0,1.57174,-0.0,-0.0,-0.0,0.0
1736847048.13318,0.0,1.57182,-0.0,-0.0,-0.0,0.0
1736847048.1341932,0.0,1.57189,-0.0,-0.0,-0.0,0.0
1736847048.1351795,0.0,1.57197,-0.0,-0.0,-0.0,0.0
1736847048.135675,0.0,1.57205,-0.0,-0.0,-0.0,0.0
1736847048.136676,0.0,1.57214,-0.0,-0.0,-0.0,0.0
1736847048.1371298,0.0,1.57226,-0.0,-0.0,-0.0,0.0
1736847048.1371298,0.0,1.57238,-0.0,-0.0,-0.0,0.0
1736847048.1371298,0.0,1.5725,-0.0,-0.0,-0.0,0.0
1736847048.1371298,0.0,1.5726,-0.0,-0.0,-0.0,0.0
1736847048.1371298,0.0,1.5727,-0.0,-0.0,-0.0,0.0
1736847048.1418183,0.0,1.57281,-0.0,-0.0,-0.0,0.0
1736847048.1425707,0.0,1.57291,-0.0,-0.0,-0.0,0.0
1736847048.1425707,0.0,1.57302,-0.0,-0.0,-0.0,0.0
1736847048.1440277,0.0,1.57314,-0.0,-0.0,-0.0,0.0
1736847048.144692,0.0,1.57329,-0.0,-0.0,-0.0,0.0
1736847048.145707,0.0,1.57344,-0.0,-0.0,-0.0,0.0
1736847048.1466942,0.0,1.57357,-0.0,-0.0,-0.0,0.0
1736847048.147697,0.0,1.5737,-0.0,-0.0,-0.0,0.0
1736847048.1487253,0.0,1.57382,-0.0,-0.0,-0.0,0.0
1736847048.1487253,0.0,1.57393,-0.0,-0.0,-0.0,0.0
1736847048.1497018,0.0,1.57405,-0.0,-0.0,-0.0,0.0
1736847048.150959,0.0,1.57417,-0.0,-0.0,-0.0,0.0
1736847048.1514194,0.0,1.57431,-0.0,-0.0,-0.0,0.0
1736847048.1524599,0.0,1.57446,-0.0,-0.0,-0.0,0.0
1736847048.1539588,0.0,1.57462,-0.0,-0.0,-0.0,0.0
1736847048.1539588,0.0,1.57475,-0.0,-0.0,-0.0,0.0
1736847048.15496,0.0,1.57488,-0.0,-0.0,-0.0,0.0
1736847048.15596,0.0,1.575,-0.0,-0.0,-0.0,0.0
1736847048.156971,0.0,1.57513,-0.0,-0.0,-0.0,0.0
1736847048.1578758,0.0,1.57525,-0.0,-0.0,-0.0,0.0
1736847048.158655,0.0,1.57541,-0.0,-0.0,-0.0,0.0
1736847048.159662,0.0,1.57558,-0.0,-0.0,-0.0,0.0
1736847048.159662,0.0,1.57573,-0.0,-0.0,-0.0,0.0
1736847048.159662,0.0,1.57586,-0.0,-0.0,-0.0,0.0
1736847048.159662,0.0,1.57598,-0.0,-0.0,-0.0,0.0
1736847048.159662,0.0,1.5761,-0.0,-0.0,-0.0,0.0
1736847048.159662,0.0,1.57622,-0.0,-0.0,-0.0,0.0
1736847048.1649096,0.0,1.57635,-0.0,-0.0,-0.0,0.0
1736847048.1655586,0.0,1.57651,-0.0,-0.0,-0.0,0.0
1736847048.1671696,0.0,1.57669,-0.0,-0.0,-0.0,0.0
1736847048.1676776,0.0,1.57685,-0.0,-0.0,-0.0,0.0
1736847048.1686823,0.0,1.57698,-0.0,-0.0,-0.0,0.0
1736847048.1696813,0.0,1.5771,-0.0,-0.0,-0.0,0.0
1736847048.1703339,0.0,1.57723,-0.0,-0.0,-0.0,0.0
1736847048.1713383,0.0,1.57735,-0.0,-0.0,-0.0,0.0
1736847048.1718326,0.0,1.57749,-0.0,-0.0,-0.0,0.0
1736847048.1718326,0.0,1.57764,-0.0,-0.0,-0.0,0.0
1736847048.1718326,0.0,1.57779,-0.0,-0.0,-0.0,0.0
1736847048.1718326,0.0,1.57792,-0.0,-0.0,-0.0,0.0
1736847048.1718326,0.0,1.57804,-0.0,-0.0,-0.0,0.0
1736847048.1763458,0.0,1.57816,-0.0,-0.0,-0.0,0.0
1736847048.1773534,0.0,1.57828,-0.0,-0.0,-0.0,0.0
1736847048.1773534,0.0,1.5784,-0.0,-0.0,-0.0,0.0
1736847048.1787143,0.0,1.57852,-0.0,-0.0,-0.0,0.0
1736847048.179614,0.0,1.57868,-0.0,-0.0,-0.0,0.0
1736847048.1809647,0.0,1.57885,-0.0,-0.0,-0.0,0.0
1736847048.1809647,0.0,1.57899,-0.0,-0.0,-0.0,0.0
1736847048.1823447,0.0,1.57912,-0.0,-0.0,-0.0,0.0
1736847048.1834788,0.0,1.57925,-0.0,-0.0,-0.0,0.0
1736847048.1840959,0.0,1.57937,-0.0,-0.0,-0.0,0.0
1736847048.1840959,0.0,1.57949,-0.0,-0.0,-0.0,0.0
1736847048.185681,0.0,1.57961,-0.0,-0.0,-0.0,0.0
1736847048.1861937,0.0,1.57975,-0.0,-0.0,-0.0,0.0
1736847048.1872356,0.0,1.57989,-0.0,-0.0,-0.0,0.0
1736847048.1884859,0.0,1.58003,-0.0,-0.0,-0.0,0.0
1736847048.1884859,0.0,1.58016,-0.0,-0.0,-0.0,0.0
1736847048.1894882,0.0,1.58029,-0.0,-0.0,-0.0,0.0
1736847048.1904867,0.0,1.58041,-0.0,-0.0,-0.0,0.0
1736847048.1914973,0.0,1.58054,-0.0,-0.0,-0.0,0.0
1736847048.1914973,0.0,1.58065,-0.0,-0.0,-0.0,0.0
1736847048.192683,0.0,1.58078,-0.0,-0.0,-0.0,0.0
1736847048.192683,0.0,1.58095,-0.0,-0.0,-0.0,0.0
1736847048.192683,0.0,1.5811,-0.0,-0.0,-0.0,0.0
1736847048.192683,0.0,1.58122,-0.0,-0.0,-0.0,0.0
1736847048.192683,0.0,1.58134,-0.0,-0.0,-0.0,0.0
1736847048.192683,0.0,1.58147,-0.0,-0.0,-0.0,0.0
1736847048.1983774,0.0,1.58158,-0.0,-0.0,-0.0,0.0
1736847048.1992798,0.0,1.58171,-0.0,-0.0,-0.0,0.0
1736847048.2002242,0.0,1.58187,-0.0,-0.0,-0.0,0.0
1736847048.2011485,0.0,1.58203,-0.0,-0.0,-0.0,0.0
1736847048.201458,0.0,1.58216,-0.0,-0.0,-0.0,0.0
1736847048.202464,0.0,1.58229,-0.0,-0.0,-0.0,0.0
1736847048.203632,0.0,1.58241,-0.0,-0.0,-0.0,0.0
1736847048.203632,0.0,1.58254,-0.0,-0.0,-0.0,0.0
1736847048.2046328,0.0,1.58267,-0.0,-0.0,-0.0,0.0
1736847048.205633,0.0,1.58279,-0.0,-0.0,-0.0,0.0
1736847048.2065165,0.0,1.58292,-0.0,-0.0,-0.0,0.0
1736847048.2065165,0.0,1.58306,-0.0,-0.0,-0.0,0.0
1736847048.2081454,0.0,1.58324,-0.0,-0.0,-0.0,0.0
1736847048.2096064,0.0,1.58338,-0.0,-0.0,-0.0,0.0
1736847048.2096064,0.0,1.5835,-0.0,-0.0,-0.0,0.0
1736847048.2106073,0.0,1.58362,-0.0,-0.0,-0.0,0.0
1736847048.2116055,0.0,1.58376,-0.0,-0.0,-0.0,0.0
1736847048.2126052,0.0,1.58389,-0.0,-0.0,-0.0,0.0
1736847048.213806,0.0,1.58401,-0.0,-0.0,-0.0,0.0
1736847048.2139232,0.0,1.58415,-0.0,-0.0,-0.0,0.0
1736847048.2150085,0.0,1.5843,-0.0,-0.0,-0.0,0.0
1736847048.215659,0.0,1.58443,-0.0,-0.0,-0.0,0.0
1736847048.2166643,0.0,1.58456,-0.0,-0.0,-0.0,0.0
1736847048.2180393,0.0,1.58468,-0.0,-0.0,-0.0,0.0
1736847048.2180393,0.0,1.5848,-0.0,-0.0,-0.0,0.0
1736847048.2190454,0.0,1.58491,-0.0,-0.0,-0.0,0.0
1736847048.2200449,0.0,1.58504,-0.0,-0.0,-0.0,0.0
1736847048.2204132,0.0,1.58516,-0.0,-0.0,-0.0,0.0
1736847048.221902,0.0,1.58533,-0.0,-0.0,-0.0,0.0
1736847048.2229073,0.0,1.58547,-0.0,-0.0,-0.0,0.0
1736847048.2229073,0.0,1.58559,-0.0,-0.0,-0.0,0.0
1736847048.2239063,0.0,1.58571,-0.0,-0.0,-0.0,0.0
1736847048.224906,0.0,1.58583,-0.0,-0.0,-0.0,0.0
1736847048.225916,0.0,1.58595,-0.0,-0.0,-0.0,0.0
1736847048.226908,0.0,1.58607,-0.0,-0.0,-0.0,0.0
1736847048.22745,0.0,1.58622,-0.0,-0.0,-0.0,0.0
1736847048.2282848,0.0,1.5864,-0.0,-0.0,-0.0,0.0
1736847048.2292929,0.0,1.58654,-0.0,-0.0,-0.0,0.0
1736847048.2302904,0.0,1.58666,-0.0,-0.0,-0.0,0.0
1736847048.231292,0.0,1.58677,-0.0,-0.0,-0.0,0.0
1736847048.231292,0.0,1.58689,-0.0,-0.0,-0.0,0.0
1736847048.232291,0.0,1.58701,-0.0,-0.0,-0.0,0.0
1736847048.2336462,0.0,1.58713,-0.0,-0.0,-0.0,0.0
1736847048.2342546,0.0,1.58726,-0.0,-0.0,-0.0,0.0
1736847048.2342546,0.0,1.58741,-0.0,-0.0,-0.0,0.0
1736847048.2362738,0.0,1.58757,-0.0,-0.0,-0.0,0.0
1736847048.2373388,0.0,1.58771,-0.0,-0.0,-0.0,0.0
1736847048.2373388,0.0,1.58784,-0.0,-0.0,-0.0,0.0
1736847048.2384245,0.0,1.58796,-0.0,-0.0,-0.0,0.0
1736847048.2384245,0.0,1.58809,-0.0,-0.0,-0.0,0.0
1736847048.2384245,0.0,1.58823,-0.0,-0.0,-0.0,0.0
1736847048.241215,0.0,1.58851,-0.0,-0.0,-0.0,0.0
1736847048.241215,0.0,1.58867,-0.0,-0.0,-0.0,0.0
1736847048.2440698,0.0,1.5888,-0.0,-0.0,-0.0,0.0
1736847048.2450767,0.0,1.58893,-0.0,-0.0,-0.0,0.0
1736847048.2450767,0.0,1.58904,-0.0,-0.0,-0.0,0.0
1736847048.246075,0.0,1.58916,-0.0,-0.0,-0.0,0.0
1736847048.2470844,0.0,1.58928,-0.0,-0.0,-0.0,0.0
1736847048.2470844,0.0,1.58939,-0.0,-0.0,-0.0,0.0
1736847048.2486331,0.0,1.58952,-0.0,-0.0,-0.0,0.0
1736847048.2498631,0.0,1.58967,-0.0,-0.0,-0.0,0.0
1736847048.250865,0.0,1.58983,-0.0,-0.0,-0.0,0.0
1736847048.250865,0.0,1.58995,-0.0,-0.0,-0.0,0.0
1736847048.2518635,0.0,1.59007,-0.0,-0.0,-0.0,0.0
1736847048.252873,0.0,1.59019,-0.0,-0.0,-0.0,0.0
1736847048.2538643,0.0,1.59031,-0.0,-0.0,-0.0,0.0
1736847048.2538643,0.0,1.59042,-0.0,-0.0,-0.0,0.0
1736847048.2551498,0.0,1.59056,-0.0,-0.0,-0.0,0.0
1736847048.2564723,0.0,1.59071,-0.0,-0.0,-0.0,0.0
1736847048.2572448,0.0,1.59087,-0.0,-0.0,-0.0,0.0
1736847048.2581518,0.0,1.59099,-0.0,-0.0,-0.0,0.0
1736847048.2581518,0.0,1.59112,-0.0,-0.0,-0.0,0.0
1736847048.2591639,0.0,1.59124,-0.0,-0.0,-0.0,0.0
1736847048.2603788,0.0,1.59136,-0.0,-0.0,-0.0,0.0
1736847048.2603788,0.0,1.59148,-0.0,-0.0,-0.0,0.0
1736847048.2620258,0.0,1.59161,-0.0,-0.0,-0.0,0.0
1736847048.2620258,0.0,1.59176,-0.0,-0.0,-0.0,0.0
1736847048.2620258,0.0,1.59191,-0.0,-0.0,-0.0,0.0
1736847048.2620258,0.0,1.59204,-0.0,-0.0,-0.0,0.0
1736847048.2654688,0.0,1.59217,-0.0,-0.0,-0.0,0.0
1736847048.266476,0.0,1.59229,-0.0,-0.0,-0.0,0.0
1736847048.266476,0.0,1.59241,-0.0,-0.0,-0.0,0.0
1736847048.267475,0.0,1.59253,-0.0,-0.0,-0.0,0.0
1736847048.268474,0.0,1.59265,-0.0,-0.0,-0.0,0.0
1736847048.269603,0.0,1.59278,-0.0,-0.0,-0.0,0.0
1736847048.2706661,0.0,1.59294,-0.0,-0.0,-0.0,0.0
1736847048.2713265,0.0,1.59309,-0.0,-0.0,-0.0,0.0
1736847048.2723358,0.0,1.59322,-0.0,-0.0,-0.0,0.0
1736847048.2723358,0.0,1.59335,-0.0,-0.0,-0.0,0.0
1736847048.2733307,0.0,1.59347,-0.0,-0.0,-0.0,0.0
1736847048.2747715,0.0,1.59359,-0.0,-0.0,-0.0,0.0
1736847048.2747715,0.0,1.59371,-0.0,-0.0,-0.0,0.0
1736847048.2759924,0.0,1.59385,-0.0,-0.0,-0.0,0.0
1736847048.2759924,0.0,1.59401,-0.0,-0.0,-0.0,0.0
1736847048.2781549,0.0,1.59416,-0.0,-0.0,-0.0,0.0
1736847048.2791686,0.0,1.59429,-0.0,-0.0,-0.0,0.0
1736847048.2791686,0.0,1.59441,-0.0,-0.0,-0.0,0.0
1736847048.2801673,0.0,1.59454,-0.0,-0.0,-0.0,0.0
1736847048.2811666,0.0,1.59466,-0.0,-0.0,-0.0,0.0
1736847048.2821832,0.0,1.59477,-0.0,-0.0,-0.0,0.0
1736847048.2829425,0.0,1.59489,-0.0,-0.0,-0.0,0.0
1736847048.2840726,0.0,1.59505,-0.0,-0.0,-0.0,0.0
1736847048.2842093,0.0,1.59521,-0.0,-0.0,-0.0,0.0
1736847048.2852106,0.0,1.59535,-0.0,-0.0,-0.0,0.0
1736847048.2862098,0.0,1.59548,-0.0,-0.0,-0.0,0.0
1736847048.2872093,0.0,1.59561,-0.0,-0.0,-0.0,0.0
1736847048.2881496,0.0,1.59573,-0.0,-0.0,-0.0,0.0
1736847048.2891567,0.0,1.59586,-0.0,-0.0,-0.0,0.0
1736847048.289886,0.0,1.596,-0.0,-0.0,-0.0,0.0
1736847048.289886,0.0,1.59615,-0.0,-0.0,-0.0,0.0
1736847048.289886,0.0,1.59632,-0.0,-0.0,-0.0,0.0
1736847048.289886,0.0,1.59644,-0.0,-0.0,-0.0,0.0
1736847048.2936645,0.0,1.59657,-0.0,-0.0,-0.0,0.0
1736847048.294358,0.0,1.59669,-0.0,-0.0,-0.0,0.0
1736847048.294358,0.0,1.59681,-0.0,-0.0,-0.0,0.0
1736847048.2953706,0.0,1.59694,-0.0,-0.0,-0.0,0.0
1736847048.2967632,0.0,1.59707,-0.0,-0.0,-0.0,0.0
1736847048.2973456,0.0,1.59723,-0.0,-0.0,-0.0,0.0
1736847048.2983828,0.0,1.59738,-0.0,-0.0,-0.0,0.0
1736847048.2998376,0.0,1.59751,-0.0,-0.0,-0.0,0.0
1736847048.2998376,0.0,1.59765,-0.0,-0.0,-0.0,0.0
1736847048.3008392,0.0,1.59778,-0.0,-0.0,-0.0,0.0
1736847048.3018384,0.0,1.59794,-0.0,-0.0,-0.0,0.0
1736847048.3028386,0.0,1.59807,-0.0,-0.0,-0.0,0.0
1736847048.3037953,0.0,1.59821,-0.0,-0.0,-0.0,0.0
1736847048.3044765,0.0,1.59836,-0.0,-0.0,-0.0,0.0
1736847048.305473,0.0,1.59851,-0.0,-0.0,-0.0,0.0
1736847048.3064978,0.0,1.59866,-0.0,-0.0,-0.0,0.0
1736847048.307501,0.0,1.59882,-0.0,-0.0,-0.0,0.0
1736847048.308499,0.0,1.59894,-0.0,-0.0,-0.0,0.0
1736847048.3094983,0.0,1.59906,-0.0,-0.0,-0.0,0.0
1736847048.3094983,0.0,1.59918,-0.0,-0.0,-0.0,0.0
1736847048.311218,0.0,1.59931,-0.0,-0.0,-0.0,0.0
1736847048.3121028,0.0,1.59948,-0.0,-0.0,-0.0,0.0
1736847048.3130515,0.0,1.59962,-0.0,-0.0,-0.0,0.0
1736847048.3130515,0.0,1.59974,-0.0,-0.0,-0.0,0.0
1736847048.314064,0.0,1.59986,-0.0,-0.0,-0.0,0.0
1736847048.3150632,0.0,1.59999,-0.0,-0.0,-0.0,0.0
1736847048.3160725,0.0,1.60011,-0.0,-0.0,-0.0,0.0
1736847048.3160725,0.0,1.60022,-0.0,-0.0,-0.0,0.0
1736847048.317646,0.0,1.60036,-0.0,-0.0,-0.0,0.0
1736847048.3184013,0.0,1.60053,-0.0,-0.0,-0.0,0.0
1736847048.3194077,0.0,1.60066,-0.0,-0.0,-0.0,0.0
1736847048.3204064,0.0,1.60081,-0.0,-0.0,-0.0,0.0
1736847048.321425,0.0,1.60092,-0.0,-0.0,-0.0,0.0
1736847048.321425,0.0,1.60104,-0.0,-0.0,-0.0,0.0
1736847048.3224063,0.0,1.60116,-0.0,-0.0,-0.0,0.0
1736847048.3237004,0.0,1.60128,-0.0,-0.0,-0.0,0.0
1736847048.324506,0.0,1.6014,-0.0,-0.0,-0.0,0.0
1736847048.3249807,0.0,1.60154,-0.0,-0.0,-0.0,0.0
1736847048.3260212,0.0,1.60169,-0.0,-0.0,-0.0,0.0
1736847048.3270206,0.0,1.60183,-0.0,-0.0,-0.0,0.0
1736847048.3270206,0.0,1.60194,-0.0,-0.0,-0.0,0.0
1736847048.328535,0.0,1.60206,-0.0,-0.0,-0.0,0.0
1736847048.328535,0.0,1.60218,-0.0,-0.0,-0.0,0.0
1736847048.3295412,0.0,1.6023,-0.0,-0.0,-0.0,0.0
1736847048.3295412,0.0,1.60242,-0.0,-0.0,-0.0,0.0
1736847048.3315427,0.0,1.60255,-0.0,-0.0,-0.0,0.0
1736847048.3315427,0.0,1.60271,-0.0,-0.0,-0.0,0.0
1736847048.3315427,0.0,1.60284,-0.0,-0.0,-0.0,0.0
1736847048.3344612,0.0,1.60296,-0.0,-0.0,-0.0,0.0
1736847048.335228,0.0,1.60309,-0.0,-0.0,-0.0,0.0
1736847048.335228,0.0,1.60321,-0.0,-0.0,-0.0,0.0
1736847048.3362403,0.0,1.60334,-0.0,-0.0,-0.0,0.0
1736847048.337238,0.0,1.60346,-0.0,-0.0,-0.0,0.0
1736847048.3382394,0.0,1.60357,-0.0,-0.0,-0.0,0.0
1736847048.3391023,0.0,1.6037,-0.0,-0.0,-0.0,0.0
1736847048.3400974,0.0,1.60386,-0.0,-0.0,-0.0,0.0
1736847048.3411002,0.0,1.60401,-0.0,-0.0,-0.0,0.0
1736847048.3411002,0.0,1.60414,-0.0,-0.0,-0.0,0.0
1736847048.3420987,0.0,1.60426,-0.0,-0.0,-0.0,0.0
1736847048.3430982,0.0,1.60437,-0.0,-0.0,-0.0,0.0
1736847048.3440995,0.0,1.60449,-0.0,-0.0,-0.0,0.0
1736847048.3440995,0.0,1.6046,-0.0,-0.0,-0.0,0.0
1736847048.3454876,0.0,1.60474,-0.0,-0.0,-0.0,0.0
1736847048.3464599,0.0,1.60492,-0.0,-0.0,-0.0,0.0
1736847048.3474655,0.0,1.60508,-0.0,-0.0,-0.0,0.0
1736847048.348464,0.0,1.60521,-0.0,-0.0,-0.0,0.0
1736847048.3494742,0.0,1.60534,-0.0,-0.0,-0.0,0.0
1736847048.3494742,0.0,1.60546,-0.0,-0.0,-0.0,0.0
1736847048.3504648,0.0,1.60557,-0.0,-0.0,-0.0,0.0
1736847048.3512814,0.0,1.60569,-0.0,-0.0,-0.0,0.0
1736847048.3523111,0.0,1.60582,-0.0,-0.0,-0.0,0.0
1736847048.3523111,0.0,1.60597,-0.0,-0.0,-0.0,0.0
1736847048.3523111,0.0,1.60612,-0.0,-0.0,-0.0,0.0
1736847048.3523111,0.0,1.60625,-0.0,-0.0,-0.0,0.0
1736847048.3523111,0.0,1.60637,-0.0,-0.0,-0.0,0.0
1736847048.356752,0.0,1.60649,-0.0,-0.0,-0.0,0.0
1736847048.356752,0.0,1.60661,-0.0,-0.0,-0.0,0.0
1736847048.3583918,0.0,1.60673,-0.0,-0.0,-0.0,0.0
1736847048.3583918,0.0,1.60685,-0.0,-0.0,-0.0,0.0
1736847048.3597505,0.0,1.60698,-0.0,-0.0,-0.0,0.0
1736847048.3607955,0.0,1.60714,-0.0,-0.0,-0.0,0.0
1736847048.361846,0.0,1.60727,-0.0,-0.0,-0.0,0.0
1736847048.3627088,0.0,1.6074,-0.0,-0.0,-0.0,0.0
1736847048.3627088,0.0,1.60753,-0.0,-0.0,-0.0,0.0
1736847048.3637102,0.0,1.60765,-0.0,-0.0,-0.0,0.0
1736847048.3647096,0.0,1.60777,-0.0,-0.0,-0.0,0.0
1736847048.3657196,0.0,1.60788,-0.0,-0.0,-0.0,0.0
1736847048.3666685,0.0,1.60802,-0.0,-0.0,-0.0,0.0
1736847048.367701,0.0,1.60817,-0.0,-0.0,-0.0,0.0
1736847048.3684545,0.0,1.60835,-0.0,-0.0,-0.0,0.0
1736847048.3694723,0.0,1.60849,-0.0,-0.0,-0.0,0.0
1736847048.3694723,0.0,1.60861,-0.0,-0.0,-0.0,0.0
1736847048.3704586,0.0,1.60873,-0.0,-0.0,-0.0,0.0
1736847048.3714585,0.0,1.60885,-0.0,-0.0,-0.0,0.0
1736847048.3724685,0.0,1.60897,-0.0,-0.0,-0.0,0.0
1736847048.3731654,0.0,1.60911,-0.0,-0.0,-0.0,0.0
1736847048.3745694,0.0,1.60928,-0.0,-0.0,-0.0,0.0
1736847048.3757365,0.0,1.60945,-0.0,-0.0,-0.0,0.0
1736847048.3765156,0.0,1.6096,-0.0,-0.0,-0.0,0.0
1736847048.3775291,0.0,1.60973,-0.0,-0.0,-0.0,0.0
1736847048.3775291,0.0,1.60986,-0.0,-0.0,-0.0,0.0
1736847048.378527,0.0,1.60998,-0.0,-0.0,-0.0,0.0
1736847048.3795257,0.0,1.6101,-0.0,-0.0,-0.0,0.0
1736847048.3802252,0.0,1.61023,-0.0,-0.0,-0.0,0.0
1736847048.3810377,0.0,1.61039,-0.0,-0.0,-0.0,0.0
1736847048.3820474,0.0,1.61053,-0.0,-0.0,-0.0,0.0
1736847048.383043,0.0,1.61066,-0.0,-0.0,-0.0,0.0
1736847048.3840532,0.0,1.61078,-0.0,-0.0,-0.0,0.0
1736847048.3840532,0.0,1.6109,-0.0,-0.0,-0.0,0.0
1736847048.3850436,0.0,1.61102,-0.0,-0.0,-0.0,0.0
1736847048.3865118,0.0,1.61114,-0.0,-0.0,-0.0,0.0
1736847048.3870435,0.0,1.61127,-0.0,-0.0,-0.0,0.0
1736847048.3875604,0.0,1.61141,-0.0,-0.0,-0.0,0.0
1736847048.3885672,0.0,1.61155,-0.0,-0.0,-0.0,0.0
1736847048.3895655,0.0,1.61169,-0.0,-0.0,-0.0,0.0
1736847048.3905754,0.0,1.61181,-0.0,-0.0,-0.0,0.0
1736847048.3913267,0.0,1.61193,-0.0,-0.0,-0.0,0.0
1736847048.3923323,0.0,1.61206,-0.0,-0.0,-0.0,0.0
1736847048.3923323,0.0,1.6122,-0.0,-0.0,-0.0,0.0
1736847048.39399,0.0,1.61233,-0.0,-0.0,-0.0,0.0
1736847048.39399,0.0,1.61247,-0.0,-0.0,-0.0,0.0
1736847048.39399,0.0,1.61261,-0.0,-0.0,-0.0,0.0
1736847048.39399,0.0,1.61275,-0.0,-0.0,-0.0,0.0
1736847048.3974707,0.0,1.61287,-0.0,-0.0,-0.0,0.0
1736847048.3981473,0.0,1.61299,-0.0,-0.0,-0.0,0.0
1736847048.3981473,0.0,1.61312,-0.0,-0.0,-0.0,0.0
1736847048.3991597,0.0,1.61324,-0.0,-0.0,-0.0,0.0
1736847048.4001577,0.0,1.61336,-0.0,-0.0,-0.0,0.0
1736847048.4013627,0.0,1.61348,-0.0,-0.0,-0.0,0.0
1736847048.4014633,0.0,1.61362,-0.0,-0.0,-0.0,0.0
1736847048.4030821,0.0,1.61377,-0.0,-0.0,-0.0,0.0
1736847048.4040878,0.0,1.61391,-0.0,-0.0,-0.0,0.0
1736847048.4040878,0.0,1.61403,-0.0,-0.0,-0.0,0.0
1736847048.4050875,0.0,1.61415,-0.0,-0.0,-0.0,0.0
1736847048.4060872,0.0,1.61427,-0.0,-0.0,-0.0,0.0
1736847048.407097,0.0,1.61441,-0.0,-0.0,-0.0,0.0
1736847048.4078598,0.0,1.61453,-0.0,-0.0,-0.0,0.0
1736847048.4078598,0.0,1.61469,-0.0,-0.0,-0.0,0.0
1736847048.4092748,0.0,1.61485,-0.0,-0.0,-0.0,0.0
1736847048.4102821,0.0,1.61499,-0.0,-0.0,-0.0,0.0
1736847048.4112809,0.0,1.61512,-0.0,-0.0,-0.0,0.0
1736847048.4122806,0.0,1.61524,-0.0,-0.0,-0.0,0.0
1736847048.4132812,0.0,1.61536,-0.0,-0.0,-0.0,0.0
1736847048.4132812,0.0,1.61548,-0.0,-0.0,-0.0,0.0
1736847048.4148295,0.0,1.6156,-0.0,-0.0,-0.0,0.0
1736847048.4158013,0.0,1.61575,-0.0,-0.0,-0.0,0.0
1736847048.4167044,0.0,1.61591,-0.0,-0.0,-0.0,0.0
1736847048.4167044,0.0,1.61604,-0.0,-0.0,-0.0,0.0
1736847048.4177105,0.0,1.61616,-0.0,-0.0,-0.0,0.0
1736847048.4187088,0.0,1.61628,-0.0,-0.0,-0.0,0.0
1736847048.4197087,0.0,1.6164,-0.0,-0.0,-0.0,0.0
1736847048.420243,0.0,1.61652,-0.0,-0.0,-0.0,0.0
1736847048.4213295,0.0,1.61666,-0.0,-0.0,-0.0,0.0
1736847048.4217725,0.0,1.61679,-0.0,-0.0,-0.0,0.0
1736847048.4217725,0.0,1.61694,-0.0,-0.0,-0.0,0.0
1736847048.4217725,0.0,1.61707,-0.0,-0.0,-0.0,0.0
1736847048.4217725,0.0,1.61719,-0.0,-0.0,-0.0,0.0
1736847048.4255207,0.0,1.61731,-0.0,-0.0,-0.0,0.0
1736847048.426528,0.0,1.61743,-0.0,-0.0,-0.0,0.0
1736847048.426528,0.0,1.61755,-0.0,-0.0,-0.0,0.0
1736847048.427527,0.0,1.61767,-0.0,-0.0,-0.0,0.0
1736847048.428701,0.0,1.6178,-0.0,-0.0,-0.0,0.0
1736847048.429305,0.0,1.61796,-0.0,-0.0,-0.0,0.0
1736847048.4303453,0.0,1.61811,-0.0,-0.0,-0.0,0.0
1736847048.4318533,0.0,1.61826,-0.0,-0.0,-0.0,0.0
1736847048.4318533,0.0,1.6184,-0.0,-0.0,-0.0,0.0
1736847048.4335365,0.0,1.61853,-0.0,-0.0,-0.0,0.0
1736847048.4341674,0.0,1.61865,-0.0,-0.0,-0.0,0.0
1736847048.4341674,0.0,1.61877,-0.0,-0.0,-0.0,0.0
1736847048.4356449,0.0,1.61889,-0.0,-0.0,-0.0,0.0
1736847048.4361718,0.0,1.61905,-0.0,-0.0,-0.0,0.0
1736847048.4379442,0.0,1.61921,-0.0,-0.0,-0.0,0.0
1736847048.4379442,0.0,1.61936,-0.0,-0.0,-0.0,0.0
1736847048.4389496,0.0,1.61949,-0.0,-0.0,-0.0,0.0
1736847048.4399486,0.0,1.61961,-0.0,-0.0,-0.0,0.0
1736847048.440948,0.0,1.61974,-0.0,-0.0,-0.0,0.0
1736847048.4419484,0.0,1.61986,-0.0,-0.0,-0.0,0.0
1736847048.4426122,0.0,1.61998,-0.0,-0.0,-0.0,0.0
1736847048.4426122,0.0,1.62013,-0.0,-0.0,-0.0,0.0
1736847048.4426122,0.0,1.62033,-0.0,-0.0,-0.0,0.0
1736847048.4426122,0.0,1.62047,-0.0,-0.0,-0.0,0.0
1736847048.4426122,0.0,1.6206,-0.0,-0.0,-0.0,0.0
1736847048.4426122,0.0,1.62072,-0.0,-0.0,-0.0,0.0
1736847048.4479628,0.0,1.62084,-0.0,-0.0,-0.0,0.0
1736847048.4489698,0.0,1.62096,-0.0,-0.0,-0.0,0.0
1736847048.4498568,0.0,1.62111,-0.0,-0.0,-0.0,0.0
1736847048.4500818,0.0,1.62124,-0.0,-0.0,-0.0,0.0
1736847048.4519546,0.0,1.62139,-0.0,-0.0,-0.0,0.0
1736847048.4519546,0.0,1.62156,-0.0,-0.0,-0.0,0.0
1736847048.453696,0.0,1.62168,-0.0,-0.0,-0.0,0.0
1736847048.453696,0.0,1.62181,-0.0,-0.0,-0.0,0.0
1736847048.4546971,0.0,1.62194,-0.0,-0.0,-0.0,0.0
1736847048.4556963,0.0,1.62206,-0.0,-0.0,-0.0,0.0
1736847048.456482,0.0,1.62219,-0.0,-0.0,-0.0,0.0
1736847048.4570546,0.0,1.62235,-0.0,-0.0,-0.0,0.0
1736847048.4581025,0.0,1.62251,-0.0,-0.0,-0.0,0.0
1736847048.4596703,0.0,1.62264,-0.0,-0.0,-0.0,0.0
1736847048.4596703,0.0,1.62276,-0.0,-0.0,-0.0,0.0
1736847048.460675,0.0,1.62288,-0.0,-0.0,-0.0,0.0
1736847048.4616742,0.0,1.623,-0.0,-0.0,-0.0,0.0
1736847048.4626892,0.0,1.62312,-0.0,-0.0,-0.0,0.0
1736847048.4634147,0.0,1.62324,-0.0,-0.0,-0.0,0.0
1736847048.4639184,0.0,1.62338,-0.0,-0.0,-0.0,0.0
1736847048.465401,0.0,1.62352,-0.0,-0.0,-0.0,0.0
1736847048.4655087,0.0,1.62367,-0.0,-0.0,-0.0,0.0
1736847048.4665103,0.0,1.62382,-0.0,-0.0,-0.0,0.0
1736847048.467509,0.0,1.62395,-0.0,-0.0,-0.0,0.0
1736847048.4687655,0.0,1.62407,-0.0,-0.0,-0.0,0.0
1736847048.4687655,0.0,1.62418,-0.0,-0.0,-0.0,0.0
1736847048.4699318,0.0,1.6243,-0.0,-0.0,-0.0,0.0
1736847048.4704077,0.0,1.62444,-0.0,-0.0,-0.0,0.0
1736847048.4704077,0.0,1.62459,-0.0,-0.0,-0.0,0.0
1736847048.4704077,0.0,1.62474,-0.0,-0.0,-0.0,0.0
1736847048.4704077,0.0,1.62487,-0.0,-0.0,-0.0,0.0
1736847048.4704077,0.0,1.62499,-0.0,-0.0,-0.0,0.0
1736847048.475168,0.0,1.62511,-0.0,-0.0,-0.0,0.0
1736847048.4761803,0.0,1.62523,-0.0,-0.0,-0.0,0.0
1736847048.4761803,0.0,1.62535,-0.0,-0.0,-0.0,0.0
1736847048.4773715,0.0,1.62548,-0.0,-0.0,-0.0,0.0
1736847048.4782152,0.0,1.62564,-0.0,-0.0,-0.0,0.0
1736847048.4792235,0.0,1.6258,-0.0,-0.0,-0.0,0.0
1736847048.4806294,0.0,1.62593,-0.0,-0.0,-0.0,0.0
1736847048.480725,0.0,1.62606,-0.0,-0.0,-0.0,0.0
1736847048.481727,0.0,1.6262,-0.0,-0.0,-0.0,0.0
1736847048.4827259,0.0,1.62632,-0.0,-0.0,-0.0,0.0
1736847048.4837263,0.0,1.62643,-0.0,-0.0,-0.0,0.0
1736847048.4843683,0.0,1.62656,-0.0,-0.0,-0.0,0.0
1736847048.484938,0.0,1.6267,-0.0,-0.0,-0.0,0.0
1736847048.4866383,0.0,1.62686,-0.0,-0.0,-0.0,0.0
1736847048.487457,0.0,1.627,-0.0,-0.0,-0.0,0.0
1736847048.4877708,0.0,1.62714,-0.0,-0.0,-0.0,0.0
1736847048.4887762,0.0,1.62726,-0.0,-0.0,-0.0,0.0
1736847048.4897902,0.0,1.62738,-0.0,-0.0,-0.0,0.0
1736847048.4897902,0.0,1.6275,-0.0,-0.0,-0.0,0.0
1736847048.4911861,0.0,1.62763,-0.0,-0.0,-0.0,0.0
1736847048.4924276,0.0,1.62779,-0.0,-0.0,-0.0,0.0
1736847048.49343,0.0,1.62794,-0.0,-0.0,-0.0,0.0
1736847048.49343,0.0,1.62808,-0.0,-0.0,-0.0,0.0
1736847048.4944289,0.0,1.62821,-0.0,-0.0,-0.0,0.0
1736847048.4954276,0.0,1.62833,-0.0,-0.0,-0.0,0.0
1736847048.4964025,0.0,1.62845,-0.0,-0.0,-0.0,0.0
1736847048.4974692,0.0,1.62858,-0.0,-0.0,-0.0,0.0
1736847048.4982264,0.0,1.62872,-0.0,-0.0,-0.0,0.0
1736847048.4982264,0.0,1.62888,-0.0,-0.0,-0.0,0.0
1736847048.4982264,0.0,1.62902,-0.0,-0.0,-0.0,0.0
1736847048.4982264,0.0,1.62914,-0.0,-0.0,-0.0,0.0
1736847048.501614,0.0,1.62926,-0.0,-0.0,-0.0,0.0
1736847048.502623,0.0,1.62938,-0.0,-0.0,-0.0,0.0
1736847048.502623,0.0,1.6295,-0.0,-0.0,-0.0,0.0
1736847048.5041625,0.0,1.62962,-0.0,-0.0,-0.0,0.0
1736847048.5041625,0.0,1.62974,-0.0,-0.0,-0.0,0.0
1736847048.5056553,0.0,1.62987,-0.0,-0.0,-0.0,0.0
1736847048.5066578,0.0,1.63004,-0.0,-0.0,-0.0,0.0
1736847048.507468,0.0,1.6302,-0.0,-0.0,-0.0,0.0
1736847048.5084732,0.0,1.63036,-0.0,-0.0,-0.0,0.0
1736847048.5094848,0.0,1.63048,-0.0,-0.0,-0.0,0.0
1736847048.5094848,0.0,1.6306,-0.0,-0.0,-0.0,0.0
1736847048.510473,0.0,1.63072,-0.0,-0.0,-0.0,0.0
1736847048.5120122,0.0,1.63087,-0.0,-0.0,-0.0,0.0
1736847048.5120122,0.0,1.63102,-0.0,-0.0,-0.0,0.0
1736847048.5136526,0.0,1.63118,-0.0,-0.0,-0.0,0.0
1736847048.5146601,0.0,1.63133,-0.0,-0.0,-0.0,0.0
1736847048.5156713,0.0,1.63145,-0.0,-0.0,-0.0,0.0
1736847048.5166578,0.0,1.63158,-0.0,-0.0,-0.0,0.0
1736847048.5166578,0.0,1.6317,-0.0,-0.0,-0.0,0.0
1736847048.5176575,0.0,1.63182,-0.0,-0.0,-0.0,0.0
1736847048.5186586,0.0,1.63194,-0.0,-0.0,-0.0,0.0
1736847048.5198855,0.0,1.63208,-0.0,-0.0,-0.0,0.0
1736847048.5208352,0.0,1.63225,-0.0,-0.0,-0.0,0.0
1736847048.5213969,0.0,1.63239,-0.0,-0.0,-0.0,0.0
1736847048.5224175,0.0,1.63251,-0.0,-0.0,-0.0,0.0
1736847048.5224175,0.0,1.63263,-0.0,-0.0,-0.0,0.0
1736847048.5234034,0.0,1.63276,-0.0,-0.0,-0.0,0.0
1736847048.5244021,0.0,1.63288,-0.0,-0.0,-0.0,0.0
1736847048.5255136,0.0,1.63299,-0.0,-0.0,-0.0,0.0
1736847048.5260122,0.0,1.63314,-0.0,-0.0,-0.0,0.0
1736847048.526799,0.0,1.63332,-0.0,-0.0,-0.0,0.0
1736847048.527806,0.0,1.63347,-0.0,-0.0,-0.0,0.0
1736847048.5288036,0.0,1.63359,-0.0,-0.0,-0.0,0.0
1736847048.5298035,0.0,1.63371,-0.0,-0.0,-0.0,0.0
1736847048.530461,0.0,1.63383,-0.0,-0.0,-0.0,0.0
1736847048.530461,0.0,1.63397,-0.0,-0.0,-0.0,0.0
1736847048.5324423,0.0,1.6341,-0.0,-0.0,-0.0,0.0
1736847048.5328877,0.0,1.63423,-0.0,-0.0,-0.0,0.0
1736847048.6272469,0.0,1.64939,-0.0,-0.0,-0.0,0.0
1736847048.6272469,0.0,1.64966,-0.0,-0.0,-0.0,0.0
1736847048.6272469,0.0,1.64987,-0.0,-0.0,-0.0,0.0
1736847048.6272469,0.0,1.65005,-0.0,-0.0,-0.0,0.0
1736847048.6272469,0.0,1.65018,-0.0,-0.0,-0.0,0.0
1736847048.6272469,0.0,1.65031,-0.0,-0.0,-0.0,0.0
1736847048.6369212,0.0,1.65043,-0.0,-0.0,-0.0,0.0
1736847048.6375585,0.0,1.65061,-0.0,-0.0,-0.0,0.0
1736847048.6384676,0.0,1.65075,-0.0,-0.0,-0.0,0.0
1736847048.63946,0.0,1.65089,-0.0,-0.0,-0.0,0.0
1736847048.63946,0.0,1.65102,-0.0,-0.0,-0.0,0.0
1736847048.6404736,0.0,1.65114,-0.0,-0.0,-0.0,0.0
1736847048.6414723,0.0,1.65127,-0.0,-0.0,-0.0,0.0
1736847048.6423602,0.0,1.65139,-0.0,-0.0,-0.0,0.0
1736847048.6433837,0.0,1.6515,-0.0,-0.0,-0.0,0.0
1736847048.6433837,0.0,1.65164,-0.0,-0.0,-0.0,0.0
1736847048.6451688,0.0,1.65177,-0.0,-0.0,-0.0,0.0
1736847048.6451688,0.0,1.65192,-0.0,-0.0,-0.0,0.0
1736847048.6462145,0.0,1.65205,-0.0,-0.0,-0.0,0.0
1736847048.6472142,0.0,1.65217,-0.0,-0.0,-0.0,0.0
1736847048.6484513,0.0,1.65229,-0.0,-0.0,-0.0,0.0
1736847048.6485531,0.0,1.65242,-0.0,-0.0,-0.0,0.0
1736847048.6495545,0.0,1.65254,-0.0,-0.0,-0.0,0.0
1736847048.6505554,0.0,1.65267,-0.0,-0.0,-0.0,0.0
1736847048.6517758,0.0,1.65279,-0.0,-0.0,-0.0,0.0
1736847048.652092,0.0,1.65294,-0.0,-0.0,-0.0,0.0
1736847048.6532292,0.0,1.65308,-0.0,-0.0,-0.0,0.0
1736847048.6542466,0.0,1.65321,-0.0,-0.0,-0.0,0.0
1736847048.6542466,0.0,1.65334,-0.0,-0.0,-0.0,0.0
1736847048.6542466,0.0,1.65347,-0.0,-0.0,-0.0,0.0
1736847048.6542466,0.0,1.65359,-0.0,-0.0,-0.0,0.0
1736847048.65749,0.0,1.65371,-0.0,-0.0,-0.0,0.0
1736847048.65749,0.0,1.65384,-0.0,-0.0,-0.0,0.0
1736847048.6592214,0.0,1.65399,-0.0,-0.0,-0.0,0.0
1736847048.6601565,0.0,1.65413,-0.0,-0.0,-0.0,0.0
1736847048.660602,0.0,1.65426,-0.0,-0.0,-0.0,0.0
1736847048.6616206,0.0,1.65438,-0.0,-0.0,-0.0,0.0
1736847048.6616206,0.0,1.6545,-0.0,-0.0,-0.0,0.0
1736847048.663073,0.0,1.65463,-0.0,-0.0,-0.0,0.0
1736847048.6640737,0.0,1.65475,-0.0,-0.0,-0.0,0.0
1736847048.664371,0.0,1.65488,-0.0,-0.0,-0.0,0.0
1736847048.6659021,0.0,1.65502,-0.0,-0.0,-0.0,0.0
1736847048.6659021,0.0,1.65518,-0.0,-0.0,-0.0,0.0
1736847048.6659021,0.0,1.65532,-0.0,-0.0,-0.0,0.0
1736847048.6682992,0.0,1.65544,-0.0,-0.0,-0.0,0.0
1736847048.6693053,0.0,1.65557,-0.0,-0.0,-0.0,0.0
1736847048.6693053,0.0,1.65569,-0.0,-0.0,-0.0,0.0
1736847048.6703045,0.0,1.65581,-0.0,-0.0,-0.0,0.0
1736847048.6713042,0.0,1.65593,-0.0,-0.0,-0.0,0.0
1736847048.6723056,0.0,1.65606,-0.0,-0.0,-0.0,0.0
1736847048.6729279,0.0,1.65621,-0.0,-0.0,-0.0,0.0
1736847048.6729279,0.0,1.65635,-0.0,-0.0,-0.0,0.0
1736847048.6747904,0.0,1.65648,-0.0,-0.0,-0.0,0.0
1736847048.6758118,0.0,1.65661,-0.0,-0.0,-0.0,0.0
1736847048.6758118,0.0,1.65673,-0.0,-0.0,-0.0,0.0
1736847048.677519,0.0,1.65685,-0.0,-0.0,-0.0,0.0
1736847048.677519,0.0,1.65697,-0.0,-0.0,-0.0,0.0
1736847048.678525,0.0,1.65711,-0.0,-0.0,-0.0,0.0
1736847048.6799843,0.0,1.65725,-0.0,-0.0,-0.0,0.0
1736847048.6808798,0.0,1.65739,-0.0,-0.0,-0.0,0.0
1736847048.6818855,0.0,1.65755,-0.0,-0.0,-0.0,0.0
1736847048.6818855,0.0,1.65767,-0.0,-0.0,-0.0,0.0
1736847048.6828852,0.0,1.65779,-0.0,-0.0,-0.0,0.0
1736847048.6838844,0.0,1.65791,-0.0,-0.0,-0.0,0.0
1736847048.6848865,0.0,1.65803,-0.0,-0.0,-0.0,0.0
1736847048.6848865,0.0,1.65815,-0.0,-0.0,-0.0,0.0
1736847048.6858852,0.0,1.65829,-0.0,-0.0,-0.0,0.0
1736847048.6869888,0.0,1.65846,-0.0,-0.0,-0.0,0.0
1736847048.6879911,0.0,1.65859,-0.0,-0.0,-0.0,0.0
1736847048.6889899,0.0,1.65871,-0.0,-0.0,-0.0,0.0
1736847048.6899898,0.0,1.65882,-0.0,-0.0,-0.0,0.0
1736847048.6899898,0.0,1.65894,-0.0,-0.0,-0.0,0.0
1736847048.6909904,0.0,1.65906,-0.0,-0.0,-0.0,0.0
1736847048.6921585,0.0,1.65918,-0.0,-0.0,-0.0,0.0
1736847048.6931677,0.0,1.65931,-0.0,-0.0,-0.0,0.0
1736847048.6939297,0.0,1.65948,-0.0,-0.0,-0.0,0.0
1736847048.6951363,0.0,1.65961,-0.0,-0.0,-0.0,0.0
1736847048.6951363,0.0,1.65974,-0.0,-0.0,-0.0,0.0
1736847048.6961439,0.0,1.65987,-0.0,-0.0,-0.0,0.0
1736847048.696941,0.0,1.65999,-0.0,-0.0,-0.0,0.0
1736847048.696941,0.0,1.66011,-0.0,-0.0,-0.0,0.0
1736847048.696941,0.0,1.66023,-0.0,-0.0,-0.0,0.0
1736847048.6991093,0.0,1.66037,-0.0,-0.0,-0.0,0.0
1736847048.700359,0.0,1.66052,-0.0,-0.0,-0.0,0.0
1736847048.700359,0.0,1.66066,-0.0,-0.0,-0.0,0.0
1736847048.7026289,0.0,1.66079,-0.0,-0.0,-0.0,0.0
1736847048.702752,0.0,1.66093,-0.0,-0.0,-0.0,0.0
1736847048.703754,0.0,1.66106,-0.0,-0.0,-0.0,0.0
1736847048.704753,0.0,1.66118,-0.0,-0.0,-0.0,0.0
1736847048.7057524,0.0,1.66129,-0.0,-0.0,-0.0,0.0
1736847048.7057524,0.0,1.66141,-0.0,-0.0,-0.0,0.0
1736847048.7074113,0.0,1.66156,-0.0,-0.0,-0.0,0.0
1736847048.7081106,0.0,1.66171,-0.0,-0.0,-0.0,0.0
1736847048.70913,0.0,1.66185,-0.0,-0.0,-0.0,0.0
1736847048.7101147,0.0,1.66197,-0.0,-0.0,-0.0,0.0
1736847048.7101147,0.0,1.66209,-0.0,-0.0,-0.0,0.0
1736847048.711627,0.0,1.66221,-0.0,-0.0,-0.0,0.0
1736847048.711627,0.0,1.66233,-0.0,-0.0,-0.0,0.0
1736847048.713113,0.0,1.66245,-0.0,-0.0,-0.0,0.0
1736847048.713113,0.0,1.66256,-0.0,-0.0,-0.0,0.0
1736847048.7148306,0.0,1.66272,-0.0,-0.0,-0.0,0.0
1736847048.7158372,0.0,1.66289,-0.0,-0.0,-0.0,0.0
1736847048.7168348,0.0,1.66303,-0.0,-0.0,-0.0,0.0
1736847048.7168348,0.0,1.66315,-0.0,-0.0,-0.0,0.0
1736847048.7178357,0.0,1.66327,-0.0,-0.0,-0.0,0.0
1736847048.7188346,0.0,1.66339,-0.0,-0.0,-0.0,0.0
1736847048.7199163,0.0,1.6635,-0.0,-0.0,-0.0,0.0
1736847048.7199163,0.0,1.66364,-0.0,-0.0,-0.0,0.0
1736847048.7215393,0.0,1.66379,-0.0,-0.0,-0.0,0.0
1736847048.7215393,0.0,1.66392,-0.0,-0.0,-0.0,0.0
1736847048.7225895,0.0,1.66406,-0.0,-0.0,-0.0,0.0
1736847048.7235892,0.0,1.66418,-0.0,-0.0,-0.0,0.0
1736847048.724588,0.0,1.6643,-0.0,-0.0,-0.0,0.0
1736847048.7256293,0.0,1.66442,-0.0,-0.0,-0.0,0.0
1736847048.7257168,0.0,1.66454,-0.0,-0.0,-0.0,0.0
1736847048.7267182,0.0,1.66466,-0.0,-0.0,-0.0,0.0
1736847048.727718,0.0,1.66479,-0.0,-0.0,-0.0,0.0
1736847048.7288587,0.0,1.66494,-0.0,-0.0,-0.0,0.0
1736847048.7297223,0.0,1.66508,-0.0,-0.0,-0.0,0.0
1736847048.7304692,0.0,1.66521,-0.0,-0.0,-0.0,0.0
1736847048.7314746,0.0,1.66534,-0.0,-0.0,-0.0,0.0
1736847048.7314746,0.0,1.66546,-0.0,-0.0,-0.0,0.0
1736847048.7314746,0.0,1.66558,-0.0,-0.0,-0.0,0.0
1736847048.733849,0.0,1.6657,-0.0,-0.0,-0.0,0.0
1736847048.733849,0.0,1.66583,-0.0,-0.0,-0.0,0.0
1736847048.7350383,0.0,1.66597,-0.0,-0.0,-0.0,0.0
1736847048.7362835,0.0,1.66611,-0.0,-0.0,-0.0,0.0
1736847048.7367878,0.0,1.66624,-0.0,-0.0,-0.0,0.0
1736847048.7377946,0.0,1.66637,-0.0,-0.0,-0.0,0.0
1736847048.7387927,0.0,1.66648,-0.0,-0.0,-0.0,0.0
1736847048.7387927,0.0,1.6666,-0.0,-0.0,-0.0,0.0
1736847048.739792,0.0,1.66672,-0.0,-0.0,-0.0,0.0
1736847048.7407925,0.0,1.66684,-0.0,-0.0,-0.0,0.0
1736847048.7417924,0.0,1.66696,-0.0,-0.0,-0.0,0.0
1736847048.7425394,0.0,1.66714,-0.0,-0.0,-0.0,0.0
1736847048.7435822,0.0,1.66727,-0.0,-0.0,-0.0,0.0
1736847048.7445796,0.0,1.6674,-0.0,-0.0,-0.0,0.0
1736847048.7445796,0.0,1.66752,-0.0,-0.0,-0.0,0.0
1736847048.7455804,0.0,1.66763,-0.0,-0.0,-0.0,0.0
1736847048.7465892,0.0,1.66775,-0.0,-0.0,-0.0,0.0
1736847048.7476935,0.0,1.66787,-0.0,-0.0,-0.0,0.0
1736847048.7476935,0.0,1.66801,-0.0,-0.0,-0.0,0.0
1736847048.7493453,0.0,1.66815,-0.0,-0.0,-0.0,0.0
1736847048.7503524,0.0,1.66829,-0.0,-0.0,-0.0,0.0
1736847048.7503524,0.0,1.66842,-0.0,-0.0,-0.0,0.0
1736847048.7513497,0.0,1.66854,-0.0,-0.0,-0.0,0.0
1736847048.7521646,0.0,1.66866,-0.0,-0.0,-0.0,0.0
1736847048.7521646,0.0,1.66881,-0.0,-0.0,-0.0,0.0
1736847048.7521646,0.0,1.66894,-0.0,-0.0,-0.0,0.0
1736847048.754664,0.0,1.66906,-0.0,-0.0,-0.0,0.0
1736847048.7559786,0.0,1.66919,-0.0,-0.0,-0.0,0.0
1736847048.7559786,0.0,1.66933,-0.0,-0.0,-0.0,0.0
1736847048.7559786,0.0,1.66946,-0.0,-0.0,-0.0,0.0
1736847048.7584782,0.0,1.66959,-0.0,-0.0,-0.0,0.0
1736847048.7593763,0.0,1.66971,-0.0,-0.0,-0.0,0.0
1736847048.759882,0.0,1.66983,-0.0,-0.0,-0.0,0.0
1736847048.7608867,0.0,1.66994,-0.0,-0.0,-0.0,0.0
1736847048.7608867,0.0,1.67007,-0.0,-0.0,-0.0,0.0
1736847048.761889,0.0,1.6702,-0.0,-0.0,-0.0,0.0
1736847048.7633414,0.0,1.67037,-0.0,-0.0,-0.0,0.0
1736847048.764098,0.0,1.67052,-0.0,-0.0,-0.0,0.0
1736847048.7651043,0.0,1.67066,-0.0,-0.0,-0.0,0.0
1736847048.7661283,0.0,1.67079,-0.0,-0.0,-0.0,0.0
1736847048.7661283,0.0,1.67091,-0.0,-0.0,-0.0,0.0
1736847048.7671041,0.0,1.67103,-0.0,-0.0,-0.0,0.0
1736847048.7681036,0.0,1.67115,-0.0,-0.0,-0.0,0.0
1736847048.769105,0.0,1.67129,-0.0,-0.0,-0.0,0.0
1736847048.769862,0.0,1.67144,-0.0,-0.0,-0.0,0.0
1736847048.7705007,0.0,1.67157,-0.0,-0.0,-0.0,0.0
1736847048.7715068,0.0,1.67171,-0.0,-0.0,-0.0,0.0
1736847048.7725055,0.0,1.67184,-0.0,-0.0,-0.0,0.0
1736847048.7735157,0.0,1.67196,-0.0,-0.0,-0.0,0.0
1736847048.7735157,0.0,1.67207,-0.0,-0.0,-0.0,0.0
1736847048.7745063,0.0,1.67219,-0.0,-0.0,-0.0,0.0
1736847048.7754858,0.0,1.6723,-0.0,-0.0,-0.0,0.0
1736847048.776491,0.0,1.67243,-0.0,-0.0,-0.0,0.0
1736847048.7769303,0.0,1.6726,-0.0,-0.0,-0.0,0.0
1736847048.7769303,0.0,1.67273,-0.0,-0.0,-0.0,0.0
1736847048.7769303,0.0,1.67286,-0.0,-0.0,-0.0,0.0
1736847048.7769303,0.0,1.67297,-0.0,-0.0,-0.0,0.0
1736847048.7769303,0.0,1.67309,-0.0,-0.0,-0.0,0.0
1736847048.78154,0.0,1.67321,-0.0,-0.0,-0.0,0.0
1736847048.7822998,0.0,1.67334,-0.0,-0.0,-0.0,0.0
1736847048.7833138,0.0,1.67347,-0.0,-0.0,-0.0,0.0
1736847048.784065,0.0,1.67365,-0.0,-0.0,-0.0,0.0
1736847048.785109,0.0,1.67382,-0.0,-0.0,-0.0,0.0
1736847048.786109,0.0,1.67396,-0.0,-0.0,-0.0,0.0
1736847048.787109,0.0,1.67409,-0.0,-0.0,-0.0,0.0
1736847048.7877934,0.0,1.67422,-0.0,-0.0,-0.0,0.0
1736847048.7887986,0.0,1.67435,-0.0,-0.0,-0.0,0.0
1736847048.7887986,0.0,1.67448,-0.0,-0.0,-0.0,0.0
1736847048.789799,0.0,1.6746,-0.0,-0.0,-0.0,0.0
1736847048.7912948,0.0,1.67475,-0.0,-0.0,-0.0,0.0
1736847048.7921896,0.0,1.67489,-0.0,-0.0,-0.0,0.0
1736847048.7921896,0.0,1.67502,-0.0,-0.0,-0.0,0.0
1736847048.7937872,0.0,1.67515,-0.0,-0.0,-0.0,0.0
1736847048.7947876,0.0,1.67527,-0.0,-0.0,-0.0,0.0
1736847048.7947876,0.0,1.67539,-0.0,-0.0,-0.0,0.0
1736847048.7957861,0.0,1.67551,-0.0,-0.0,-0.0,0.0
1736847048.7967875,0.0,1.67563,-0.0,-0.0,-0.0,0.0
1736847048.7979891,0.0,1.67577,-0.0,-0.0,-0.0,0.0
1736847048.7979891,0.0,1.67592,-0.0,-0.0,-0.0,0.0
1736847048.7996025,0.0,1.67606,-0.0,-0.0,-0.0,0.0
1736847048.8006077,0.0,1.67619,-0.0,-0.0,-0.0,0.0
1736847048.8006077,0.0,1.6763,-0.0,-0.0,-0.0,0.0
1736847048.801607,0.0,1.67642,-0.0,-0.0,-0.0,0.0
1736847048.802617,0.0,1.67654,-0.0,-0.0,-0.0,0.0
1736847048.802617,0.0,1.67666,-0.0,-0.0,-0.0,0.0
1736847048.8036077,0.0,1.67678,-0.0,-0.0,-0.0,0.0
1736847048.805468,0.0,1.67693,-0.0,-0.0,-0.0,0.0
1736847048.805757,0.0,1.6771,-0.0,-0.0,-0.0,0.0
1736847048.8068025,0.0,1.67723,-0.0,-0.0,-0.0,0.0
1736847048.8078105,0.0,1.67737,-0.0,-0.0,-0.0,0.0
1736847048.8088012,0.0,1.67748,-0.0,-0.0,-0.0,0.0
1736847048.8096054,0.0,1.6776,-0.0,-0.0,-0.0,0.0
1736847048.8096054,0.0,1.67772,-0.0,-0.0,-0.0,0.0
1736847048.8106112,0.0,1.67785,-0.0,-0.0,-0.0,0.0
1736847048.8120553,0.0,1.67801,-0.0,-0.0,-0.0,0.0
1736847048.8130984,0.0,1.67815,-0.0,-0.0,-0.0,0.0
1736847048.8133445,0.0,1.67828,-0.0,-0.0,-0.0,0.0
1736847048.8143501,0.0,1.6784,-0.0,-0.0,-0.0,0.0
1736847048.8153496,0.0,1.67852,-0.0,-0.0,-0.0,0.0
1736847048.8153496,0.0,1.67864,-0.0,-0.0,-0.0,0.0
1736847048.8163502,0.0,1.67876,-0.0,-0.0,-0.0,0.0
1736847048.8173509,0.0,1.67888,-0.0,-0.0,-0.0,0.0
1736847048.8183503,0.0,1.67902,-0.0,-0.0,-0.0,0.0
1736847048.819199,0.0,1.67916,-0.0,-0.0,-0.0,0.0
1736847048.8202462,0.0,1.67932,-0.0,-0.0,-0.0,0.0
1736847048.821245,0.0,1.67949,-0.0,-0.0,-0.0,0.0
1736847048.8222451,0.0,1.67964,-0.0,-0.0,-0.0,0.0
1736847048.8228757,0.0,1.67977,-0.0,-0.0,-0.0,0.0
1736847048.8241277,0.0,1.67991,-0.0,-0.0,-0.0,0.0
1736847048.8251355,0.0,1.68005,-0.0,-0.0,-0.0,0.0
1736847048.8256304,0.0,1.6802,-0.0,-0.0,-0.0,0.0
1736847048.8256304,0.0,1.68034,-0.0,-0.0,-0.0,0.0
1736847048.8256304,0.0,1.68048,-0.0,-0.0,-0.0,0.0
1736847048.828736,0.0,1.68061,-0.0,-0.0,-0.0,0.0
1736847048.828736,0.0,1.68075,-0.0,-0.0,-0.0,0.0
1736847048.829743,0.0,1.68087,-0.0,-0.0,-0.0,0.0
1736847048.8307407,0.0,1.68099,-0.0,-0.0,-0.0,0.0
1736847048.831743,0.0,1.68111,-0.0,-0.0,-0.0,0.0
1736847048.8330123,0.0,1.68126,-0.0,-0.0,-0.0,0.0
1736847048.8330123,0.0,1.68142,-0.0,-0.0,-0.0,0.0
1736847048.834671,0.0,1.68157,-0.0,-0.0,-0.0,0.0
1736847048.8356767,0.0,1.6817,-0.0,-0.0,-0.0,0.0
1736847048.8356767,0.0,1.68182,-0.0,-0.0,-0.0,0.0
1736847048.8366752,0.0,1.68193,-0.0,-0.0,-0.0,0.0
1736847048.8376844,0.0,1.68205,-0.0,-0.0,-0.0,0.0
1736847048.838675,0.0,1.68217,-0.0,-0.0,-0.0,0.0
1736847048.8393903,0.0,1.68231,-0.0,-0.0,-0.0,0.0
1736847048.84042,0.0,1.68247,-0.0,-0.0,-0.0,0.0
1736847048.8414261,0.0,1.68261,-0.0,-0.0,-0.0,0.0
1736847048.8424256,0.0,1.68275,-0.0,-0.0,-0.0,0.0
1736847048.8424256,0.0,1.68288,-0.0,-0.0,-0.0,0.0
1736847048.8434246,0.0,1.68301,-0.0,-0.0,-0.0,0.0
1736847048.8444245,0.0,1.68312,-0.0,-0.0,-0.0,0.0
1736847048.845425,0.0,1.68324,-0.0,-0.0,-0.0,0.0
1736847048.8464267,0.0,1.68339,-0.0,-0.0,-0.0,0.0
1736847048.8472867,0.0,1.68357,-0.0,-0.0,-0.0,0.0
1736847048.8483438,0.0,1.68371,-0.0,-0.0,-0.0,0.0
1736847048.8493328,0.0,1.68385,-0.0,-0.0,-0.0,0.0
1736847048.8493328,0.0,1.68397,-0.0,-0.0,-0.0,0.0
1736847048.850332,0.0,1.68409,-0.0,-0.0,-0.0,0.0
1736847048.8513415,0.0,1.6842,-0.0,-0.0,-0.0,0.0
1736847048.852333,0.0,1.68432,-0.0,-0.0,-0.0,0.0
1736847048.852333,0.0,1.68445,-0.0,-0.0,-0.0,0.0
1736847048.853823,0.0,1.68459,-0.0,-0.0,-0.0,0.0
1736847048.8541393,0.0,1.68473,-0.0,-0.0,-0.0,0.0
1736847048.8551855,0.0,1.68486,-0.0,-0.0,-0.0,0.0
1736847048.8561833,0.0,1.68497,-0.0,-0.0,-0.0,0.0
1736847048.8570688,0.0,1.68509,-0.0,-0.0,-0.0,0.0
1736847048.8570688,0.0,1.68521,-0.0,-0.0,-0.0,0.0
1736847048.8580747,0.0,1.68532,-0.0,-0.0,-0.0,0.0
1736847048.8590744,0.0,1.68546,-0.0,-0.0,-0.0,0.0
1736847048.8602428,0.0,1.6856,-0.0,-0.0,-0.0,0.0
1736847048.8602428,0.0,1.68574,-0.0,-0.0,-0.0,0.0
1736847048.8602428,0.0,1.68587,-0.0,-0.0,-0.0,0.0
1736847048.8630776,0.0,1.68599,-0.0,-0.0,-0.0,0.0
1736847048.8631938,0.0,1.68612,-0.0,-0.0,-0.0,0.0
1736847048.864196,0.0,1.68624,-0.0,-0.0,-0.0,0.0
1736847048.8651953,0.0,1.68635,-0.0,-0.0,-0.0,0.0
1736847048.8651953,0.0,1.68646,-0.0,-0.0,-0.0,0.0
1736847048.8661947,0.0,1.68659,-0.0,-0.0,-0.0,0.0
1736847048.8675094,0.0,1.68675,-0.0,-0.0,-0.0,0.0
1736847048.869258,0.0,1.68696,-0.0,-0.0,-0.0,0.0
1736847048.8702598,0.0,1.68714,-0.0,-0.0,-0.0,0.0
1736847048.8702598,0.0,1.68727,-0.0,-0.0,-0.0,0.0
1736847048.8712592,0.0,1.68739,-0.0,-0.0,-0.0,0.0
1736847048.872531,0.0,1.68751,-0.0,-0.0,-0.0,0.0
1736847048.873546,0.0,1.68764,-0.0,-0.0,-0.0,0.0
1736847048.8740964,0.0,1.68779,-0.0,-0.0,-0.0,0.0
1736847048.8740964,0.0,1.68793,-0.0,-0.0,-0.0,0.0
1736847048.8740964,0.0,1.68807,-0.0,-0.0,-0.0,0.0
1736847048.8740964,0.0,1.68819,-0.0,-0.0,-0.0,0.0
1736847048.8740964,0.0,1.6883,-0.0,-0.0,-0.0,0.0
1736847048.8740964,0.0,1.68842,-0.0,-0.0,-0.0,0.0
1736847048.8740964,0.0,1.68854,-0.0,-0.0,-0.0,0.0
1736847048.8796391,0.0,1.68866,-0.0,-0.0,-0.0,0.0
1736847048.880647,0.0,1.6888,-0.0,-0.0,-0.0,0.0
1736847048.8817255,0.0,1.68895,-0.0,-0.0,-0.0,0.0
1736847048.8825896,0.0,1.68909,-0.0,-0.0,-0.0,0.0
1736847048.8834248,0.0,1.68922,-0.0,-0.0,-0.0,0.0
1736847048.8834248,0.0,1.68935,-0.0,-0.0,-0.0,0.0
1736847048.884437,0.0,1.68947,-0.0,-0.0,-0.0,0.0
1736847048.8859735,0.0,1.68959,-0.0,-0.0,-0.0,0.0
1736847048.8859735,0.0,1.68972,-0.0,-0.0,-0.0,0.0
1736847048.8869755,0.0,1.68985,-0.0,-0.0,-0.0,0.0
1736847048.8884156,0.0,1.69,-0.0,-0.0,-0.0,0.0
1736847048.8894172,0.0,1.69014,-0.0,-0.0,-0.0,0.0
1736847048.8894172,0.0,1.69027,-0.0,-0.0,-0.0,0.0
1736847048.8904173,0.0,1.6904,-0.0,-0.0,-0.0,0.0
1736847048.8918085,0.0,1.69052,-0.0,-0.0,-0.0,0.0
1736847048.891909,0.0,1.69064,-0.0,-0.0,-0.0,0.0
1736847048.89291,0.0,1.69076,-0.0,-0.0,-0.0,0.0
1736847048.8939207,0.0,1.69088,-0.0,-0.0,-0.0,0.0
1736847048.8948655,0.0,1.69101,-0.0,-0.0,-0.0,0.0
1736847048.8951588,0.0,1.69115,-0.0,-0.0,-0.0,0.0
1736847048.8964894,0.0,1.69128,-0.0,-0.0,-0.0,0.0
1736847048.8974955,0.0,1.69141,-0.0,-0.0,-0.0,0.0
1736847048.8974955,0.0,1.69155,-0.0,-0.0,-0.0,0.0
1736847048.8974955,0.0,1.69167,-0.0,-0.0,-0.0,0.0
1736847048.8974955,0.0,1.69179,-0.0,-0.0,-0.0,0.0
1736847048.9004796,0.0,1.69191,-0.0,-0.0,-0.0,0.0
1736847048.9014862,0.0,1.69203,-0.0,-0.0,-0.0,0.0
1736847048.9018135,0.0,1.6922,-0.0,-0.0,-0.0,0.0
1736847048.9018135,0.0,1.69237,-0.0,-0.0,-0.0,0.0
1736847048.9018135,0.0,1.69259,-0.0,-0.0,-0.0,0.0
1736847048.9018135,0.0,1.69278,-0.0,-0.0,-0.0,0.0
1736847048.907501,0.0,1.69295,-0.0,-0.0,-0.0,0.0
1736847048.9085133,0.0,1.69313,-0.0,-0.0,-0.0,0.0
1736847048.909968,0.0,1.69331,-0.0,-0.0,-0.0,0.0
1736847048.909968,0.0,1.69355,-0.0,-0.0,-0.0,0.0
1736847048.909968,0.0,1.69376,-0.0,-0.0,-0.0,0.0
1736847048.909968,0.0,1.69393,-0.0,-0.0,-0.0,0.0
1736847048.9144294,0.0,1.69408,-0.0,-0.0,-0.0,0.0
1736847048.9154398,0.0,1.69425,-0.0,-0.0,-0.0,0.0
1736847048.9166853,0.0,1.69443,-0.0,-0.0,-0.0,0.0
1736847048.9166853,0.0,1.69462,-0.0,-0.0,-0.0,0.0
1736847048.9166853,0.0,1.69485,-0.0,-0.0,-0.0,0.0
1736847048.9166853,0.0,1.69505,-0.0,-0.0,-0.0,0.0
1736847048.9213836,0.0,1.69524,-0.0,-0.0,-0.0,0.0
1736847048.9223926,0.0,1.69541,-0.0,-0.0,-0.0,0.0
1736847048.9235168,0.0,1.69562,-0.0,-0.0,-0.0,0.0
1736847048.9235168,0.0,1.69582,-0.0,-0.0,-0.0,0.0
1736847048.9235168,0.0,1.69603,-0.0,-0.0,-0.0,0.0
1736847048.928349,0.0,1.69625,-0.0,-0.0,-0.0,0.0
1736847048.9293578,0.0,1.69641,-0.0,-0.0,-0.0,0.0
1736847048.9307382,0.0,1.69661,-0.0,-0.0,-0.0,0.0
1736847048.9307382,0.0,1.69683,-0.0,-0.0,-0.0,0.0
1736847048.9307382,0.0,1.69703,-0.0,-0.0,-0.0,0.0
1736847048.9307382,0.0,1.69721,-0.0,-0.0,-0.0,0.0
1736847048.935269,0.0,1.69741,-0.0,-0.0,-0.0,0.0
1736847048.936278,0.0,1.69757,-0.0,-0.0,-0.0,0.0
1736847048.9372814,0.0,1.69775,-0.0,-0.0,-0.0,0.0
1736847048.938279,0.0,1.69794,-0.0,-0.0,-0.0,0.0
1736847048.9398932,0.0,1.69812,-0.0,-0.0,-0.0,0.0
1736847048.9398932,0.0,1.69831,-0.0,-0.0,-0.0,0.0
1736847048.9422262,0.0,1.69849,-0.0,-0.0,-0.0,0.0
1736847048.9432435,0.0,1.69866,-0.0,-0.0,-0.0,0.0
1736847048.9442382,0.0,1.69881,-0.0,-0.0,-0.0,0.0
1736847048.9452338,0.0,1.69897,-0.0,-0.0,-0.0,0.0
1736847048.946233,0.0,1.69914,-0.0,-0.0,-0.0,0.0
1736847048.9477515,0.0,1.6993,-0.0,-0.0,-0.0,0.0
1736847048.9487002,0.0,1.69947,-0.0,-0.0,-0.0,0.0
1736847048.9497557,0.0,1.69962,-0.0,-0.0,-0.0,0.0
1736847048.9509344,0.0,1.69979,-0.0,-0.0,-0.0,0.0
1736847048.9515126,0.0,1.69994,-0.0,-0.0,-0.0,0.0
1736847048.9525192,0.0,1.70007,-0.0,-0.0,-0.0,0.0
1736847048.9525192,0.0,1.70019,-0.0,-0.0,-0.0,0.0
1736847048.9535186,0.0,1.70031,-0.0,-0.0,-0.0,0.0
1736847048.954518,0.0,1.70043,-0.0,-0.0,-0.0,0.0
1736847048.9555304,0.0,1.70054,-0.0,-0.0,-0.0,0.0
1736847048.956031,0.0,1.70066,-0.0,-0.0,-0.0,0.0
1736847048.9570467,0.0,1.7008,-0.0,-0.0,-0.0,0.0
1736847048.957821,0.0,1.70096,-0.0,-0.0,-0.0,0.0
1736847048.9588735,0.0,1.7011,-0.0,-0.0,-0.0,0.0
1736847048.959876,0.0,1.70122,-0.0,-0.0,-0.0,0.0
1736847048.959876,0.0,1.70135,-0.0,-0.0,-0.0,0.0
1736847048.9612744,0.0,1.70147,-0.0,-0.0,-0.0,0.0
1736847048.9623747,0.0,1.70161,-0.0,-0.0,-0.0,0.0
1736847048.962961,0.0,1.70174,-0.0,-0.0,-0.0,0.0
1736847048.9639664,0.0,1.70186,-0.0,-0.0,-0.0,0.0
1736847048.9642403,0.0,1.70202,-0.0,-0.0,-0.0,0.0
1736847048.9642403,0.0,1.70216,-0.0,-0.0,-0.0,0.0
1736847048.966493,0.0,1.70229,-0.0,-0.0,-0.0,0.0
1736847048.9675035,0.0,1.70241,-0.0,-0.0,-0.0,0.0
1736847048.9682896,0.0,1.70253,-0.0,-0.0,-0.0,0.0
1736847048.9682896,0.0,1.70264,-0.0,-0.0,-0.0,0.0
1736847048.969295,0.0,1.70276,-0.0,-0.0,-0.0,0.0
1736847048.9703074,0.0,1.70288,-0.0,-0.0,-0.0,0.0
1736847048.9712968,0.0,1.70302,-0.0,-0.0,-0.0,0.0
1736847048.97211,0.0,1.70317,-0.0,-0.0,-0.0,0.0
1736847048.9731166,0.0,1.70331,-0.0,-0.0,-0.0,0.0
1736847048.9731166,0.0,1.70342,-0.0,-0.0,-0.0,0.0
1736847048.9741151,0.0,1.70355,-0.0,-0.0,-0.0,0.0
1736847048.9751146,0.0,1.70367,-0.0,-0.0,-0.0,0.0
1736847048.9761245,0.0,1.70378,-0.0,-0.0,-0.0,0.0
1736847048.9761245,0.0,1.7039,-0.0,-0.0,-0.0,0.0
1736847048.9771152,0.0,1.70402,-0.0,-0.0,-0.0,0.0
1736847048.9787717,0.0,1.70417,-0.0,-0.0,-0.0,0.0
1736847048.9797878,0.0,1.70436,-0.0,-0.0,-0.0,0.0
1736847048.9807868,0.0,1.70452,-0.0,-0.0,-0.0,0.0
1736847048.9807868,0.0,1.70464,-0.0,-0.0,-0.0,0.0
1736847048.9817767,0.0,1.70476,-0.0,-0.0,-0.0,0.0
1736847048.982776,0.0,1.70487,-0.0,-0.0,-0.0,0.0
1736847048.983801,0.0,1.70499,-0.0,-0.0,-0.0,0.0
1736847048.9848084,0.0,1.70512,-0.0,-0.0,-0.0,0.0
1736847048.9851146,0.0,1.70527,-0.0,-0.0,-0.0,0.0
1736847048.9851146,0.0,1.70541,-0.0,-0.0,-0.0,0.0
1736847048.9851146,0.0,1.70554,-0.0,-0.0,-0.0,0.0
1736847048.9851146,0.0,1.70566,-0.0,-0.0,-0.0,0.0
1736847048.9888725,0.0,1.70578,-0.0,-0.0,-0.0,0.0
1736847048.9896533,0.0,1.7059,-0.0,-0.0,-0.0,0.0
1736847048.9905071,0.0,1.70603,-0.0,-0.0,-0.0,0.0
1736847048.9905071,0.0,1.70615,-0.0,-0.0,-0.0,0.0
1736847048.9921234,0.0,1.70628,-0.0,-0.0,-0.0,0.0
1736847048.9925702,0.0,1.70646,-0.0,-0.0,-0.0,0.0
1736847048.993574,0.0,1.7066,-0.0,-0.0,-0.0,0.0
1736847048.9950063,0.0,1.70672,-0.0,-0.0,-0.0,0.0
1736847048.9950063,0.0,1.70685,-0.0,-0.0,-0.0,0.0
1736847048.9960086,0.0,1.70697,-0.0,-0.0,-0.0,0.0
1736847048.9970071,0.0,1.70709,-0.0,-0.0,-0.0,0.0
1736847048.9980116,0.0,1.70721,-0.0,-0.0,-0.0,0.0
1736847048.9990108,0.0,1.70734,-0.0,-0.0,-0.0,0.0
1736847048.999449,0.0,1.70751,-0.0,-0.0,-0.0,0.0
1736847049.000907,0.0,1.70765,-0.0,-0.0,-0.0,0.0
1736847049.000996,0.0,1.70779,-0.0,-0.0,-0.0,0.0
1736847049.0019991,0.0,1.70791,-0.0,-0.0,-0.0,0.0
1736847049.0029972,0.0,1.70803,-0.0,-0.0,-0.0,0.0
1736847049.0040073,0.0,1.70815,-0.0,-0.0,-0.0,0.0
1736847049.0040073,0.0,1.70827,-0.0,-0.0,-0.0,0.0
1736847049.0050013,0.0,1.70839,-0.0,-0.0,-0.0,0.0
1736847049.0065138,0.0,1.70854,-0.0,-0.0,-0.0,0.0
1736847049.007391,0.0,1.70869,-0.0,-0.0,-0.0,0.0
1736847049.007892,0.0,1.70882,-0.0,-0.0,-0.0,0.0
1736847049.0089123,0.0,1.70894,-0.0,-0.0,-0.0,0.0
1736847049.0098987,0.0,1.70906,-0.0,-0.0,-0.0,0.0
1736847049.0098987,0.0,1.70918,-0.0,-0.0,-0.0,0.0
1736847049.0108986,0.0,1.7093,-0.0,-0.0,-0.0,0.0
1736847049.0119114,0.0,1.70942,-0.0,-0.0,-0.0,0.0
1736847049.0130334,0.0,1.70955,-0.0,-0.0,-0.0,0.0
1736847049.0134552,0.0,1.70971,-0.0,-0.0,-0.0,0.0
1736847049.0145104,0.0,1.70984,-0.0,-0.0,-0.0,0.0
1736847049.0154982,0.0,1.70995,-0.0,-0.0,-0.0,0.0
1736847049.0154982,0.0,1.71007,-0.0,-0.0,-0.0,0.0
1736847049.0164983,0.0,1.71019,-0.0,-0.0,-0.0,0.0
1736847049.0174978,0.0,1.71031,-0.0,-0.0,-0.0,0.0
1736847049.018517,0.0,1.71042,-0.0,-0.0,-0.0,0.0
1736847049.018517,0.0,1.71056,-0.0,-0.0,-0.0,0.0
1736847049.0203683,0.0,1.71071,-0.0,-0.0,-0.0,0.0
1736847049.0203683,0.0,1.71085,-0.0,-0.0,-0.0,0.0
1736847049.0214202,0.0,1.71098,-0.0,-0.0,-0.0,0.0
1736847049.0224183,0.0,1.7111,-0.0,-0.0,-0.0,0.0
1736847049.0234957,0.0,1.71122,-0.0,-0.0,-0.0,0.0
1736847049.0242112,0.0,1.71133,-0.0,-0.0,-0.0,0.0
1736847049.025121,0.0,1.71145,-0.0,-0.0,-0.0,0.0
1736847049.025121,0.0,1.71157,-0.0,-0.0,-0.0,0.0
1736847049.0261276,0.0,1.71171,-0.0,-0.0,-0.0,0.0
1736847049.0270817,0.0,1.71185,-0.0,-0.0,-0.0,0.0
1736847049.0280871,0.0,1.71198,-0.0,-0.0,-0.0,0.0
1736847049.0291615,0.0,1.7121,-0.0,-0.0,-0.0,0.0
1736847049.0298488,0.0,1.71223,-0.0,-0.0,-0.0,0.0
1736847049.030854,0.0,1.71235,-0.0,-0.0,-0.0,0.0
1736847049.030854,0.0,1.71247,-0.0,-0.0,-0.0,0.0
1736847049.0318532,0.0,1.71259,-0.0,-0.0,-0.0,0.0
1736847049.032854,0.0,1.71273,-0.0,-0.0,-0.0,0.0
1736847049.034017,0.0,1.71287,-0.0,-0.0,-0.0,0.0
1736847049.0350592,0.0,1.71301,-0.0,-0.0,-0.0,0.0
1736847049.0358768,0.0,1.71314,-0.0,-0.0,-0.0,0.0
1736847049.0358768,0.0,1.71327,-0.0,-0.0,-0.0,0.0
1736847049.0368786,0.0,1.7134,-0.0,-0.0,-0.0,0.0
1736847049.0378776,0.0,1.71352,-0.0,-0.0,-0.0,0.0
1736847049.0388918,0.0,1.71363,-0.0,-0.0,-0.0,0.0
1736847049.0388918,0.0,1.71375,-0.0,-0.0,-0.0,0.0
1736847049.0398784,0.0,1.71387,-0.0,-0.0,-0.0,0.0
1736847049.0412924,0.0,1.71402,-0.0,-0.0,-0.0,0.0
1736847049.0423825,0.0,1.71418,-0.0,-0.0,-0.0,0.0
1736847049.0435011,0.0,1.71434,-0.0,-0.0,-0.0,0.0
1736847049.0435011,0.0,1.71447,-0.0,-0.0,-0.0,0.0
1736847049.044507,0.0,1.71459,-0.0,-0.0,-0.0,0.0
1736847049.0455058,0.0,1.71472,-0.0,-0.0,-0.0,0.0
1736847049.046505,0.0,1.71484,-0.0,-0.0,-0.0,0.0
1736847049.0475066,0.0,1.71497,-0.0,-0.0,-0.0,0.0
1736847049.0481498,0.0,1.71513,-0.0,-0.0,-0.0,0.0
1736847049.049169,0.0,1.71526,-0.0,-0.0,-0.0,0.0
1736847049.0501547,0.0,1.71538,-0.0,-0.0,-0.0,0.0
1736847049.0501547,0.0,1.7155,-0.0,-0.0,-0.0,0.0
1736847049.051154,0.0,1.71562,-0.0,-0.0,-0.0,0.0
1736847049.0521643,0.0,1.71573,-0.0,-0.0,-0.0,0.0
1736847049.0521643,0.0,1.71585,-0.0,-0.0,-0.0,0.0
1736847049.0533133,0.0,1.71597,-0.0,-0.0,-0.0,0.0
1736847049.0547152,0.0,1.71612,-0.0,-0.0,-0.0,0.0
1736847049.055016,0.0,1.71626,-0.0,-0.0,-0.0,0.0
1736847049.0560527,0.0,1.7164,-0.0,-0.0,-0.0,0.0
1736847049.0570612,0.0,1.71652,-0.0,-0.0,-0.0,0.0
1736847049.058051,0.0,1.71664,-0.0,-0.0,-0.0,0.0
1736847049.058051,0.0,1.71676,-0.0,-0.0,-0.0,0.0
1736847049.0591075,0.0,1.71687,-0.0,-0.0,-0.0,0.0
1736847049.0602112,0.0,1.71699,-0.0,-0.0,-0.0,0.0
1736847049.0602112,0.0,1.71711,-0.0,-0.0,-0.0,0.0
1736847049.0618927,0.0,1.71724,-0.0,-0.0,-0.0,0.0
1736847049.0618927,0.0,1.71738,-0.0,-0.0,-0.0,0.0
1736847049.0618927,0.0,1.71751,-0.0,-0.0,-0.0,0.0
1736847049.0618927,0.0,1.71764,-0.0,-0.0,-0.0,0.0
1736847049.0618927,0.0,1.71776,-0.0,-0.0,-0.0,0.0
1736847049.0618927,0.0,1.71787,-0.0,-0.0,-0.0,0.0
1736847049.0618927,0.0,1.71799,-0.0,-0.0,-0.0,0.0
1736847049.067122,0.0,1.7181,-0.0,-0.0,-0.0,0.0
1736847049.068128,0.0,1.71822,-0.0,-0.0,-0.0,0.0
1736847049.068128,0.0,1.71835,-0.0,-0.0,-0.0,0.0
1736847049.0691266,0.0,1.7185,-0.0,-0.0,-0.0,0.0
1736847049.0701282,0.0,1.71863,-0.0,-0.0,-0.0,0.0
1736847049.0711267,0.0,1.71874,-0.0,-0.0,-0.0,0.0
1736847049.0721416,0.0,1.71886,-0.0,-0.0,-0.0,0.0
1736847049.0721416,0.0,1.71897,-0.0,-0.0,-0.0,0.0
1736847049.0731273,0.0,1.71908,-0.0,-0.0,-0.0,0.0
1736847049.0742288,0.0,1.7192,-0.0,-0.0,-0.0,0.0
1736847049.0742288,0.0,1.71931,-0.0,-0.0,-0.0,0.0
1736847049.0752528,0.0,1.71943,-0.0,-0.0,-0.0,0.0
1736847049.0762532,0.0,1.71956,-0.0,-0.0,-0.0,0.0
1736847049.0772634,0.0,1.71968,-0.0,-0.0,-0.0,0.0
1736847049.1372895,0.0,1.73107,-0.0,-0.0,-0.0,0.0
1736847049.1372895,0.0,1.73133,-0.0,-0.0,-0.0,0.0
1736847049.1529286,0.0,1.73152,-0.0,-0.0,-0.0,0.0
1736847049.1529286,0.0,1.7317,-0.0,-0.0,-0.0,0.0
1736847049.1529286,0.0,1.73187,-0.0,-0.0,-0.0,0.0
1736847049.1529286,0.0,1.732,-0.0,-0.0,-0.0,0.0
1736847049.15665,0.0,1.73212,-0.0,-0.0,-0.0,0.0
1736847049.1571534,0.0,1.73225,-0.0,-0.0,-0.0,0.0
1736847049.1581843,0.0,1.73239,-0.0,-0.0,-0.0,0.0
1736847049.1591911,0.0,1.73252,-0.0,-0.0,-0.0,0.0
1736847049.1591911,0.0,1.73264,-0.0,-0.0,-0.0,0.0
1736847049.1601856,0.0,1.73276,-0.0,-0.0,-0.0,0.0
1736847049.1611922,0.0,1.73289,-0.0,-0.0,-0.0,0.0
1736847049.1622,0.0,1.733,-0.0,-0.0,-0.0,0.0
1736847049.1622,0.0,1.73312,-0.0,-0.0,-0.0,0.0
1736847049.1631978,0.0,1.73325,-0.0,-0.0,-0.0,0.0
1736847049.164198,0.0,1.73336,-0.0,-0.0,-0.0,0.0
1736847049.165202,0.0,1.73349,-0.0,-0.0,-0.0,0.0
1736847049.166197,0.0,1.73362,-0.0,-0.0,-0.0,0.0
1736847049.1668167,0.0,1.73375,-0.0,-0.0,-0.0,0.0
1736847049.1668167,0.0,1.73389,-0.0,-0.0,-0.0,0.0
1736847049.1668167,0.0,1.73402,-0.0,-0.0,-0.0,0.0
1736847049.1668167,0.0,1.73415,-0.0,-0.0,-0.0,0.0
1736847049.1668167,0.0,1.73427,-0.0,-0.0,-0.0,0.0
1736847049.1668167,0.0,1.73439,-0.0,-0.0,-0.0,0.0
1736847049.1713135,0.0,1.73451,-0.0,-0.0,-0.0,0.0
1736847049.1729968,0.0,1.73466,-0.0,-0.0,-0.0,0.0
1736847049.173744,0.0,1.73482,-0.0,-0.0,-0.0,0.0
1736847049.1746683,0.0,1.73497,-0.0,-0.0,-0.0,0.0
1736847049.1746683,0.0,1.73509,-0.0,-0.0,-0.0,0.0
1736847049.1756814,0.0,1.73521,-0.0,-0.0,-0.0,0.0
1736847049.1766791,0.0,1.73533,-0.0,-0.0,-0.0,0.0
1736847049.17769,0.0,1.73545,-0.0,-0.0,-0.0,0.0
1736847049.178256,0.0,1.73557,-0.0,-0.0,-0.0,0.0
1736847049.1792717,0.0,1.7357,-0.0,-0.0,-0.0,0.0
1736847049.1802537,0.0,1.73583,-0.0,-0.0,-0.0,0.0
1736847049.1812582,0.0,1.73597,-0.0,-0.0,-0.0,0.0
1736847049.1812582,0.0,1.73611,-0.0,-0.0,-0.0,0.0
1736847049.1822584,0.0,1.73624,-0.0,-0.0,-0.0,0.0
1736847049.1834483,0.0,1.73638,-0.0,-0.0,-0.0,0.0
1736847049.184539,0.0,1.73651,-0.0,-0.0,-0.0,0.0
1736847049.185181,0.0,1.73663,-0.0,-0.0,-0.0,0.0
1736847049.1862159,0.0,1.73675,-0.0,-0.0,-0.0,0.0
1736847049.1865711,0.0,1.7369,-0.0,-0.0,-0.0,0.0
1736847049.1865711,0.0,1.73704,-0.0,-0.0,-0.0,0.0
1736847049.1865711,0.0,1.73717,-0.0,-0.0,-0.0,0.0
1736847049.1894875,0.0,1.7373,-0.0,-0.0,-0.0,0.0
1736847049.1897814,0.0,1.73742,-0.0,-0.0,-0.0,0.0
1736847049.1912081,0.0,1.73755,-0.0,-0.0,-0.0,0.0
1736847049.1918464,0.0,1.73767,-0.0,-0.0,-0.0,0.0
1736847049.1918464,0.0,1.73779,-0.0,-0.0,-0.0,0.0
1736847049.193392,0.0,1.73792,-0.0,-0.0,-0.0,0.0
1736847049.1937413,0.0,1.73807,-0.0,-0.0,-0.0,0.0
1736847049.195337,0.0,1.73821,-0.0,-0.0,-0.0,0.0
1736847049.195337,0.0,1.73833,-0.0,-0.0,-0.0,0.0
1736847049.196342,0.0,1.73845,-0.0,-0.0,-0.0,0.0
1736847049.197341,0.0,1.73857,-0.0,-0.0,-0.0,0.0
1736847049.1983511,0.0,1.73869,-0.0,-0.0,-0.0,0.0
1736847049.1983511,0.0,1.73881,-0.0,-0.0,-0.0,0.0
1736847049.1993425,0.0,1.73893,-0.0,-0.0,-0.0,0.0
1736847049.2008488,0.0,1.73908,-0.0,-0.0,-0.0,0.0
1736847049.2018554,0.0,1.73922,-0.0,-0.0,-0.0,0.0
1736847049.2018554,0.0,1.73935,-0.0,-0.0,-0.0,0.0
1736847049.2028534,0.0,1.73947,-0.0,-0.0,-0.0,0.0
1736847049.203853,0.0,1.73962,-0.0,-0.0,-0.0,0.0
1736847049.204853,0.0,1.73975,-0.0,-0.0,-0.0,0.0
1736847049.206046,0.0,1.73987,-0.0,-0.0,-0.0,0.0
1736847049.2070487,0.0,1.74002,-0.0,-0.0,-0.0,0.0
1736847049.208008,0.0,1.74018,-0.0,-0.0,-0.0,0.0
1736847049.208896,0.0,1.74035,-0.0,-0.0,-0.0,0.0
1736847049.2094705,0.0,1.74051,-0.0,-0.0,-0.0,0.0
1736847049.2109385,0.0,1.74064,-0.0,-0.0,-0.0,0.0
1736847049.2109385,0.0,1.74076,-0.0,-0.0,-0.0,0.0
1736847049.212148,0.0,1.74088,-0.0,-0.0,-0.0,0.0
1736847049.2131553,0.0,1.741,-0.0,-0.0,-0.0,0.0
1736847049.2131553,0.0,1.74113,-0.0,-0.0,-0.0,0.0
1736847049.2144215,0.0,1.74128,-0.0,-0.0,-0.0,0.0
1736847049.2144215,0.0,1.74142,-0.0,-0.0,-0.0,0.0
1736847049.2144215,0.0,1.74155,-0.0,-0.0,-0.0,0.0
1736847049.2172508,0.0,1.74167,-0.0,-0.0,-0.0,0.0
1736847049.2182565,0.0,1.74179,-0.0,-0.0,-0.0,0.0
1736847049.2182565,0.0,1.74191,-0.0,-0.0,-0.0,0.0
1736847049.2192554,0.0,1.74204,-0.0,-0.0,-0.0,0.0
1736847049.2202568,0.0,1.74217,-0.0,-0.0,-0.0,0.0
1736847049.221218,0.0,1.7423,-0.0,-0.0,-0.0,0.0
1736847049.2216222,0.0,1.74243,-0.0,-0.0,-0.0,0.0
1736847049.2231693,0.0,1.74257,-0.0,-0.0,-0.0,0.0
1736847049.2232618,0.0,1.7427,-0.0,-0.0,-0.0,0.0
1736847049.2242665,0.0,1.74282,-0.0,-0.0,-0.0,0.0
1736847049.225266,0.0,1.74294,-0.0,-0.0,-0.0,0.0
1736847049.2262669,0.0,1.74305,-0.0,-0.0,-0.0,0.0
1736847049.2262669,0.0,1.74317,-0.0,-0.0,-0.0,0.0
1736847049.2272668,0.0,1.7433,-0.0,-0.0,-0.0,0.0
1736847049.2287743,0.0,1.74344,-0.0,-0.0,-0.0,0.0
1736847049.2295432,0.0,1.74359,-0.0,-0.0,-0.0,0.0
1736847049.2305357,0.0,1.74373,-0.0,-0.0,-0.0,0.0
1736847049.2305357,0.0,1.74386,-0.0,-0.0,-0.0,0.0
1736847049.2315483,0.0,1.74398,-0.0,-0.0,-0.0,0.0
1736847049.2325475,0.0,1.7441,-0.0,-0.0,-0.0,0.0
1736847049.2335582,0.0,1.74422,-0.0,-0.0,-0.0,0.0
1736847049.2335582,0.0,1.74433,-0.0,-0.0,-0.0,0.0
1736847049.234549,0.0,1.74447,-0.0,-0.0,-0.0,0.0
1736847049.2356865,0.0,1.74462,-0.0,-0.0,-0.0,0.0
1736847049.2366877,0.0,1.74476,-0.0,-0.0,-0.0,0.0
1736847049.2376873,0.0,1.74488,-0.0,-0.0,-0.0,0.0
1736847049.2386873,0.0,1.745,-0.0,-0.0,-0.0,0.0
1736847049.2392552,0.0,1.74512,-0.0,-0.0,-0.0,0.0
1736847049.2402594,0.0,1.74524,-0.0,-0.0,-0.0,0.0
1736847049.2407513,0.0,1.74537,-0.0,-0.0,-0.0,0.0
1736847049.241753,0.0,1.7455,-0.0,-0.0,-0.0,0.0
1736847049.2421494,0.0,1.74566,-0.0,-0.0,-0.0,0.0
1736847049.2421494,0.0,1.7458,-0.0,-0.0,-0.0,0.0
1736847049.2442935,0.0,1.74592,-0.0,-0.0,-0.0,0.0
1736847049.2453024,0.0,1.74605,-0.0,-0.0,-0.0,0.0
1736847049.2453024,0.0,1.74617,-0.0,-0.0,-0.0,0.0
1736847049.2467504,0.0,1.74629,-0.0,-0.0,-0.0,0.0
1736847049.2474985,0.0,1.74641,-0.0,-0.0,-0.0,0.0
1736847049.2485108,0.0,1.74654,-0.0,-0.0,-0.0,0.0
1736847049.2492635,0.0,1.74668,-0.0,-0.0,-0.0,0.0
1736847049.250272,0.0,1.74682,-0.0,-0.0,-0.0,0.0
1736847049.2510014,0.0,1.74696,-0.0,-0.0,-0.0,0.0
1736847049.2518175,0.0,1.74708,-0.0,-0.0,-0.0,0.0
1736847049.2518175,0.0,1.74721,-0.0,-0.0,-0.0,0.0
1736847049.2528296,0.0,1.74733,-0.0,-0.0,-0.0,0.0
1736847049.2538278,0.0,1.74745,-0.0,-0.0,-0.0,0.0
1736847049.2548292,0.0,1.74756,-0.0,-0.0,-0.0,0.0
1736847049.2559078,0.0,1.74769,-0.0,-0.0,-0.0,0.0
1736847049.25654,0.0,1.74786,-0.0,-0.0,-0.0,0.0
1736847049.2575817,0.0,1.748,-0.0,-0.0,-0.0,0.0
1736847049.2585456,0.0,1.74812,-0.0,-0.0,-0.0,0.0
1736847049.2585456,0.0,1.74825,-0.0,-0.0,-0.0,0.0
1736847049.259545,0.0,1.74837,-0.0,-0.0,-0.0,0.0
1736847049.2605445,0.0,1.74849,-0.0,-0.0,-0.0,0.0
1736847049.2616158,0.0,1.7486,-0.0,-0.0,-0.0,0.0
1736847049.2616158,0.0,1.74874,-0.0,-0.0,-0.0,0.0
1736847049.2633781,0.0,1.74889,-0.0,-0.0,-0.0,0.0
1736847049.264385,0.0,1.74904,-0.0,-0.0,-0.0,0.0
1736847049.264385,0.0,1.74917,-0.0,-0.0,-0.0,0.0
1736847049.2653837,0.0,1.7493,-0.0,-0.0,-0.0,0.0
1736847049.266383,0.0,1.74942,-0.0,-0.0,-0.0,0.0
1736847049.2673922,0.0,1.74954,-0.0,-0.0,-0.0,0.0
1736847049.2683244,0.0,1.74965,-0.0,-0.0,-0.0,0.0
1736847049.2685177,0.0,1.74978,-0.0,-0.0,-0.0,0.0
1736847049.270096,0.0,1.74992,-0.0,-0.0,-0.0,0.0
1736847049.270795,0.0,1.75007,-0.0,-0.0,-0.0,0.0
1736847049.2713833,0.0,1.75021,-0.0,-0.0,-0.0,0.0
1736847049.272389,0.0,1.75034,-0.0,-0.0,-0.0,0.0
1736847049.2729125,0.0,1.75046,-0.0,-0.0,-0.0,0.0
1736847049.2729125,0.0,1.75059,-0.0,-0.0,-0.0,0.0
1736847049.2729125,0.0,1.75072,-0.0,-0.0,-0.0,0.0
1736847049.2754505,0.0,1.75084,-0.0,-0.0,-0.0,0.0
1736847049.2767098,0.0,1.75097,-0.0,-0.0,-0.0,0.0
1736847049.2767098,0.0,1.75113,-0.0,-0.0,-0.0,0.0
1736847049.278326,0.0,1.75126,-0.0,-0.0,-0.0,0.0
1736847049.2793326,0.0,1.75138,-0.0,-0.0,-0.0,0.0
1736847049.2793326,0.0,1.7515,-0.0,-0.0,-0.0,0.0
1736847049.2803304,0.0,1.75162,-0.0,-0.0,-0.0,0.0
1736847049.2813451,0.0,1.75174,-0.0,-0.0,-0.0,0.0
1736847049.2823315,0.0,1.75185,-0.0,-0.0,-0.0,0.0
1736847049.2823315,0.0,1.75198,-0.0,-0.0,-0.0,0.0
1736847049.283951,0.0,1.75212,-0.0,-0.0,-0.0,0.0
1736847049.284318,0.0,1.75227,-0.0,-0.0,-0.0,0.0
1736847049.28532,0.0,1.7524,-0.0,-0.0,-0.0,0.0
1736847049.2863288,0.0,1.75252,-0.0,-0.0,-0.0,0.0
1736847049.2863288,0.0,1.75263,-0.0,-0.0,-0.0,0.0
1736847049.288025,0.0,1.75275,-0.0,-0.0,-0.0,0.0
1736847049.2886581,0.0,1.75287,-0.0,-0.0,-0.0,0.0
1736847049.2893543,0.0,1.75299,-0.0,-0.0,-0.0,0.0
1736847049.2903616,0.0,1.75313,-0.0,-0.0,-0.0,0.0
1736847049.2910483,0.0,1.75328,-0.0,-0.0,-0.0,0.0
1736847049.2921019,0.0,1.75342,-0.0,-0.0,-0.0,0.0
1736847049.293088,0.0,1.75355,-0.0,-0.0,-0.0,0.0
1736847049.293088,0.0,1.75368,-0.0,-0.0,-0.0,0.0
1736847049.294154,0.0,1.7538,-0.0,-0.0,-0.0,0.0
1736847049.294154,0.0,1.75392,-0.0,-0.0,-0.0,0.0
1736847049.2962937,0.0,1.75404,-0.0,-0.0,-0.0,0.0
1736847049.2962937,0.0,1.75418,-0.0,-0.0,-0.0,0.0
1736847049.2974901,0.0,1.75433,-0.0,-0.0,-0.0,0.0
1736847049.2974901,0.0,1.75446,-0.0,-0.0,-0.0,0.0
1736847049.2974901,0.0,1.75459,-0.0,-0.0,-0.0,0.0
1736847049.3002942,0.0,1.75472,-0.0,-0.0,-0.0,0.0
1736847049.3012986,0.0,1.75484,-0.0,-0.0,-0.0,0.0
1736847049.3012986,0.0,1.75496,-0.0,-0.0,-0.0,0.0
1736847049.3022995,0.0,1.75507,-0.0,-0.0,-0.0,0.0
1736847049.3032994,0.0,1.75519,-0.0,-0.0,-0.0,0.0
1736847049.3044248,0.0,1.75532,-0.0,-0.0,-0.0,0.0
1736847049.3048327,0.0,1.75547,-0.0,-0.0,-0.0,0.0
1736847049.3059394,0.0,1.7556,-0.0,-0.0,-0.0,0.0
1736847049.306855,0.0,1.75573,-0.0,-0.0,-0.0,0.0
1736847049.3076918,0.0,1.75586,-0.0,-0.0,-0.0,0.0
1736847049.3084736,0.0,1.75599,-0.0,-0.0,-0.0,0.0
1736847049.3084736,0.0,1.7561,-0.0,-0.0,-0.0,0.0
1736847049.309486,0.0,1.75622,-0.0,-0.0,-0.0,0.0
1736847049.3104846,0.0,1.75636,-0.0,-0.0,-0.0,0.0
1736847049.3118055,0.0,1.7565,-0.0,-0.0,-0.0,0.0
1736847049.3125615,0.0,1.75665,-0.0,-0.0,-0.0,0.0
1736847049.313579,0.0,1.75679,-0.0,-0.0,-0.0,0.0
1736847049.314567,0.0,1.75692,-0.0,-0.0,-0.0,0.0
1736847049.314567,0.0,1.75705,-0.0,-0.0,-0.0,0.0
1736847049.3155668,0.0,1.75718,-0.0,-0.0,-0.0,0.0
1736847049.3165662,0.0,1.75731,-0.0,-0.0,-0.0,0.0
1736847049.3175666,0.0,1.75744,-0.0,-0.0,-0.0,0.0
1736847049.318697,0.0,1.75758,-0.0,-0.0,-0.0,0.0
1736847049.3189058,0.0,1.75773,-0.0,-0.0,-0.0,0.0
1736847049.319956,0.0,1.75788,-0.0,-0.0,-0.0,0.0
1736847049.3209543,0.0,1.75799,-0.0,-0.0,-0.0,0.0
1736847049.3219638,0.0,1.75811,-0.0,-0.0,-0.0,0.0
1736847049.3219638,0.0,1.75823,-0.0,-0.0,-0.0,0.0
1736847049.322955,0.0,1.75835,-0.0,-0.0,-0.0,0.0
1736847049.3240843,0.0,1.75847,-0.0,-0.0,-0.0,0.0
1736847049.325103,0.0,1.75861,-0.0,-0.0,-0.0,0.0
1736847049.3259432,0.0,1.75877,-0.0,-0.0,-0.0,0.0
1736847049.3270283,0.0,1.7589,-0.0,-0.0,-0.0,0.0
1736847049.327835,0.0,1.75903,-0.0,-0.0,-0.0,0.0
1736847049.3286934,0.0,1.75915,-0.0,-0.0,-0.0,0.0
1736847049.3292787,0.0,1.75927,-0.0,-0.0,-0.0,0.0
1736847049.3302839,0.0,1.75939,-0.0,-0.0,-0.0,0.0
1736847049.331057,0.0,1.75952,-0.0,-0.0,-0.0,0.0
1736847049.331057,0.0,1.75964,-0.0,-0.0,-0.0,0.0
1736847049.3322747,0.0,1.75978,-0.0,-0.0,-0.0,0.0
1736847049.3322747,0.0,1.75992,-0.0,-0.0,-0.0,0.0
1736847049.3322747,0.0,1.76004,-0.0,-0.0,-0.0,0.0
1736847049.3322747,0.0,1.76016,-0.0,-0.0,-0.0,0.0
1736847049.335714,0.0,1.76028,-0.0,-0.0,-0.0,0.0
1736847049.33672,0.0,1.76041,-0.0,-0.0,-0.0,0.0
1736847049.33672,0.0,1.76053,-0.0,-0.0,-0.0,0.0
1736847049.3377206,0.0,1.76065,-0.0,-0.0,-0.0,0.0
1736847049.3387234,0.0,1.76077,-0.0,-0.0,-0.0,0.0
1736847049.3396194,0.0,1.76092,-0.0,-0.0,-0.0,0.0
1736847049.3406959,0.0,1.76106,-0.0,-0.0,-0.0,0.0
1736847049.341736,0.0,1.76118,-0.0,-0.0,-0.0,0.0
1736847049.341736,0.0,1.76131,-0.0,-0.0,-0.0,0.0
1736847049.3427382,0.0,1.76144,-0.0,-0.0,-0.0,0.0
1736847049.343737,0.0,1.76155,-0.0,-0.0,-0.0,0.0
1736847049.3447697,0.0,1.76167,-0.0,-0.0,-0.0,0.0
1736847049.3447697,0.0,1.7618,-0.0,-0.0,-0.0,0.0
1736847049.3465092,0.0,1.76194,-0.0,-0.0,-0.0,0.0
1736847049.347619,0.0,1.7621,-0.0,-0.0,-0.0,0.0
1736847049.348364,0.0,1.76225,-0.0,-0.0,-0.0,0.0
1736847049.3492935,0.0,1.76238,-0.0,-0.0,-0.0,0.0
1736847049.3492935,0.0,1.76251,-0.0,-0.0,-0.0,0.0
1736847049.3503063,0.0,1.76263,-0.0,-0.0,-0.0,0.0
1736847049.3513055,0.0,1.76277,-0.0,-0.0,-0.0,0.0
1736847049.3523195,0.0,1.7629,-0.0,-0.0,-0.0,0.0
1736847049.3535757,0.0,1.76304,-0.0,-0.0,-0.0,0.0
1736847049.3536344,0.0,1.76319,-0.0,-0.0,-0.0,0.0
1736847049.3546357,0.0,1.76332,-0.0,-0.0,-0.0,0.0
1736847049.3556354,0.0,1.76343,-0.0,-0.0,-0.0,0.0
1736847049.3566473,0.0,1.76354,-0.0,-0.0,-0.0,0.0
1736847049.3566473,0.0,1.76366,-0.0,-0.0,-0.0,0.0
1736847049.3576365,0.0,1.76378,-0.0,-0.0,-0.0,0.0
1736847049.3588114,0.0,1.76389,-0.0,-0.0,-0.0,0.0
1736847049.359814,0.0,1.76402,-0.0,-0.0,-0.0,0.0
1736847049.3606071,0.0,1.76419,-0.0,-0.0,-0.0,0.0
1736847049.36163,0.0,1.76433,-0.0,-0.0,-0.0,0.0
1736847049.3626165,0.0,1.76447,-0.0,-0.0,-0.0,0.0
1736847049.3626165,0.0,1.76461,-0.0,-0.0,-0.0,0.0
1736847049.3636115,0.0,1.76473,-0.0,-0.0,-0.0,0.0
1736847049.364612,0.0,1.76485,-0.0,-0.0,-0.0,0.0
1736847049.3657305,0.0,1.76497,-0.0,-0.0,-0.0,0.0
1736847049.366736,0.0,1.76511,-0.0,-0.0,-0.0,0.0
1736847049.367397,0.0,1.76525,-0.0,-0.0,-0.0,0.0
1736847049.3683906,0.0,1.7654,-0.0,-0.0,-0.0,0.0
1736847049.369475,0.0,1.76556,-0.0,-0.0,-0.0,0.0
1736847049.3702652,0.0,1.76572,-0.0,-0.0,-0.0,0.0
1736847049.371346,0.0,1.76586,-0.0,-0.0,-0.0,0.0
1736847049.371346,0.0,1.76599,-0.0,-0.0,-0.0,0.0
1736847049.3726835,0.0,1.76612,-0.0,-0.0,-0.0,0.0
1736847049.3739376,0.0,1.76625,-0.0,-0.0,-0.0,0.0
1736847049.3739376,0.0,1.7664,-0.0,-0.0,-0.0,0.0
1736847049.3739376,0.0,1.76654,-0.0,-0.0,-0.0,0.0
1736847049.376373,0.0,1.76667,-0.0,-0.0,-0.0,0.0
1736847049.3773794,0.0,1.76679,-0.0,-0.0,-0.0,0.0
1736847049.3773794,0.0,1.76691,-0.0,-0.0,-0.0,0.0
1736847049.378378,0.0,1.76703,-0.0,-0.0,-0.0,0.0
1736847049.3793879,0.0,1.76715,-0.0,-0.0,-0.0,0.0
1736847049.3803785,0.0,1.76728,-0.0,-0.0,-0.0,0.0
1736847049.3813818,0.0,1.76741,-0.0,-0.0,-0.0,0.0
1736847049.3813818,0.0,1.76758,-0.0,-0.0,-0.0,0.0
1736847049.3830557,0.0,1.76772,-0.0,-0.0,-0.0,0.0
1736847049.3840628,0.0,1.76786,-0.0,-0.0,-0.0,0.0
1736847049.3850622,0.0,1.76799,-0.0,-0.0,-0.0,0.0
1736847049.3850622,0.0,1.76812,-0.0,-0.0,-0.0,0.0
1736847049.3864534,0.0,1.76823,-0.0,-0.0,-0.0,0.0
1736847049.3874648,0.0,1.76837,-0.0,-0.0,-0.0,0.0
1736847049.3882842,0.0,1.76851,-0.0,-0.0,-0.0,0.0
1736847049.3890865,0.0,1.76865,-0.0,-0.0,-0.0,0.0
1736847049.3901672,0.0,1.76879,-0.0,-0.0,-0.0,0.0
1736847049.3901672,0.0,1.76891,-0.0,-0.0,-0.0,0.0
1736847049.3911722,0.0,1.76903,-0.0,-0.0,-0.0,0.0
1736847049.3921883,0.0,1.76915,-0.0,-0.0,-0.0,0.0
1736847049.393173,0.0,1.76926,-0.0,-0.0,-0.0,0.0
1736847049.393173,0.0,1.76939,-0.0,-0.0,-0.0,0.0
1736847049.3948174,0.0,1.76952,-0.0,-0.0,-0.0,0.0
1736847049.3953476,0.0,1.76969,-0.0,-0.0,-0.0,0.0
1736847049.3963532,0.0,1.76984,-0.0,-0.0,-0.0,0.0
1736847049.3973563,0.0,1.76996,-0.0,-0.0,-0.0,0.0
1736847049.3983524,0.0,1.77008,-0.0,-0.0,-0.0,0.0
1736847049.3983524,0.0,1.7702,-0.0,-0.0,-0.0,0.0
1736847049.3993516,0.0,1.77031,-0.0,-0.0,-0.0,0.0
1736847049.400458,0.0,1.77043,-0.0,-0.0,-0.0,0.0
1736847049.4014666,0.0,1.77056,-0.0,-0.0,-0.0,0.0
1736847049.402118,0.0,1.7707,-0.0,-0.0,-0.0,0.0
1736847049.4031577,0.0,1.77084,-0.0,-0.0,-0.0,0.0
1736847049.4031577,0.0,1.77097,-0.0,-0.0,-0.0,0.0
1736847049.404158,0.0,1.7711,-0.0,-0.0,-0.0,0.0
1736847049.405157,0.0,1.77121,-0.0,-0.0,-0.0,0.0
1736847049.4058208,0.0,1.77133,-0.0,-0.0,-0.0,0.0
1736847049.407014,0.0,1.77144,-0.0,-0.0,-0.0,0.0
1736847049.407278,0.0,1.77156,-0.0,-0.0,-0.0,0.0
1736847049.4086823,0.0,1.7717,-0.0,-0.0,-0.0,0.0
1736847049.4094293,0.0,1.77184,-0.0,-0.0,-0.0,0.0
1736847049.4098618,0.0,1.77198,-0.0,-0.0,-0.0,0.0
1736847049.4108677,0.0,1.7721,-0.0,-0.0,-0.0,0.0
1736847049.4117584,0.0,1.77222,-0.0,-0.0,-0.0,0.0
1736847049.4117584,0.0,1.77233,-0.0,-0.0,-0.0,0.0
1736847049.4127636,0.0,1.77245,-0.0,-0.0,-0.0,0.0
1736847049.4127636,0.0,1.77258,-0.0,-0.0,-0.0,0.0
1736847049.4144042,0.0,1.77272,-0.0,-0.0,-0.0,0.0
1736847049.4157603,0.0,1.77287,-0.0,-0.0,-0.0,0.0
1736847049.4157603,0.0,1.77301,-0.0,-0.0,-0.0,0.0
1736847049.4176936,0.0,1.77315,-0.0,-0.0,-0.0,0.0
1736847049.4186995,0.0,1.77328,-0.0,-0.0,-0.0,0.0
1736847049.4186995,0.0,1.7734,-0.0,-0.0,-0.0,0.0
1736847049.4196985,0.0,1.77352,-0.0,-0.0,-0.0,0.0
1736847049.4206986,0.0,1.77364,-0.0,-0.0,-0.0,0.0
1736847049.4216988,0.0,1.77376,-0.0,-0.0,-0.0,0.0
1736847049.4225388,0.0,1.77389,-0.0,-0.0,-0.0,0.0
1736847049.423541,0.0,1.77404,-0.0,-0.0,-0.0,0.0
1736847049.423541,0.0,1.77418,-0.0,-0.0,-0.0,0.0
1736847049.4245474,0.0,1.77431,-0.0,-0.0,-0.0,0.0
1736847049.4259453,0.0,1.77443,-0.0,-0.0,-0.0,0.0
1736847049.426621,0.0,1.77454,-0.0,-0.0,-0.0,0.0
1736847049.427362,0.0,1.77466,-0.0,-0.0,-0.0,0.0
1736847049.427362,0.0,1.77477,-0.0,-0.0,-0.0,0.0
1736847049.4285452,0.0,1.77491,-0.0,-0.0,-0.0,0.0
1736847049.4300926,0.0,1.77506,-0.0,-0.0,-0.0,0.0
1736847049.4300926,0.0,1.77522,-0.0,-0.0,-0.0,0.0
1736847049.431096,0.0,1.77535,-0.0,-0.0,-0.0,0.0
1736847049.4320939,0.0,1.77548,-0.0,-0.0,-0.0,0.0
1736847049.433093,0.0,1.77559,-0.0,-0.0,-0.0,0.0
1736847049.4340923,0.0,1.77571,-0.0,-0.0,-0.0,0.0
1736847049.4340923,0.0,1.77583,-0.0,-0.0,-0.0,0.0
1736847049.4351656,0.0,1.77594,-0.0,-0.0,-0.0,0.0
1736847049.4362037,0.0,1.77609,-0.0,-0.0,-0.0,0.0
1736847049.4371789,0.0,1.77624,-0.0,-0.0,-0.0,0.0
1736847049.4382365,0.0,1.77637,-0.0,-0.0,-0.0,0.0
1736847049.4382365,0.0,1.77649,-0.0,-0.0,-0.0,0.0
1736847049.439227,0.0,1.77662,-0.0,-0.0,-0.0,0.0
1736847049.4405208,0.0,1.77674,-0.0,-0.0,-0.0,0.0
1736847049.441521,0.0,1.77686,-0.0,-0.0,-0.0,0.0
1736847049.4421592,0.0,1.77697,-0.0,-0.0,-0.0,0.0
1736847049.4421592,0.0,1.7771,-0.0,-0.0,-0.0,0.0
1736847049.4434597,0.0,1.77724,-0.0,-0.0,-0.0,0.0
1736847049.4434597,0.0,1.77737,-0.0,-0.0,-0.0,0.0
1736847049.4434597,0.0,1.7775,-0.0,-0.0,-0.0,0.0
1736847049.4461687,0.0,1.77761,-0.0,-0.0,-0.0,0.0
1736847049.4469998,0.0,1.77773,-0.0,-0.0,-0.0,0.0
1736847049.4476752,0.0,1.77785,-0.0,-0.0,-0.0,0.0
1736847049.4476752,0.0,1.77797,-0.0,-0.0,-0.0,0.0
1736847049.448687,0.0,1.77809,-0.0,-0.0,-0.0,0.0
1736847049.4496865,0.0,1.7782,-0.0,-0.0,-0.0,0.0
1736847049.4508939,0.0,1.77836,-0.0,-0.0,-0.0,0.0
1736847049.4508939,0.0,1.77851,-0.0,-0.0,-0.0,0.0
1736847049.4508939,0.0,1.77864,-0.0,-0.0,-0.0,0.0
1736847049.4508939,0.0,1.77876,-0.0,-0.0,-0.0,0.0
1736847049.4508939,0.0,1.77889,-0.0,-0.0,-0.0,0.0
1736847049.4508939,0.0,1.779,-0.0,-0.0,-0.0,0.0
1736847049.4508939,0.0,1.77912,-0.0,-0.0,-0.0,0.0
1736847049.4560192,0.0,1.77925,-0.0,-0.0,-0.0,0.0
1736847049.457025,0.0,1.77938,-0.0,-0.0,-0.0,0.0
1736847049.4578393,0.0,1.77953,-0.0,-0.0,-0.0,0.0
1736847049.458846,0.0,1.77969,-0.0,-0.0,-0.0,0.0
1736847049.459844,0.0,1.7798,-0.0,-0.0,-0.0,0.0
1736847049.4608552,0.0,1.77992,-0.0,-0.0,-0.0,0.0
1736847049.4608552,0.0,1.78004,-0.0,-0.0,-0.0,0.0
1736847049.4619727,0.0,1.78015,-0.0,-0.0,-0.0,0.0
1736847049.462956,0.0,1.78028,-0.0,-0.0,-0.0,0.0
1736847049.4639606,0.0,1.78041,-0.0,-0.0,-0.0,0.0
1736847049.4642062,0.0,1.78056,-0.0,-0.0,-0.0,0.0
1736847049.4642062,0.0,1.78069,-0.0,-0.0,-0.0,0.0
1736847049.4642062,0.0,1.78082,-0.0,-0.0,-0.0,0.0
1736847049.4673076,0.0,1.78093,-0.0,-0.0,-0.0,0.0
1736847049.4682004,0.0,1.78105,-0.0,-0.0,-0.0,0.0
1736847049.4682004,0.0,1.78118,-0.0,-0.0,-0.0,0.0
1736847049.4692073,0.0,1.78129,-0.0,-0.0,-0.0,0.0
1736847049.470219,0.0,1.78141,-0.0,-0.0,-0.0,0.0
1736847049.4711373,0.0,1.78154,-0.0,-0.0,-0.0,0.0
1736847049.471553,0.0,1.78168,-0.0,-0.0,-0.0,0.0
1736847049.473053,0.0,1.78181,-0.0,-0.0,-0.0,0.0
1736847049.4731963,0.0,1.78195,-0.0,-0.0,-0.0,0.0
1736847049.4741983,0.0,1.78207,-0.0,-0.0,-0.0,0.0
1736847049.475207,0.0,1.78219,-0.0,-0.0,-0.0,0.0
1736847049.475207,0.0,1.7823,-0.0,-0.0,-0.0,0.0
1736847049.476196,0.0,1.78242,-0.0,-0.0,-0.0,0.0
1736847049.477198,0.0,1.78255,-0.0,-0.0,-0.0,0.0
1736847049.4787147,0.0,1.7827,-0.0,-0.0,-0.0,0.0
1736847049.4787147,0.0,1.78284,-0.0,-0.0,-0.0,0.0
1736847049.4797192,0.0,1.78298,-0.0,-0.0,-0.0,0.0
1736847049.4807193,0.0,1.78311,-0.0,-0.0,-0.0,0.0
1736847049.4817293,0.0,1.78323,-0.0,-0.0,-0.0,0.0
1736847049.4827194,0.0,1.78334,-0.0,-0.0,-0.0,0.0
1736847049.4827194,0.0,1.78346,-0.0,-0.0,-0.0,0.0
1736847049.4838014,0.0,1.78357,-0.0,-0.0,-0.0,0.0
1736847049.4848027,0.0,1.78371,-0.0,-0.0,-0.0,0.0
1736847049.486101,0.0,1.78386,-0.0,-0.0,-0.0,0.0
1736847049.4868124,0.0,1.784,-0.0,-0.0,-0.0,0.0
1736847049.4876335,0.0,1.78413,-0.0,-0.0,-0.0,0.0
1736847049.4884071,0.0,1.78425,-0.0,-0.0,-0.0,0.0
1736847049.489057,0.0,1.78437,-0.0,-0.0,-0.0,0.0
1736847049.4900632,0.0,1.78448,-0.0,-0.0,-0.0,0.0
1736847049.4907749,0.0,1.78461,-0.0,-0.0,-0.0,0.0
1736847049.4907749,0.0,1.78473,-0.0,-0.0,-0.0,0.0
1736847049.4920352,0.0,1.78487,-0.0,-0.0,-0.0,0.0
1736847049.4920352,0.0,1.78501,-0.0,-0.0,-0.0,0.0
1736847049.4920352,0.0,1.78513,-0.0,-0.0,-0.0,0.0
1736847049.4946961,0.0,1.78525,-0.0,-0.0,-0.0,0.0
1736847049.4957025,0.0,1.78537,-0.0,-0.0,-0.0,0.0
1736847049.4957025,0.0,1.78549,-0.0,-0.0,-0.0,0.0
1736847049.4967008,0.0,1.78561,-0.0,-0.0,-0.0,0.0
1736847049.4977012,0.0,1.78572,-0.0,-0.0,-0.0,0.0
1736847049.4987006,0.0,1.78584,-0.0,-0.0,-0.0,0.0
1736847049.499277,0.0,1.786,-0.0,-0.0,-0.0,0.0
1736847049.500522,0.0,1.78613,-0.0,-0.0,-0.0,0.0
1736847049.5006137,0.0,1.78627,-0.0,-0.0,-0.0,0.0
1736847049.501617,0.0,1.78639,-0.0,-0.0,-0.0,0.0
1736847049.502614,0.0,1.78651,-0.0,-0.0,-0.0,0.0
1736847049.5036142,0.0,1.78663,-0.0,-0.0,-0.0,0.0
1736847049.5036142,0.0,1.78674,-0.0,-0.0,-0.0,0.0
1736847049.5046136,0.0,1.78687,-0.0,-0.0,-0.0,0.0
1736847049.5058718,0.0,1.787,-0.0,-0.0,-0.0,0.0
1736847049.5070133,0.0,1.78715,-0.0,-0.0,-0.0,0.0
1736847049.5078428,0.0,1.7873,-0.0,-0.0,-0.0,0.0
1736847049.5086465,0.0,1.78743,-0.0,-0.0,-0.0,0.0
1736847049.5094087,0.0,1.78755,-0.0,-0.0,-0.0,0.0
1736847049.5094087,0.0,1.78766,-0.0,-0.0,-0.0,0.0
1736847049.5104208,0.0,1.78778,-0.0,-0.0,-0.0,0.0
1736847049.5114193,0.0,1.7879,-0.0,-0.0,-0.0,0.0
1736847049.5124376,0.0,1.78802,-0.0,-0.0,-0.0,0.0
1736847049.5133333,0.0,1.78819,-0.0,-0.0,-0.0,0.0
1736847049.5143807,0.0,1.78832,-0.0,-0.0,-0.0,0.0
1736847049.5143807,0.0,1.78845,-0.0,-0.0,-0.0,0.0
1736847049.5153804,0.0,1.78857,-0.0,-0.0,-0.0,0.0
1736847049.5163796,0.0,1.78869,-0.0,-0.0,-0.0,0.0
1736847049.5173898,0.0,1.7888,-0.0,-0.0,-0.0,0.0
1736847049.5182805,0.0,1.78892,-0.0,-0.0,-0.0,0.0
1736847049.5183842,0.0,1.78904,-0.0,-0.0,-0.0,0.0
1736847049.5193853,0.0,1.78919,-0.0,-0.0,-0.0,0.0
1736847049.5201805,0.0,1.78934,-0.0,-0.0,-0.0,0.0
1736847049.5212324,0.0,1.78947,-0.0,-0.0,-0.0,0.0
1736847049.522231,0.0,1.7896,-0.0,-0.0,-0.0,0.0
1736847049.5228462,0.0,1.78971,-0.0,-0.0,-0.0,0.0
1736847049.5228462,0.0,1.78984,-0.0,-0.0,-0.0,0.0
1736847049.5228462,0.0,1.78997,-0.0,-0.0,-0.0,0.0
1736847049.5254674,0.0,1.79009,-0.0,-0.0,-0.0,0.0
1736847049.5264742,0.0,1.7902,-0.0,-0.0,-0.0,0.0
1736847049.526746,0.0,1.79034,-0.0,-0.0,-0.0,0.0
1736847049.526746,0.0,1.79048,-0.0,-0.0,-0.0,0.0
1736847049.528869,0.0,1.79061,-0.0,-0.0,-0.0,0.0
1736847049.5298219,0.0,1.79072,-0.0,-0.0,-0.0,0.0
1736847049.5298219,0.0,1.79085,-0.0,-0.0,-0.0,0.0
1736847049.5308282,0.0,1.79097,-0.0,-0.0,-0.0,0.0
1736847049.5318265,0.0,1.79109,-0.0,-0.0,-0.0,0.0
1736847049.5328274,0.0,1.79121,-0.0,-0.0,-0.0,0.0
1736847049.5336885,0.0,1.79135,-0.0,-0.0,-0.0,0.0
1736847049.534522,0.0,1.7915,-0.0,-0.0,-0.0,0.0
1736847049.5355272,0.0,1.79163,-0.0,-0.0,-0.0,0.0
1736847049.5355272,0.0,1.79176,-0.0,-0.0,-0.0,0.0
1736847049.5365272,0.0,1.79188,-0.0,-0.0,-0.0,0.0
1736847049.5375266,0.0,1.79199,-0.0,-0.0,-0.0,0.0
1736847049.5385268,0.0,1.7921,-0.0,-0.0,-0.0,0.0
1736847049.5385268,0.0,1.79222,-0.0,-0.0,-0.0,0.0
1736847049.5395265,0.0,1.79234,-0.0,-0.0,-0.0,0.0
1736847049.540529,0.0,1.79246,-0.0,-0.0,-0.0,0.0
1736847049.5412712,0.0,1.79261,-0.0,-0.0,-0.0,0.0
1736847049.5422773,0.0,1.79275,-0.0,-0.0,-0.0,0.0
1736847049.5432868,0.0,1.79287,-0.0,-0.0,-0.0,0.0
1736847049.5432868,0.0,1.79299,-0.0,-0.0,-0.0,0.0
1736847049.5442753,0.0,1.79311,-0.0,-0.0,-0.0,0.0
1736847049.5452754,0.0,1.79323,-0.0,-0.0,-0.0,0.0
1736847049.5462828,0.0,1.79334,-0.0,-0.0,-0.0,0.0
1736847049.547287,0.0,1.79348,-0.0,-0.0,-0.0,0.0
1736847049.5482993,0.0,1.79363,-0.0,-0.0,-0.0,0.0
1736847049.5490174,0.0,1.79377,-0.0,-0.0,-0.0,0.0
1736847049.5499017,0.0,1.7939,-0.0,-0.0,-0.0,0.0
1736847049.5499017,0.0,1.79401,-0.0,-0.0,-0.0,0.0
1736847049.551267,0.0,1.79413,-0.0,-0.0,-0.0,0.0
1736847049.551267,0.0,1.79425,-0.0,-0.0,-0.0,0.0
1736847049.5522661,0.0,1.79437,-0.0,-0.0,-0.0,0.0
1736847049.553269,0.0,1.79448,-0.0,-0.0,-0.0,0.0
1736847049.554609,0.0,1.79461,-0.0,-0.0,-0.0,0.0
1736847049.554609,0.0,1.79476,-0.0,-0.0,-0.0,0.0
1736847049.554609,0.0,1.79489,-0.0,-0.0,-0.0,0.0
1736847049.556869,0.0,1.79501,-0.0,-0.0,-0.0,0.0
1736847049.557874,0.0,1.79513,-0.0,-0.0,-0.0,0.0
1736847049.557874,0.0,1.79525,-0.0,-0.0,-0.0,0.0
1736847049.5588741,0.0,1.79537,-0.0,-0.0,-0.0,0.0
1736847049.5598855,0.0,1.79549,-0.0,-0.0,-0.0,0.0
1736847049.5608737,0.0,1.79561,-0.0,-0.0,-0.0,0.0
1736847049.5615385,0.0,1.79575,-0.0,-0.0,-0.0,0.0
1736847049.5625844,0.0,1.7959,-0.0,-0.0,-0.0,0.0
1736847049.5635865,0.0,1.79605,-0.0,-0.0,-0.0,0.0
1736847049.5635865,0.0,1.79616,-0.0,-0.0,-0.0,0.0
1736847049.5645862,0.0,1.79628,-0.0,-0.0,-0.0,0.0
1736847049.5657487,0.0,1.7964,-0.0,-0.0,-0.0,0.0
1736847049.566549,0.0,1.79651,-0.0,-0.0,-0.0,0.0
1736847049.56708,0.0,1.79664,-0.0,-0.0,-0.0,0.0
1736847049.5680864,0.0,1.79676,-0.0,-0.0,-0.0,0.0
1736847049.5684047,0.0,1.79691,-0.0,-0.0,-0.0,0.0
1736847049.5684047,0.0,1.79705,-0.0,-0.0,-0.0,0.0
1736847049.5684047,0.0,1.79718,-0.0,-0.0,-0.0,0.0
1736847049.5684047,0.0,1.7973,-0.0,-0.0,-0.0,0.0
1736847049.5722246,0.0,1.79741,-0.0,-0.0,-0.0,0.0
1736847049.5722246,0.0,1.79753,-0.0,-0.0,-0.0,0.0
1736847049.5732358,0.0,1.79765,-0.0,-0.0,-0.0,0.0
1736847049.5742345,0.0,1.79777,-0.0,-0.0,-0.0,0.0
1736847049.575525,0.0,1.79791,-0.0,-0.0,-0.0,0.0
1736847049.575849,0.0,1.79805,-0.0,-0.0,-0.0,0.0
1736847049.5769036,0.0,1.79818,-0.0,-0.0,-0.0,0.0
1736847049.578054,0.0,1.7983,-0.0,-0.0,-0.0,0.0
1736847049.578054,0.0,1.79843,-0.0,-0.0,-0.0,0.0
1736847049.579056,0.0,1.79856,-0.0,-0.0,-0.0,0.0
1736847049.5800548,0.0,1.79869,-0.0,-0.0,-0.0,0.0
1736847049.581055,0.0,1.7988,-0.0,-0.0,-0.0,0.0
1736847049.581055,0.0,1.79892,-0.0,-0.0,-0.0,0.0
1736847049.582644,0.0,1.79906,-0.0,-0.0,-0.0,0.0
1736847049.6544526,0.0,1.7992,-0.0,-0.0,-0.0,0.0
1736847049.6544526,0.0,1.81066,-0.0,-0.0,-0.0,0.0
1736847049.6544526,0.0,1.81087,-0.0,-0.0,-0.0,0.0
1736847049.6544526,0.0,1.81105,-0.0,-0.0,-0.0,0.0
1736847049.6544526,0.0,1.8112,-0.0,-0.0,-0.0,0.0
1736847049.6544526,0.0,1.81132,-0.0,-0.0,-0.0,0.0
1736847049.6616108,0.0,1.81144,-0.0,-0.0,-0.0,0.0
1736847049.662291,0.0,1.81158,-0.0,-0.0,-0.0,0.0
1736847049.6631868,0.0,1.81173,-0.0,-0.0,-0.0,0.0
1736847049.6641843,0.0,1.81186,-0.0,-0.0,-0.0,0.0
1736847049.6651921,0.0,1.812,-0.0,-0.0,-0.0,0.0
1736847049.6657453,0.0,1.81213,-0.0,-0.0,-0.0,0.0
1736847049.6668193,0.0,1.81227,-0.0,-0.0,-0.0,0.0
1736847049.667496,0.0,1.8124,-0.0,-0.0,-0.0,0.0
1736847049.668501,0.0,1.81252,-0.0,-0.0,-0.0,0.0
1736847049.668501,0.0,1.81264,-0.0,-0.0,-0.0,0.0
1736847049.669501,0.0,1.81277,-0.0,-0.0,-0.0,0.0
1736847049.6705003,0.0,1.81288,-0.0,-0.0,-0.0,0.0
1736847049.6715004,0.0,1.813,-0.0,-0.0,-0.0,0.0
1736847049.6723702,0.0,1.81313,-0.0,-0.0,-0.0,0.0
1736847049.6733236,0.0,1.81329,-0.0,-0.0,-0.0,0.0
1736847049.6743295,0.0,1.81343,-0.0,-0.0,-0.0,0.0
1736847049.6743295,0.0,1.81355,-0.0,-0.0,-0.0,0.0
1736847049.6753278,0.0,1.81367,-0.0,-0.0,-0.0,0.0
1736847049.6763282,0.0,1.81379,-0.0,-0.0,-0.0,0.0
1736847049.6773276,0.0,1.81391,-0.0,-0.0,-0.0,0.0
1736847049.6773276,0.0,1.81403,-0.0,-0.0,-0.0,0.0
1736847049.6783273,0.0,1.81415,-0.0,-0.0,-0.0,0.0
1736847049.6793296,0.0,1.8143,-0.0,-0.0,-0.0,0.0
1736847049.680582,0.0,1.81443,-0.0,-0.0,-0.0,0.0
1736847049.6814764,0.0,1.81457,-0.0,-0.0,-0.0,0.0
1736847049.6814764,0.0,1.8147,-0.0,-0.0,-0.0,0.0
1736847049.682489,0.0,1.81482,-0.0,-0.0,-0.0,0.0
1736847049.683487,0.0,1.81494,-0.0,-0.0,-0.0,0.0
1736847049.684167,0.0,1.81506,-0.0,-0.0,-0.0,0.0
1736847049.6851869,0.0,1.81517,-0.0,-0.0,-0.0,0.0
1736847049.6861918,0.0,1.8153,-0.0,-0.0,-0.0,0.0
1736847049.6864755,0.0,1.81546,-0.0,-0.0,-0.0,0.0
1736847049.6864755,0.0,1.8156,-0.0,-0.0,-0.0,0.0
1736847049.6864755,0.0,1.81572,-0.0,-0.0,-0.0,0.0
1736847049.689448,0.0,1.81584,-0.0,-0.0,-0.0,0.0
1736847049.6904545,0.0,1.81596,-0.0,-0.0,-0.0,0.0
1736847049.6904545,0.0,1.81608,-0.0,-0.0,-0.0,0.0
1736847049.691453,0.0,1.8162,-0.0,-0.0,-0.0,0.0
1736847049.6924648,0.0,1.81632,-0.0,-0.0,-0.0,0.0
1736847049.6933882,0.0,1.81645,-0.0,-0.0,-0.0,0.0
1736847049.6937559,0.0,1.81659,-0.0,-0.0,-0.0,0.0
1736847049.695402,0.0,1.81673,-0.0,-0.0,-0.0,0.0
1736847049.695402,0.0,1.81687,-0.0,-0.0,-0.0,0.0
1736847049.696407,0.0,1.81699,-0.0,-0.0,-0.0,0.0
1736847049.6977947,0.0,1.81712,-0.0,-0.0,-0.0,0.0
1736847049.6983159,0.0,1.81723,-0.0,-0.0,-0.0,0.0
1736847049.6983159,0.0,1.81735,-0.0,-0.0,-0.0,0.0
1736847049.6993303,0.0,1.81747,-0.0,-0.0,-0.0,0.0
1736847049.700809,0.0,1.81763,-0.0,-0.0,-0.0,0.0
1736847049.7018101,0.0,1.81779,-0.0,-0.0,-0.0,0.0
1736847049.7028086,0.0,1.81791,-0.0,-0.0,-0.0,0.0
1736847049.7028086,0.0,1.81802,-0.0,-0.0,-0.0,0.0
1736847049.703809,0.0,1.81814,-0.0,-0.0,-0.0,0.0
1736847049.7048087,0.0,1.81826,-0.0,-0.0,-0.0,0.0
1736847049.7058084,0.0,1.81837,-0.0,-0.0,-0.0,0.0
1736847049.7058084,0.0,1.8185,-0.0,-0.0,-0.0,0.0
1736847049.7074404,0.0,1.81864,-0.0,-0.0,-0.0,0.0
1736847049.7078304,0.0,1.81879,-0.0,-0.0,-0.0,0.0
1736847049.708834,0.0,1.81893,-0.0,-0.0,-0.0,0.0
1736847049.7098308,0.0,1.81905,-0.0,-0.0,-0.0,0.0
1736847049.7108297,0.0,1.81917,-0.0,-0.0,-0.0,0.0
1736847049.7108297,0.0,1.81929,-0.0,-0.0,-0.0,0.0
1736847049.7118928,0.0,1.81941,-0.0,-0.0,-0.0,0.0
1736847049.7129545,0.0,1.81954,-0.0,-0.0,-0.0,0.0
1736847049.713963,0.0,1.81967,-0.0,-0.0,-0.0,0.0
1736847049.7142682,0.0,1.81982,-0.0,-0.0,-0.0,0.0
1736847049.7142682,0.0,1.81998,-0.0,-0.0,-0.0,0.0
1736847049.7142682,0.0,1.82011,-0.0,-0.0,-0.0,0.0
1736847049.7174761,0.0,1.82023,-0.0,-0.0,-0.0,0.0
1736847049.7183962,0.0,1.82035,-0.0,-0.0,-0.0,0.0
1736847049.7183962,0.0,1.82047,-0.0,-0.0,-0.0,0.0
1736847049.7194035,0.0,1.82059,-0.0,-0.0,-0.0,0.0
1736847049.720402,0.0,1.82073,-0.0,-0.0,-0.0,0.0
1736847049.7215905,0.0,1.82089,-0.0,-0.0,-0.0,0.0
1736847049.7226236,0.0,1.82102,-0.0,-0.0,-0.0,0.0
1736847049.7232761,0.0,1.82116,-0.0,-0.0,-0.0,0.0
1736847049.7242815,0.0,1.82129,-0.0,-0.0,-0.0,0.0
1736847049.7242815,0.0,1.82141,-0.0,-0.0,-0.0,0.0
1736847049.7252812,0.0,1.82152,-0.0,-0.0,-0.0,0.0
1736847049.726291,0.0,1.82164,-0.0,-0.0,-0.0,0.0
1736847049.7272813,0.0,1.82175,-0.0,-0.0,-0.0,0.0
1736847049.7280602,0.0,1.82188,-0.0,-0.0,-0.0,0.0
1736847049.728508,0.0,1.82203,-0.0,-0.0,-0.0,0.0
1736847049.7297797,0.0,1.82218,-0.0,-0.0,-0.0,0.0
1736847049.7307847,0.0,1.8223,-0.0,-0.0,-0.0,0.0
1736847049.7307847,0.0,1.82243,-0.0,-0.0,-0.0,0.0
1736847049.7317848,0.0,1.82255,-0.0,-0.0,-0.0,0.0
1736847049.732794,0.0,1.82266,-0.0,-0.0,-0.0,0.0
1736847049.733784,0.0,1.82278,-0.0,-0.0,-0.0,0.0
1736847049.733784,0.0,1.82291,-0.0,-0.0,-0.0,0.0
1736847049.7356117,0.0,1.82305,-0.0,-0.0,-0.0,0.0
1736847049.7364392,0.0,1.82321,-0.0,-0.0,-0.0,0.0
1736847049.737324,0.0,1.82335,-0.0,-0.0,-0.0,0.0
1736847049.737324,0.0,1.82347,-0.0,-0.0,-0.0,0.0
1736847049.7383366,0.0,1.82359,-0.0,-0.0,-0.0,0.0
1736847049.7393346,0.0,1.82371,-0.0,-0.0,-0.0,0.0
1736847049.7403443,0.0,1.82383,-0.0,-0.0,-0.0,0.0
1736847049.7403443,0.0,1.82394,-0.0,-0.0,-0.0,0.0
1736847049.741337,0.0,1.82408,-0.0,-0.0,-0.0,0.0
1736847049.742539,0.0,1.82421,-0.0,-0.0,-0.0,0.0
1736847049.7435422,0.0,1.82435,-0.0,-0.0,-0.0,0.0
1736847049.7445517,0.0,1.82448,-0.0,-0.0,-0.0,0.0
1736847049.7445517,0.0,1.8246,-0.0,-0.0,-0.0,0.0
1736847049.7455401,0.0,1.82472,-0.0,-0.0,-0.0,0.0
1736847049.7465398,0.0,1.82484,-0.0,-0.0,-0.0,0.0
1736847049.7477124,0.0,1.82495,-0.0,-0.0,-0.0,0.0
1736847049.7477124,0.0,1.8251,-0.0,-0.0,-0.0,0.0
1736847049.7493284,0.0,1.82524,-0.0,-0.0,-0.0,0.0
1736847049.750379,0.0,1.82538,-0.0,-0.0,-0.0,0.0
1736847049.750379,0.0,1.82552,-0.0,-0.0,-0.0,0.0
1736847049.751379,0.0,1.82564,-0.0,-0.0,-0.0,0.0
1736847049.7522736,0.0,1.82576,-0.0,-0.0,-0.0,0.0
1736847049.7522736,0.0,1.82588,-0.0,-0.0,-0.0,0.0
1736847049.7522736,0.0,1.82601,-0.0,-0.0,-0.0,0.0
1736847049.7546253,0.0,1.82614,-0.0,-0.0,-0.0,0.0
1736847049.755873,0.0,1.82629,-0.0,-0.0,-0.0,0.0
1736847049.755873,0.0,1.82643,-0.0,-0.0,-0.0,0.0
1736847049.755873,0.0,1.82657,-0.0,-0.0,-0.0,0.0
1736847049.7585804,0.0,1.82669,-0.0,-0.0,-0.0,0.0
1736847049.7593777,0.0,1.82681,-0.0,-0.0,-0.0,0.0
1736847049.7602248,0.0,1.82693,-0.0,-0.0,-0.0,0.0
1736847049.7602248,0.0,1.82705,-0.0,-0.0,-0.0,0.0
1736847049.7612395,0.0,1.82717,-0.0,-0.0,-0.0,0.0
1736847049.7622423,0.0,1.82729,-0.0,-0.0,-0.0,0.0
1736847049.763141,0.0,1.82746,-0.0,-0.0,-0.0,0.0
1736847049.7644877,0.0,1.82759,-0.0,-0.0,-0.0,0.0
1736847049.7646034,0.0,1.82773,-0.0,-0.0,-0.0,0.0
1736847049.7656054,0.0,1.82786,-0.0,-0.0,-0.0,0.0
1736847049.766605,0.0,1.82798,-0.0,-0.0,-0.0,0.0
1736847049.7676237,0.0,1.8281,-0.0,-0.0,-0.0,0.0
1736847049.7676237,0.0,1.82822,-0.0,-0.0,-0.0,0.0
1736847049.7686055,0.0,1.82834,-0.0,-0.0,-0.0,0.0
1736847049.7702208,0.0,1.82849,-0.0,-0.0,-0.0,0.0
1736847049.7702208,0.0,1.82864,-0.0,-0.0,-0.0,0.0
1736847049.7712264,0.0,1.82876,-0.0,-0.0,-0.0,0.0
1736847049.7722259,0.0,1.82887,-0.0,-0.0,-0.0,0.0
1736847049.7732499,0.0,1.82898,-0.0,-0.0,-0.0,0.0
1736847049.7732499,0.0,1.8291,-0.0,-0.0,-0.0,0.0
1736847049.7742264,0.0,1.82922,-0.0,-0.0,-0.0,0.0
1736847049.7754486,0.0,1.82933,-0.0,-0.0,-0.0,0.0
1736847049.77646,0.0,1.82947,-0.0,-0.0,-0.0,0.0
1736847049.7771049,0.0,1.82962,-0.0,-0.0,-0.0,0.0
1736847049.778153,0.0,1.82976,-0.0,-0.0,-0.0,0.0
1736847049.7790825,0.0,1.82989,-0.0,-0.0,-0.0,0.0
1736847049.7790825,0.0,1.83001,-0.0,-0.0,-0.0,0.0
1736847049.780089,0.0,1.83012,-0.0,-0.0,-0.0,0.0
1736847049.780089,0.0,1.83026,-0.0,-0.0,-0.0,0.0
1736847049.7824051,0.0,1.8304,-0.0,-0.0,-0.0,0.0
1736847049.7824051,0.0,1.83054,-0.0,-0.0,-0.0,0.0
1736847049.7836194,0.0,1.83068,-0.0,-0.0,-0.0,0.0
1736847049.7836194,0.0,1.83081,-0.0,-0.0,-0.0,0.0
1736847049.7836194,0.0,1.83096,-0.0,-0.0,-0.0,0.0
1736847049.786478,0.0,1.83109,-0.0,-0.0,-0.0,0.0
1736847049.787485,0.0,1.83121,-0.0,-0.0,-0.0,0.0
1736847049.787485,0.0,1.83133,-0.0,-0.0,-0.0,0.0
1736847049.7884831,0.0,1.83145,-0.0,-0.0,-0.0,0.0
1736847049.7894838,0.0,1.83156,-0.0,-0.0,-0.0,0.0
1736847049.7905624,0.0,1.83169,-0.0,-0.0,-0.0,0.0
1736847049.790908,0.0,1.83186,-0.0,-0.0,-0.0,0.0
1736847049.7924337,0.0,1.832,-0.0,-0.0,-0.0,0.0
1736847049.7924337,0.0,1.83212,-0.0,-0.0,-0.0,0.0
1736847049.7934337,0.0,1.83224,-0.0,-0.0,-0.0,0.0
1736847049.794433,0.0,1.83236,-0.0,-0.0,-0.0,0.0
1736847049.795443,0.0,1.83248,-0.0,-0.0,-0.0,0.0
1736847049.7962034,0.0,1.83261,-0.0,-0.0,-0.0,0.0
1736847049.7972193,0.0,1.83274,-0.0,-0.0,-0.0,0.0
1736847049.7975879,0.0,1.83289,-0.0,-0.0,-0.0,0.0
1736847049.7989383,0.0,1.83302,-0.0,-0.0,-0.0,0.0
1736847049.7997987,0.0,1.83316,-0.0,-0.0,-0.0,0.0
1736847049.7997987,0.0,1.83328,-0.0,-0.0,-0.0,0.0
1736847049.8008125,0.0,1.8334,-0.0,-0.0,-0.0,0.0
1736847049.8018105,0.0,1.83352,-0.0,-0.0,-0.0,0.0
1736847049.8028104,0.0,1.8337,-0.0,-0.0,-0.0,0.0
1736847049.8038118,0.0,1.83385,-0.0,-0.0,-0.0,0.0
1736847049.8050387,0.0,1.83401,-0.0,-0.0,-0.0,0.0
1736847049.8060567,0.0,1.83415,-0.0,-0.0,-0.0,0.0
1736847049.8060567,0.0,1.83427,-0.0,-0.0,-0.0,0.0
1736847049.8070443,0.0,1.83439,-0.0,-0.0,-0.0,0.0
1736847049.8080435,0.0,1.83451,-0.0,-0.0,-0.0,0.0
1736847049.809053,0.0,1.83462,-0.0,-0.0,-0.0,0.0
1736847049.809053,0.0,1.83473,-0.0,-0.0,-0.0,0.0
1736847049.8101704,0.0,1.83485,-0.0,-0.0,-0.0,0.0
1736847049.8111727,0.0,1.83498,-0.0,-0.0,-0.0,0.0
1736847049.8121881,0.0,1.83514,-0.0,-0.0,-0.0,0.0
1736847049.8132439,0.0,1.83527,-0.0,-0.0,-0.0,0.0
1736847049.8132439,0.0,1.83539,-0.0,-0.0,-0.0,0.0
1736847049.8142295,0.0,1.83552,-0.0,-0.0,-0.0,0.0
1736847049.8152282,0.0,1.83564,-0.0,-0.0,-0.0,0.0
1736847049.8159127,0.0,1.83575,-0.0,-0.0,-0.0,0.0
1736847049.8171415,0.0,1.83589,-0.0,-0.0,-0.0,0.0
1736847049.818148,0.0,1.83603,-0.0,-0.0,-0.0,0.0
1736847049.8184245,0.0,1.83618,-0.0,-0.0,-0.0,0.0
1736847049.8184245,0.0,1.83632,-0.0,-0.0,-0.0,0.0
1736847049.8184245,0.0,1.83644,-0.0,-0.0,-0.0,0.0
1736847049.8214626,0.0,1.83657,-0.0,-0.0,-0.0,0.0
1736847049.8222177,0.0,1.83668,-0.0,-0.0,-0.0,0.0
1736847049.8230603,0.0,1.8368,-0.0,-0.0,-0.0,0.0
1736847049.8230603,0.0,1.83692,-0.0,-0.0,-0.0,0.0
1736847049.8240743,0.0,1.83704,-0.0,-0.0,-0.0,0.0
1736847049.8253074,0.0,1.83718,-0.0,-0.0,-0.0,0.0
1736847049.825802,0.0,1.83734,-0.0,-0.0,-0.0,0.0
1736847049.8274713,0.0,1.83749,-0.0,-0.0,-0.0,0.0
1736847049.8275661,0.0,1.83763,-0.0,-0.0,-0.0,0.0
1736847049.828567,0.0,1.83776,-0.0,-0.0,-0.0,0.0
1736847049.8295672,0.0,1.83788,-0.0,-0.0,-0.0,0.0
1736847049.8305783,0.0,1.838,-0.0,-0.0,-0.0,0.0
1736847049.8305783,0.0,1.83811,-0.0,-0.0,-0.0,0.0
1736847049.831572,0.0,1.83824,-0.0,-0.0,-0.0,0.0
1736847049.8331237,0.0,1.8384,-0.0,-0.0,-0.0,0.0
1736847049.834132,0.0,1.83854,-0.0,-0.0,-0.0,0.0
1736847049.834132,0.0,1.83866,-0.0,-0.0,-0.0,0.0
1736847049.8351295,0.0,1.83878,-0.0,-0.0,-0.0,0.0
1736847049.8361285,0.0,1.8389,-0.0,-0.0,-0.0,0.0
1736847049.8371406,0.0,1.83902,-0.0,-0.0,-0.0,0.0
1736847049.8371406,0.0,1.83913,-0.0,-0.0,-0.0,0.0
1736847049.8381307,0.0,1.83927,-0.0,-0.0,-0.0,0.0
1736847049.8393605,0.0,1.83941,-0.0,-0.0,-0.0,0.0
1736847049.840485,0.0,1.83955,-0.0,-0.0,-0.0,0.0
1736847049.8413813,0.0,1.83969,-0.0,-0.0,-0.0,0.0
1736847049.8413813,0.0,1.83981,-0.0,-0.0,-0.0,0.0
1736847049.8423877,0.0,1.83993,-0.0,-0.0,-0.0,0.0
1736847049.8433862,0.0,1.84005,-0.0,-0.0,-0.0,0.0
1736847049.8446164,0.0,1.84017,-0.0,-0.0,-0.0,0.0
1736847049.8446164,0.0,1.8403,-0.0,-0.0,-0.0,0.0
1736847049.8461454,0.0,1.84044,-0.0,-0.0,-0.0,0.0
1736847049.8465018,0.0,1.84059,-0.0,-0.0,-0.0,0.0
1736847049.8475428,0.0,1.84072,-0.0,-0.0,-0.0,0.0
1736847049.8485417,0.0,1.84084,-0.0,-0.0,-0.0,0.0
1736847049.8495421,0.0,1.84096,-0.0,-0.0,-0.0,0.0
1736847049.8501887,0.0,1.84109,-0.0,-0.0,-0.0,0.0
1736847049.8511937,0.0,1.84121,-0.0,-0.0,-0.0,0.0
1736847049.8511937,0.0,1.84133,-0.0,-0.0,-0.0,0.0
1736847049.8521934,0.0,1.84145,-0.0,-0.0,-0.0,0.0
1736847049.8534448,0.0,1.84158,-0.0,-0.0,-0.0,0.0
1736847049.8534448,0.0,1.84172,-0.0,-0.0,-0.0,0.0
1736847049.8544843,0.0,1.84185,-0.0,-0.0,-0.0,0.0
1736847049.8559263,0.0,1.84196,-0.0,-0.0,-0.0,0.0
1736847049.8560367,0.0,1.84209,-0.0,-0.0,-0.0,0.0
1736847049.8574939,0.0,1.84222,-0.0,-0.0,-0.0,0.0
1736847049.858385,0.0,1.84234,-0.0,-0.0,-0.0,0.0
1736847049.858385,0.0,1.84246,-0.0,-0.0,-0.0,0.0
1736847049.8600206,0.0,1.84259,-0.0,-0.0,-0.0,0.0
1736847049.8603795,0.0,1.84274,-0.0,-0.0,-0.0,0.0
1736847049.861857,0.0,1.84288,-0.0,-0.0,-0.0,0.0
1736847049.861857,0.0,1.84301,-0.0,-0.0,-0.0,0.0
1736847049.862859,0.0,1.84313,-0.0,-0.0,-0.0,0.0
1736847049.863858,0.0,1.84325,-0.0,-0.0,-0.0,0.0
1736847049.8648608,0.0,1.84337,-0.0,-0.0,-0.0,0.0
1736847049.8648608,0.0,1.84349,-0.0,-0.0,-0.0,0.0
1736847049.8658588,0.0,1.84361,-0.0,-0.0,-0.0,0.0
1736847049.8670592,0.0,1.84375,-0.0,-0.0,-0.0,0.0
1736847049.8670592,0.0,1.84389,-0.0,-0.0,-0.0,0.0
1736847049.8670592,0.0,1.84403,-0.0,-0.0,-0.0,0.0
1736847049.8670592,0.0,1.84415,-0.0,-0.0,-0.0,0.0
1736847049.8670592,0.0,1.84427,-0.0,-0.0,-0.0,0.0
1736847049.8711033,0.0,1.84438,-0.0,-0.0,-0.0,0.0
1736847049.8721082,0.0,1.8445,-0.0,-0.0,-0.0,0.0
1736847049.8721082,0.0,1.84462,-0.0,-0.0,-0.0,0.0
1736847049.87311,0.0,1.84474,-0.0,-0.0,-0.0,0.0
1736847049.8743148,0.0,1.84489,-0.0,-0.0,-0.0,0.0
1736847049.8753715,0.0,1.84502,-0.0,-0.0,-0.0,0.0
1736847049.8753715,0.0,1.84515,-0.0,-0.0,-0.0,0.0
1736847049.8768866,0.0,1.84527,-0.0,-0.0,-0.0,0.0
1736847049.8777854,0.0,1.84539,-0.0,-0.0,-0.0,0.0
1736847049.8777854,0.0,1.84551,-0.0,-0.0,-0.0,0.0
1736847049.8787901,0.0,1.84563,-0.0,-0.0,-0.0,0.0
1736847049.8797908,0.0,1.84574,-0.0,-0.0,-0.0,0.0
1736847049.8807907,0.0,1.84586,-0.0,-0.0,-0.0,0.0
1736847049.8812568,0.0,1.84601,-0.0,-0.0,-0.0,0.0
1736847049.882558,0.0,1.84613,-0.0,-0.0,-0.0,0.0
1736847049.882659,0.0,1.84628,-0.0,-0.0,-0.0,0.0
1736847049.8836608,0.0,1.84641,-0.0,-0.0,-0.0,0.0
1736847049.8846598,0.0,1.84653,-0.0,-0.0,-0.0,0.0
1736847049.885666,0.0,1.84664,-0.0,-0.0,-0.0,0.0
1736847049.885666,0.0,1.84676,-0.0,-0.0,-0.0,0.0
1736847049.8866596,0.0,1.84688,-0.0,-0.0,-0.0,0.0
1736847049.8878038,0.0,1.84702,-0.0,-0.0,-0.0,0.0
1736847049.8884723,0.0,1.84716,-0.0,-0.0,-0.0,0.0
1736847049.8894784,0.0,1.8473,-0.0,-0.0,-0.0,0.0
1736847049.8904884,0.0,1.84742,-0.0,-0.0,-0.0,0.0
1736847049.8904884,0.0,1.84753,-0.0,-0.0,-0.0,0.0
1736847049.891478,0.0,1.84765,-0.0,-0.0,-0.0,0.0
1736847049.892477,0.0,1.84777,-0.0,-0.0,-0.0,0.0
1736847049.893509,0.0,1.84789,-0.0,-0.0,-0.0,0.0
1736847049.8945143,0.0,1.84804,-0.0,-0.0,-0.0,0.0
1736847049.8951113,0.0,1.84821,-0.0,-0.0,-0.0,0.0
1736847049.8951113,0.0,1.84835,-0.0,-0.0,-0.0,0.0
1736847049.8951113,0.0,1.84848,-0.0,-0.0,-0.0,0.0
1736847049.8982053,0.0,1.84861,-0.0,-0.0,-0.0,0.0
1736847049.899004,0.0,1.84874,-0.0,-0.0,-0.0,0.0
1736847049.8997715,0.0,1.84887,-0.0,-0.0,-0.0,0.0
1736847049.9003217,0.0,1.84898,-0.0,-0.0,-0.0,0.0
1736847049.9013295,0.0,1.84911,-0.0,-0.0,-0.0,0.0
1736847049.9021375,0.0,1.84925,-0.0,-0.0,-0.0,0.0
1736847049.903189,0.0,1.84938,-0.0,-0.0,-0.0,0.0
1736847049.903881,0.0,1.84951,-0.0,-0.0,-0.0,0.0
1736847049.903881,0.0,1.84964,-0.0,-0.0,-0.0,0.0
1736847049.9048882,0.0,1.84976,-0.0,-0.0,-0.0,0.0
1736847049.9058862,0.0,1.84988,-0.0,-0.0,-0.0,0.0
1736847049.906886,0.0,1.84999,-0.0,-0.0,-0.0,0.0
1736847049.906886,0.0,1.8501,-0.0,-0.0,-0.0,0.0
1736847049.908661,0.0,1.85024,-0.0,-0.0,-0.0,0.0
1736847049.9095252,0.0,1.85039,-0.0,-0.0,-0.0,0.0
1736847049.910532,0.0,1.85053,-0.0,-0.0,-0.0,0.0
1736847049.910532,0.0,1.85066,-0.0,-0.0,-0.0,0.0
1736847049.9115307,0.0,1.85079,-0.0,-0.0,-0.0,0.0
1736847049.91253,0.0,1.85091,-0.0,-0.0,-0.0,0.0
1736847049.9135287,0.0,1.85102,-0.0,-0.0,-0.0,0.0
1736847049.9135287,0.0,1.85113,-0.0,-0.0,-0.0,0.0
1736847049.91453,0.0,1.85127,-0.0,-0.0,-0.0,0.0
1736847049.9159153,0.0,1.85141,-0.0,-0.0,-0.0,0.0
1736847049.9169161,0.0,1.85155,-0.0,-0.0,-0.0,0.0
1736847049.9169161,0.0,1.85167,-0.0,-0.0,-0.0,0.0
1736847049.917916,0.0,1.85179,-0.0,-0.0,-0.0,0.0
1736847049.9189155,0.0,1.85191,-0.0,-0.0,-0.0,0.0
1736847049.9199219,0.0,1.85203,-0.0,-0.0,-0.0,0.0
1736847049.9199219,0.0,1.85214,-0.0,-0.0,-0.0,0.0
1736847049.9209163,0.0,1.85226,-0.0,-0.0,-0.0,0.0
1736847049.9219165,0.0,1.85239,-0.0,-0.0,-0.0,0.0
1736847049.9229164,0.0,1.85254,-0.0,-0.0,-0.0,0.0
1736847049.9239912,0.0,1.85267,-0.0,-0.0,-0.0,0.0
1736847049.924902,0.0,1.85279,-0.0,-0.0,-0.0,0.0
1736847049.924902,0.0,1.85291,-0.0,-0.0,-0.0,0.0
1736847049.9259074,0.0,1.85303,-0.0,-0.0,-0.0,0.0
1736847049.9270973,0.0,1.85315,-0.0,-0.0,-0.0,0.0
1736847049.9276636,0.0,1.85327,-0.0,-0.0,-0.0,0.0
1736847049.9286704,0.0,1.85339,-0.0,-0.0,-0.0,0.0
1736847049.9286704,0.0,1.85352,-0.0,-0.0,-0.0,0.0
1736847049.9297726,0.0,1.85366,-0.0,-0.0,-0.0,0.0
1736847049.9307742,0.0,1.85379,-0.0,-0.0,-0.0,0.0
1736847049.9317734,0.0,1.85391,-0.0,-0.0,-0.0,0.0
1736847049.932774,0.0,1.85403,-0.0,-0.0,-0.0,0.0
1736847049.9334097,0.0,1.85416,-0.0,-0.0,-0.0,0.0
1736847049.934414,0.0,1.85428,-0.0,-0.0,-0.0,0.0
1736847049.934414,0.0,1.8544,-0.0,-0.0,-0.0,0.0
1736847049.9354146,0.0,1.85452,-0.0,-0.0,-0.0,0.0
1736847049.936733,0.0,1.85465,-0.0,-0.0,-0.0,0.0
1736847049.936733,0.0,1.85479,-0.0,-0.0,-0.0,0.0
1736847049.9377716,0.0,1.85492,-0.0,-0.0,-0.0,0.0
1736847049.9387698,0.0,1.85503,-0.0,-0.0,-0.0,0.0
1736847049.9396527,0.0,1.85517,-0.0,-0.0,-0.0,0.0
1736847049.9407966,0.0,1.85529,-0.0,-0.0,-0.0,0.0
1736847049.9414096,0.0,1.85541,-0.0,-0.0,-0.0,0.0
1736847049.9419181,0.0,1.85552,-0.0,-0.0,-0.0,0.0
1736847049.9429307,0.0,1.85565,-0.0,-0.0,-0.0,0.0
1736847049.9439373,0.0,1.85579,-0.0,-0.0,-0.0,0.0
1736847049.9439373,0.0,1.85593,-0.0,-0.0,-0.0,0.0
1736847049.9455106,0.0,1.85606,-0.0,-0.0,-0.0,0.0
1736847049.9465158,0.0,1.85619,-0.0,-0.0,-0.0,0.0
1736847049.9465158,0.0,1.8563,-0.0,-0.0,-0.0,0.0
1736847049.9475148,0.0,1.85642,-0.0,-0.0,-0.0,0.0
1736847049.9485147,0.0,1.85654,-0.0,-0.0,-0.0,0.0
1736847049.949516,0.0,1.85666,-0.0,-0.0,-0.0,0.0
1736847049.949516,0.0,1.85678,-0.0,-0.0,-0.0,0.0
1736847049.9511516,0.0,1.85693,-0.0,-0.0,-0.0,0.0
1736847049.952158,0.0,1.85707,-0.0,-0.0,-0.0,0.0
1736847049.952158,0.0,1.85719,-0.0,-0.0,-0.0,0.0
1736847049.9531555,0.0,1.85731,-0.0,-0.0,-0.0,0.0
1736847049.9541702,0.0,1.85742,-0.0,-0.0,-0.0,0.0
1736847049.9551566,0.0,1.85754,-0.0,-0.0,-0.0,0.0
1736847049.9551566,0.0,1.85766,-0.0,-0.0,-0.0,0.0
1736847049.9561563,0.0,1.85777,-0.0,-0.0,-0.0,0.0
1736847049.957157,0.0,1.85791,-0.0,-0.0,-0.0,0.0
1736847049.9582953,0.0,1.85806,-0.0,-0.0,-0.0,0.0
1736847049.9591427,0.0,1.85819,-0.0,-0.0,-0.0,0.0
1736847049.9600203,0.0,1.85832,-0.0,-0.0,-0.0,0.0
1736847049.9600203,0.0,1.85844,-0.0,-0.0,-0.0,0.0
1736847049.961035,0.0,1.85856,-0.0,-0.0,-0.0,0.0
1736847049.961847,0.0,1.85867,-0.0,-0.0,-0.0,0.0
1736847049.9629664,0.0,1.8588,-0.0,-0.0,-0.0,0.0
1736847049.963975,0.0,1.85892,-0.0,-0.0,-0.0,0.0
1736847049.9643023,0.0,1.85911,-0.0,-0.0,-0.0,0.0
1736847049.9643023,0.0,1.85936,-0.0,-0.0,-0.0,0.0
1736847049.9643023,0.0,1.85955,-0.0,-0.0,-0.0,0.0
1736847049.9643023,0.0,1.85973,-0.0,-0.0,-0.0,0.0
1736847049.9700089,0.0,1.85989,-0.0,-0.0,-0.0,0.0
1736847049.9710252,0.0,1.86005,-0.0,-0.0,-0.0,0.0
1736847049.9722648,0.0,1.86025,-0.0,-0.0,-0.0,0.0
1736847049.9722648,0.0,1.86047,-0.0,-0.0,-0.0,0.0
1736847049.9722648,0.0,1.86071,-0.0,-0.0,-0.0,0.0
1736847049.9722648,0.0,1.86087,-0.0,-0.0,-0.0,0.0
1736847049.9722648,0.0,1.86103,-0.0,-0.0,-0.0,0.0
1736847049.9722648,0.0,1.86119,-0.0,-0.0,-0.0,0.0
1736847049.9797528,0.0,1.86138,-0.0,-0.0,-0.0,0.0
1736847049.9798205,0.0,1.86156,-0.0,-0.0,-0.0,0.0
1736847049.9798205,0.0,1.86181,-0.0,-0.0,-0.0,0.0
1736847049.9798205,0.0,1.86207,-0.0,-0.0,-0.0,0.0
1736847049.9798205,0.0,1.86227,-0.0,-0.0,-0.0,0.0
1736847049.9858062,0.0,1.86245,-0.0,-0.0,-0.0,0.0
1736847049.986911,0.0,1.86265,-0.0,-0.0,-0.0,0.0
1736847049.986911,0.0,1.86286,-0.0,-0.0,-0.0,0.0
1736847049.990815,0.0,1.86307,-0.0,-0.0,-0.0,0.0
1736847049.9918299,0.0,1.86332,-0.0,-0.0,-0.0,0.0
1736847049.9936428,0.0,1.86359,-0.0,-0.0,-0.0,0.0
1736847049.9936428,0.0,1.8638,-0.0,-0.0,-0.0,0.0
1736847049.9936428,0.0,1.864,-0.0,-0.0,-0.0,0.0
1736847049.9936428,0.0,1.86413,-0.0,-0.0,-0.0,0.0
1736847049.997804,0.0,1.86433,-0.0,-0.0,-0.0,0.0
1736847049.9998105,0.0,1.86454,-0.0,-0.0,-0.0,0.0
1736847050.0008118,0.0,1.86471,-0.0,-0.0,-0.0,0.0
1736847050.0018113,0.0,1.86487,-0.0,-0.0,-0.0,0.0
1736847050.0023534,0.0,1.86503,-0.0,-0.0,-0.0,0.0
1736847050.0023534,0.0,1.8652,-0.0,-0.0,-0.0,0.0
1736847050.0023534,0.0,1.86537,-0.0,-0.0,-0.0,0.0
1736847050.0023534,0.0,1.86554,-0.0,-0.0,-0.0,0.0
1736847050.006932,0.0,1.8657,-0.0,-0.0,-0.0,0.0
1736847050.0081437,0.0,1.86588,-0.0,-0.0,-0.0,0.0
1736847050.0081437,0.0,1.86602,-0.0,-0.0,-0.0,0.0
1736847050.0081437,0.0,1.86617,-0.0,-0.0,-0.0,0.0
1736847050.0081437,0.0,1.86631,-0.0,-0.0,-0.0,0.0
1736847050.0114465,0.0,1.86644,-0.0,-0.0,-0.0,0.0
1736847050.0124583,0.0,1.86657,-0.0,-0.0,-0.0,0.0
1736847050.0131993,0.0,1.86672,-0.0,-0.0,-0.0,0.0
1736847050.014269,0.0,1.86685,-0.0,-0.0,-0.0,0.0
1736847050.0151954,0.0,1.86697,-0.0,-0.0,-0.0,0.0
1736847050.0151954,0.0,1.8671,-0.0,-0.0,-0.0,0.0
1736847050.0162022,0.0,1.86722,-0.0,-0.0,-0.0,0.0
1736847050.017571,0.0,1.86734,-0.0,-0.0,-0.0,0.0
1736847050.017571,0.0,1.86747,-0.0,-0.0,-0.0,0.0
1736847050.0185728,0.0,1.8676,-0.0,-0.0,-0.0,0.0
1736847050.0200863,0.0,1.86773,-0.0,-0.0,-0.0,0.0
1736847050.0200863,0.0,1.86788,-0.0,-0.0,-0.0,0.0
1736847050.0211294,0.0,1.86802,-0.0,-0.0,-0.0,0.0
1736847050.0221279,0.0,1.86813,-0.0,-0.0,-0.0,0.0
1736847050.0232954,0.0,1.86825,-0.0,-0.0,-0.0,0.0
1736847050.0233803,0.0,1.86837,-0.0,-0.0,-0.0,0.0
1736847050.0243816,0.0,1.8685,-0.0,-0.0,-0.0,0.0
1736847050.025391,0.0,1.86861,-0.0,-0.0,-0.0,0.0
1736847050.026381,0.0,1.86874,-0.0,-0.0,-0.0,0.0
1736847050.0271733,0.0,1.86888,-0.0,-0.0,-0.0,0.0
1736847050.0282178,0.0,1.86902,-0.0,-0.0,-0.0,0.0
1736847050.0287905,0.0,1.86916,-0.0,-0.0,-0.0,0.0
1736847050.0298123,0.0,1.86928,-0.0,-0.0,-0.0,0.0
1736847050.0298123,0.0,1.86941,-0.0,-0.0,-0.0,0.0
1736847050.0307958,0.0,1.86953,-0.0,-0.0,-0.0,0.0
1736847050.0320542,0.0,1.86964,-0.0,-0.0,-0.0,0.0
1736847050.0320542,0.0,1.86976,-0.0,-0.0,-0.0,0.0
1736847050.0336266,0.0,1.86989,-0.0,-0.0,-0.0,0.0
1736847050.0345488,0.0,1.87003,-0.0,-0.0,-0.0,0.0
1736847050.0353765,0.0,1.87017,-0.0,-0.0,-0.0,0.0
1736847050.0361536,0.0,1.87029,-0.0,-0.0,-0.0,0.0
1736847050.0361536,0.0,1.87041,-0.0,-0.0,-0.0,0.0
1736847050.0371659,0.0,1.87053,-0.0,-0.0,-0.0,0.0
1736847050.038164,0.0,1.87064,-0.0,-0.0,-0.0,0.0
1736847050.0389895,0.0,1.87076,-0.0,-0.0,-0.0,0.0
1736847050.039995,0.0,1.87088,-0.0,-0.0,-0.0,0.0
1736847050.04087,0.0,1.87102,-0.0,-0.0,-0.0,0.0
1736847050.04087,0.0,1.87115,-0.0,-0.0,-0.0,0.0
1736847050.04087,0.0,1.87128,-0.0,-0.0,-0.0,0.0
1736847050.04087,0.0,1.87141,-0.0,-0.0,-0.0,0.0
1736847050.04087,0.0,1.87154,-0.0,-0.0,-0.0,0.0
1736847050.0447276,0.0,1.87165,-0.0,-0.0,-0.0,0.0
1736847050.0457337,0.0,1.87177,-0.0,-0.0,-0.0,0.0
1736847050.0457337,0.0,1.87189,-0.0,-0.0,-0.0,0.0
1736847050.0467339,0.0,1.87201,-0.0,-0.0,-0.0,0.0
1736847050.047954,0.0,1.87215,-0.0,-0.0,-0.0,0.0
1736847050.0489557,0.0,1.87229,-0.0,-0.0,-0.0,0.0
1736847050.0489557,0.0,1.87241,-0.0,-0.0,-0.0,0.0
1736847050.05038,0.0,1.87254,-0.0,-0.0,-0.0,0.0
1736847050.0513797,0.0,1.87266,-0.0,-0.0,-0.0,0.0
1736847050.0513797,0.0,1.87278,-0.0,-0.0,-0.0,0.0
1736847050.052896,0.0,1.87289,-0.0,-0.0,-0.0,0.0
1736847050.052896,0.0,1.87301,-0.0,-0.0,-0.0,0.0
1736847050.0539033,0.0,1.87314,-0.0,-0.0,-0.0,0.0
1736847050.0549018,0.0,1.87328,-0.0,-0.0,-0.0,0.0
1736847050.0557673,0.0,1.87341,-0.0,-0.0,-0.0,0.0
1736847050.0568588,0.0,1.87354,-0.0,-0.0,-0.0,0.0
1736847050.0578609,0.0,1.87368,-0.0,-0.0,-0.0,0.0
1736847050.0578609,0.0,1.8738,-0.0,-0.0,-0.0,0.0
1736847050.0588596,0.0,1.87392,-0.0,-0.0,-0.0,0.0
1736847050.0598598,0.0,1.87404,-0.0,-0.0,-0.0,0.0
1736847050.0608628,0.0,1.87417,-0.0,-0.0,-0.0,0.0
1736847050.0614552,0.0,1.87431,-0.0,-0.0,-0.0,0.0
1736847050.0614552,0.0,1.87446,-0.0,-0.0,-0.0,0.0
1736847050.0614552,0.0,1.87459,-0.0,-0.0,-0.0,0.0
1736847050.0614552,0.0,1.87471,-0.0,-0.0,-0.0,0.0
1736847050.0614552,0.0,1.87483,-0.0,-0.0,-0.0,0.0
1736847050.0614552,0.0,1.87495,-0.0,-0.0,-0.0,0.0
1736847050.0614552,0.0,1.87507,-0.0,-0.0,-0.0,0.0
1736847050.0671103,0.0,1.87519,-0.0,-0.0,-0.0,0.0
1736847050.0681188,0.0,1.87533,-0.0,-0.0,-0.0,0.0
1736847050.0689776,0.0,1.8755,-0.0,-0.0,-0.0,0.0
1736847050.0701494,0.0,1.87563,-0.0,-0.0,-0.0,0.0
1736847050.071088,0.0,1.87575,-0.0,-0.0,-0.0,0.0
1736847050.071088,0.0,1.87588,-0.0,-0.0,-0.0,0.0
1736847050.0720942,0.0,1.87599,-0.0,-0.0,-0.0,0.0
1736847050.0728507,0.0,1.87611,-0.0,-0.0,-0.0,0.0
1736847050.0735593,0.0,1.87624,-0.0,-0.0,-0.0,0.0
1736847050.074562,0.0,1.87637,-0.0,-0.0,-0.0,0.0
1736847050.0756469,0.0,1.87651,-0.0,-0.0,-0.0,0.0
1736847050.0766826,0.0,1.87664,-0.0,-0.0,-0.0,0.0
1736847050.0766826,0.0,1.87678,-0.0,-0.0,-0.0,0.0
1736847050.078157,0.0,1.8769,-0.0,-0.0,-0.0,0.0
1736847050.0791562,0.0,1.87702,-0.0,-0.0,-0.0,0.0
1736847050.0791562,0.0,1.87714,-0.0,-0.0,-0.0,0.0
1736847050.0801566,0.0,1.87726,-0.0,-0.0,-0.0,0.0
1736847050.080989,0.0,1.87739,-0.0,-0.0,-0.0,0.0
1736847050.0821686,0.0,1.87751,-0.0,-0.0,-0.0,0.0
1736847050.0821686,0.0,1.87766,-0.0,-0.0,-0.0,0.0
1736847050.0838828,0.0,1.87779,-0.0,-0.0,-0.0,0.0
1736847050.084889,0.0,1.87792,-0.0,-0.0,-0.0,0.0
1736847050.084889,0.0,1.87804,-0.0,-0.0,-0.0,0.0
1736847050.0858886,0.0,1.87816,-0.0,-0.0,-0.0,0.0
1736847050.087045,0.0,1.87828,-0.0,-0.0,-0.0,0.0
1736847050.087799,0.0,1.8784,-0.0,-0.0,-0.0,0.0
1736847050.0888891,0.0,1.87854,-0.0,-0.0,-0.0,0.0
1736847050.0897598,0.0,1.87869,-0.0,-0.0,-0.0,0.0
1736847050.0903325,0.0,1.87885,-0.0,-0.0,-0.0,0.0
1736847050.0913384,0.0,1.87899,-0.0,-0.0,-0.0,0.0
1736847050.0923479,0.0,1.87912,-0.0,-0.0,-0.0,0.0
1736847050.0923479,0.0,1.87923,-0.0,-0.0,-0.0,0.0
1736847050.0933375,0.0,1.87935,-0.0,-0.0,-0.0,0.0
1736847050.0943365,0.0,1.87947,-0.0,-0.0,-0.0,0.0
1736847050.0953472,0.0,1.87959,-0.0,-0.0,-0.0,0.0
1736847050.0964298,0.0,1.87973,-0.0,-0.0,-0.0,0.0
1736847050.0967865,0.0,1.87988,-0.0,-0.0,-0.0,0.0
1736847050.0978267,0.0,1.88001,-0.0,-0.0,-0.0,0.0
1736847050.0988352,0.0,1.88014,-0.0,-0.0,-0.0,0.0
1736847050.0988352,0.0,1.88026,-0.0,-0.0,-0.0,0.0
1736847050.0998266,0.0,1.88038,-0.0,-0.0,-0.0,0.0
1736847050.1007955,0.0,1.8805,-0.0,-0.0,-0.0,0.0
1736847050.1018221,0.0,1.88063,-0.0,-0.0,-0.0,0.0
1736847050.174294,0.0,1.89271,-0.0,-0.0,-0.0,0.0
1736847050.174294,0.0,1.89297,-0.0,-0.0,-0.0,0.0
1736847050.174294,0.0,1.89323,-0.0,-0.0,-0.0,0.0
1736847050.174294,0.0,1.89338,-0.0,-0.0,-0.0,0.0
1736847050.174294,0.0,1.89353,-0.0,-0.0,-0.0,0.0
1736847050.174294,0.0,1.89366,-0.0,-0.0,-0.0,0.0
1736847050.186139,0.0,1.8938,-0.0,-0.0,-0.0,0.0
1736847050.1869073,0.0,1.89396,-0.0,-0.0,-0.0,0.0
1736847050.1878157,0.0,1.89411,-0.0,-0.0,-0.0,0.0
1736847050.188837,0.0,1.89426,-0.0,-0.0,-0.0,0.0
1736847050.189851,0.0,1.8944,-0.0,-0.0,-0.0,0.0
1736847050.189851,0.0,1.89453,-0.0,-0.0,-0.0,0.0
1736847050.190851,0.0,1.89465,-0.0,-0.0,-0.0,0.0
1736847050.1921794,0.0,1.89478,-0.0,-0.0,-0.0,0.0
1736847050.1921794,0.0,1.89491,-0.0,-0.0,-0.0,0.0
1736847050.193419,0.0,1.89508,-0.0,-0.0,-0.0,0.0
1736847050.193419,0.0,1.89521,-0.0,-0.0,-0.0,0.0
1736847050.193419,0.0,1.89533,-0.0,-0.0,-0.0,0.0
1736847050.1962867,0.0,1.89545,-0.0,-0.0,-0.0,0.0
1736847050.1972923,0.0,1.89557,-0.0,-0.0,-0.0,0.0
1736847050.1972923,0.0,1.89569,-0.0,-0.0,-0.0,0.0
1736847050.1982927,0.0,1.89581,-0.0,-0.0,-0.0,0.0
1736847050.1992965,0.0,1.89593,-0.0,-0.0,-0.0,0.0
1736847050.2003665,0.0,1.89607,-0.0,-0.0,-0.0,0.0
1736847050.2010934,0.0,1.89622,-0.0,-0.0,-0.0,0.0
1736847050.202111,0.0,1.89637,-0.0,-0.0,-0.0,0.0
1736847050.202111,0.0,1.8965,-0.0,-0.0,-0.0,0.0
1736847050.202111,0.0,1.89663,-0.0,-0.0,-0.0,0.0
1736847050.202111,0.0,1.89675,-0.0,-0.0,-0.0,0.0
1736847050.202111,0.0,1.89687,-0.0,-0.0,-0.0,0.0
1736847050.2060056,0.0,1.89698,-0.0,-0.0,-0.0,0.0
1736847050.2070174,0.0,1.8971,-0.0,-0.0,-0.0,0.0
1736847050.2077239,0.0,1.89727,-0.0,-0.0,-0.0,0.0
1736847050.208816,0.0,1.89741,-0.0,-0.0,-0.0,0.0
1736847050.209585,0.0,1.89753,-0.0,-0.0,-0.0,0.0
1736847050.2104144,0.0,1.89765,-0.0,-0.0,-0.0,0.0
1736847050.2104144,0.0,1.89776,-0.0,-0.0,-0.0,0.0
1736847050.2114289,0.0,1.89788,-0.0,-0.0,-0.0,0.0
1736847050.212426,0.0,1.898,-0.0,-0.0,-0.0,0.0
1736847050.212933,0.0,1.89811,-0.0,-0.0,-0.0,0.0
1736847050.2139866,0.0,1.89826,-0.0,-0.0,-0.0,0.0
1736847050.2149668,0.0,1.89841,-0.0,-0.0,-0.0,0.0
1736847050.2160347,0.0,1.89856,-0.0,-0.0,-0.0,0.0
1736847050.2170198,0.0,1.89867,-0.0,-0.0,-0.0,0.0
1736847050.2170198,0.0,1.89879,-0.0,-0.0,-0.0,0.0
1736847050.2182815,0.0,1.89891,-0.0,-0.0,-0.0,0.0
1736847050.2192867,0.0,1.89903,-0.0,-0.0,-0.0,0.0
1736847050.2198884,0.0,1.89916,-0.0,-0.0,-0.0,0.0
1736847050.2208936,0.0,1.89929,-0.0,-0.0,-0.0,0.0
1736847050.2211416,0.0,1.89945,-0.0,-0.0,-0.0,0.0
1736847050.2211416,0.0,1.89959,-0.0,-0.0,-0.0,0.0
1736847050.2234085,0.0,1.8997,-0.0,-0.0,-0.0,0.0
1736847050.2237234,0.0,1.89983,-0.0,-0.0,-0.0,0.0
1736847050.2247257,0.0,1.89996,-0.0,-0.0,-0.0,0.0
1736847050.225736,0.0,1.90008,-0.0,-0.0,-0.0,0.0
1736847050.225736,0.0,1.90019,-0.0,-0.0,-0.0,0.0
1736847050.2267241,0.0,1.90031,-0.0,-0.0,-0.0,0.0
1736847050.2277255,0.0,1.90044,-0.0,-0.0,-0.0,0.0
1736847050.2283697,0.0,1.90057,-0.0,-0.0,-0.0,0.0
1736847050.2298603,0.0,1.90071,-0.0,-0.0,-0.0,0.0
1736847050.2307138,0.0,1.90083,-0.0,-0.0,-0.0,0.0
1736847050.2307138,0.0,1.90096,-0.0,-0.0,-0.0,0.0
1736847050.2317276,0.0,1.90107,-0.0,-0.0,-0.0,0.0
1736847050.232736,0.0,1.90119,-0.0,-0.0,-0.0,0.0
1736847050.2337248,0.0,1.9013,-0.0,-0.0,-0.0,0.0
1736847050.2337248,0.0,1.90142,-0.0,-0.0,-0.0,0.0
1736847050.235412,0.0,1.90156,-0.0,-0.0,-0.0,0.0
1736847050.236249,0.0,1.90172,-0.0,-0.0,-0.0,0.0
1736847050.2367682,0.0,1.90188,-0.0,-0.0,-0.0,0.0
1736847050.2377746,0.0,1.90201,-0.0,-0.0,-0.0,0.0
1736847050.2388031,0.0,1.90213,-0.0,-0.0,-0.0,0.0
1736847050.2397726,0.0,1.90225,-0.0,-0.0,-0.0,0.0
1736847050.2399726,0.0,1.90236,-0.0,-0.0,-0.0,0.0
1736847050.240729,0.0,1.90249,-0.0,-0.0,-0.0,0.0
1736847050.2419584,0.0,1.90262,-0.0,-0.0,-0.0,0.0
1736847050.2419584,0.0,1.90276,-0.0,-0.0,-0.0,0.0
1736847050.2419584,0.0,1.90291,-0.0,-0.0,-0.0,0.0
1736847050.2419584,0.0,1.90302,-0.0,-0.0,-0.0,0.0
1736847050.2452054,0.0,1.90314,-0.0,-0.0,-0.0,0.0
1736847050.2462118,0.0,1.90326,-0.0,-0.0,-0.0,0.0
1736847050.2462118,0.0,1.90338,-0.0,-0.0,-0.0,0.0
1736847050.2475433,0.0,1.90349,-0.0,-0.0,-0.0,0.0
1736847050.2485576,0.0,1.90363,-0.0,-0.0,-0.0,0.0
1736847050.2493615,0.0,1.90377,-0.0,-0.0,-0.0,0.0
1736847050.2503686,0.0,1.90391,-0.0,-0.0,-0.0,0.0
1736847050.251074,0.0,1.90405,-0.0,-0.0,-0.0,0.0
1736847050.2519166,0.0,1.90417,-0.0,-0.0,-0.0,0.0
1736847050.2519166,0.0,1.90429,-0.0,-0.0,-0.0,0.0
1736847050.2529306,0.0,1.9044,-0.0,-0.0,-0.0,0.0
1736847050.2539287,0.0,1.90452,-0.0,-0.0,-0.0,0.0
1736847050.2549317,0.0,1.90463,-0.0,-0.0,-0.0,0.0
1736847050.2549317,0.0,1.90476,-0.0,-0.0,-0.0,0.0
1736847050.2564921,0.0,1.90492,-0.0,-0.0,-0.0,0.0
1736847050.2575128,0.0,1.90506,-0.0,-0.0,-0.0,0.0
1736847050.2584977,0.0,1.90519,-0.0,-0.0,-0.0,0.0
1736847050.2584977,0.0,1.90531,-0.0,-0.0,-0.0,0.0
1736847050.2594967,0.0,1.90543,-0.0,-0.0,-0.0,0.0
1736847050.2604969,0.0,1.90555,-0.0,-0.0,-0.0,0.0
1736847050.2615669,0.0,1.90566,-0.0,-0.0,-0.0,0.0
1736847050.2615669,0.0,1.9058,-0.0,-0.0,-0.0,0.0
1736847050.2631905,0.0,1.90594,-0.0,-0.0,-0.0,0.0
1736847050.2634833,0.0,1.90609,-0.0,-0.0,-0.0,0.0
1736847050.2645223,0.0,1.90624,-0.0,-0.0,-0.0,0.0
1736847050.265521,0.0,1.90636,-0.0,-0.0,-0.0,0.0
1736847050.2665327,0.0,1.90647,-0.0,-0.0,-0.0,0.0
1736847050.2671313,0.0,1.90658,-0.0,-0.0,-0.0,0.0
1736847050.268136,0.0,1.90671,-0.0,-0.0,-0.0,0.0
1736847050.2684906,0.0,1.90684,-0.0,-0.0,-0.0,0.0
1736847050.2697513,0.0,1.90697,-0.0,-0.0,-0.0,0.0
1736847050.2697513,0.0,1.90712,-0.0,-0.0,-0.0,0.0
1736847050.2697513,0.0,1.90725,-0.0,-0.0,-0.0,0.0
1736847050.2722385,0.0,1.90737,-0.0,-0.0,-0.0,0.0
1736847050.2729795,0.0,1.90749,-0.0,-0.0,-0.0,0.0
1736847050.273825,0.0,1.90761,-0.0,-0.0,-0.0,0.0
1736847050.273825,0.0,1.90773,-0.0,-0.0,-0.0,0.0
1736847050.2748387,0.0,1.90784,-0.0,-0.0,-0.0,0.0
1736847050.2758405,0.0,1.90797,-0.0,-0.0,-0.0,0.0
1736847050.2770176,0.0,1.90811,-0.0,-0.0,-0.0,0.0
1736847050.2770176,0.0,1.90826,-0.0,-0.0,-0.0,0.0
1736847050.2770176,0.0,1.9084,-0.0,-0.0,-0.0,0.0
1736847050.2770176,0.0,1.90852,-0.0,-0.0,-0.0,0.0
1736847050.2770176,0.0,1.90864,-0.0,-0.0,-0.0,0.0
1736847050.2770176,0.0,1.90877,-0.0,-0.0,-0.0,0.0
1736847050.2770176,0.0,1.90889,-0.0,-0.0,-0.0,0.0
1736847050.2823822,0.0,1.90901,-0.0,-0.0,-0.0,0.0
1736847050.283395,0.0,1.90914,-0.0,-0.0,-0.0,0.0
1736847050.2841575,0.0,1.90928,-0.0,-0.0,-0.0,0.0
1736847050.2852216,0.0,1.90942,-0.0,-0.0,-0.0,0.0
1736847050.2862065,0.0,1.90954,-0.0,-0.0,-0.0,0.0
1736847050.2862065,0.0,1.90966,-0.0,-0.0,-0.0,0.0
1736847050.2872066,0.0,1.90978,-0.0,-0.0,-0.0,0.0
1736847050.288411,0.0,1.90989,-0.0,-0.0,-0.0,0.0
1736847050.288508,0.0,1.91002,-0.0,-0.0,-0.0,0.0
1736847050.2895122,0.0,1.91015,-0.0,-0.0,-0.0,0.0
1736847050.2909155,0.0,1.9103,-0.0,-0.0,-0.0,0.0
1736847050.2917368,0.0,1.91043,-0.0,-0.0,-0.0,0.0
1736847050.2921503,0.0,1.91056,-0.0,-0.0,-0.0,0.0
1736847050.2931778,0.0,1.91068,-0.0,-0.0,-0.0,0.0
1736847050.2941837,0.0,1.9108,-0.0,-0.0,-0.0,0.0
1736847050.2941837,0.0,1.91093,-0.0,-0.0,-0.0,0.0
1736847050.2941837,0.0,1.91106,-0.0,-0.0,-0.0,0.0
1736847050.296273,0.0,1.91118,-0.0,-0.0,-0.0,0.0
1736847050.2972777,0.0,1.9113,-0.0,-0.0,-0.0,0.0
1736847050.29751,0.0,1.91144,-0.0,-0.0,-0.0,0.0
1736847050.2990515,0.0,1.91158,-0.0,-0.0,-0.0,0.0
1736847050.299382,0.0,1.91171,-0.0,-0.0,-0.0,0.0
1736847050.300384,0.0,1.91184,-0.0,-0.0,-0.0,0.0
1736847050.3013918,0.0,1.91196,-0.0,-0.0,-0.0,0.0
1736847050.3013918,0.0,1.91207,-0.0,-0.0,-0.0,0.0
1736847050.3023834,0.0,1.91219,-0.0,-0.0,-0.0,0.0
1736847050.3033834,0.0,1.91231,-0.0,-0.0,-0.0,0.0
1736847050.304556,0.0,1.91245,-0.0,-0.0,-0.0,0.0
1736847050.3048894,0.0,1.9126,-0.0,-0.0,-0.0,0.0
1736847050.305938,0.0,1.91274,-0.0,-0.0,-0.0,0.0
1736847050.3069353,0.0,1.91285,-0.0,-0.0,-0.0,0.0
1736847050.3080256,0.0,1.91297,-0.0,-0.0,-0.0,0.0
1736847050.3086364,0.0,1.91309,-0.0,-0.0,-0.0,0.0
1736847050.3086364,0.0,1.9132,-0.0,-0.0,-0.0,0.0
1736847050.3101592,0.0,1.91332,-0.0,-0.0,-0.0,0.0
1736847050.3111649,0.0,1.91346,-0.0,-0.0,-0.0,0.0
1736847050.3119783,0.0,1.91361,-0.0,-0.0,-0.0,0.0
1736847050.3129845,0.0,1.91374,-0.0,-0.0,-0.0,0.0
1736847050.3129845,0.0,1.91387,-0.0,-0.0,-0.0,0.0
1736847050.3139825,0.0,1.91399,-0.0,-0.0,-0.0,0.0
1736847050.315079,0.0,1.91411,-0.0,-0.0,-0.0,0.0
1736847050.3160844,0.0,1.91423,-0.0,-0.0,-0.0,0.0
1736847050.3160844,0.0,1.91436,-0.0,-0.0,-0.0,0.0
1736847050.3171067,0.0,1.91449,-0.0,-0.0,-0.0,0.0
1736847050.318322,0.0,1.91462,-0.0,-0.0,-0.0,0.0
1736847050.318322,0.0,1.91475,-0.0,-0.0,-0.0,0.0
1736847050.318322,0.0,1.91488,-0.0,-0.0,-0.0,0.0
1736847050.320755,0.0,1.915,-0.0,-0.0,-0.0,0.0
1736847050.3217614,0.0,1.91512,-0.0,-0.0,-0.0,0.0
1736847050.3217614,0.0,1.91524,-0.0,-0.0,-0.0,0.0
1736847050.3227596,0.0,1.91536,-0.0,-0.0,-0.0,0.0
1736847050.3237696,0.0,1.91548,-0.0,-0.0,-0.0,0.0
1736847050.3247607,0.0,1.9156,-0.0,-0.0,-0.0,0.0
1736847050.3257089,0.0,1.91573,-0.0,-0.0,-0.0,0.0
1736847050.3263624,0.0,1.91591,-0.0,-0.0,-0.0,0.0
1736847050.327554,0.0,1.91606,-0.0,-0.0,-0.0,0.0
1736847050.3283746,0.0,1.91619,-0.0,-0.0,-0.0,0.0
1736847050.3283746,0.0,1.91631,-0.0,-0.0,-0.0,0.0
1736847050.3293867,0.0,1.91643,-0.0,-0.0,-0.0,0.0
1736847050.330385,0.0,1.91657,-0.0,-0.0,-0.0,0.0
1736847050.3313854,0.0,1.91672,-0.0,-0.0,-0.0,0.0
1736847050.3329258,0.0,1.91688,-0.0,-0.0,-0.0,0.0
1736847050.3330278,0.0,1.91704,-0.0,-0.0,-0.0,0.0
1736847050.3340318,0.0,1.91717,-0.0,-0.0,-0.0,0.0
1736847050.335028,0.0,1.91729,-0.0,-0.0,-0.0,0.0
1736847050.3360379,0.0,1.91741,-0.0,-0.0,-0.0,0.0
1736847050.3370292,0.0,1.91752,-0.0,-0.0,-0.0,0.0
1736847050.3370292,0.0,1.91764,-0.0,-0.0,-0.0,0.0
1736847050.3380282,0.0,1.91776,-0.0,-0.0,-0.0,0.0
1736847050.3394985,0.0,1.91789,-0.0,-0.0,-0.0,0.0
1736847050.3397937,0.0,1.91805,-0.0,-0.0,-0.0,0.0
1736847050.340838,0.0,1.91817,-0.0,-0.0,-0.0,0.0
1736847050.3418362,0.0,1.91829,-0.0,-0.0,-0.0,0.0
1736847050.3418362,0.0,1.91841,-0.0,-0.0,-0.0,0.0
1736847050.343251,0.0,1.91853,-0.0,-0.0,-0.0,0.0
1736847050.343251,0.0,1.91865,-0.0,-0.0,-0.0,0.0
1736847050.3449044,0.0,1.91877,-0.0,-0.0,-0.0,0.0
1736847050.3449044,0.0,1.9189,-0.0,-0.0,-0.0,0.0
1736847050.3461459,0.0,1.91904,-0.0,-0.0,-0.0,0.0
1736847050.3461459,0.0,1.91918,-0.0,-0.0,-0.0,0.0
1736847050.3482814,0.0,1.91932,-0.0,-0.0,-0.0,0.0
1736847050.3492098,0.0,1.91944,-0.0,-0.0,-0.0,0.0
1736847050.3492098,0.0,1.91956,-0.0,-0.0,-0.0,0.0
1736847050.3502164,0.0,1.91968,-0.0,-0.0,-0.0,0.0
1736847050.351225,0.0,1.9198,-0.0,-0.0,-0.0,0.0
1736847050.351225,0.0,1.91991,-0.0,-0.0,-0.0,0.0
1736847050.3522155,0.0,1.92003,-0.0,-0.0,-0.0,0.0
1736847050.353845,0.0,1.92018,-0.0,-0.0,-0.0,0.0
1736847050.353845,0.0,1.92031,-0.0,-0.0,-0.0,0.0
1736847050.3548477,0.0,1.92044,-0.0,-0.0,-0.0,0.0
1736847050.3558457,0.0,1.92055,-0.0,-0.0,-0.0,0.0
1736847050.356856,0.0,1.92067,-0.0,-0.0,-0.0,0.0
1736847050.356856,0.0,1.92078,-0.0,-0.0,-0.0,0.0
1736847050.3582072,0.0,1.9209,-0.0,-0.0,-0.0,0.0
1736847050.359208,0.0,1.92102,-0.0,-0.0,-0.0,0.0
1736847050.360185,0.0,1.92117,-0.0,-0.0,-0.0,0.0
1736847050.360185,0.0,1.92134,-0.0,-0.0,-0.0,0.0
1736847050.360185,0.0,1.92151,-0.0,-0.0,-0.0,0.0
1736847050.3629935,0.0,1.92165,-0.0,-0.0,-0.0,0.0
1736847050.3640025,0.0,1.92177,-0.0,-0.0,-0.0,0.0
1736847050.3640025,0.0,1.92189,-0.0,-0.0,-0.0,0.0
1736847050.365426,0.0,1.92201,-0.0,-0.0,-0.0,0.0
1736847050.365426,0.0,1.92213,-0.0,-0.0,-0.0,0.0
1736847050.3671572,0.0,1.92226,-0.0,-0.0,-0.0,0.0
1736847050.3674679,0.0,1.9224,-0.0,-0.0,-0.0,0.0
1736847050.368788,0.0,1.92252,-0.0,-0.0,-0.0,0.0
1736847050.3695133,0.0,1.92265,-0.0,-0.0,-0.0,0.0
1736847050.3703785,0.0,1.92278,-0.0,-0.0,-0.0,0.0
1736847050.3703785,0.0,1.92289,-0.0,-0.0,-0.0,0.0
1736847050.3713942,0.0,1.92301,-0.0,-0.0,-0.0,0.0
1736847050.3723905,0.0,1.92313,-0.0,-0.0,-0.0,0.0
1736847050.3733947,0.0,1.92326,-0.0,-0.0,-0.0,0.0
1736847050.3744423,0.0,1.92341,-0.0,-0.0,-0.0,0.0
1736847050.3754447,0.0,1.92356,-0.0,-0.0,-0.0,0.0
1736847050.3754447,0.0,1.9237,-0.0,-0.0,-0.0,0.0
1736847050.3764422,0.0,1.92382,-0.0,-0.0,-0.0,0.0
1736847050.3774426,0.0,1.92394,-0.0,-0.0,-0.0,0.0
1736847050.3784602,0.0,1.92405,-0.0,-0.0,-0.0,0.0
1736847050.3784602,0.0,1.92417,-0.0,-0.0,-0.0,0.0
1736847050.3795967,0.0,1.92428,-0.0,-0.0,-0.0,0.0
1736847050.3809605,0.0,1.92442,-0.0,-0.0,-0.0,0.0
1736847050.381322,0.0,1.92458,-0.0,-0.0,-0.0,0.0
1736847050.3823626,0.0,1.92471,-0.0,-0.0,-0.0,0.0
1736847050.3833735,0.0,1.92483,-0.0,-0.0,-0.0,0.0
1736847050.3833735,0.0,1.92495,-0.0,-0.0,-0.0,0.0
1736847050.3843613,0.0,1.92507,-0.0,-0.0,-0.0,0.0
1736847050.3853614,0.0,1.92518,-0.0,-0.0,-0.0,0.0
1736847050.386549,0.0,1.9253,-0.0,-0.0,-0.0,0.0
1736847050.386549,0.0,1.92543,-0.0,-0.0,-0.0,0.0
1736847050.388261,0.0,1.92557,-0.0,-0.0,-0.0,0.0
1736847050.388261,0.0,1.92572,-0.0,-0.0,-0.0,0.0
1736847050.3893032,0.0,1.92585,-0.0,-0.0,-0.0,0.0
1736847050.3903039,0.0,1.92596,-0.0,-0.0,-0.0,0.0
1736847050.3912847,0.0,1.92608,-0.0,-0.0,-0.0,0.0
1736847050.39229,0.0,1.92621,-0.0,-0.0,-0.0,0.0
1736847050.39229,0.0,1.92634,-0.0,-0.0,-0.0,0.0
1736847050.3934863,0.0,1.92646,-0.0,-0.0,-0.0,0.0
1736847050.394742,0.0,1.9266,-0.0,-0.0,-0.0,0.0
1736847050.394742,0.0,1.92676,-0.0,-0.0,-0.0,0.0
1736847050.3965404,0.0,1.9269,-0.0,-0.0,-0.0,0.0
1736847050.397526,0.0,1.92703,-0.0,-0.0,-0.0,0.0
1736847050.397526,0.0,1.92716,-0.0,-0.0,-0.0,0.0
1736847050.39854,0.0,1.92728,-0.0,-0.0,-0.0,0.0
1736847050.3995469,0.0,1.9274,-0.0,-0.0,-0.0,0.0
1736847050.4005382,0.0,1.92752,-0.0,-0.0,-0.0,0.0
1736847050.4005382,0.0,1.92765,-0.0,-0.0,-0.0,0.0
1736847050.4021492,0.0,1.92781,-0.0,-0.0,-0.0,0.0
1736847050.403168,0.0,1.92795,-0.0,-0.0,-0.0,0.0
1736847050.4041536,0.0,1.92807,-0.0,-0.0,-0.0,0.0
1736847050.4041536,0.0,1.9282,-0.0,-0.0,-0.0,0.0
1736847050.4051538,0.0,1.92832,-0.0,-0.0,-0.0,0.0
1736847050.4061532,0.0,1.92844,-0.0,-0.0,-0.0,0.0
1736847050.4072168,0.0,1.92855,-0.0,-0.0,-0.0,0.0
1736847050.4073944,0.0,1.92868,-0.0,-0.0,-0.0,0.0
1736847050.4087644,0.0,1.92883,-0.0,-0.0,-0.0,0.0
1736847050.4092073,0.0,1.929,-0.0,-0.0,-0.0,0.0
1736847050.410256,0.0,1.92914,-0.0,-0.0,-0.0,0.0
1736847050.411255,0.0,1.92926,-0.0,-0.0,-0.0,0.0
1736847050.4122653,0.0,1.92938,-0.0,-0.0,-0.0,0.0
1736847050.4122653,0.0,1.92949,-0.0,-0.0,-0.0,0.0
1736847050.4132545,0.0,1.92961,-0.0,-0.0,-0.0,0.0
1736847050.4143252,0.0,1.92972,-0.0,-0.0,-0.0,0.0
1736847050.4153507,0.0,1.92986,-0.0,-0.0,-0.0,0.0
1736847050.4162269,0.0,1.93001,-0.0,-0.0,-0.0,0.0
1736847050.4173725,0.0,1.93015,-0.0,-0.0,-0.0,0.0
1736847050.4173725,0.0,1.93029,-0.0,-0.0,-0.0,0.0
1736847050.4183877,0.0,1.93043,-0.0,-0.0,-0.0,0.0
1736847050.4193845,0.0,1.93056,-0.0,-0.0,-0.0,0.0
1736847050.4207377,0.0,1.93068,-0.0,-0.0,-0.0,0.0
1736847050.4208472,0.0,1.93081,-0.0,-0.0,-0.0,0.0
1736847050.4218485,0.0,1.93094,-0.0,-0.0,-0.0,0.0
1736847050.4228513,0.0,1.93108,-0.0,-0.0,-0.0,0.0
1736847050.4238985,0.0,1.93122,-0.0,-0.0,-0.0,0.0
1736847050.424907,0.0,1.93134,-0.0,-0.0,-0.0,0.0
1736847050.4255476,0.0,1.93146,-0.0,-0.0,-0.0,0.0
1736847050.4255476,0.0,1.93158,-0.0,-0.0,-0.0,0.0
1736847050.426552,0.0,1.9317,-0.0,-0.0,-0.0,0.0
1736847050.426552,0.0,1.93182,-0.0,-0.0,-0.0,0.0
1736847050.4282274,0.0,1.93193,-0.0,-0.0,-0.0,0.0
1736847050.429478,0.0,1.93207,-0.0,-0.0,-0.0,0.0
1736847050.429478,0.0,1.93222,-0.0,-0.0,-0.0,0.0
1736847050.4311945,0.0,1.93235,-0.0,-0.0,-0.0,0.0
1736847050.4322014,0.0,1.93247,-0.0,-0.0,-0.0,0.0
1736847050.4322014,0.0,1.93259,-0.0,-0.0,-0.0,0.0
1736847050.4337046,0.0,1.93271,-0.0,-0.0,-0.0,0.0
1736847050.4337046,0.0,1.93283,-0.0,-0.0,-0.0,0.0
1736847050.4347103,0.0,1.93295,-0.0,-0.0,-0.0,0.0
1736847050.435711,0.0,1.93308,-0.0,-0.0,-0.0,0.0
1736847050.4370327,0.0,1.93322,-0.0,-0.0,-0.0,0.0
1736847050.4370327,0.0,1.93337,-0.0,-0.0,-0.0,0.0
1736847050.4380355,0.0,1.9335,-0.0,-0.0,-0.0,0.0
1736847050.4390333,0.0,1.93362,-0.0,-0.0,-0.0,0.0
1736847050.4400437,0.0,1.93375,-0.0,-0.0,-0.0,0.0
1736847050.4410338,0.0,1.93386,-0.0,-0.0,-0.0,0.0
1736847050.4410338,0.0,1.93398,-0.0,-0.0,-0.0,0.0
1736847050.4420934,0.0,1.9341,-0.0,-0.0,-0.0,0.0
1736847050.443097,0.0,1.93426,-0.0,-0.0,-0.0,0.0
1736847050.4440274,0.0,1.9344,-0.0,-0.0,-0.0,0.0
1736847050.4450293,0.0,1.93453,-0.0,-0.0,-0.0,0.0
1736847050.4460282,0.0,1.93466,-0.0,-0.0,-0.0,0.0
1736847050.4460282,0.0,1.93478,-0.0,-0.0,-0.0,0.0
1736847050.4470284,0.0,1.9349,-0.0,-0.0,-0.0,0.0
1736847050.4478905,0.0,1.93502,-0.0,-0.0,-0.0,0.0
1736847050.4490695,0.0,1.93515,-0.0,-0.0,-0.0,0.0
1736847050.4500754,0.0,1.93528,-0.0,-0.0,-0.0,0.0
1736847050.450294,0.0,1.93543,-0.0,-0.0,-0.0,0.0
1736847050.450294,0.0,1.93558,-0.0,-0.0,-0.0,0.0
1736847050.450294,0.0,1.9357,-0.0,-0.0,-0.0,0.0
1736847050.4535375,0.0,1.93583,-0.0,-0.0,-0.0,0.0
1736847050.4535375,0.0,1.93595,-0.0,-0.0,-0.0,0.0
1736847050.4545438,0.0,1.93607,-0.0,-0.0,-0.0,0.0
1736847050.4555428,0.0,1.9362,-0.0,-0.0,-0.0,0.0
1736847050.4565563,0.0,1.93633,-0.0,-0.0,-0.0,0.0
1736847050.4576087,0.0,1.93647,-0.0,-0.0,-0.0,0.0
1736847050.458614,0.0,1.93663,-0.0,-0.0,-0.0,0.0
1736847050.459722,0.0,1.93679,-0.0,-0.0,-0.0,0.0
1736847050.459722,0.0,1.93693,-0.0,-0.0,-0.0,0.0
1736847050.4607258,0.0,1.93705,-0.0,-0.0,-0.0,0.0
1736847050.4617229,0.0,1.93717,-0.0,-0.0,-0.0,0.0
1736847050.4627333,0.0,1.9373,-0.0,-0.0,-0.0,0.0
1736847050.463727,0.0,1.93743,-0.0,-0.0,-0.0,0.0
1736847050.4646068,0.0,1.93757,-0.0,-0.0,-0.0,0.0
1736847050.4652982,0.0,1.93772,-0.0,-0.0,-0.0,0.0
1736847050.4663038,0.0,1.93785,-0.0,-0.0,-0.0,0.0
1736847050.4673023,0.0,1.93798,-0.0,-0.0,-0.0,0.0
1736847050.4673023,0.0,1.93811,-0.0,-0.0,-0.0,0.0
1736847050.4683025,0.0,1.93822,-0.0,-0.0,-0.0,0.0
1736847050.469303,0.0,1.93834,-0.0,-0.0,-0.0,0.0
1736847050.4703035,0.0,1.93846,-0.0,-0.0,-0.0,0.0
1736847050.4711528,0.0,1.93859,-0.0,-0.0,-0.0,0.0
1736847050.4720523,0.0,1.93876,-0.0,-0.0,-0.0,0.0
1736847050.4730163,0.0,1.9389,-0.0,-0.0,-0.0,0.0
1736847050.4730163,0.0,1.93902,-0.0,-0.0,-0.0,0.0
1736847050.47403,0.0,1.93914,-0.0,-0.0,-0.0,0.0
1736847050.4750285,0.0,1.93926,-0.0,-0.0,-0.0,0.0
1736847050.4760401,0.0,1.93938,-0.0,-0.0,-0.0,0.0
1736847050.4766212,0.0,1.93949,-0.0,-0.0,-0.0,0.0
1736847050.4776316,0.0,1.93963,-0.0,-0.0,-0.0,0.0
1736847050.4781642,0.0,1.93977,-0.0,-0.0,-0.0,0.0
1736847050.4781642,0.0,1.93991,-0.0,-0.0,-0.0,0.0
1736847050.4781642,0.0,1.94002,-0.0,-0.0,-0.0,0.0
1736847050.4781642,0.0,1.94014,-0.0,-0.0,-0.0,0.0
1736847050.4781642,0.0,1.94025,-0.0,-0.0,-0.0,0.0
1736847050.482268,0.0,1.94037,-0.0,-0.0,-0.0,0.0
1736847050.482268,0.0,1.94049,-0.0,-0.0,-0.0,0.0
1736847050.483273,0.0,1.94061,-0.0,-0.0,-0.0,0.0
1736847050.4842775,0.0,1.94073,-0.0,-0.0,-0.0,0.0
1736847050.4854016,0.0,1.94087,-0.0,-0.0,-0.0,0.0
1736847050.4864442,0.0,1.941,-0.0,-0.0,-0.0,0.0
1736847050.48705,0.0,1.94113,-0.0,-0.0,-0.0,0.0
1736847050.4880557,0.0,1.94125,-0.0,-0.0,-0.0,0.0
1736847050.4880557,0.0,1.94138,-0.0,-0.0,-0.0,0.0
1736847050.4880557,0.0,1.94151,-0.0,-0.0,-0.0,0.0
1736847050.4880557,0.0,1.94163,-0.0,-0.0,-0.0,0.0
1736847050.490703,0.0,1.94175,-0.0,-0.0,-0.0,0.0
1736847050.4919226,0.0,1.94187,-0.0,-0.0,-0.0,0.0
1736847050.4926946,0.0,1.94203,-0.0,-0.0,-0.0,0.0
1736847050.4938047,0.0,1.94217,-0.0,-0.0,-0.0,0.0
1736847050.4946225,0.0,1.9423,-0.0,-0.0,-0.0,0.0
1736847050.4954646,0.0,1.94242,-0.0,-0.0,-0.0,0.0
1736847050.4954646,0.0,1.94254,-0.0,-0.0,-0.0,0.0
1736847050.4964783,0.0,1.94266,-0.0,-0.0,-0.0,0.0
1736847050.4975207,0.0,1.94278,-0.0,-0.0,-0.0,0.0
1736847050.4985313,0.0,1.9429,-0.0,-0.0,-0.0,0.0
1736847050.498999,0.0,1.94306,-0.0,-0.0,-0.0,0.0
1736847050.498999,0.0,1.94319,-0.0,-0.0,-0.0,0.0
1736847050.498999,0.0,1.94332,-0.0,-0.0,-0.0,0.0
1736847050.498999,0.0,1.94344,-0.0,-0.0,-0.0,0.0
1736847050.5025299,0.0,1.94356,-0.0,-0.0,-0.0,0.0
1736847050.503536,0.0,1.94368,-0.0,-0.0,-0.0,0.0
1736847050.503536,0.0,1.9438,-0.0,-0.0,-0.0,0.0
1736847050.5045364,0.0,1.94392,-0.0,-0.0,-0.0,0.0
1736847050.505537,0.0,1.94405,-0.0,-0.0,-0.0,0.0
1736847050.506206,0.0,1.94421,-0.0,-0.0,-0.0,0.0
1736847050.507214,0.0,1.94435,-0.0,-0.0,-0.0,0.0
1736847050.5086226,0.0,1.94447,-0.0,-0.0,-0.0,0.0
1736847050.5086226,0.0,1.9446,-0.0,-0.0,-0.0,0.0
1736847050.5096252,0.0,1.94473,-0.0,-0.0,-0.0,0.0
1736847050.5106237,0.0,1.94485,-0.0,-0.0,-0.0,0.0
1736847050.511625,0.0,1.94496,-0.0,-0.0,-0.0,0.0
1736847050.511625,0.0,1.94509,-0.0,-0.0,-0.0,0.0
1736847050.513194,0.0,1.94522,-0.0,-0.0,-0.0,0.0
1736847050.5142336,0.0,1.94536,-0.0,-0.0,-0.0,0.0
1736847050.5149071,0.0,1.94549,-0.0,-0.0,-0.0,0.0
1736847050.5156887,0.0,1.94561,-0.0,-0.0,-0.0,0.0
1736847050.5165362,0.0,1.94573,-0.0,-0.0,-0.0,0.0
1736847050.5165362,0.0,1.94585,-0.0,-0.0,-0.0,0.0
1736847050.5175493,0.0,1.94597,-0.0,-0.0,-0.0,0.0
1736847050.518549,0.0,1.94609,-0.0,-0.0,-0.0,0.0
1736847050.5197074,0.0,1.94621,-0.0,-0.0,-0.0,0.0
1736847050.5205941,0.0,1.94637,-0.0,-0.0,-0.0,0.0
1736847050.521598,0.0,1.94652,-0.0,-0.0,-0.0,0.0
1736847050.521598,0.0,1.94667,-0.0,-0.0,-0.0,0.0
1736847050.522594,0.0,1.94679,-0.0,-0.0,-0.0,0.0
1736847050.523595,0.0,1.94691,-0.0,-0.0,-0.0,0.0
1736847050.5245945,0.0,1.94703,-0.0,-0.0,-0.0,0.0
1736847050.525595,0.0,1.94715,-0.0,-0.0,-0.0,0.0
1736847050.525595,0.0,1.94726,-0.0,-0.0,-0.0,0.0
1736847050.52735,0.0,1.94742,-0.0,-0.0,-0.0,0.0
1736847050.52735,0.0,1.94757,-0.0,-0.0,-0.0,0.0
1736847050.5283554,0.0,1.94769,-0.0,-0.0,-0.0,0.0
1736847050.529355,0.0,1.9478,-0.0,-0.0,-0.0,0.0
1736847050.5303667,0.0,1.94792,-0.0,-0.0,-0.0,0.0
1736847050.5310261,0.0,1.94804,-0.0,-0.0,-0.0,0.0
1736847050.532031,0.0,1.94816,-0.0,-0.0,-0.0,0.0
1736847050.5323787,0.0,1.94829,-0.0,-0.0,-0.0,0.0
1736847050.5337126,0.0,1.94843,-0.0,-0.0,-0.0,0.0
1736847050.5337126,0.0,1.94858,-0.0,-0.0,-0.0,0.0
1736847050.5337126,0.0,1.94873,-0.0,-0.0,-0.0,0.0
1736847050.536489,0.0,1.94885,-0.0,-0.0,-0.0,0.0
1736847050.5371408,0.0,1.94898,-0.0,-0.0,-0.0,0.0
1736847050.5380142,0.0,1.9491,-0.0,-0.0,-0.0,0.0
1736847050.5380142,0.0,1.94923,-0.0,-0.0,-0.0,0.0
1736847050.5390277,0.0,1.94935,-0.0,-0.0,-0.0,0.0
1736847050.5400271,0.0,1.94947,-0.0,-0.0,-0.0,0.0
1736847050.5410137,0.0,1.94962,-0.0,-0.0,-0.0,0.0
1736847050.5410137,0.0,1.94977,-0.0,-0.0,-0.0,0.0
1736847050.5410137,0.0,1.9499,-0.0,-0.0,-0.0,0.0
1736847050.5410137,0.0,1.95002,-0.0,-0.0,-0.0,0.0
1736847050.5410137,0.0,1.95014,-0.0,-0.0,-0.0,0.0
1736847050.5410137,0.0,1.95026,-0.0,-0.0,-0.0,0.0
1736847050.5410137,0.0,1.95038,-0.0,-0.0,-0.0,0.0
1736847050.5462766,0.0,1.95051,-0.0,-0.0,-0.0,0.0
1736847050.5479348,0.0,1.95066,-0.0,-0.0,-0.0,0.0
1736847050.5479348,0.0,1.9508,-0.0,-0.0,-0.0,0.0
1736847050.5489805,0.0,1.95093,-0.0,-0.0,-0.0,0.0
1736847050.54998,0.0,1.95104,-0.0,-0.0,-0.0,0.0
1736847050.5509915,0.0,1.95115,-0.0,-0.0,-0.0,0.0
1736847050.5509915,0.0,1.95127,-0.0,-0.0,-0.0,0.0
1736847050.5520954,0.0,1.95139,-0.0,-0.0,-0.0,0.0
1736847050.5532458,0.0,1.95151,-0.0,-0.0,-0.0,0.0
1736847050.5542538,0.0,1.95164,-0.0,-0.0,-0.0,0.0
1736847050.5545216,0.0,1.95178,-0.0,-0.0,-0.0,0.0
1736847050.5545216,0.0,1.95192,-0.0,-0.0,-0.0,0.0
1736847050.5545216,0.0,1.95205,-0.0,-0.0,-0.0,0.0
1736847050.5574114,0.0,1.95217,-0.0,-0.0,-0.0,0.0
1736847050.5583131,0.0,1.95229,-0.0,-0.0,-0.0,0.0
1736847050.5583131,0.0,1.95241,-0.0,-0.0,-0.0,0.0
1736847050.5593197,0.0,1.95253,-0.0,-0.0,-0.0,0.0
1736847050.560319,0.0,1.95265,-0.0,-0.0,-0.0,0.0
1736847050.5613742,0.0,1.95277,-0.0,-0.0,-0.0,0.0
1736847050.5616884,0.0,1.95292,-0.0,-0.0,-0.0,0.0
1736847050.562725,0.0,1.95304,-0.0,-0.0,-0.0,0.0
1736847050.5636065,0.0,1.95318,-0.0,-0.0,-0.0,0.0
1736847050.5646243,0.0,1.9533,-0.0,-0.0,-0.0,0.0
1736847050.5646243,0.0,1.95342,-0.0,-0.0,-0.0,0.0
1736847050.5656111,0.0,1.95353,-0.0,-0.0,-0.0,0.0
1736847050.5666113,0.0,1.95365,-0.0,-0.0,-0.0,0.0
1736847050.5676255,0.0,1.95379,-0.0,-0.0,-0.0,0.0
1736847050.5687323,0.0,1.95394,-0.0,-0.0,-0.0,0.0
1736847050.5694442,0.0,1.95409,-0.0,-0.0,-0.0,0.0
1736847050.570451,0.0,1.95422,-0.0,-0.0,-0.0,0.0
1736847050.570451,0.0,1.95433,-0.0,-0.0,-0.0,0.0
1736847050.5714483,0.0,1.95446,-0.0,-0.0,-0.0,0.0
1736847050.5724487,0.0,1.95458,-0.0,-0.0,-0.0,0.0
1736847050.5734487,0.0,1.95471,-0.0,-0.0,-0.0,0.0
1736847050.5744493,0.0,1.95483,-0.0,-0.0,-0.0,0.0
1736847050.57533,0.0,1.95497,-0.0,-0.0,-0.0,0.0
1736847050.576395,0.0,1.95515,-0.0,-0.0,-0.0,0.0
1736847050.5774536,0.0,1.95531,-0.0,-0.0,-0.0,0.0
1736847050.578315,0.0,1.95544,-0.0,-0.0,-0.0,0.0
1736847050.578315,0.0,1.95556,-0.0,-0.0,-0.0,0.0
1736847050.5793297,0.0,1.95568,-0.0,-0.0,-0.0,0.0
1736847050.5803268,0.0,1.9558,-0.0,-0.0,-0.0,0.0
1736847050.5809906,0.0,1.95591,-0.0,-0.0,-0.0,0.0
1736847050.5820024,0.0,1.95605,-0.0,-0.0,-0.0,0.0
1736847050.5828676,0.0,1.9562,-0.0,-0.0,-0.0,0.0
1736847050.583908,0.0,1.95636,-0.0,-0.0,-0.0,0.0
1736847050.5849216,0.0,1.95648,-0.0,-0.0,-0.0,0.0
1736847050.5849216,0.0,1.9566,-0.0,-0.0,-0.0,0.0
1736847050.586276,0.0,1.95672,-0.0,-0.0,-0.0,0.0
1736847050.5872757,0.0,1.95684,-0.0,-0.0,-0.0,0.0
1736847050.5872757,0.0,1.95696,-0.0,-0.0,-0.0,0.0
1736847050.5882802,0.0,1.95709,-0.0,-0.0,-0.0,0.0
1736847050.5892777,0.0,1.95727,-0.0,-0.0,-0.0,0.0
1736847050.5892777,0.0,1.95747,-0.0,-0.0,-0.0,0.0
1736847050.5919409,0.0,1.9576,-0.0,-0.0,-0.0,0.0
1736847050.592947,0.0,1.95772,-0.0,-0.0,-0.0,0.0
1736847050.592947,0.0,1.95784,-0.0,-0.0,-0.0,0.0
1736847050.5943155,0.0,1.95796,-0.0,-0.0,-0.0,0.0
1736847050.5947504,0.0,1.95808,-0.0,-0.0,-0.0,0.0
1736847050.5957568,0.0,1.9582,-0.0,-0.0,-0.0,0.0
1736847050.5965464,0.0,1.95835,-0.0,-0.0,-0.0,0.0
1736847050.5979483,0.0,1.95851,-0.0,-0.0,-0.0,0.0
1736847050.5986679,0.0,1.95864,-0.0,-0.0,-0.0,0.0
1736847050.5986679,0.0,1.95877,-0.0,-0.0,-0.0,0.0
1736847050.5996792,0.0,1.95888,-0.0,-0.0,-0.0,0.0
1736847050.6006777,0.0,1.95901,-0.0,-0.0,-0.0,0.0
1736847050.6016955,0.0,1.95912,-0.0,-0.0,-0.0,0.0
1736847050.6026788,0.0,1.95925,-0.0,-0.0,-0.0,0.0
1736847050.6035347,0.0,1.95939,-0.0,-0.0,-0.0,0.0
1736847050.6036754,0.0,1.95954,-0.0,-0.0,-0.0,0.0
1736847050.604676,0.0,1.95968,-0.0,-0.0,-0.0,0.0
1736847050.6056745,0.0,1.9598,-0.0,-0.0,-0.0,0.0
1736847050.6066747,0.0,1.95993,-0.0,-0.0,-0.0,0.0
1736847050.6076753,0.0,1.96004,-0.0,-0.0,-0.0,0.0
1736847050.6076753,0.0,1.96016,-0.0,-0.0,-0.0,0.0
1736847050.6086743,0.0,1.96027,-0.0,-0.0,-0.0,0.0
1736847050.6096764,0.0,1.96041,-0.0,-0.0,-0.0,0.0
1736847050.6114366,0.0,1.96057,-0.0,-0.0,-0.0,0.0
1736847050.6124413,0.0,1.96079,-0.0,-0.0,-0.0,0.0
1736847050.6124413,0.0,1.96092,-0.0,-0.0,-0.0,0.0
1736847050.6134408,0.0,1.96103,-0.0,-0.0,-0.0,0.0
1736847050.614441,0.0,1.96115,-0.0,-0.0,-0.0,0.0
1736847050.7031024,0.0,1.97564,-0.0,-0.0,-0.0,0.0
1736847050.7031024,0.0,1.97587,-0.0,-0.0,-0.0,0.0
1736847050.7031024,0.0,1.97603,-0.0,-0.0,-0.0,0.0
1736847050.7031024,0.0,1.97617,-0.0,-0.0,-0.0,0.0
1736847050.7031024,0.0,1.97629,-0.0,-0.0,-0.0,0.0
1736847050.7031024,0.0,1.9764,-0.0,-0.0,-0.0,0.0
1736847050.7031024,0.0,1.97652,-0.0,-0.0,-0.0,0.0
1736847050.713291,0.0,1.97663,-0.0,-0.0,-0.0,0.0
1736847050.7139397,0.0,1.97677,-0.0,-0.0,-0.0,0.0
1736847050.7149625,0.0,1.97691,-0.0,-0.0,-0.0,0.0
1736847050.7157788,0.0,1.97704,-0.0,-0.0,-0.0,0.0
1736847050.716352,0.0,1.97717,-0.0,-0.0,-0.0,0.0
1736847050.717373,0.0,1.97729,-0.0,-0.0,-0.0,0.0
1736847050.717373,0.0,1.97741,-0.0,-0.0,-0.0,0.0
1736847050.719025,0.0,1.97753,-0.0,-0.0,-0.0,0.0
1736847050.7191174,0.0,1.97765,-0.0,-0.0,-0.0,0.0
1736847050.7201197,0.0,1.97778,-0.0,-0.0,-0.0,0.0
1736847050.7214413,0.0,1.97792,-0.0,-0.0,-0.0,0.0
1736847050.7214413,0.0,1.97806,-0.0,-0.0,-0.0,0.0
1736847050.722483,0.0,1.97819,-0.0,-0.0,-0.0,0.0
1736847050.7234833,0.0,1.97831,-0.0,-0.0,-0.0,0.0
1736847050.724755,0.0,1.97844,-0.0,-0.0,-0.0,0.0
1736847050.7248569,0.0,1.97856,-0.0,-0.0,-0.0,0.0
1736847050.7258582,0.0,1.97868,-0.0,-0.0,-0.0,0.0
1736847050.726858,0.0,1.9788,-0.0,-0.0,-0.0,0.0
1736847050.7278607,0.0,1.97892,-0.0,-0.0,-0.0,0.0
1736847050.7284539,0.0,1.97908,-0.0,-0.0,-0.0,0.0
1736847050.7295008,0.0,1.97921,-0.0,-0.0,-0.0,0.0
1736847050.7305217,0.0,1.97933,-0.0,-0.0,-0.0,0.0
1736847050.7305217,0.0,1.97946,-0.0,-0.0,-0.0,0.0
1736847050.7315235,0.0,1.97958,-0.0,-0.0,-0.0,0.0
1736847050.7327087,0.0,1.9797,-0.0,-0.0,-0.0,0.0
1736847050.7335675,0.0,1.97982,-0.0,-0.0,-0.0,0.0
1736847050.7335675,0.0,1.97993,-0.0,-0.0,-0.0,0.0
1736847050.735266,0.0,1.98007,-0.0,-0.0,-0.0,0.0
1736847050.735266,0.0,1.98022,-0.0,-0.0,-0.0,0.0
1736847050.7370005,0.0,1.98036,-0.0,-0.0,-0.0,0.0
1736847050.7370005,0.0,1.98049,-0.0,-0.0,-0.0,0.0
1736847050.7380073,0.0,1.98061,-0.0,-0.0,-0.0,0.0
1736847050.7390049,0.0,1.98073,-0.0,-0.0,-0.0,0.0
1736847050.7400155,0.0,1.98084,-0.0,-0.0,-0.0,0.0
1736847050.7400155,0.0,1.98096,-0.0,-0.0,-0.0,0.0
1736847050.7410057,0.0,1.98108,-0.0,-0.0,-0.0,0.0
1736847050.7420073,0.0,1.98122,-0.0,-0.0,-0.0,0.0
1736847050.7432897,0.0,1.98137,-0.0,-0.0,-0.0,0.0
1736847050.7442968,0.0,1.98151,-0.0,-0.0,-0.0,0.0
1736847050.7442968,0.0,1.98164,-0.0,-0.0,-0.0,0.0
1736847050.7452886,0.0,1.98178,-0.0,-0.0,-0.0,0.0
1736847050.74629,0.0,1.9819,-0.0,-0.0,-0.0,0.0
1736847050.7472908,0.0,1.98202,-0.0,-0.0,-0.0,0.0
1736847050.7483072,0.0,1.98216,-0.0,-0.0,-0.0,0.0
1736847050.748964,0.0,1.9823,-0.0,-0.0,-0.0,0.0
1736847050.748964,0.0,1.98243,-0.0,-0.0,-0.0,0.0
1736847050.748964,0.0,1.98256,-0.0,-0.0,-0.0,0.0
1736847050.748964,0.0,1.98269,-0.0,-0.0,-0.0,0.0
1736847050.748964,0.0,1.98281,-0.0,-0.0,-0.0,0.0
1736847050.7532904,0.0,1.98293,-0.0,-0.0,-0.0,0.0
1736847050.7542164,0.0,1.98306,-0.0,-0.0,-0.0,0.0
1736847050.7542164,0.0,1.98318,-0.0,-0.0,-0.0,0.0
1736847050.7557726,0.0,1.9833,-0.0,-0.0,-0.0,0.0
1736847050.7563162,0.0,1.98347,-0.0,-0.0,-0.0,0.0
1736847050.7573185,0.0,1.9836,-0.0,-0.0,-0.0,0.0
1736847050.7579515,0.0,1.98373,-0.0,-0.0,-0.0,0.0
1736847050.7579515,0.0,1.98385,-0.0,-0.0,-0.0,0.0
1736847050.7579515,0.0,1.98398,-0.0,-0.0,-0.0,0.0
1736847050.7579515,0.0,1.9841,-0.0,-0.0,-0.0,0.0
1736847050.7615893,0.0,1.98422,-0.0,-0.0,-0.0,0.0
1736847050.7615893,0.0,1.98434,-0.0,-0.0,-0.0,0.0
1736847050.762825,0.0,1.98448,-0.0,-0.0,-0.0,0.0
1736847050.7634633,0.0,1.98463,-0.0,-0.0,-0.0,0.0
1736847050.764469,0.0,1.98477,-0.0,-0.0,-0.0,0.0
1736847050.7654684,0.0,1.98489,-0.0,-0.0,-0.0,0.0
1736847050.766478,0.0,1.98501,-0.0,-0.0,-0.0,0.0
1736847050.766478,0.0,1.98513,-0.0,-0.0,-0.0,0.0
1736847050.7674675,0.0,1.98525,-0.0,-0.0,-0.0,0.0
1736847050.7684648,0.0,1.98537,-0.0,-0.0,-0.0,0.0
1736847050.769846,0.0,1.98552,-0.0,-0.0,-0.0,0.0
1736847050.7709498,0.0,1.9857,-0.0,-0.0,-0.0,0.0
1736847050.7716131,0.0,1.98585,-0.0,-0.0,-0.0,0.0
1736847050.7726197,0.0,1.98596,-0.0,-0.0,-0.0,0.0
1736847050.7732244,0.0,1.98608,-0.0,-0.0,-0.0,0.0
1736847050.7742302,0.0,1.9862,-0.0,-0.0,-0.0,0.0
1736847050.7742302,0.0,1.98633,-0.0,-0.0,-0.0,0.0
1736847050.7754214,0.0,1.98645,-0.0,-0.0,-0.0,0.0
1736847050.7767017,0.0,1.98658,-0.0,-0.0,-0.0,0.0
1736847050.7767017,0.0,1.98672,-0.0,-0.0,-0.0,0.0
1736847050.7781835,0.0,1.98686,-0.0,-0.0,-0.0,0.0
1736847050.779194,0.0,1.98699,-0.0,-0.0,-0.0,0.0
1736847050.779194,0.0,1.98711,-0.0,-0.0,-0.0,0.0
1736847050.7801926,0.0,1.98723,-0.0,-0.0,-0.0,0.0
1736847050.7811928,0.0,1.98735,-0.0,-0.0,-0.0,0.0
1736847050.7821927,0.0,1.98746,-0.0,-0.0,-0.0,0.0
1736847050.7821927,0.0,1.98758,-0.0,-0.0,-0.0,0.0
1736847050.7840333,0.0,1.98773,-0.0,-0.0,-0.0,0.0
1736847050.7840884,0.0,1.98789,-0.0,-0.0,-0.0,0.0
1736847050.785092,0.0,1.98803,-0.0,-0.0,-0.0,0.0
1736847050.7860892,0.0,1.98814,-0.0,-0.0,-0.0,0.0
1736847050.787105,0.0,1.98826,-0.0,-0.0,-0.0,0.0
1736847050.788089,0.0,1.98838,-0.0,-0.0,-0.0,0.0
1736847050.788089,0.0,1.9885,-0.0,-0.0,-0.0,0.0
1736847050.7893238,0.0,1.98862,-0.0,-0.0,-0.0,0.0
1736847050.7903347,0.0,1.98877,-0.0,-0.0,-0.0,0.0
1736847050.7913518,0.0,1.98892,-0.0,-0.0,-0.0,0.0
1736847050.7923942,0.0,1.98907,-0.0,-0.0,-0.0,0.0
1736847050.7933922,0.0,1.98921,-0.0,-0.0,-0.0,0.0
1736847050.7933922,0.0,1.98934,-0.0,-0.0,-0.0,0.0
1736847050.7945027,0.0,1.98946,-0.0,-0.0,-0.0,0.0
1736847050.7945027,0.0,1.9896,-0.0,-0.0,-0.0,0.0
1736847050.7962701,0.0,1.98973,-0.0,-0.0,-0.0,0.0
1736847050.797509,0.0,1.98985,-0.0,-0.0,-0.0,0.0
1736847050.797509,0.0,1.99,-0.0,-0.0,-0.0,0.0
1736847050.797509,0.0,1.99013,-0.0,-0.0,-0.0,0.0
1736847050.797509,0.0,1.99026,-0.0,-0.0,-0.0,0.0
1736847050.8006546,0.0,1.99037,-0.0,-0.0,-0.0,0.0
1736847050.8015773,0.0,1.99049,-0.0,-0.0,-0.0,0.0
1736847050.8015773,0.0,1.99062,-0.0,-0.0,-0.0,0.0
1736847050.8025844,0.0,1.99074,-0.0,-0.0,-0.0,0.0
1736847050.8035827,0.0,1.99087,-0.0,-0.0,-0.0,0.0
1736847050.8048124,0.0,1.99099,-0.0,-0.0,-0.0,0.0
1736847050.8048124,0.0,1.99114,-0.0,-0.0,-0.0,0.0
1736847050.8063648,0.0,1.99127,-0.0,-0.0,-0.0,0.0
1736847050.8063648,0.0,1.99139,-0.0,-0.0,-0.0,0.0
1736847050.8073637,0.0,1.99151,-0.0,-0.0,-0.0,0.0
1736847050.8083644,0.0,1.99163,-0.0,-0.0,-0.0,0.0
1736847050.809374,0.0,1.99175,-0.0,-0.0,-0.0,0.0
1736847050.809374,0.0,1.99186,-0.0,-0.0,-0.0,0.0
1736847050.8103645,0.0,1.99198,-0.0,-0.0,-0.0,0.0
1736847050.8119013,0.0,1.99213,-0.0,-0.0,-0.0,0.0
1736847050.812907,0.0,1.99227,-0.0,-0.0,-0.0,0.0
1736847050.812907,0.0,1.9924,-0.0,-0.0,-0.0,0.0
1736847050.8139062,0.0,1.99253,-0.0,-0.0,-0.0,0.0
1736847050.8149154,0.0,1.99265,-0.0,-0.0,-0.0,0.0
1736847050.8159053,0.0,1.99276,-0.0,-0.0,-0.0,0.0
1736847050.8159053,0.0,1.99287,-0.0,-0.0,-0.0,0.0
1736847050.8170867,0.0,1.99299,-0.0,-0.0,-0.0,0.0
1736847050.818096,0.0,1.99312,-0.0,-0.0,-0.0,0.0
1736847050.8188992,0.0,1.99329,-0.0,-0.0,-0.0,0.0
1736847050.8199604,0.0,1.99343,-0.0,-0.0,-0.0,0.0
1736847050.820881,0.0,1.99355,-0.0,-0.0,-0.0,0.0
1736847050.8217409,0.0,1.99366,-0.0,-0.0,-0.0,0.0
1736847050.8219914,0.0,1.99378,-0.0,-0.0,-0.0,0.0
1736847050.8219914,0.0,1.99391,-0.0,-0.0,-0.0,0.0
1736847050.824077,0.0,1.99403,-0.0,-0.0,-0.0,0.0
1736847050.824077,0.0,1.99417,-0.0,-0.0,-0.0,0.0
1736847050.8253784,0.0,1.99432,-0.0,-0.0,-0.0,0.0
1736847050.8253784,0.0,1.99446,-0.0,-0.0,-0.0,0.0
1736847050.8273904,0.0,1.99459,-0.0,-0.0,-0.0,0.0
1736847050.828398,0.0,1.99471,-0.0,-0.0,-0.0,0.0
1736847050.828398,0.0,1.99483,-0.0,-0.0,-0.0,0.0
1736847050.8293955,0.0,1.99495,-0.0,-0.0,-0.0,0.0
1736847050.8303952,0.0,1.99507,-0.0,-0.0,-0.0,0.0
1736847050.8313956,0.0,1.99518,-0.0,-0.0,-0.0,0.0
1736847050.8322258,0.0,1.99531,-0.0,-0.0,-0.0,0.0
1736847050.8325942,0.0,1.99546,-0.0,-0.0,-0.0,0.0
1736847050.8337758,0.0,1.99561,-0.0,-0.0,-0.0,0.0
1736847050.8347886,0.0,1.99573,-0.0,-0.0,-0.0,0.0
1736847050.8347886,0.0,1.99585,-0.0,-0.0,-0.0,0.0
1736847050.8357801,0.0,1.99597,-0.0,-0.0,-0.0,0.0
1736847050.8367803,0.0,1.99608,-0.0,-0.0,-0.0,0.0
1736847050.8377805,0.0,1.99619,-0.0,-0.0,-0.0,0.0
1736847050.8377805,0.0,1.99632,-0.0,-0.0,-0.0,0.0
1736847050.8396199,0.0,1.99647,-0.0,-0.0,-0.0,0.0
1736847050.8403869,0.0,1.99662,-0.0,-0.0,-0.0,0.0
1736847050.8412347,0.0,1.99675,-0.0,-0.0,-0.0,0.0
1736847050.8412347,0.0,1.99687,-0.0,-0.0,-0.0,0.0
1736847050.8422482,0.0,1.99698,-0.0,-0.0,-0.0,0.0
1736847050.843246,0.0,1.9971,-0.0,-0.0,-0.0,0.0
1736847050.8442588,0.0,1.99722,-0.0,-0.0,-0.0,0.0
1736847050.8442588,0.0,1.99733,-0.0,-0.0,-0.0,0.0
1736847050.8452458,0.0,1.99746,-0.0,-0.0,-0.0,0.0
1736847050.8467684,0.0,1.9976,-0.0,-0.0,-0.0,0.0
1736847050.8467684,0.0,1.99774,-0.0,-0.0,-0.0,0.0
1736847050.8478117,0.0,1.99787,-0.0,-0.0,-0.0,0.0
1736847050.8488092,0.0,1.998,-0.0,-0.0,-0.0,0.0
1736847050.849809,0.0,1.99812,-0.0,-0.0,-0.0,0.0
1736847050.8508093,0.0,1.99823,-0.0,-0.0,-0.0,0.0
1736847050.8515444,0.0,1.99834,-0.0,-0.0,-0.0,0.0
1736847050.8516495,0.0,1.99847,-0.0,-0.0,-0.0,0.0
1736847050.8531709,0.0,1.99861,-0.0,-0.0,-0.0,0.0
1736847050.8535175,0.0,1.99876,-0.0,-0.0,-0.0,0.0
1736847050.8545578,0.0,1.99889,-0.0,-0.0,-0.0,0.0
1736847050.855566,0.0,1.999,-0.0,-0.0,-0.0,0.0
1736847050.856267,0.0,1.99912,-0.0,-0.0,-0.0,0.0
1736847050.856267,0.0,1.99924,-0.0,-0.0,-0.0,0.0
1736847050.8572726,0.0,1.99936,-0.0,-0.0,-0.0,0.0
1736847050.8587902,0.0,1.99948,-0.0,-0.0,-0.0,0.0
1736847050.8587902,0.0,1.99961,-0.0,-0.0,-0.0,0.0
1736847050.8600261,0.0,1.99975,-0.0,-0.0,-0.0,0.0
1736847050.8600261,0.0,1.99988,-0.0,-0.0,-0.0,0.0
1736847050.861949,0.0,2.0,-0.0,-0.0,-0.0,0.0
1736847050.8627014,0.0,2.00012,-0.0,-0.0,-0.0,0.0
1736847050.863546,0.0,2.00024,-0.0,-0.0,-0.0,0.0
1736847050.863546,0.0,2.00036,-0.0,-0.0,-0.0,0.0
1736847050.8645604,0.0,2.00047,-0.0,-0.0,-0.0,0.0
1736847050.8655574,0.0,2.00059,-0.0,-0.0,-0.0,0.0
1736847050.8665626,0.0,2.00072,-0.0,-0.0,-0.0,0.0
1736847050.8674734,0.0,2.00085,-0.0,-0.0,-0.0,0.0
1736847050.867697,0.0,2.001,-0.0,-0.0,-0.0,0.0
1736847050.8686988,0.0,2.00114,-0.0,-0.0,-0.0,0.0
1736847050.8696973,0.0,2.00126,-0.0,-0.0,-0.0,0.0
1736847050.8707082,0.0,2.00138,-0.0,-0.0,-0.0,0.0
1736847050.8707082,0.0,2.00149,-0.0,-0.0,-0.0,0.0
1736847050.8716972,0.0,2.00161,-0.0,-0.0,-0.0,0.0
1736847050.8726983,0.0,2.00172,-0.0,-0.0,-0.0,0.0
1736847050.8740003,0.0,2.00186,-0.0,-0.0,-0.0,0.0
1736847050.874468,0.0,2.00202,-0.0,-0.0,-0.0,0.0
1736847050.8755171,0.0,2.00217,-0.0,-0.0,-0.0,0.0
1736847050.8765297,0.0,2.00229,-0.0,-0.0,-0.0,0.0
1736847050.8765297,0.0,2.00241,-0.0,-0.0,-0.0,0.0
1736847050.8775146,0.0,2.00252,-0.0,-0.0,-0.0,0.0
1736847050.8785152,0.0,2.00264,-0.0,-0.0,-0.0,0.0
1736847050.879659,0.0,2.00276,-0.0,-0.0,-0.0,0.0
1736847050.880668,0.0,2.00292,-0.0,-0.0,-0.0,0.0
1736847050.881539,0.0,2.00308,-0.0,-0.0,-0.0,0.0
1736847050.8825896,0.0,2.00322,-0.0,-0.0,-0.0,0.0
1736847050.8825896,0.0,2.00336,-0.0,-0.0,-0.0,0.0
1736847050.8835852,0.0,2.00348,-0.0,-0.0,-0.0,0.0
1736847050.884587,0.0,2.0036,-0.0,-0.0,-0.0,0.0
1736847050.8857424,0.0,2.00371,-0.0,-0.0,-0.0,0.0
1736847050.8858743,0.0,2.00384,-0.0,-0.0,-0.0,0.0
1736847050.8868766,0.0,2.00398,-0.0,-0.0,-0.0,0.0
1736847050.888208,0.0,2.00411,-0.0,-0.0,-0.0,0.0
1736847050.8892446,0.0,2.00426,-0.0,-0.0,-0.0,0.0
1736847050.8892446,0.0,2.00439,-0.0,-0.0,-0.0,0.0
1736847050.8903031,0.0,2.00451,-0.0,-0.0,-0.0,0.0
1736847050.8903031,0.0,2.00464,-0.0,-0.0,-0.0,0.0
1736847050.8903031,0.0,2.00476,-0.0,-0.0,-0.0,0.0
1736847050.8903031,0.0,2.00488,-0.0,-0.0,-0.0,0.0
1736847050.8934815,0.0,2.00499,-0.0,-0.0,-0.0,0.0
1736847050.8944886,0.0,2.00512,-0.0,-0.0,-0.0,0.0
1736847050.8947914,0.0,2.00528,-0.0,-0.0,-0.0,0.0
1736847050.8964705,0.0,2.00543,-0.0,-0.0,-0.0,0.0
1736847050.8974767,0.0,2.00556,-0.0,-0.0,-0.0,0.0
1736847050.8974767,0.0,2.00568,-0.0,-0.0,-0.0,0.0
1736847050.8984766,0.0,2.0058,-0.0,-0.0,-0.0,0.0
1736847050.8994756,0.0,2.00592,-0.0,-0.0,-0.0,0.0
1736847050.900476,0.0,2.00603,-0.0,-0.0,-0.0,0.0
1736847050.900476,0.0,2.00616,-0.0,-0.0,-0.0,0.0
1736847050.901683,0.0,2.00631,-0.0,-0.0,-0.0,0.0
1736847050.9027922,0.0,2.00645,-0.0,-0.0,-0.0,0.0
1736847050.9038138,0.0,2.0066,-0.0,-0.0,-0.0,0.0
1736847050.9047983,0.0,2.00671,-0.0,-0.0,-0.0,0.0
1736847050.9047983,0.0,2.00683,-0.0,-0.0,-0.0,0.0
1736847050.9057984,0.0,2.00694,-0.0,-0.0,-0.0,0.0
1736847050.9068112,0.0,2.00706,-0.0,-0.0,-0.0,0.0
1736847050.9068112,0.0,2.00717,-0.0,-0.0,-0.0,0.0
1736847050.9077985,0.0,2.00729,-0.0,-0.0,-0.0,0.0
1736847050.9093256,0.0,2.00748,-0.0,-0.0,-0.0,0.0
1736847050.9103487,0.0,2.00763,-0.0,-0.0,-0.0,0.0
1736847050.9113367,0.0,2.00775,-0.0,-0.0,-0.0,0.0
1736847050.9113367,0.0,2.00786,-0.0,-0.0,-0.0,0.0
1736847050.9123318,0.0,2.00798,-0.0,-0.0,-0.0,0.0
1736847050.9133437,0.0,2.0081,-0.0,-0.0,-0.0,0.0
1736847050.914307,0.0,2.00821,-0.0,-0.0,-0.0,0.0
1736847050.914307,0.0,2.00835,-0.0,-0.0,-0.0,0.0
1736847050.9159825,0.0,2.00849,-0.0,-0.0,-0.0,0.0
1736847050.9170263,0.0,2.00863,-0.0,-0.0,-0.0,0.0
1736847050.9170263,0.0,2.00875,-0.0,-0.0,-0.0,0.0
1736847050.9180253,0.0,2.00887,-0.0,-0.0,-0.0,0.0
1736847050.9191282,0.0,2.00899,-0.0,-0.0,-0.0,0.0
1736847050.9191282,0.0,2.00911,-0.0,-0.0,-0.0,0.0
1736847050.9201324,0.0,2.00924,-0.0,-0.0,-0.0,0.0
1736847050.9213288,0.0,2.00936,-0.0,-0.0,-0.0,0.0
1736847050.922358,0.0,2.00949,-0.0,-0.0,-0.0,0.0
1736847050.9227467,0.0,2.00966,-0.0,-0.0,-0.0,0.0
1736847050.9244156,0.0,2.00982,-0.0,-0.0,-0.0,0.0
1736847050.9254222,0.0,2.01,-0.0,-0.0,-0.0,0.0
1736847050.9264202,0.0,2.01013,-0.0,-0.0,-0.0,0.0
1736847050.9272912,0.0,2.01025,-0.0,-0.0,-0.0,0.0
1736847050.9272912,0.0,2.01037,-0.0,-0.0,-0.0,0.0
1736847050.9283054,0.0,2.0105,-0.0,-0.0,-0.0,0.0
1736847050.9295506,0.0,2.01064,-0.0,-0.0,-0.0,0.0
1736847050.9303682,0.0,2.01078,-0.0,-0.0,-0.0,0.0
1736847050.9313743,0.0,2.01091,-0.0,-0.0,-0.0,0.0
1736847050.9313743,0.0,2.01103,-0.0,-0.0,-0.0,0.0
1736847050.9323738,0.0,2.01114,-0.0,-0.0,-0.0,0.0
1736847050.9333737,0.0,2.01126,-0.0,-0.0,-0.0,0.0
1736847050.9343958,0.0,2.01137,-0.0,-0.0,-0.0,0.0
1736847050.9343958,0.0,2.01149,-0.0,-0.0,-0.0,0.0
1736847050.9353757,0.0,2.01161,-0.0,-0.0,-0.0,0.0
1736847050.9369519,0.0,2.01176,-0.0,-0.0,-0.0,0.0
1736847050.9369519,0.0,2.01191,-0.0,-0.0,-0.0,0.0
1736847050.937999,0.0,2.01204,-0.0,-0.0,-0.0,0.0
1736847050.9389985,0.0,2.01216,-0.0,-0.0,-0.0,0.0
1736847050.9400089,0.0,2.01229,-0.0,-0.0,-0.0,0.0
1736847050.9410076,0.0,2.01241,-0.0,-0.0,-0.0,0.0
1736847050.9410076,0.0,2.01253,-0.0,-0.0,-0.0,0.0
1736847050.9420915,0.0,2.01265,-0.0,-0.0,-0.0,0.0
1736847050.943099,0.0,2.01279,-0.0,-0.0,-0.0,0.0
1736847050.9442906,0.0,2.01294,-0.0,-0.0,-0.0,0.0
1736847050.9451249,0.0,2.01308,-0.0,-0.0,-0.0,0.0
1736847050.9460156,0.0,2.01319,-0.0,-0.0,-0.0,0.0
1736847050.9460156,0.0,2.01331,-0.0,-0.0,-0.0,0.0
1736847050.9470298,0.0,2.01343,-0.0,-0.0,-0.0,0.0
1736847050.947829,0.0,2.01355,-0.0,-0.0,-0.0,0.0
1736847050.9490983,0.0,2.01368,-0.0,-0.0,-0.0,0.0
1736847050.9490983,0.0,2.01381,-0.0,-0.0,-0.0,0.0
1736847050.950506,0.0,2.01395,-0.0,-0.0,-0.0,0.0
1736847050.950506,0.0,2.01408,-0.0,-0.0,-0.0,0.0
1736847050.950506,0.0,2.01422,-0.0,-0.0,-0.0,0.0
1736847050.953343,0.0,2.01435,-0.0,-0.0,-0.0,0.0
1736847050.953343,0.0,2.01448,-0.0,-0.0,-0.0,0.0
1736847050.954349,0.0,2.0146,-0.0,-0.0,-0.0,0.0
1736847050.9553487,0.0,2.01473,-0.0,-0.0,-0.0,0.0
1736847050.9563482,0.0,2.01485,-0.0,-0.0,-0.0,0.0
1736847050.9572554,0.0,2.01498,-0.0,-0.0,-0.0,0.0
1736847050.957788,0.0,2.01513,-0.0,-0.0,-0.0,0.0
1736847050.959274,0.0,2.01526,-0.0,-0.0,-0.0,0.0
1736847050.959406,0.0,2.01541,-0.0,-0.0,-0.0,0.0
1736847050.9604082,0.0,2.01553,-0.0,-0.0,-0.0,0.0
1736847050.961407,0.0,2.01565,-0.0,-0.0,-0.0,0.0
1736847050.9624074,0.0,2.01576,-0.0,-0.0,-0.0,0.0
1736847050.9627979,0.0,2.01587,-0.0,-0.0,-0.0,0.0
1736847050.9638073,0.0,2.016,-0.0,-0.0,-0.0,0.0
1736847050.9647207,0.0,2.01617,-0.0,-0.0,-0.0,0.0
1736847050.966079,0.0,2.01635,-0.0,-0.0,-0.0,0.0
1736847050.9669552,0.0,2.0165,-0.0,-0.0,-0.0,0.0
1736847050.9669552,0.0,2.01662,-0.0,-0.0,-0.0,0.0
1736847050.9679668,0.0,2.01673,-0.0,-0.0,-0.0,0.0
1736847050.9689655,0.0,2.01685,-0.0,-0.0,-0.0,0.0
1736847050.9699662,0.0,2.01696,-0.0,-0.0,-0.0,0.0
1736847050.9709666,0.0,2.0171,-0.0,-0.0,-0.0,0.0
1736847050.9716568,0.0,2.01726,-0.0,-0.0,-0.0,0.0
1736847050.9727204,0.0,2.01739,-0.0,-0.0,-0.0,0.0
1736847050.973699,0.0,2.01753,-0.0,-0.0,-0.0,0.0
1736847050.973699,0.0,2.01766,-0.0,-0.0,-0.0,0.0
1736847050.974699,0.0,2.01778,-0.0,-0.0,-0.0,0.0
1736847050.9756982,0.0,2.01789,-0.0,-0.0,-0.0,0.0
1736847050.9766705,0.0,2.01801,-0.0,-0.0,-0.0,0.0
1736847050.97682,0.0,2.01814,-0.0,-0.0,-0.0,0.0
1736847050.9783556,0.0,2.01828,-0.0,-0.0,-0.0,0.0
1736847050.9794,0.0,2.01843,-0.0,-0.0,-0.0,0.0
1736847050.9794,0.0,2.01857,-0.0,-0.0,-0.0,0.0
1736847050.9803996,0.0,2.0187,-0.0,-0.0,-0.0,0.0
1736847050.9813542,0.0,2.01882,-0.0,-0.0,-0.0,0.0
1736847050.9813542,0.0,2.01895,-0.0,-0.0,-0.0,0.0
1736847050.9813542,0.0,2.01907,-0.0,-0.0,-0.0,0.0
1736847050.983745,0.0,2.01919,-0.0,-0.0,-0.0,0.0
1736847050.984985,0.0,2.01931,-0.0,-0.0,-0.0,0.0
1736847050.984985,0.0,2.01948,-0.0,-0.0,-0.0,0.0
1736847050.984985,0.0,2.01963,-0.0,-0.0,-0.0,0.0
1736847050.9878216,0.0,2.01976,-0.0,-0.0,-0.0,0.0
1736847050.9878216,0.0,2.01989,-0.0,-0.0,-0.0,0.0
1736847050.9888272,0.0,2.02001,-0.0,-0.0,-0.0,0.0
1736847050.989827,0.0,2.02013,-0.0,-0.0,-0.0,0.0
1736847050.9908257,0.0,2.02024,-0.0,-0.0,-0.0,0.0
1736847050.991828,0.0,2.02039,-0.0,-0.0,-0.0,0.0
1736847050.9927523,0.0,2.02056,-0.0,-0.0,-0.0,0.0
1736847050.994074,0.0,2.02073,-0.0,-0.0,-0.0,0.0
1736847050.994074,0.0,2.02087,-0.0,-0.0,-0.0,0.0
1736847050.9950807,0.0,2.02099,-0.0,-0.0,-0.0,0.0
1736847050.996763,0.0,2.02116,-0.0,-0.0,-0.0,0.0
1736847050.996763,0.0,2.02128,-0.0,-0.0,-0.0,0.0
1736847050.9977705,0.0,2.02141,-0.0,-0.0,-0.0,0.0
1736847050.999239,0.0,2.02155,-0.0,-0.0,-0.0,0.0
1736847050.9999735,0.0,2.02171,-0.0,-0.0,-0.0,0.0
1736847051.0009913,0.0,2.02185,-0.0,-0.0,-0.0,0.0
1736847051.0019786,0.0,2.02197,-0.0,-0.0,-0.0,0.0
1736847051.0019786,0.0,2.02209,-0.0,-0.0,-0.0,0.0
1736847051.0029778,0.0,2.02221,-0.0,-0.0,-0.0,0.0
1736847051.003988,0.0,2.02233,-0.0,-0.0,-0.0,0.0
1736847051.0046074,0.0,2.02244,-0.0,-0.0,-0.0,0.0
1736847051.0056157,0.0,2.02257,-0.0,-0.0,-0.0,0.0
1736847051.0061092,0.0,2.02271,-0.0,-0.0,-0.0,0.0
1736847051.0061092,0.0,2.02284,-0.0,-0.0,-0.0,0.0
1736847051.0061092,0.0,2.02297,-0.0,-0.0,-0.0,0.0
1736847051.0061092,0.0,2.02309,-0.0,-0.0,-0.0,0.0
1736847051.0061092,0.0,2.02321,-0.0,-0.0,-0.0,0.0
1736847051.0103455,0.0,2.02333,-0.0,-0.0,-0.0,0.0
1736847051.0113506,0.0,2.02344,-0.0,-0.0,-0.0,0.0
1736847051.0113506,0.0,2.02356,-0.0,-0.0,-0.0,0.0
1736847051.012798,0.0,2.0237,-0.0,-0.0,-0.0,0.0
1736847051.013658,0.0,2.02383,-0.0,-0.0,-0.0,0.0
1736847051.0144582,0.0,2.02396,-0.0,-0.0,-0.0,0.0
1736847051.015218,0.0,2.02408,-0.0,-0.0,-0.0,0.0
1736847051.0161216,0.0,2.02419,-0.0,-0.0,-0.0,0.0
1736847051.0167165,0.0,2.02433,-0.0,-0.0,-0.0,0.0
1736847051.0177224,0.0,2.02445,-0.0,-0.0,-0.0,0.0
1736847051.0177224,0.0,2.02457,-0.0,-0.0,-0.0,0.0
1736847051.0187247,0.0,2.02471,-0.0,-0.0,-0.0,0.0
1736847051.0205104,0.0,2.02485,-0.0,-0.0,-0.0,0.0
1736847051.0205104,0.0,2.02502,-0.0,-0.0,-0.0,0.0
1736847051.0215209,0.0,2.02517,-0.0,-0.0,-0.0,0.0
1736847051.0231504,0.0,2.02529,-0.0,-0.0,-0.0,0.0
1736847051.0231504,0.0,2.02543,-0.0,-0.0,-0.0,0.0
1736847051.0241563,0.0,2.02555,-0.0,-0.0,-0.0,0.0
1736847051.0251546,0.0,2.02567,-0.0,-0.0,-0.0,0.0
1736847051.0261574,0.0,2.02579,-0.0,-0.0,-0.0,0.0
1736847051.0271041,0.0,2.02593,-0.0,-0.0,-0.0,0.0
1736847051.0271041,0.0,2.02607,-0.0,-0.0,-0.0,0.0
1736847051.028974,0.0,2.02621,-0.0,-0.0,-0.0,0.0
1736847051.028974,0.0,2.02635,-0.0,-0.0,-0.0,0.0
1736847051.0299764,0.0,2.02648,-0.0,-0.0,-0.0,0.0
1736847051.0312822,0.0,2.0266,-0.0,-0.0,-0.0,0.0
1736847051.032125,0.0,2.02672,-0.0,-0.0,-0.0,0.0
1736847051.032125,0.0,2.02684,-0.0,-0.0,-0.0,0.0
1736847051.0337083,0.0,2.02698,-0.0,-0.0,-0.0,0.0
1736847051.0346282,0.0,2.02714,-0.0,-0.0,-0.0,0.0
1736847051.0356536,0.0,2.02729,-0.0,-0.0,-0.0,0.0
1736847051.0356536,0.0,2.02741,-0.0,-0.0,-0.0,0.0
1736847051.036639,0.0,2.02752,-0.0,-0.0,-0.0,0.0
1736847051.0376377,0.0,2.02764,-0.0,-0.0,-0.0,0.0
1736847051.038647,0.0,2.02776,-0.0,-0.0,-0.0,0.0
1736847051.038647,0.0,2.02787,-0.0,-0.0,-0.0,0.0
1736847051.0396388,0.0,2.028,-0.0,-0.0,-0.0,0.0
1736847051.0412457,0.0,2.02816,-0.0,-0.0,-0.0,0.0
1736847051.042252,0.0,2.0283,-0.0,-0.0,-0.0,0.0
1736847051.042252,0.0,2.02843,-0.0,-0.0,-0.0,0.0
1736847051.043251,0.0,2.02855,-0.0,-0.0,-0.0,0.0
1736847051.0442495,0.0,2.02867,-0.0,-0.0,-0.0,0.0
1736847051.045112,0.0,2.02879,-0.0,-0.0,-0.0,0.0
1736847051.0461164,0.0,2.02891,-0.0,-0.0,-0.0,0.0
1736847051.046273,0.0,2.02903,-0.0,-0.0,-0.0,0.0
1736847051.047513,0.0,2.02918,-0.0,-0.0,-0.0,0.0
1736847051.047513,0.0,2.02932,-0.0,-0.0,-0.0,0.0
1736847051.047513,0.0,2.02945,-0.0,-0.0,-0.0,0.0
1736847051.0500555,0.0,2.02956,-0.0,-0.0,-0.0,0.0
1736847051.0510645,0.0,2.02968,-0.0,-0.0,-0.0,0.0
1736847051.0518186,0.0,2.0298,-0.0,-0.0,-0.0,0.0
1736847051.052431,0.0,2.02992,-0.0,-0.0,-0.0,0.0
1736847051.052431,0.0,2.03004,-0.0,-0.0,-0.0,0.0
1736847051.0534422,0.0,2.03016,-0.0,-0.0,-0.0,0.0
1736847051.0548024,0.0,2.03031,-0.0,-0.0,-0.0,0.0
1736847051.0548024,0.0,2.03045,-0.0,-0.0,-0.0,0.0
1736847051.0548024,0.0,2.03059,-0.0,-0.0,-0.0,0.0
1736847051.0548024,0.0,2.03071,-0.0,-0.0,-0.0,0.0
1736847051.0548024,0.0,2.03083,-0.0,-0.0,-0.0,0.0
1736847051.0548024,0.0,2.03095,-0.0,-0.0,-0.0,0.0
1736847051.0548024,0.0,2.03107,-0.0,-0.0,-0.0,0.0
1736847051.0601401,0.0,2.03119,-0.0,-0.0,-0.0,0.0
1736847051.0611475,0.0,2.03133,-0.0,-0.0,-0.0,0.0
1736847051.0618112,0.0,2.03147,-0.0,-0.0,-0.0,0.0
1736847051.0628176,0.0,2.0316,-0.0,-0.0,-0.0,0.0
1736847051.0638263,0.0,2.03172,-0.0,-0.0,-0.0,0.0
1736847051.0638263,0.0,2.03183,-0.0,-0.0,-0.0,0.0
1736847051.0648167,0.0,2.03195,-0.0,-0.0,-0.0,0.0
1736847051.0658154,0.0,2.03207,-0.0,-0.0,-0.0,0.0
1736847051.0666575,0.0,2.03219,-0.0,-0.0,-0.0,0.0
1736847051.0676744,0.0,2.03232,-0.0,-0.0,-0.0,0.0
1736847051.068683,0.0,2.03247,-0.0,-0.0,-0.0,0.0
1736847051.0695214,0.0,2.03261,-0.0,-0.0,-0.0,0.0
1736847051.0699894,0.0,2.03274,-0.0,-0.0,-0.0,0.0
1736847051.0710132,0.0,2.03286,-0.0,-0.0,-0.0,0.0
1736847051.071997,0.0,2.03297,-0.0,-0.0,-0.0,0.0
1736847051.0725737,0.0,2.03309,-0.0,-0.0,-0.0,0.0
1736847051.0725737,0.0,2.03321,-0.0,-0.0,-0.0,0.0
1736847051.0735784,0.0,2.03333,-0.0,-0.0,-0.0,0.0
1736847051.0745797,0.0,2.03345,-0.0,-0.0,-0.0,0.0
1736847051.0757377,0.0,2.0336,-0.0,-0.0,-0.0,0.0
1736847051.0767424,0.0,2.03373,-0.0,-0.0,-0.0,0.0
1736847051.077739,0.0,2.03387,-0.0,-0.0,-0.0,0.0
1736847051.078339,0.0,2.03401,-0.0,-0.0,-0.0,0.0
1736847051.0793436,0.0,2.03413,-0.0,-0.0,-0.0,0.0
1736847051.0793436,0.0,2.03425,-0.0,-0.0,-0.0,0.0
1736847051.0803428,0.0,2.03438,-0.0,-0.0,-0.0,0.0
1736847051.0813444,0.0,2.03451,-0.0,-0.0,-0.0,0.0
1736847051.0826154,0.0,2.03465,-0.0,-0.0,-0.0,0.0
1736847051.0826154,0.0,2.03479,-0.0,-0.0,-0.0,0.0
1736847051.0842702,0.0,2.03492,-0.0,-0.0,-0.0,0.0
1736847051.085276,0.0,2.03505,-0.0,-0.0,-0.0,0.0
1736847051.085276,0.0,2.03518,-0.0,-0.0,-0.0,0.0
1736847051.0868213,0.0,2.0353,-0.0,-0.0,-0.0,0.0
1736847051.0868213,0.0,2.03542,-0.0,-0.0,-0.0,0.0
1736847051.087828,0.0,2.03554,-0.0,-0.0,-0.0,0.0
1736847051.0890608,0.0,2.03568,-0.0,-0.0,-0.0,0.0
1736847051.0898862,0.0,2.03582,-0.0,-0.0,-0.0,0.0
1736847051.0908918,0.0,2.03597,-0.0,-0.0,-0.0,0.0
1736847051.0918903,0.0,2.03609,-0.0,-0.0,-0.0,0.0
1736847051.0918903,0.0,2.03622,-0.0,-0.0,-0.0,0.0
1736847051.0928912,0.0,2.03634,-0.0,-0.0,-0.0,0.0
1736847051.0939062,0.0,2.03645,-0.0,-0.0,-0.0,0.0
1736847051.0948923,0.0,2.03657,-0.0,-0.0,-0.0,0.0
1736847051.0948923,0.0,2.03671,-0.0,-0.0,-0.0,0.0
1736847051.0966923,0.0,2.03685,-0.0,-0.0,-0.0,0.0
1736847051.0966923,0.0,2.03698,-0.0,-0.0,-0.0,0.0
1736847051.0977373,0.0,2.03711,-0.0,-0.0,-0.0,0.0
1736847051.0987349,0.0,2.03723,-0.0,-0.0,-0.0,0.0
1736847051.1672754,0.0,2.04785,-0.0,-0.0,-0.0,0.0
1736847051.1672754,0.0,2.0481,-0.0,-0.0,-0.0,0.0
1736847051.1672754,0.0,2.0483,-0.0,-0.0,-0.0,0.0
1736847051.1672754,0.0,2.04844,-0.0,-0.0,-0.0,0.0
1736847051.1672754,0.0,2.04856,-0.0,-0.0,-0.0,0.0
1736847051.1672754,0.0,2.04868,-0.0,-0.0,-0.0,0.0
1736847051.1672754,0.0,2.04879,-0.0,-0.0,-0.0,0.0
1736847051.1736917,0.0,2.04894,-0.0,-0.0,-0.0,0.0
1736847051.1744342,0.0,2.04909,-0.0,-0.0,-0.0,0.0
1736847051.1753428,0.0,2.04923,-0.0,-0.0,-0.0,0.0
1736847051.1757596,0.0,2.04936,-0.0,-0.0,-0.0,0.0
1736847051.176766,0.0,2.04948,-0.0,-0.0,-0.0,0.0
1736847051.1777642,0.0,2.0496,-0.0,-0.0,-0.0,0.0
1736847051.1782227,0.0,2.04971,-0.0,-0.0,-0.0,0.0
1736847051.1794736,0.0,2.04985,-0.0,-0.0,-0.0,0.0
1736847051.1798413,0.0,2.05001,-0.0,-0.0,-0.0,0.0
1736847051.1808906,0.0,2.05013,-0.0,-0.0,-0.0,0.0
1736847051.1818898,0.0,2.05024,-0.0,-0.0,-0.0,0.0
1736847051.1818898,0.0,2.05036,-0.0,-0.0,-0.0,0.0
1736847051.1831713,0.0,2.05048,-0.0,-0.0,-0.0,0.0
1736847051.1841712,0.0,2.05059,-0.0,-0.0,-0.0,0.0
1736847051.1841712,0.0,2.05071,-0.0,-0.0,-0.0,0.0
1736847051.1851714,0.0,2.05083,-0.0,-0.0,-0.0,0.0
1736847051.1864367,0.0,2.05096,-0.0,-0.0,-0.0,0.0
1736847051.1864367,0.0,2.0511,-0.0,-0.0,-0.0,0.0
1736847051.1864367,0.0,2.05123,-0.0,-0.0,-0.0,0.0
1736847051.1887605,0.0,2.05135,-0.0,-0.0,-0.0,0.0
1736847051.1897676,0.0,2.05147,-0.0,-0.0,-0.0,0.0
1736847051.1897676,0.0,2.05159,-0.0,-0.0,-0.0,0.0
1736847051.1907654,0.0,2.0517,-0.0,-0.0,-0.0,0.0
1736847051.1919382,0.0,2.05182,-0.0,-0.0,-0.0,0.0
1736847051.1919382,0.0,2.05193,-0.0,-0.0,-0.0,0.0
1736847051.1933866,0.0,2.05207,-0.0,-0.0,-0.0,0.0
1736847051.1942499,0.0,2.05221,-0.0,-0.0,-0.0,0.0
1736847051.1942499,0.0,2.05234,-0.0,-0.0,-0.0,0.0
1736847051.1952617,0.0,2.05245,-0.0,-0.0,-0.0,0.0
1736847051.1962593,0.0,2.05256,-0.0,-0.0,-0.0,0.0
1736847051.1972687,0.0,2.05268,-0.0,-0.0,-0.0,0.0
1736847051.1972687,0.0,2.05279,-0.0,-0.0,-0.0,0.0
1736847051.19826,0.0,2.05291,-0.0,-0.0,-0.0,0.0
1736847051.1992602,0.0,2.05303,-0.0,-0.0,-0.0,0.0
1736847051.2004848,0.0,2.05316,-0.0,-0.0,-0.0,0.0
1736847051.2007878,0.0,2.0533,-0.0,-0.0,-0.0,0.0
1736847051.2018292,0.0,2.05342,-0.0,-0.0,-0.0,0.0
1736847051.20284,0.0,2.05356,-0.0,-0.0,-0.0,0.0
1736847051.2038286,0.0,2.05369,-0.0,-0.0,-0.0,0.0
1736847051.2038286,0.0,2.05382,-0.0,-0.0,-0.0,0.0
1736847051.2049897,0.0,2.05394,-0.0,-0.0,-0.0,0.0
1736847051.2918582,0.0,2.06785,-0.0,-0.0,-0.0,0.0
1736847051.2918582,0.0,2.06816,-0.0,-0.0,-0.0,0.0
1736847051.2918582,0.0,2.06835,-0.0,-0.0,-0.0,0.0
1736847051.2918582,0.0,2.06849,-0.0,-0.0,-0.0,0.0
1736847051.2918582,0.0,2.06861,-0.0,-0.0,-0.0,0.0
1736847051.2918582,0.0,2.06873,-0.0,-0.0,-0.0,0.0
1736847051.3003635,0.0,2.06885,-0.0,-0.0,-0.0,0.0
1736847051.3009543,0.0,2.06898,-0.0,-0.0,-0.0,0.0
1736847051.3017955,0.0,2.06912,-0.0,-0.0,-0.0,0.0
1736847051.3027763,0.0,2.06925,-0.0,-0.0,-0.0,0.0
1736847051.3037846,0.0,2.06938,-0.0,-0.0,-0.0,0.0
1736847051.3046389,0.0,2.06954,-0.0,-0.0,-0.0,0.0
1736847051.304986,0.0,2.06967,-0.0,-0.0,-0.0,0.0
1736847051.304986,0.0,2.06981,-0.0,-0.0,-0.0,0.0
1736847051.304986,0.0,2.06994,-0.0,-0.0,-0.0,0.0
1736847051.304986,0.0,2.07006,-0.0,-0.0,-0.0,0.0
1736847051.304986,0.0,2.07018,-0.0,-0.0,-0.0,0.0
1736847051.304986,0.0,2.0703,-0.0,-0.0,-0.0,0.0
1736847051.3101408,0.0,2.07041,-0.0,-0.0,-0.0,0.0
1736847051.3111475,0.0,2.07053,-0.0,-0.0,-0.0,0.0
1736847051.31169,0.0,2.07068,-0.0,-0.0,-0.0,0.0
1736847051.312793,0.0,2.07082,-0.0,-0.0,-0.0,0.0
1736847051.31358,0.0,2.07094,-0.0,-0.0,-0.0,0.0
1736847051.31358,0.0,2.07107,-0.0,-0.0,-0.0,0.0
1736847051.3145914,0.0,2.07119,-0.0,-0.0,-0.0,0.0
1736847051.3155906,0.0,2.0713,-0.0,-0.0,-0.0,0.0
1736847051.3166008,0.0,2.07142,-0.0,-0.0,-0.0,0.0
1736847051.3170817,0.0,2.07153,-0.0,-0.0,-0.0,0.0
1736847051.3180933,0.0,2.07167,-0.0,-0.0,-0.0,0.0
1736847051.3189843,0.0,2.07181,-0.0,-0.0,-0.0,0.0
1736847051.3200257,0.0,2.07194,-0.0,-0.0,-0.0,0.0
1736847051.3200257,0.0,2.07207,-0.0,-0.0,-0.0,0.0
1736847051.3210258,0.0,2.0722,-0.0,-0.0,-0.0,0.0
1736847051.322239,0.0,2.07232,-0.0,-0.0,-0.0,0.0
1736847051.3232443,0.0,2.07244,-0.0,-0.0,-0.0,0.0
1736847051.3240592,0.0,2.07257,-0.0,-0.0,-0.0,0.0
1736847051.3240592,0.0,2.0727,-0.0,-0.0,-0.0,0.0
1736847051.325284,0.0,2.07283,-0.0,-0.0,-0.0,0.0
1736847051.325284,0.0,2.07296,-0.0,-0.0,-0.0,0.0
1736847051.327174,0.0,2.07309,-0.0,-0.0,-0.0,0.0
1736847051.3281791,0.0,2.07321,-0.0,-0.0,-0.0,0.0
1736847051.3281791,0.0,2.07334,-0.0,-0.0,-0.0,0.0
1736847051.329179,0.0,2.07345,-0.0,-0.0,-0.0,0.0
1736847051.3304658,0.0,2.07357,-0.0,-0.0,-0.0,0.0
1736847051.3304658,0.0,2.07369,-0.0,-0.0,-0.0,0.0
1736847051.3314724,0.0,2.07381,-0.0,-0.0,-0.0,0.0
1736847051.3321893,0.0,2.07396,-0.0,-0.0,-0.0,0.0
1736847051.333565,0.0,2.07412,-0.0,-0.0,-0.0,0.0
1736847051.3345783,0.0,2.07425,-0.0,-0.0,-0.0,0.0
1736847051.3355653,0.0,2.07437,-0.0,-0.0,-0.0,0.0
1736847051.3355653,0.0,2.07449,-0.0,-0.0,-0.0,0.0
1736847051.3365657,0.0,2.07462,-0.0,-0.0,-0.0,0.0
1736847051.3375652,0.0,2.07473,-0.0,-0.0,-0.0,0.0
1736847051.3385808,0.0,2.07487,-0.0,-0.0,-0.0,0.0
1736847051.3395658,0.0,2.075,-0.0,-0.0,-0.0,0.0
1736847051.340378,0.0,2.07514,-0.0,-0.0,-0.0,0.0
1736847051.340378,0.0,2.07528,-0.0,-0.0,-0.0,0.0
1736847051.341423,0.0,2.07542,-0.0,-0.0,-0.0,0.0
1736847051.3424227,0.0,2.07555,-0.0,-0.0,-0.0,0.0
1736847051.3434227,0.0,2.07568,-0.0,-0.0,-0.0,0.0
1736847051.3444073,0.0,2.0758,-0.0,-0.0,-0.0,0.0
1736847051.345412,0.0,2.07592,-0.0,-0.0,-0.0,0.0
1736847051.346168,0.0,2.07605,-0.0,-0.0,-0.0,0.0
1736847051.346168,0.0,2.07622,-0.0,-0.0,-0.0,0.0
1736847051.346168,0.0,2.07636,-0.0,-0.0,-0.0,0.0
1736847051.346168,0.0,2.07648,-0.0,-0.0,-0.0,0.0
1736847051.349601,0.0,2.0766,-0.0,-0.0,-0.0,0.0
1736847051.3504953,0.0,2.07672,-0.0,-0.0,-0.0,0.0
1736847051.3504953,0.0,2.07684,-0.0,-0.0,-0.0,0.0
1736847051.3515027,0.0,2.07696,-0.0,-0.0,-0.0,0.0
1736847051.352502,0.0,2.07708,-0.0,-0.0,-0.0,0.0
1736847051.35345,0.0,2.07723,-0.0,-0.0,-0.0,0.0
1736847051.3545163,0.0,2.07737,-0.0,-0.0,-0.0,0.0
1736847051.355225,0.0,2.0775,-0.0,-0.0,-0.0,0.0
1736847051.3562298,0.0,2.07762,-0.0,-0.0,-0.0,0.0
1736847051.3562298,0.0,2.07774,-0.0,-0.0,-0.0,0.0
1736847051.3572302,0.0,2.07786,-0.0,-0.0,-0.0,0.0
1736847051.35823,0.0,2.078,-0.0,-0.0,-0.0,0.0
1736847051.3592308,0.0,2.07816,-0.0,-0.0,-0.0,0.0
1736847051.3600085,0.0,2.07833,-0.0,-0.0,-0.0,0.0
1736847051.3600085,0.0,2.07849,-0.0,-0.0,-0.0,0.0
1736847051.3600085,0.0,2.07862,-0.0,-0.0,-0.0,0.0
1736847051.3600085,0.0,2.07875,-0.0,-0.0,-0.0,0.0
1736847051.3600085,0.0,2.07887,-0.0,-0.0,-0.0,0.0
1736847051.3600085,0.0,2.07899,-0.0,-0.0,-0.0,0.0
1736847051.3657322,0.0,2.07911,-0.0,-0.0,-0.0,0.0
1736847051.3657322,0.0,2.07924,-0.0,-0.0,-0.0,0.0
1736847051.3675818,0.0,2.07939,-0.0,-0.0,-0.0,0.0
1736847051.3683088,0.0,2.07954,-0.0,-0.0,-0.0,0.0
1736847051.368999,0.0,2.07967,-0.0,-0.0,-0.0,0.0
1736847051.370011,0.0,2.07979,-0.0,-0.0,-0.0,0.0
1736847051.370011,0.0,2.07991,-0.0,-0.0,-0.0,0.0
1736847051.3710098,0.0,2.08003,-0.0,-0.0,-0.0,0.0
1736847051.372097,0.0,2.08014,-0.0,-0.0,-0.0,0.0
1736847051.3731065,0.0,2.08027,-0.0,-0.0,-0.0,0.0
1736847051.3739817,0.0,2.08043,-0.0,-0.0,-0.0,0.0
1736847051.3739817,0.0,2.08058,-0.0,-0.0,-0.0,0.0
1736847051.3739817,0.0,2.08072,-0.0,-0.0,-0.0,0.0
1736847051.3739817,0.0,2.08084,-0.0,-0.0,-0.0,0.0
1736847051.3772383,0.0,2.08099,-0.0,-0.0,-0.0,0.0
1736847051.378256,0.0,2.08111,-0.0,-0.0,-0.0,0.0
1736847051.3792439,0.0,2.08123,-0.0,-0.0,-0.0,0.0
1736847051.3792439,0.0,2.08135,-0.0,-0.0,-0.0,0.0
1736847051.3802443,0.0,2.08148,-0.0,-0.0,-0.0,0.0
1736847051.3811345,0.0,2.08163,-0.0,-0.0,-0.0,0.0
1736847051.3821409,0.0,2.08176,-0.0,-0.0,-0.0,0.0
1736847051.3834147,0.0,2.08188,-0.0,-0.0,-0.0,0.0
1736847051.3834147,0.0,2.08201,-0.0,-0.0,-0.0,0.0
1736847051.384417,0.0,2.08214,-0.0,-0.0,-0.0,0.0
1736847051.3856366,0.0,2.08226,-0.0,-0.0,-0.0,0.0
1736847051.3863692,0.0,2.08238,-0.0,-0.0,-0.0,0.0
1736847051.3873825,0.0,2.08251,-0.0,-0.0,-0.0,0.0
1736847051.388067,0.0,2.08265,-0.0,-0.0,-0.0,0.0
1736847051.389206,0.0,2.08279,-0.0,-0.0,-0.0,0.0
1736847051.389954,0.0,2.08294,-0.0,-0.0,-0.0,0.0
1736847051.3904011,0.0,2.08308,-0.0,-0.0,-0.0,0.0
1736847051.3914065,0.0,2.0832,-0.0,-0.0,-0.0,0.0
1736847051.3924048,0.0,2.08332,-0.0,-0.0,-0.0,0.0
1736847051.3924048,0.0,2.08344,-0.0,-0.0,-0.0,0.0
1736847051.393405,0.0,2.08356,-0.0,-0.0,-0.0,0.0
1736847051.3947935,0.0,2.08369,-0.0,-0.0,-0.0,0.0
1736847051.395133,0.0,2.08384,-0.0,-0.0,-0.0,0.0
1736847051.3961768,0.0,2.08398,-0.0,-0.0,-0.0,0.0
1736847051.3971763,0.0,2.0841,-0.0,-0.0,-0.0,0.0
1736847051.398176,0.0,2.08422,-0.0,-0.0,-0.0,0.0
1736847051.398176,0.0,2.08434,-0.0,-0.0,-0.0,0.0
1736847051.3991756,0.0,2.08446,-0.0,-0.0,-0.0,0.0
1736847051.4004157,0.0,2.08458,-0.0,-0.0,-0.0,0.0
1736847051.4014232,0.0,2.08471,-0.0,-0.0,-0.0,0.0
1736847051.4020402,0.0,2.08485,-0.0,-0.0,-0.0,0.0
1736847051.4030812,0.0,2.08499,-0.0,-0.0,-0.0,0.0
1736847051.4030812,0.0,2.08513,-0.0,-0.0,-0.0,0.0
1736847051.4040816,0.0,2.08525,-0.0,-0.0,-0.0,0.0
1736847051.405078,0.0,2.08537,-0.0,-0.0,-0.0,0.0
1736847051.405078,0.0,2.0855,-0.0,-0.0,-0.0,0.0
1736847051.405078,0.0,2.08563,-0.0,-0.0,-0.0,0.0
1736847051.4073784,0.0,2.08574,-0.0,-0.0,-0.0,0.0
1736847051.4085765,0.0,2.08588,-0.0,-0.0,-0.0,0.0
1736847051.4085765,0.0,2.08601,-0.0,-0.0,-0.0,0.0
1736847051.4085765,0.0,2.08613,-0.0,-0.0,-0.0,0.0
1736847051.4085765,0.0,2.08626,-0.0,-0.0,-0.0,0.0
1736847051.4118059,0.0,2.08637,-0.0,-0.0,-0.0,0.0
1736847051.4125721,0.0,2.08649,-0.0,-0.0,-0.0,0.0
1736847051.4133346,0.0,2.08661,-0.0,-0.0,-0.0,0.0
1736847051.4140797,0.0,2.08673,-0.0,-0.0,-0.0,0.0
1736847051.4150913,0.0,2.08686,-0.0,-0.0,-0.0,0.0
1736847051.4159002,0.0,2.087,-0.0,-0.0,-0.0,0.0
1736847051.4159002,0.0,2.08714,-0.0,-0.0,-0.0,0.0
1736847051.417695,0.0,2.08727,-0.0,-0.0,-0.0,0.0
1736847051.417695,0.0,2.08741,-0.0,-0.0,-0.0,0.0
1736847051.4186966,0.0,2.08754,-0.0,-0.0,-0.0,0.0
1736847051.4196956,0.0,2.08766,-0.0,-0.0,-0.0,0.0
1736847051.4207058,0.0,2.08778,-0.0,-0.0,-0.0,0.0
1736847051.4207058,0.0,2.08789,-0.0,-0.0,-0.0,0.0
1736847051.422425,0.0,2.08801,-0.0,-0.0,-0.0,0.0
1736847051.4231813,0.0,2.08818,-0.0,-0.0,-0.0,0.0
1736847051.4242032,0.0,2.08832,-0.0,-0.0,-0.0,0.0
1736847051.4242032,0.0,2.08844,-0.0,-0.0,-0.0,0.0
1736847051.4251866,0.0,2.08856,-0.0,-0.0,-0.0,0.0
1736847051.4261858,0.0,2.08868,-0.0,-0.0,-0.0,0.0
1736847051.427195,0.0,2.08879,-0.0,-0.0,-0.0,0.0
1736847051.427195,0.0,2.08891,-0.0,-0.0,-0.0,0.0
1736847051.4281862,0.0,2.08904,-0.0,-0.0,-0.0,0.0
1736847051.4300191,0.0,2.0892,-0.0,-0.0,-0.0,0.0
1736847051.4307725,0.0,2.08935,-0.0,-0.0,-0.0,0.0
1736847051.4314213,0.0,2.08949,-0.0,-0.0,-0.0,0.0
1736847051.4324427,0.0,2.08961,-0.0,-0.0,-0.0,0.0
1736847051.4324427,0.0,2.08972,-0.0,-0.0,-0.0,0.0
1736847051.4334285,0.0,2.08984,-0.0,-0.0,-0.0,0.0
1736847051.4347568,0.0,2.08996,-0.0,-0.0,-0.0,0.0
1736847051.4348466,0.0,2.09009,-0.0,-0.0,-0.0,0.0
1736847051.435851,0.0,2.09022,-0.0,-0.0,-0.0,0.0
1736847051.4368043,0.0,2.09036,-0.0,-0.0,-0.0,0.0
1736847051.4378102,0.0,2.0905,-0.0,-0.0,-0.0,0.0
1736847051.4388194,0.0,2.09062,-0.0,-0.0,-0.0,0.0
1736847051.4388194,0.0,2.09074,-0.0,-0.0,-0.0,0.0
1736847051.440279,0.0,2.09085,-0.0,-0.0,-0.0,0.0
1736847051.441281,0.0,2.09097,-0.0,-0.0,-0.0,0.0
1736847051.441281,0.0,2.09109,-0.0,-0.0,-0.0,0.0
1736847051.4422846,0.0,2.09123,-0.0,-0.0,-0.0,0.0
1736847051.4437926,0.0,2.09138,-0.0,-0.0,-0.0,0.0
1736847051.4437926,0.0,2.09151,-0.0,-0.0,-0.0,0.0
1736847051.4449441,0.0,2.09163,-0.0,-0.0,-0.0,0.0
1736847051.4449441,0.0,2.09176,-0.0,-0.0,-0.0,0.0
1736847051.4449441,0.0,2.09189,-0.0,-0.0,-0.0,0.0
1736847051.4449441,0.0,2.09201,-0.0,-0.0,-0.0,0.0
1736847051.4449441,0.0,2.09213,-0.0,-0.0,-0.0,0.0
1736847051.4490185,0.0,2.09225,-0.0,-0.0,-0.0,0.0
1736847051.450027,0.0,2.09237,-0.0,-0.0,-0.0,0.0
1736847051.450763,0.0,2.09252,-0.0,-0.0,-0.0,0.0
1736847051.451776,0.0,2.09265,-0.0,-0.0,-0.0,0.0
1736847051.4527106,0.0,2.09277,-0.0,-0.0,-0.0,0.0
1736847051.4527106,0.0,2.09289,-0.0,-0.0,-0.0,0.0
1736847051.453717,0.0,2.09301,-0.0,-0.0,-0.0,0.0
1736847051.4547293,0.0,2.09313,-0.0,-0.0,-0.0,0.0
1736847051.4547293,0.0,2.09324,-0.0,-0.0,-0.0,0.0
1736847051.4559755,0.0,2.09335,-0.0,-0.0,-0.0,0.0
1736847051.4569774,0.0,2.09349,-0.0,-0.0,-0.0,0.0
1736847051.4578185,0.0,2.09365,-0.0,-0.0,-0.0,0.0
1736847051.4588742,0.0,2.09378,-0.0,-0.0,-0.0,0.0
1736847051.4598608,0.0,2.0939,-0.0,-0.0,-0.0,0.0
1736847051.4598608,0.0,2.09401,-0.0,-0.0,-0.0,0.0
1736847051.4611087,0.0,2.09413,-0.0,-0.0,-0.0,0.0
1736847051.4621131,0.0,2.09425,-0.0,-0.0,-0.0,0.0
1736847051.4629228,0.0,2.09438,-0.0,-0.0,-0.0,0.0
1736847051.4629228,0.0,2.09451,-0.0,-0.0,-0.0,0.0
1736847051.46412,0.0,2.09464,-0.0,-0.0,-0.0,0.0
1736847051.46412,0.0,2.09477,-0.0,-0.0,-0.0,0.0
1736847051.46412,0.0,2.0949,-0.0,-0.0,-0.0,0.0
1736847051.4666893,0.0,2.09501,-0.0,-0.0,-0.0,0.0
1736847051.4677012,0.0,2.09512,-0.0,-0.0,-0.0,0.0
1736847051.4677012,0.0,2.09524,-0.0,-0.0,-0.0,0.0
1736847051.4690082,0.0,2.09536,-0.0,-0.0,-0.0,0.0
1736847051.4697359,0.0,2.09547,-0.0,-0.0,-0.0,0.0
1736847051.4707484,0.0,2.0956,-0.0,-0.0,-0.0,0.0
1736847051.4715338,0.0,2.09574,-0.0,-0.0,-0.0,0.0
1736847051.4725647,0.0,2.09588,-0.0,-0.0,-0.0,0.0
1736847051.4733183,0.0,2.09603,-0.0,-0.0,-0.0,0.0
1736847051.4741771,0.0,2.09617,-0.0,-0.0,-0.0,0.0
1736847051.4741771,0.0,2.0963,-0.0,-0.0,-0.0,0.0
1736847051.4751902,0.0,2.09641,-0.0,-0.0,-0.0,0.0
1736847051.4761882,0.0,2.09653,-0.0,-0.0,-0.0,0.0
1736847051.4771898,0.0,2.09664,-0.0,-0.0,-0.0,0.0
1736847051.478151,0.0,2.09678,-0.0,-0.0,-0.0,0.0
1736847051.478151,0.0,2.09692,-0.0,-0.0,-0.0,0.0
1736847051.478151,0.0,2.09704,-0.0,-0.0,-0.0,0.0
1736847051.478151,0.0,2.09716,-0.0,-0.0,-0.0,0.0
1736847051.478151,0.0,2.09728,-0.0,-0.0,-0.0,0.0
1736847051.478151,0.0,2.09739,-0.0,-0.0,-0.0,0.0
1736847051.4825897,0.0,2.09751,-0.0,-0.0,-0.0,0.0
1736847051.4835956,0.0,2.09763,-0.0,-0.0,-0.0,0.0
1736847051.4835956,0.0,2.09775,-0.0,-0.0,-0.0,0.0
1736847051.485179,0.0,2.09787,-0.0,-0.0,-0.0,0.0
1736847051.485522,0.0,2.09801,-0.0,-0.0,-0.0,0.0
1736847051.4865658,0.0,2.09813,-0.0,-0.0,-0.0,0.0
1736847051.4875658,0.0,2.09826,-0.0,-0.0,-0.0,0.0
1736847051.4883618,0.0,2.0984,-0.0,-0.0,-0.0,0.0
1736847051.4883618,0.0,2.09853,-0.0,-0.0,-0.0,0.0
1736847051.4893677,0.0,2.09864,-0.0,-0.0,-0.0,0.0
1736847051.4906085,0.0,2.09876,-0.0,-0.0,-0.0,0.0
1736847051.491626,0.0,2.09889,-0.0,-0.0,-0.0,0.0
1736847051.49239,0.0,2.09902,-0.0,-0.0,-0.0,0.0
1736847051.4934466,0.0,2.09917,-0.0,-0.0,-0.0,0.0
1736847051.4934466,0.0,2.0993,-0.0,-0.0,-0.0,0.0
1736847051.4949746,0.0,2.09942,-0.0,-0.0,-0.0,0.0
1736847051.4956563,0.0,2.09954,-0.0,-0.0,-0.0,0.0
1736847051.4965065,0.0,2.09968,-0.0,-0.0,-0.0,0.0
1736847051.4965065,0.0,2.0998,-0.0,-0.0,-0.0,0.0
1736847051.497518,0.0,2.09992,-0.0,-0.0,-0.0,0.0
1736847051.4985178,0.0,2.10005,-0.0,-0.0,-0.0,0.0
1736847051.4993052,0.0,2.10019,-0.0,-0.0,-0.0,0.0
1736847051.5006826,0.0,2.10031,-0.0,-0.0,-0.0,0.0
1736847051.5008411,0.0,2.10045,-0.0,-0.0,-0.0,0.0
1736847051.5018425,0.0,2.10058,-0.0,-0.0,-0.0,0.0
1736847051.5028412,0.0,2.10069,-0.0,-0.0,-0.0,0.0
1736847051.5038424,0.0,2.10081,-0.0,-0.0,-0.0,0.0
1736847051.5038424,0.0,2.10093,-0.0,-0.0,-0.0,0.0
1736847051.504842,0.0,2.10106,-0.0,-0.0,-0.0,0.0
1736847051.5062923,0.0,2.1012,-0.0,-0.0,-0.0,0.0
1736847051.5062923,0.0,2.10134,-0.0,-0.0,-0.0,0.0
1736847051.5072944,0.0,2.10147,-0.0,-0.0,-0.0,0.0
1736847051.5082932,0.0,2.10159,-0.0,-0.0,-0.0,0.0
1736847051.509293,0.0,2.10171,-0.0,-0.0,-0.0,0.0
1736847051.5102935,0.0,2.10182,-0.0,-0.0,-0.0,0.0
1736847051.5102935,0.0,2.10194,-0.0,-0.0,-0.0,0.0
1736847051.511526,0.0,2.10206,-0.0,-0.0,-0.0,0.0
1736847051.512531,0.0,2.10219,-0.0,-0.0,-0.0,0.0
1736847051.5133502,0.0,2.10234,-0.0,-0.0,-0.0,0.0
1736847051.5139618,0.0,2.10247,-0.0,-0.0,-0.0,0.0
1736847051.5149684,0.0,2.1026,-0.0,-0.0,-0.0,0.0
1736847051.5159657,0.0,2.10272,-0.0,-0.0,-0.0,0.0
1736847051.5165274,0.0,2.10284,-0.0,-0.0,-0.0,0.0
1736847051.5175326,0.0,2.10296,-0.0,-0.0,-0.0,0.0
1736847051.5175326,0.0,2.10308,-0.0,-0.0,-0.0,0.0
1736847051.5184917,0.0,2.1032,-0.0,-0.0,-0.0,0.0
1736847051.5197034,0.0,2.10334,-0.0,-0.0,-0.0,0.0
1736847051.5197034,0.0,2.10348,-0.0,-0.0,-0.0,0.0
1736847051.5197034,0.0,2.10361,-0.0,-0.0,-0.0,0.0
1736847051.5224571,0.0,2.10373,-0.0,-0.0,-0.0,0.0
1736847051.5224571,0.0,2.10385,-0.0,-0.0,-0.0,0.0
1736847051.5234635,0.0,2.10397,-0.0,-0.0,-0.0,0.0
1736847051.524477,0.0,2.10409,-0.0,-0.0,-0.0,0.0
1736847051.5254633,0.0,2.1042,-0.0,-0.0,-0.0,0.0
1736847051.5254633,0.0,2.10433,-0.0,-0.0,-0.0,0.0
1736847051.5270429,0.0,2.10446,-0.0,-0.0,-0.0,0.0
1736847051.5270429,0.0,2.10461,-0.0,-0.0,-0.0,0.0
1736847051.5270429,0.0,2.10475,-0.0,-0.0,-0.0,0.0
1736847051.5270429,0.0,2.10486,-0.0,-0.0,-0.0,0.0
1736847051.5270429,0.0,2.10498,-0.0,-0.0,-0.0,0.0
1736847051.5270429,0.0,2.1051,-0.0,-0.0,-0.0,0.0
1736847051.5270429,0.0,2.10521,-0.0,-0.0,-0.0,0.0
1736847051.5323281,0.0,2.10533,-0.0,-0.0,-0.0,0.0
1736847051.533335,0.0,2.10545,-0.0,-0.0,-0.0,0.0
1736847051.5340521,0.0,2.10559,-0.0,-0.0,-0.0,0.0
1736847051.5350907,0.0,2.10573,-0.0,-0.0,-0.0,0.0
1736847051.5350907,0.0,2.10585,-0.0,-0.0,-0.0,0.0
1736847051.5360906,0.0,2.10597,-0.0,-0.0,-0.0,0.0
1736847051.5370896,0.0,2.10609,-0.0,-0.0,-0.0,0.0
1736847051.538162,0.0,2.10621,-0.0,-0.0,-0.0,0.0
1736847051.5388544,0.0,2.10633,-0.0,-0.0,-0.0,0.0
1736847051.5388544,0.0,2.10645,-0.0,-0.0,-0.0,0.0
1736847051.5405047,0.0,2.10658,-0.0,-0.0,-0.0,0.0
1736847051.5414295,0.0,2.10673,-0.0,-0.0,-0.0,0.0
1736847051.5422616,0.0,2.10687,-0.0,-0.0,-0.0,0.0
1736847051.5430942,0.0,2.10699,-0.0,-0.0,-0.0,0.0
1736847051.5440736,0.0,2.10713,-0.0,-0.0,-0.0,0.0
1736847051.5447247,0.0,2.10727,-0.0,-0.0,-0.0,0.0
1736847051.5457315,0.0,2.10739,-0.0,-0.0,-0.0,0.0
1736847051.5457315,0.0,2.10751,-0.0,-0.0,-0.0,0.0
1736847051.5467288,0.0,2.10763,-0.0,-0.0,-0.0,0.0
1736847051.5479116,0.0,2.10779,-0.0,-0.0,-0.0,0.0
1736847051.5489666,0.0,2.10792,-0.0,-0.0,-0.0,0.0
1736847051.5489666,0.0,2.10804,-0.0,-0.0,-0.0,0.0
1736847051.5505006,0.0,2.10816,-0.0,-0.0,-0.0,0.0
1736847051.5505006,0.0,2.10828,-0.0,-0.0,-0.0,0.0
1736847051.5515056,0.0,2.1084,-0.0,-0.0,-0.0,0.0
1736847051.552505,0.0,2.10852,-0.0,-0.0,-0.0,0.0
1736847051.5535176,0.0,2.10863,-0.0,-0.0,-0.0,0.0
1736847051.5543993,0.0,2.10876,-0.0,-0.0,-0.0,0.0
1736847051.5547466,0.0,2.1089,-0.0,-0.0,-0.0,0.0
1736847051.5557926,0.0,2.10902,-0.0,-0.0,-0.0,0.0
1736847051.556546,0.0,2.10914,-0.0,-0.0,-0.0,0.0
1736847051.5575502,0.0,2.10926,-0.0,-0.0,-0.0,0.0
1736847051.5575502,0.0,2.10938,-0.0,-0.0,-0.0,0.0
1736847051.5585513,0.0,2.10949,-0.0,-0.0,-0.0,0.0
1736847051.5599031,0.0,2.10961,-0.0,-0.0,-0.0,0.0
1736847051.5599031,0.0,2.10973,-0.0,-0.0,-0.0,0.0
1736847051.5612817,0.0,2.10986,-0.0,-0.0,-0.0,0.0
1736847051.5621507,0.0,2.11001,-0.0,-0.0,-0.0,0.0
1736847051.5631561,0.0,2.11015,-0.0,-0.0,-0.0,0.0
1736847051.5631561,0.0,2.11027,-0.0,-0.0,-0.0,0.0
1736847051.5641558,0.0,2.11039,-0.0,-0.0,-0.0,0.0
1736847051.5651553,0.0,2.11051,-0.0,-0.0,-0.0,0.0
1736847051.5661654,0.0,2.11062,-0.0,-0.0,-0.0,0.0
1736847051.5661654,0.0,2.11073,-0.0,-0.0,-0.0,0.0
1736847051.5671563,0.0,2.11087,-0.0,-0.0,-0.0,0.0
1736847051.5688398,0.0,2.11101,-0.0,-0.0,-0.0,0.0
1736847051.5689363,0.0,2.11116,-0.0,-0.0,-0.0,0.0
1736847051.5699432,0.0,2.1113,-0.0,-0.0,-0.0,0.0
1736847051.570941,0.0,2.11141,-0.0,-0.0,-0.0,0.0
1736847051.5719507,0.0,2.11153,-0.0,-0.0,-0.0,0.0
1736847051.5719507,0.0,2.11165,-0.0,-0.0,-0.0,0.0
1736847051.5735428,0.0,2.11176,-0.0,-0.0,-0.0,0.0
1736847051.5737617,0.0,2.11189,-0.0,-0.0,-0.0,0.0
1736847051.5752165,0.0,2.11205,-0.0,-0.0,-0.0,0.0
1736847051.5766172,0.0,2.11224,-0.0,-0.0,-0.0,0.0
1736847051.5775652,0.0,2.11238,-0.0,-0.0,-0.0,0.0
1736847051.5775652,0.0,2.11251,-0.0,-0.0,-0.0,0.0
1736847051.5785718,0.0,2.11263,-0.0,-0.0,-0.0,0.0
1736847051.5798986,0.0,2.11275,-0.0,-0.0,-0.0,0.0
1736847051.5801094,0.0,2.11287,-0.0,-0.0,-0.0,0.0
1736847051.5811148,0.0,2.11299,-0.0,-0.0,-0.0,0.0
1736847051.5821936,0.0,2.11311,-0.0,-0.0,-0.0,0.0
1736847051.5825126,0.0,2.11325,-0.0,-0.0,-0.0,0.0
1736847051.5835633,0.0,2.11339,-0.0,-0.0,-0.0,0.0
1736847051.5844243,0.0,2.11351,-0.0,-0.0,-0.0,0.0
1736847051.5854292,0.0,2.11363,-0.0,-0.0,-0.0,0.0
1736847051.5854292,0.0,2.11376,-0.0,-0.0,-0.0,0.0
1736847051.5854292,0.0,2.11388,-0.0,-0.0,-0.0,0.0
1736847051.587905,0.0,2.114,-0.0,-0.0,-0.0,0.0
1736847051.587905,0.0,2.11415,-0.0,-0.0,-0.0,0.0
1736847051.589267,0.0,2.1143,-0.0,-0.0,-0.0,0.0
1736847051.5903676,0.0,2.11445,-0.0,-0.0,-0.0,0.0
1736847051.5913932,0.0,2.11459,-0.0,-0.0,-0.0,0.0
1736847051.5913932,0.0,2.1147,-0.0,-0.0,-0.0,0.0
1736847051.5923738,0.0,2.11482,-0.0,-0.0,-0.0,0.0
1736847051.5933723,0.0,2.11494,-0.0,-0.0,-0.0,0.0
1736847051.594382,0.0,2.11506,-0.0,-0.0,-0.0,0.0
1736847051.594382,0.0,2.11517,-0.0,-0.0,-0.0,0.0
1736847051.5960739,0.0,2.1153,-0.0,-0.0,-0.0,0.0
1736847051.5970714,0.0,2.11547,-0.0,-0.0,-0.0,0.0
1736847051.5979443,0.0,2.11561,-0.0,-0.0,-0.0,0.0
1736847051.5988383,0.0,2.11574,-0.0,-0.0,-0.0,0.0
1736847051.5988383,0.0,2.11586,-0.0,-0.0,-0.0,0.0
1736847051.5998552,0.0,2.11597,-0.0,-0.0,-0.0,0.0
1736847051.6008503,0.0,2.11609,-0.0,-0.0,-0.0,0.0
1736847051.601578,0.0,2.1162,-0.0,-0.0,-0.0,0.0
1736847051.6025884,0.0,2.11634,-0.0,-0.0,-0.0,0.0
1736847051.6031375,0.0,2.11649,-0.0,-0.0,-0.0,0.0
1736847051.6031375,0.0,2.11663,-0.0,-0.0,-0.0,0.0
1736847051.6031375,0.0,2.11675,-0.0,-0.0,-0.0,0.0
1736847051.6031375,0.0,2.11687,-0.0,-0.0,-0.0,0.0
1736847051.6031375,0.0,2.117,-0.0,-0.0,-0.0,0.0
1736847051.6074216,0.0,2.11712,-0.0,-0.0,-0.0,0.0
1736847051.6084278,0.0,2.11723,-0.0,-0.0,-0.0,0.0
1736847051.6084278,0.0,2.11735,-0.0,-0.0,-0.0,0.0
1736847051.6100411,0.0,2.11748,-0.0,-0.0,-0.0,0.0
1736847051.6104872,0.0,2.11764,-0.0,-0.0,-0.0,0.0
1736847051.6115386,0.0,2.11777,-0.0,-0.0,-0.0,0.0
1736847051.612539,0.0,2.11789,-0.0,-0.0,-0.0,0.0
1736847051.6131713,0.0,2.11802,-0.0,-0.0,-0.0,0.0
1736847051.6141756,0.0,2.11814,-0.0,-0.0,-0.0,0.0
1736847051.6141756,0.0,2.11827,-0.0,-0.0,-0.0,0.0
1736847051.6151762,0.0,2.11841,-0.0,-0.0,-0.0,0.0
1736847051.6161788,0.0,2.11853,-0.0,-0.0,-0.0,0.0
1736847051.6173449,0.0,2.11867,-0.0,-0.0,-0.0,0.0
1736847051.617942,0.0,2.11882,-0.0,-0.0,-0.0,0.0
1736847051.617942,0.0,2.11897,-0.0,-0.0,-0.0,0.0
1736847051.617942,0.0,2.11909,-0.0,-0.0,-0.0,0.0
1736847051.617942,0.0,2.11921,-0.0,-0.0,-0.0,0.0
1736847051.617942,0.0,2.11933,-0.0,-0.0,-0.0,0.0
1736847051.617942,0.0,2.11945,-0.0,-0.0,-0.0,0.0
1736847051.622643,0.0,2.11958,-0.0,-0.0,-0.0,0.0
1736847051.623914,0.0,2.11971,-0.0,-0.0,-0.0,0.0
1736847051.6245646,0.0,2.11987,-0.0,-0.0,-0.0,0.0
1736847051.6260118,0.0,2.12,-0.0,-0.0,-0.0,0.0
1736847051.626676,0.0,2.12012,-0.0,-0.0,-0.0,0.0
1736847051.627536,0.0,2.12024,-0.0,-0.0,-0.0,0.0
1736847051.627536,0.0,2.12036,-0.0,-0.0,-0.0,0.0
1736847051.6285489,0.0,2.12048,-0.0,-0.0,-0.0,0.0
1736847051.6295702,0.0,2.1206,-0.0,-0.0,-0.0,0.0
1736847051.6305761,0.0,2.12073,-0.0,-0.0,-0.0,0.0
1736847051.63089,0.0,2.12089,-0.0,-0.0,-0.0,0.0
1736847051.63089,0.0,2.12102,-0.0,-0.0,-0.0,0.0
1736847051.63089,0.0,2.12114,-0.0,-0.0,-0.0,0.0
1736847051.63089,0.0,2.12127,-0.0,-0.0,-0.0,0.0
1736847051.63089,0.0,2.12138,-0.0,-0.0,-0.0,0.0
1736847051.6353602,0.0,2.1215,-0.0,-0.0,-0.0,0.0
1736847051.636367,0.0,2.12162,-0.0,-0.0,-0.0,0.0
1736847051.636367,0.0,2.12174,-0.0,-0.0,-0.0,0.0
1736847051.6373663,0.0,2.12188,-0.0,-0.0,-0.0,0.0
1736847051.6382263,0.0,2.12201,-0.0,-0.0,-0.0,0.0
1736847051.639232,0.0,2.12215,-0.0,-0.0,-0.0,0.0
1736847051.640242,0.0,2.12226,-0.0,-0.0,-0.0,0.0
1736847051.640242,0.0,2.12237,-0.0,-0.0,-0.0,0.0
1736847051.6417165,0.0,2.1225,-0.0,-0.0,-0.0,0.0
1736847051.6427164,0.0,2.12262,-0.0,-0.0,-0.0,0.0
1736847051.6427164,0.0,2.12274,-0.0,-0.0,-0.0,0.0
1736847051.6437185,0.0,2.12288,-0.0,-0.0,-0.0,0.0
1736847051.645113,0.0,2.12303,-0.0,-0.0,-0.0,0.0
1736847051.646035,0.0,2.12316,-0.0,-0.0,-0.0,0.0
1736847051.646035,0.0,2.12329,-0.0,-0.0,-0.0,0.0
1736847051.647598,0.0,2.12341,-0.0,-0.0,-0.0,0.0
1736847051.6483717,0.0,2.12353,-0.0,-0.0,-0.0,0.0
1736847051.6483717,0.0,2.12365,-0.0,-0.0,-0.0,0.0
1736847051.6493843,0.0,2.12377,-0.0,-0.0,-0.0,0.0
1736847051.6503825,0.0,2.12388,-0.0,-0.0,-0.0,0.0
1736847051.6516068,0.0,2.12401,-0.0,-0.0,-0.0,0.0
1736847051.6521697,0.0,2.12419,-0.0,-0.0,-0.0,0.0
1736847051.653642,0.0,2.12432,-0.0,-0.0,-0.0,0.0
1736847051.6538055,0.0,2.12446,-0.0,-0.0,-0.0,0.0
1736847051.6548064,0.0,2.12461,-0.0,-0.0,-0.0,0.0
1736847051.6558049,0.0,2.12473,-0.0,-0.0,-0.0,0.0
1736847051.6568086,0.0,2.12485,-0.0,-0.0,-0.0,0.0
1736847051.6568086,0.0,2.12498,-0.0,-0.0,-0.0,0.0
1736847051.6585612,0.0,2.12511,-0.0,-0.0,-0.0,0.0
1736847051.6593404,0.0,2.12527,-0.0,-0.0,-0.0,0.0
1736847051.660363,0.0,2.12541,-0.0,-0.0,-0.0,0.0
1736847051.661347,0.0,2.12554,-0.0,-0.0,-0.0,0.0
1736847051.661347,0.0,2.12566,-0.0,-0.0,-0.0,0.0
1736847051.6623452,0.0,2.12578,-0.0,-0.0,-0.0,0.0
1736847051.6633568,0.0,2.1259,-0.0,-0.0,-0.0,0.0
1736847051.6643457,0.0,2.12601,-0.0,-0.0,-0.0,0.0
1736847051.6643457,0.0,2.12615,-0.0,-0.0,-0.0,0.0
1736847051.6661625,0.0,2.1263,-0.0,-0.0,-0.0,0.0
1736847051.6669576,0.0,2.12644,-0.0,-0.0,-0.0,0.0
1736847051.6669576,0.0,2.12657,-0.0,-0.0,-0.0,0.0
1736847051.6679714,0.0,2.1267,-0.0,-0.0,-0.0,0.0
1736847051.6689694,0.0,2.12682,-0.0,-0.0,-0.0,0.0
1736847051.6699786,0.0,2.12693,-0.0,-0.0,-0.0,0.0
1736847051.6699786,0.0,2.12705,-0.0,-0.0,-0.0,0.0
1736847051.6712399,0.0,2.12717,-0.0,-0.0,-0.0,0.0
1736847051.6722546,0.0,2.12731,-0.0,-0.0,-0.0,0.0
1736847051.673144,0.0,2.12745,-0.0,-0.0,-0.0,0.0
1736847051.6742024,0.0,2.12759,-0.0,-0.0,-0.0,0.0
1736847051.6751869,0.0,2.12772,-0.0,-0.0,-0.0,0.0
1736847051.6751869,0.0,2.12784,-0.0,-0.0,-0.0,0.0
1736847051.6761868,0.0,2.12796,-0.0,-0.0,-0.0,0.0
1736847051.6772482,0.0,2.12808,-0.0,-0.0,-0.0,0.0
1736847051.6782541,0.0,2.12819,-0.0,-0.0,-0.0,0.0
1736847051.6782541,0.0,2.12833,-0.0,-0.0,-0.0,0.0
1736847051.6795468,0.0,2.12848,-0.0,-0.0,-0.0,0.0
1736847051.6795468,0.0,2.12862,-0.0,-0.0,-0.0,0.0
1736847051.6795468,0.0,2.12876,-0.0,-0.0,-0.0,0.0
1736847051.682326,0.0,2.12888,-0.0,-0.0,-0.0,0.0
1736847051.6833491,0.0,2.129,-0.0,-0.0,-0.0,0.0
1736847051.6840754,0.0,2.12912,-0.0,-0.0,-0.0,0.0
1736847051.6840754,0.0,2.12924,-0.0,-0.0,-0.0,0.0
1736847051.6850872,0.0,2.12936,-0.0,-0.0,-0.0,0.0
1736847051.6860855,0.0,2.12949,-0.0,-0.0,-0.0,0.0
1736847051.686719,0.0,2.12963,-0.0,-0.0,-0.0,0.0
1736847051.6877246,0.0,2.12977,-0.0,-0.0,-0.0,0.0
1736847051.6887016,0.0,2.1299,-0.0,-0.0,-0.0,0.0
1736847051.689729,0.0,2.13002,-0.0,-0.0,-0.0,0.0
1736847051.689729,0.0,2.13014,-0.0,-0.0,-0.0,0.0
1736847051.6907067,0.0,2.13026,-0.0,-0.0,-0.0,0.0
1736847051.691706,0.0,2.13037,-0.0,-0.0,-0.0,0.0
1736847051.6927068,0.0,2.13051,-0.0,-0.0,-0.0,0.0
1736847051.693675,0.0,2.13064,-0.0,-0.0,-0.0,0.0
1736847051.694482,0.0,2.13081,-0.0,-0.0,-0.0,0.0
1736847051.6954997,0.0,2.13095,-0.0,-0.0,-0.0,0.0
1736847051.6964881,0.0,2.13107,-0.0,-0.0,-0.0,0.0
1736847051.6964881,0.0,2.13119,-0.0,-0.0,-0.0,0.0
1736847051.6974869,0.0,2.1313,-0.0,-0.0,-0.0,0.0
1736847051.6984973,0.0,2.13142,-0.0,-0.0,-0.0,0.0
1736847051.6994865,0.0,2.13154,-0.0,-0.0,-0.0,0.0
1736847051.7002642,0.0,2.13167,-0.0,-0.0,-0.0,0.0
1736847051.701211,0.0,2.13183,-0.0,-0.0,-0.0,0.0
1736847051.7021945,0.0,2.13199,-0.0,-0.0,-0.0,0.0
1736847051.7021945,0.0,2.13211,-0.0,-0.0,-0.0,0.0
1736847051.703202,0.0,2.13223,-0.0,-0.0,-0.0,0.0
1736847051.7041988,0.0,2.13235,-0.0,-0.0,-0.0,0.0
1736847051.7051988,0.0,2.13248,-0.0,-0.0,-0.0,0.0
1736847051.7062001,0.0,2.1326,-0.0,-0.0,-0.0,0.0
1736847051.7062001,0.0,2.13273,-0.0,-0.0,-0.0,0.0
1736847051.707201,0.0,2.13287,-0.0,-0.0,-0.0,0.0
1736847051.7081995,0.0,2.133,-0.0,-0.0,-0.0,0.0
1736847051.7092,0.0,2.13312,-0.0,-0.0,-0.0,0.0
1736847051.7102115,0.0,2.13326,-0.0,-0.0,-0.0,0.0
1736847051.7112567,0.0,2.1334,-0.0,-0.0,-0.0,0.0
1736847051.7122574,0.0,2.13354,-0.0,-0.0,-0.0,0.0
1736847051.7129502,0.0,2.13368,-0.0,-0.0,-0.0,0.0
1736847051.7139654,0.0,2.13385,-0.0,-0.0,-0.0,0.0
1736847051.714955,0.0,2.13398,-0.0,-0.0,-0.0,0.0
1736847051.714955,0.0,2.13412,-0.0,-0.0,-0.0,0.0
1736847051.7166195,0.0,2.13423,-0.0,-0.0,-0.0,0.0
1736847051.7166195,0.0,2.13438,-0.0,-0.0,-0.0,0.0
1736847051.7184243,0.0,2.13451,-0.0,-0.0,-0.0,0.0
1736847051.7184243,0.0,2.13464,-0.0,-0.0,-0.0,0.0
1736847051.7194314,0.0,2.13476,-0.0,-0.0,-0.0,0.0
1736847051.720432,0.0,2.13488,-0.0,-0.0,-0.0,0.0
1736847051.7215307,0.0,2.13502,-0.0,-0.0,-0.0,0.0
1736847051.722576,0.0,2.13515,-0.0,-0.0,-0.0,0.0
1736847051.7229052,0.0,2.13529,-0.0,-0.0,-0.0,0.0
1736847051.7229052,0.0,2.13542,-0.0,-0.0,-0.0,0.0
1736847051.7229052,0.0,2.13555,-0.0,-0.0,-0.0,0.0
1736847051.7625685,0.0,2.14215,-0.0,-0.0,-0.0,0.0
1736847051.768504,0.0,2.1424,-0.0,-0.0,-0.0,0.0
1736847051.769553,0.0,2.14256,-0.0,-0.0,-0.0,0.0
1736847051.7698407,0.0,2.14272,-0.0,-0.0,-0.0,0.0
1736847051.7698407,0.0,2.14286,-0.0,-0.0,-0.0,0.0
1736847051.7698407,0.0,2.14299,-0.0,-0.0,-0.0,0.0
1736847051.7698407,0.0,2.14311,-0.0,-0.0,-0.0,0.0
1736847051.7738147,0.0,2.14323,-0.0,-0.0,-0.0,0.0
1736847051.774646,0.0,2.14337,-0.0,-0.0,-0.0,0.0
1736847051.7751567,0.0,2.1435,-0.0,-0.0,-0.0,0.0
1736847051.7761624,0.0,2.14362,-0.0,-0.0,-0.0,0.0
1736847051.7768898,0.0,2.14377,-0.0,-0.0,-0.0,0.0
1736847051.7779422,0.0,2.1439,-0.0,-0.0,-0.0,0.0
1736847051.778929,0.0,2.14402,-0.0,-0.0,-0.0,0.0
1736847051.7796018,0.0,2.14417,-0.0,-0.0,-0.0,0.0
1736847051.780607,0.0,2.14429,-0.0,-0.0,-0.0,0.0
1736847051.780607,0.0,2.14441,-0.0,-0.0,-0.0,0.0
1736847051.7816067,0.0,2.14453,-0.0,-0.0,-0.0,0.0
1736847051.7826068,0.0,2.14465,-0.0,-0.0,-0.0,0.0
1736847051.7836077,0.0,2.14478,-0.0,-0.0,-0.0,0.0
1736847051.7839098,0.0,2.14492,-0.0,-0.0,-0.0,0.0
1736847051.7854745,0.0,2.14506,-0.0,-0.0,-0.0,0.0
1736847051.7854745,0.0,2.14519,-0.0,-0.0,-0.0,0.0
1736847051.7864804,0.0,2.14531,-0.0,-0.0,-0.0,0.0
1736847051.7874796,0.0,2.14543,-0.0,-0.0,-0.0,0.0
1736847051.78849,0.0,2.14555,-0.0,-0.0,-0.0,0.0
1736847051.78849,0.0,2.14567,-0.0,-0.0,-0.0,0.0
1736847051.7894802,0.0,2.14579,-0.0,-0.0,-0.0,0.0
1736847051.79058,0.0,2.14593,-0.0,-0.0,-0.0,0.0
1736847051.7916121,0.0,2.14607,-0.0,-0.0,-0.0,0.0
1736847051.7926178,0.0,2.14621,-0.0,-0.0,-0.0,0.0
1736847051.7937253,0.0,2.14634,-0.0,-0.0,-0.0,0.0
1736847051.7937253,0.0,2.14646,-0.0,-0.0,-0.0,0.0
1736847051.794731,0.0,2.14658,-0.0,-0.0,-0.0,0.0
1736847051.79573,0.0,2.1467,-0.0,-0.0,-0.0,0.0
1736847051.7967315,0.0,2.14682,-0.0,-0.0,-0.0,0.0
1736847051.7976177,0.0,2.14695,-0.0,-0.0,-0.0,0.0
1736847051.7980168,0.0,2.1471,-0.0,-0.0,-0.0,0.0
1736847051.7990184,0.0,2.14723,-0.0,-0.0,-0.0,0.0
1736847051.8000283,0.0,2.14735,-0.0,-0.0,-0.0,0.0
1736847051.8000283,0.0,2.14747,-0.0,-0.0,-0.0,0.0
1736847051.801017,0.0,2.14759,-0.0,-0.0,-0.0,0.0
1736847051.8020165,0.0,2.14771,-0.0,-0.0,-0.0,0.0
1736847051.8032258,0.0,2.14783,-0.0,-0.0,-0.0,0.0
1736847051.8042276,0.0,2.14797,-0.0,-0.0,-0.0,0.0
1736847051.8050778,0.0,2.14814,-0.0,-0.0,-0.0,0.0
1736847051.8060806,0.0,2.14828,-0.0,-0.0,-0.0,0.0
1736847051.8060806,0.0,2.14842,-0.0,-0.0,-0.0,0.0
1736847051.8070784,0.0,2.14854,-0.0,-0.0,-0.0,0.0
1736847051.8080778,0.0,2.14866,-0.0,-0.0,-0.0,0.0
1736847051.8090324,0.0,2.14878,-0.0,-0.0,-0.0,0.0
1736847051.810038,0.0,2.1489,-0.0,-0.0,-0.0,0.0
1736847051.8101594,0.0,2.14903,-0.0,-0.0,-0.0,0.0
1736847051.8114002,0.0,2.14917,-0.0,-0.0,-0.0,0.0
1736847051.8114002,0.0,2.14931,-0.0,-0.0,-0.0,0.0
1736847051.8114002,0.0,2.14944,-0.0,-0.0,-0.0,0.0
1736847051.8114002,0.0,2.14955,-0.0,-0.0,-0.0,0.0
1736847051.814954,0.0,2.14968,-0.0,-0.0,-0.0,0.0
1736847051.814954,0.0,2.1498,-0.0,-0.0,-0.0,0.0
1736847051.8159602,0.0,2.14992,-0.0,-0.0,-0.0,0.0
1736847051.8169594,0.0,2.15004,-0.0,-0.0,-0.0,0.0
1736847051.817962,0.0,2.15017,-0.0,-0.0,-0.0,0.0
1736847051.818716,0.0,2.15033,-0.0,-0.0,-0.0,0.0
1736847051.8198125,0.0,2.15048,-0.0,-0.0,-0.0,0.0
1736847051.820557,0.0,2.15061,-0.0,-0.0,-0.0,0.0
1736847051.8215728,0.0,2.15074,-0.0,-0.0,-0.0,0.0
1736847051.8215728,0.0,2.15086,-0.0,-0.0,-0.0,0.0
1736847051.8225613,0.0,2.15098,-0.0,-0.0,-0.0,0.0
1736847051.8235617,0.0,2.1511,-0.0,-0.0,-0.0,0.0
1736847051.8245628,0.0,2.15123,-0.0,-0.0,-0.0,0.0
1736847051.82567,0.0,2.15137,-0.0,-0.0,-0.0,0.0
1736847051.82567,0.0,2.1515,-0.0,-0.0,-0.0,0.0
1736847051.8271022,0.0,2.15165,-0.0,-0.0,-0.0,0.0
1736847051.8281157,0.0,2.15177,-0.0,-0.0,-0.0,0.0
1736847051.8281157,0.0,2.15189,-0.0,-0.0,-0.0,0.0
1736847051.8291037,0.0,2.15201,-0.0,-0.0,-0.0,0.0
1736847051.8301027,0.0,2.15212,-0.0,-0.0,-0.0,0.0
1736847051.8309596,0.0,2.15224,-0.0,-0.0,-0.0,0.0
1736847051.8321679,0.0,2.15237,-0.0,-0.0,-0.0,0.0
1736847051.8321679,0.0,2.15252,-0.0,-0.0,-0.0,0.0
1736847051.8321679,0.0,2.15266,-0.0,-0.0,-0.0,0.0
1736847051.8321679,0.0,2.15278,-0.0,-0.0,-0.0,0.0
1736847051.8321679,0.0,2.1529,-0.0,-0.0,-0.0,0.0
1736847051.8321679,0.0,2.15302,-0.0,-0.0,-0.0,0.0
1736847051.8369186,0.0,2.15314,-0.0,-0.0,-0.0,0.0
1736847051.8376367,0.0,2.15326,-0.0,-0.0,-0.0,0.0
1736847051.838649,0.0,2.1534,-0.0,-0.0,-0.0,0.0
1736847051.839515,0.0,2.15353,-0.0,-0.0,-0.0,0.0
1736847051.839515,0.0,2.15368,-0.0,-0.0,-0.0,0.0
1736847051.8405638,0.0,2.15382,-0.0,-0.0,-0.0,0.0
1736847051.8415613,0.0,2.15394,-0.0,-0.0,-0.0,0.0
1736847051.8428833,0.0,2.15406,-0.0,-0.0,-0.0,0.0
1736847051.8429747,0.0,2.15419,-0.0,-0.0,-0.0,0.0
1736847051.8439753,0.0,2.15432,-0.0,-0.0,-0.0,0.0
1736847051.8449762,0.0,2.15444,-0.0,-0.0,-0.0,0.0
1736847051.8460975,0.0,2.15456,-0.0,-0.0,-0.0,0.0
1736847051.8469803,0.0,2.15471,-0.0,-0.0,-0.0,0.0
1736847051.8469803,0.0,2.15484,-0.0,-0.0,-0.0,0.0
1736847051.8480937,0.0,2.15496,-0.0,-0.0,-0.0,0.0
1736847051.8491452,0.0,2.15509,-0.0,-0.0,-0.0,0.0
1736847051.8501465,0.0,2.15522,-0.0,-0.0,-0.0,0.0
1736847051.8501465,0.0,2.15533,-0.0,-0.0,-0.0,0.0
1736847051.851146,0.0,2.15545,-0.0,-0.0,-0.0,0.0
1736847051.8521466,0.0,2.15558,-0.0,-0.0,-0.0,0.0
1736847051.8534095,0.0,2.15571,-0.0,-0.0,-0.0,0.0
1736847051.8534095,0.0,2.15587,-0.0,-0.0,-0.0,0.0
1736847051.8534095,0.0,2.15602,-0.0,-0.0,-0.0,0.0
1736847051.8534095,0.0,2.15614,-0.0,-0.0,-0.0,0.0
1736847051.8534095,0.0,2.15627,-0.0,-0.0,-0.0,0.0
1736847051.8534095,0.0,2.15638,-0.0,-0.0,-0.0,0.0
1736847051.8584,0.0,2.1565,-0.0,-0.0,-0.0,0.0
1736847051.8584,0.0,2.15662,-0.0,-0.0,-0.0,0.0
1736847051.8600204,0.0,2.15675,-0.0,-0.0,-0.0,0.0
1736847051.8606274,0.0,2.15694,-0.0,-0.0,-0.0,0.0
1736847051.861634,0.0,2.15708,-0.0,-0.0,-0.0,0.0
1736847051.8626437,0.0,2.1572,-0.0,-0.0,-0.0,0.0
1736847051.863686,0.0,2.15732,-0.0,-0.0,-0.0,0.0
1736847051.863686,0.0,2.15745,-0.0,-0.0,-0.0,0.0
1736847051.864688,0.0,2.15758,-0.0,-0.0,-0.0,0.0
1736847051.8656874,0.0,2.1577,-0.0,-0.0,-0.0,0.0
1736847051.8666887,0.0,2.15783,-0.0,-0.0,-0.0,0.0
1736847051.8672907,0.0,2.15798,-0.0,-0.0,-0.0,0.0
1736847051.8683372,0.0,2.1581,-0.0,-0.0,-0.0,0.0
1736847051.8693385,0.0,2.15823,-0.0,-0.0,-0.0,0.0
1736847051.869479,0.0,2.15835,-0.0,-0.0,-0.0,0.0
1736847051.87048,0.0,2.15848,-0.0,-0.0,-0.0,0.0
1736847051.8714797,0.0,2.1586,-0.0,-0.0,-0.0,0.0
1736847051.8724794,0.0,2.15872,-0.0,-0.0,-0.0,0.0
1736847051.8724794,0.0,2.15884,-0.0,-0.0,-0.0,0.0
1736847051.8743296,0.0,2.15898,-0.0,-0.0,-0.0,0.0
1736847051.87513,0.0,2.15915,-0.0,-0.0,-0.0,0.0
1736847051.8760574,0.0,2.1593,-0.0,-0.0,-0.0,0.0
1736847051.8760574,0.0,2.15942,-0.0,-0.0,-0.0,0.0
1736847051.8770692,0.0,2.15954,-0.0,-0.0,-0.0,0.0
1736847051.8780673,0.0,2.15965,-0.0,-0.0,-0.0,0.0
1736847051.879077,0.0,2.15977,-0.0,-0.0,-0.0,0.0
1736847051.879077,0.0,2.15989,-0.0,-0.0,-0.0,0.0
1736847051.8808692,0.0,2.16002,-0.0,-0.0,-0.0,0.0
1736847051.881238,0.0,2.16019,-0.0,-0.0,-0.0,0.0
1736847051.8822765,0.0,2.16032,-0.0,-0.0,-0.0,0.0
1736847051.8832853,0.0,2.16044,-0.0,-0.0,-0.0,0.0
1736847051.8842766,0.0,2.16056,-0.0,-0.0,-0.0,0.0
1736847051.8842766,0.0,2.16068,-0.0,-0.0,-0.0,0.0
1736847051.8852751,0.0,2.1608,-0.0,-0.0,-0.0,0.0
1736847051.8865228,0.0,2.16091,-0.0,-0.0,-0.0,0.0
1736847051.8865228,0.0,2.16105,-0.0,-0.0,-0.0,0.0
1736847051.8881147,0.0,2.1612,-0.0,-0.0,-0.0,0.0
1736847051.8891563,0.0,2.16133,-0.0,-0.0,-0.0,0.0
1736847051.8891563,0.0,2.16147,-0.0,-0.0,-0.0,0.0
1736847051.8901563,0.0,2.16159,-0.0,-0.0,-0.0,0.0
1736847051.8911555,0.0,2.16171,-0.0,-0.0,-0.0,0.0
1736847051.8922472,0.0,2.16182,-0.0,-0.0,-0.0,0.0
1736847051.892927,0.0,2.16195,-0.0,-0.0,-0.0,0.0
1736847051.8933318,0.0,2.16207,-0.0,-0.0,-0.0,0.0
1736847051.8946662,0.0,2.1622,-0.0,-0.0,-0.0,0.0
1736847051.8954754,0.0,2.16235,-0.0,-0.0,-0.0,0.0
1736847051.8963113,0.0,2.16248,-0.0,-0.0,-0.0,0.0
1736847051.897024,0.0,2.16261,-0.0,-0.0,-0.0,0.0
1736847051.898029,0.0,2.16272,-0.0,-0.0,-0.0,0.0
1736847051.898029,0.0,2.16284,-0.0,-0.0,-0.0,0.0
1736847051.898029,0.0,2.16297,-0.0,-0.0,-0.0,0.0
1736847051.900417,0.0,2.16309,-0.0,-0.0,-0.0,0.0
1736847051.900417,0.0,2.16323,-0.0,-0.0,-0.0,0.0
1736847051.902163,0.0,2.16336,-0.0,-0.0,-0.0,0.0
1736847051.902163,0.0,2.16351,-0.0,-0.0,-0.0,0.0
1736847051.9031699,0.0,2.16365,-0.0,-0.0,-0.0,0.0
1736847051.9041667,0.0,2.16377,-0.0,-0.0,-0.0,0.0
1736847051.905167,0.0,2.1639,-0.0,-0.0,-0.0,0.0
1736847051.906167,0.0,2.16401,-0.0,-0.0,-0.0,0.0
1736847051.906167,0.0,2.16413,-0.0,-0.0,-0.0,0.0
1736847051.9073327,0.0,2.16425,-0.0,-0.0,-0.0,0.0
1736847051.9083445,0.0,2.16438,-0.0,-0.0,-0.0,0.0
1736847051.909265,0.0,2.16454,-0.0,-0.0,-0.0,0.0
1736847051.91028,0.0,2.16468,-0.0,-0.0,-0.0,0.0
1736847051.911266,0.0,2.16481,-0.0,-0.0,-0.0,0.0
1736847051.911266,0.0,2.16493,-0.0,-0.0,-0.0,0.0
1736847051.9122665,0.0,2.16506,-0.0,-0.0,-0.0,0.0
1736847051.91361,0.0,2.16518,-0.0,-0.0,-0.0,0.0
1736847051.914169,0.0,2.16529,-0.0,-0.0,-0.0,0.0
1736847051.9151795,0.0,2.16542,-0.0,-0.0,-0.0,0.0
1736847051.9160266,0.0,2.16556,-0.0,-0.0,-0.0,0.0
1736847051.91659,0.0,2.1657,-0.0,-0.0,-0.0,0.0
1736847051.917596,0.0,2.16582,-0.0,-0.0,-0.0,0.0
1736847051.918236,0.0,2.16594,-0.0,-0.0,-0.0,0.0
1736847051.9192412,0.0,2.16605,-0.0,-0.0,-0.0,0.0
1736847051.9192412,0.0,2.16617,-0.0,-0.0,-0.0,0.0
1736847051.9192412,0.0,2.16629,-0.0,-0.0,-0.0,0.0
1736847051.921245,0.0,2.1664,-0.0,-0.0,-0.0,0.0
1736847051.9222496,0.0,2.16652,-0.0,-0.0,-0.0,0.0
1736847051.9231853,0.0,2.16667,-0.0,-0.0,-0.0,0.0
1736847051.9241924,0.0,2.16682,-0.0,-0.0,-0.0,0.0
1736847051.9241924,0.0,2.16696,-0.0,-0.0,-0.0,0.0
1736847051.9251904,0.0,2.16708,-0.0,-0.0,-0.0,0.0
1736847051.9261901,0.0,2.1672,-0.0,-0.0,-0.0,0.0
1736847051.92719,0.0,2.16731,-0.0,-0.0,-0.0,0.0
1736847051.92719,0.0,2.16743,-0.0,-0.0,-0.0,0.0
1736847051.9281907,0.0,2.16754,-0.0,-0.0,-0.0,0.0
1736847051.9291914,0.0,2.16769,-0.0,-0.0,-0.0,0.0
1736847051.9301593,0.0,2.16783,-0.0,-0.0,-0.0,0.0
1736847051.9311738,0.0,2.16796,-0.0,-0.0,-0.0,0.0
1736847051.9321616,0.0,2.16808,-0.0,-0.0,-0.0,0.0
1736847051.9321616,0.0,2.1682,-0.0,-0.0,-0.0,0.0
1736847051.9336162,0.0,2.16832,-0.0,-0.0,-0.0,0.0
1736847051.9338706,0.0,2.16844,-0.0,-0.0,-0.0,0.0
1736847051.9351592,0.0,2.16856,-0.0,-0.0,-0.0,0.0
1736847051.9361932,0.0,2.16872,-0.0,-0.0,-0.0,0.0
1736847051.9365354,0.0,2.16888,-0.0,-0.0,-0.0,0.0
1736847051.9365354,0.0,2.16903,-0.0,-0.0,-0.0,0.0
1736847051.9365354,0.0,2.16915,-0.0,-0.0,-0.0,0.0
1736847051.9395566,0.0,2.16927,-0.0,-0.0,-0.0,0.0
1736847051.9395566,0.0,2.16939,-0.0,-0.0,-0.0,0.0
1736847051.9405677,0.0,2.16951,-0.0,-0.0,-0.0,0.0
1736847051.9415662,0.0,2.16963,-0.0,-0.0,-0.0,0.0
1736847051.9425774,0.0,2.16976,-0.0,-0.0,-0.0,0.0
1736847051.9437988,0.0,2.1699,-0.0,-0.0,-0.0,0.0
1736847051.9437988,0.0,2.17005,-0.0,-0.0,-0.0,0.0
1736847051.94536,0.0,2.17018,-0.0,-0.0,-0.0,0.0
1736847051.94536,0.0,2.17031,-0.0,-0.0,-0.0,0.0
1736847051.9463663,0.0,2.17043,-0.0,-0.0,-0.0,0.0
1736847051.9473648,0.0,2.17055,-0.0,-0.0,-0.0,0.0
1736847051.948374,0.0,2.17066,-0.0,-0.0,-0.0,0.0
1736847051.948374,0.0,2.17078,-0.0,-0.0,-0.0,0.0
1736847051.949365,0.0,2.1709,-0.0,-0.0,-0.0,0.0
1736847051.950292,0.0,2.17106,-0.0,-0.0,-0.0,0.0
1736847051.95181,0.0,2.17122,-0.0,-0.0,-0.0,0.0
1736847051.9528146,0.0,2.17135,-0.0,-0.0,-0.0,0.0
1736847051.9528146,0.0,2.17147,-0.0,-0.0,-0.0,0.0
1736847051.953815,0.0,2.17158,-0.0,-0.0,-0.0,0.0
1736847051.9548144,0.0,2.1717,-0.0,-0.0,-0.0,0.0
1736847051.955814,0.0,2.17182,-0.0,-0.0,-0.0,0.0
1736847051.955814,0.0,2.17194,-0.0,-0.0,-0.0,0.0
1736847051.957657,0.0,2.17208,-0.0,-0.0,-0.0,0.0
1736847051.9584324,0.0,2.17224,-0.0,-0.0,-0.0,0.0
1736847051.95896,0.0,2.17237,-0.0,-0.0,-0.0,0.0
1736847051.959984,0.0,2.17249,-0.0,-0.0,-0.0,0.0
1736847051.9609659,0.0,2.17261,-0.0,-0.0,-0.0,0.0
1736847051.9609659,0.0,2.17273,-0.0,-0.0,-0.0,0.0
1736847051.9619648,0.0,2.17284,-0.0,-0.0,-0.0,0.0
1736847051.9629655,0.0,2.17296,-0.0,-0.0,-0.0,0.0
1736847051.9639685,0.0,2.17309,-0.0,-0.0,-0.0,0.0
1736847051.9647691,0.0,2.17324,-0.0,-0.0,-0.0,0.0
1736847051.9657738,0.0,2.17338,-0.0,-0.0,-0.0,0.0
1736847051.9657738,0.0,2.17351,-0.0,-0.0,-0.0,0.0
1736847051.9667747,0.0,2.17363,-0.0,-0.0,-0.0,0.0
1736847051.9677732,0.0,2.17374,-0.0,-0.0,-0.0,0.0
1736847051.9687831,0.0,2.17386,-0.0,-0.0,-0.0,0.0
1736847051.9696743,0.0,2.17398,-0.0,-0.0,-0.0,0.0
1736847051.9696743,0.0,2.1741,-0.0,-0.0,-0.0,0.0
1736847051.9710677,0.0,2.17423,-0.0,-0.0,-0.0,0.0
1736847051.971408,0.0,2.17437,-0.0,-0.0,-0.0,0.0
1736847051.9724593,0.0,2.17449,-0.0,-0.0,-0.0,0.0
1736847051.9734688,0.0,2.17461,-0.0,-0.0,-0.0,0.0
1736847051.9741755,0.0,2.17472,-0.0,-0.0,-0.0,0.0
1736847051.9751806,0.0,2.17484,-0.0,-0.0,-0.0,0.0
1736847051.9751806,0.0,2.17496,-0.0,-0.0,-0.0,0.0
1736847051.9751806,0.0,2.17507,-0.0,-0.0,-0.0,0.0
1736847051.9768028,0.0,2.17519,-0.0,-0.0,-0.0,0.0
1736847051.9780602,0.0,2.17532,-0.0,-0.0,-0.0,0.0
1736847051.9780602,0.0,2.17546,-0.0,-0.0,-0.0,0.0
1736847051.9797945,0.0,2.17559,-0.0,-0.0,-0.0,0.0
1736847051.9805715,0.0,2.17571,-0.0,-0.0,-0.0,0.0
1736847051.9813325,0.0,2.17583,-0.0,-0.0,-0.0,0.0
1736847051.9820762,0.0,2.17595,-0.0,-0.0,-0.0,0.0
1736847051.9820762,0.0,2.17607,-0.0,-0.0,-0.0,0.0
1736847051.9830887,0.0,2.17618,-0.0,-0.0,-0.0,0.0
1736847051.9840877,0.0,2.17631,-0.0,-0.0,-0.0,0.0
1736847051.9854963,0.0,2.17645,-0.0,-0.0,-0.0,0.0
1736847051.9854963,0.0,2.1766,-0.0,-0.0,-0.0,0.0
1736847051.986538,0.0,2.17674,-0.0,-0.0,-0.0,0.0
1736847051.9875329,0.0,2.17686,-0.0,-0.0,-0.0,0.0
1736847051.9885325,0.0,2.17698,-0.0,-0.0,-0.0,0.0
1736847051.9895325,0.0,2.1771,-0.0,-0.0,-0.0,0.0
1736847051.990127,0.0,2.17722,-0.0,-0.0,-0.0,0.0
1736847051.990127,0.0,2.17734,-0.0,-0.0,-0.0,0.0
1736847051.9911325,0.0,2.17748,-0.0,-0.0,-0.0,0.0
1736847051.992132,0.0,2.17763,-0.0,-0.0,-0.0,0.0
1736847051.992132,0.0,2.17776,-0.0,-0.0,-0.0,0.0
1736847051.992132,0.0,2.17789,-0.0,-0.0,-0.0,0.0
1736847051.9950714,0.0,2.17801,-0.0,-0.0,-0.0,0.0
1736847051.9960773,0.0,2.17814,-0.0,-0.0,-0.0,0.0
1736847051.9960773,0.0,2.17826,-0.0,-0.0,-0.0,0.0
1736847051.997077,0.0,2.17838,-0.0,-0.0,-0.0,0.0
1736847051.998077,0.0,2.17852,-0.0,-0.0,-0.0,0.0
1736847051.9994361,0.0,2.17867,-0.0,-0.0,-0.0,0.0
1736847051.9998064,0.0,2.17881,-0.0,-0.0,-0.0,0.0
1736847051.9998064,0.0,2.17894,-0.0,-0.0,-0.0,0.0
1736847051.9998064,0.0,2.17906,-0.0,-0.0,-0.0,0.0
1736847051.9998064,0.0,2.17918,-0.0,-0.0,-0.0,0.0
1736847051.9998064,0.0,2.1793,-0.0,-0.0,-0.0,0.0
1736847051.9998064,0.0,2.17942,-0.0,-0.0,-0.0,0.0
1736847052.0045657,0.0,2.17954,-0.0,-0.0,-0.0,0.0
1736847052.005923,0.0,2.17967,-0.0,-0.0,-0.0,0.0
1736847052.0062656,0.0,2.17982,-0.0,-0.0,-0.0,0.0
1736847052.007559,0.0,2.17995,-0.0,-0.0,-0.0,0.0
1736847052.0083497,0.0,2.18007,-0.0,-0.0,-0.0,0.0
1736847052.00887,0.0,2.1802,-0.0,-0.0,-0.0,0.0
1736847052.009885,0.0,2.18032,-0.0,-0.0,-0.0,0.0
1736847052.0108845,0.0,2.18047,-0.0,-0.0,-0.0,0.0
1736847052.011544,0.0,2.18061,-0.0,-0.0,-0.0,0.0
1736847052.0125513,0.0,2.18076,-0.0,-0.0,-0.0,0.0
1736847052.0138664,0.0,2.18092,-0.0,-0.0,-0.0,0.0
1736847052.0138664,0.0,2.18106,-0.0,-0.0,-0.0,0.0
1736847052.0148726,0.0,2.1812,-0.0,-0.0,-0.0,0.0
1736847052.0161664,0.0,2.18132,-0.0,-0.0,-0.0,0.0
1736847052.0171661,0.0,2.18145,-0.0,-0.0,-0.0,0.0
1736847052.0171661,0.0,2.18156,-0.0,-0.0,-0.0,0.0
1736847052.0184608,0.0,2.18168,-0.0,-0.0,-0.0,0.0
1736847052.019462,0.0,2.1818,-0.0,-0.0,-0.0,0.0
1736847052.0196826,0.0,2.18196,-0.0,-0.0,-0.0,0.0
1736847052.0210698,0.0,2.1821,-0.0,-0.0,-0.0,0.0
1736847052.0220942,0.0,2.18223,-0.0,-0.0,-0.0,0.0
1736847052.0220942,0.0,2.18235,-0.0,-0.0,-0.0,0.0
1736847052.0230758,0.0,2.18247,-0.0,-0.0,-0.0,0.0
1736847052.0240748,0.0,2.18259,-0.0,-0.0,-0.0,0.0
1736847052.0250845,0.0,2.18271,-0.0,-0.0,-0.0,0.0
1736847052.0250845,0.0,2.18283,-0.0,-0.0,-0.0,0.0
1736847052.0267844,0.0,2.18296,-0.0,-0.0,-0.0,0.0
1736847052.0277503,0.0,2.18312,-0.0,-0.0,-0.0,0.0
1736847052.0286021,0.0,2.18326,-0.0,-0.0,-0.0,0.0
1736847052.029395,0.0,2.18338,-0.0,-0.0,-0.0,0.0
1736847052.029395,0.0,2.1835,-0.0,-0.0,-0.0,0.0
1736847052.0304077,0.0,2.18362,-0.0,-0.0,-0.0,0.0
1736847052.031406,0.0,2.18373,-0.0,-0.0,-0.0,0.0
1736847052.0323265,0.0,2.18385,-0.0,-0.0,-0.0,0.0
1736847052.033332,0.0,2.18398,-0.0,-0.0,-0.0,0.0
1736847052.034262,0.0,2.18413,-0.0,-0.0,-0.0,0.0
1736847052.034262,0.0,2.18426,-0.0,-0.0,-0.0,0.0
1736847052.035302,0.0,2.18439,-0.0,-0.0,-0.0,0.0
1736847052.0362988,0.0,2.18451,-0.0,-0.0,-0.0,0.0
1736847052.0372283,0.0,2.18463,-0.0,-0.0,-0.0,0.0
1736847052.038233,0.0,2.18475,-0.0,-0.0,-0.0,0.0
1736847052.038233,0.0,2.18487,-0.0,-0.0,-0.0,0.0
1736847052.039276,0.0,2.18499,-0.0,-0.0,-0.0,0.0
1736847052.0404897,0.0,2.18512,-0.0,-0.0,-0.0,0.0
1736847052.0404897,0.0,2.18527,-0.0,-0.0,-0.0,0.0
1736847052.0422113,0.0,2.18541,-0.0,-0.0,-0.0,0.0
1736847052.0432165,0.0,2.18554,-0.0,-0.0,-0.0,0.0
1736847052.0432165,0.0,2.18566,-0.0,-0.0,-0.0,0.0
1736847052.044217,0.0,2.18578,-0.0,-0.0,-0.0,0.0
1736847052.0454242,0.0,2.1859,-0.0,-0.0,-0.0,0.0
1736847052.0461109,0.0,2.18602,-0.0,-0.0,-0.0,0.0
1736847052.0461109,0.0,2.18614,-0.0,-0.0,-0.0,0.0
1736847052.0480733,0.0,2.18629,-0.0,-0.0,-0.0,0.0
1736847052.0488656,0.0,2.18644,-0.0,-0.0,-0.0,0.0
1736847052.0498707,0.0,2.18658,-0.0,-0.0,-0.0,0.0
1736847052.0498707,0.0,2.1867,-0.0,-0.0,-0.0,0.0
1736847052.0508695,0.0,2.18682,-0.0,-0.0,-0.0,0.0
1736847052.0518699,0.0,2.18694,-0.0,-0.0,-0.0,0.0
1736847052.0528698,0.0,2.18705,-0.0,-0.0,-0.0,0.0
1736847052.0531557,0.0,2.18717,-0.0,-0.0,-0.0,0.0
1736847052.0541897,0.0,2.18731,-0.0,-0.0,-0.0,0.0
1736847052.0550163,0.0,2.18746,-0.0,-0.0,-0.0,0.0
1736847052.0560617,0.0,2.1876,-0.0,-0.0,-0.0,0.0
1736847052.0570657,0.0,2.18773,-0.0,-0.0,-0.0,0.0
1736847052.0570657,0.0,2.18785,-0.0,-0.0,-0.0,0.0
1736847052.058473,0.0,2.18796,-0.0,-0.0,-0.0,0.0
1736847052.0594745,0.0,2.18808,-0.0,-0.0,-0.0,0.0
1736847052.0601244,0.0,2.1882,-0.0,-0.0,-0.0,0.0
1736847052.0601244,0.0,2.18833,-0.0,-0.0,-0.0,0.0
1736847052.0613942,0.0,2.18848,-0.0,-0.0,-0.0,0.0
1736847052.0613942,0.0,2.18861,-0.0,-0.0,-0.0,0.0
1736847052.0613942,0.0,2.18874,-0.0,-0.0,-0.0,0.0
1736847052.0641973,0.0,2.18886,-0.0,-0.0,-0.0,0.0
1736847052.0652027,0.0,2.18899,-0.0,-0.0,-0.0,0.0
1736847052.0658393,0.0,2.18911,-0.0,-0.0,-0.0,0.0
1736847052.0667446,0.0,2.18923,-0.0,-0.0,-0.0,0.0
1736847052.0667446,0.0,2.18935,-0.0,-0.0,-0.0,0.0
1736847052.0682788,0.0,2.18948,-0.0,-0.0,-0.0,0.0
1736847052.0686214,0.0,2.18962,-0.0,-0.0,-0.0,0.0
1736847052.0701451,0.0,2.18976,-0.0,-0.0,-0.0,0.0
1736847052.0702407,0.0,2.18989,-0.0,-0.0,-0.0,0.0
1736847052.071242,0.0,2.19001,-0.0,-0.0,-0.0,0.0
1736847052.0722404,0.0,2.19013,-0.0,-0.0,-0.0,0.0
1736847052.0732398,0.0,2.19025,-0.0,-0.0,-0.0,0.0
1736847052.0732398,0.0,2.19037,-0.0,-0.0,-0.0,0.0
1736847052.074241,0.0,2.1905,-0.0,-0.0,-0.0,0.0
1736847052.0757904,0.0,2.19064,-0.0,-0.0,-0.0,0.0
1736847052.0767984,0.0,2.19079,-0.0,-0.0,-0.0,0.0
1736847052.0767984,0.0,2.19093,-0.0,-0.0,-0.0,0.0
1736847052.077795,0.0,2.19105,-0.0,-0.0,-0.0,0.0
1736847052.0787945,0.0,2.19117,-0.0,-0.0,-0.0,0.0
1736847052.079804,0.0,2.19129,-0.0,-0.0,-0.0,0.0
1736847052.079804,0.0,2.19141,-0.0,-0.0,-0.0,0.0
1736847052.0809586,0.0,2.19152,-0.0,-0.0,-0.0,0.0
1736847052.0819595,0.0,2.19166,-0.0,-0.0,-0.0,0.0
1736847052.0828621,0.0,2.19182,-0.0,-0.0,-0.0,0.0
1736847052.084046,0.0,2.19197,-0.0,-0.0,-0.0,0.0
1736847052.0849597,0.0,2.1921,-0.0,-0.0,-0.0,0.0
1736847052.0849597,0.0,2.19222,-0.0,-0.0,-0.0,0.0
1736847052.086348,0.0,2.19234,-0.0,-0.0,-0.0,0.0
1736847052.0873485,0.0,2.19247,-0.0,-0.0,-0.0,0.0
1736847052.0878944,0.0,2.1926,-0.0,-0.0,-0.0,0.0
1736847052.0889058,0.0,2.19272,-0.0,-0.0,-0.0,0.0
1736847052.089119,0.0,2.19289,-0.0,-0.0,-0.0,0.0
1736847052.089119,0.0,2.19303,-0.0,-0.0,-0.0,0.0
1736847052.089119,0.0,2.19315,-0.0,-0.0,-0.0,0.0
1736847052.0923867,0.0,2.19327,-0.0,-0.0,-0.0,0.0
1736847052.092687,0.0,2.1934,-0.0,-0.0,-0.0,0.0
1736847052.0936887,0.0,2.19353,-0.0,-0.0,-0.0,0.0
1736847052.0946987,0.0,2.19365,-0.0,-0.0,-0.0,0.0
1736847052.095694,0.0,2.19378,-0.0,-0.0,-0.0,0.0
1736847052.096528,0.0,2.19392,-0.0,-0.0,-0.0,0.0
1736847052.0971217,0.0,2.19405,-0.0,-0.0,-0.0,0.0
1736847052.0981398,0.0,2.19418,-0.0,-0.0,-0.0,0.0
1736847052.0981398,0.0,2.19432,-0.0,-0.0,-0.0,0.0
1736847052.0981398,0.0,2.19445,-0.0,-0.0,-0.0,0.0
1736847052.0981398,0.0,2.19457,-0.0,-0.0,-0.0,0.0
1736847052.0981398,0.0,2.19469,-0.0,-0.0,-0.0,0.0
1736847052.0981398,0.0,2.19481,-0.0,-0.0,-0.0,0.0
1736847052.1028876,0.0,2.19495,-0.0,-0.0,-0.0,0.0
1736847052.103894,0.0,2.19508,-0.0,-0.0,-0.0,0.0
1736847052.104944,0.0,2.19522,-0.0,-0.0,-0.0,0.0
1736847052.1056018,0.0,2.19535,-0.0,-0.0,-0.0,0.0
1736847052.1056018,0.0,2.19548,-0.0,-0.0,-0.0,0.0
1736847052.1067774,0.0,2.19559,-0.0,-0.0,-0.0,0.0
1736847052.1067774,0.0,2.19572,-0.0,-0.0,-0.0,0.0
1736847052.108765,0.0,2.19585,-0.0,-0.0,-0.0,0.0
1736847052.1097722,0.0,2.19597,-0.0,-0.0,-0.0,0.0
1736847052.1100798,0.0,2.19613,-0.0,-0.0,-0.0,0.0
1736847052.1100798,0.0,2.19626,-0.0,-0.0,-0.0,0.0
1736847052.1120756,0.0,2.19639,-0.0,-0.0,-0.0,0.0
1736847052.1130817,0.0,2.19652,-0.0,-0.0,-0.0,0.0
1736847052.1130817,0.0,2.19664,-0.0,-0.0,-0.0,0.0
1736847052.1140807,0.0,2.19676,-0.0,-0.0,-0.0,0.0
1736847052.1150799,0.0,2.19688,-0.0,-0.0,-0.0,0.0
1736847052.1160822,0.0,2.197,-0.0,-0.0,-0.0,0.0
1736847052.1170719,0.0,2.19714,-0.0,-0.0,-0.0,0.0
1736847052.1178465,0.0,2.19729,-0.0,-0.0,-0.0,0.0
1736847052.1188478,0.0,2.19743,-0.0,-0.0,-0.0,0.0
1736847052.1188478,0.0,2.19755,-0.0,-0.0,-0.0,0.0
1736847052.119848,0.0,2.19767,-0.0,-0.0,-0.0,0.0
1736847052.120847,0.0,2.19779,-0.0,-0.0,-0.0,0.0
1736847052.1218572,0.0,2.19791,-0.0,-0.0,-0.0,0.0
1736847052.1224623,0.0,2.19802,-0.0,-0.0,-0.0,0.0
1736847052.123479,0.0,2.19816,-0.0,-0.0,-0.0,0.0
1736847052.1240628,0.0,2.19831,-0.0,-0.0,-0.0,0.0
1736847052.1240628,0.0,2.19845,-0.0,-0.0,-0.0,0.0
1736847052.1240628,0.0,2.19858,-0.0,-0.0,-0.0,0.0
1736847052.1240628,0.0,2.19871,-0.0,-0.0,-0.0,0.0
1736847052.1240628,0.0,2.19883,-0.0,-0.0,-0.0,0.0
1736847052.1286087,0.0,2.19895,-0.0,-0.0,-0.0,0.0
1736847052.1286087,0.0,2.19906,-0.0,-0.0,-0.0,0.0
1736847052.1296167,0.0,2.19918,-0.0,-0.0,-0.0,0.0
1736847052.1308684,0.0,2.19931,-0.0,-0.0,-0.0,0.0
1736847052.131155,0.0,2.19945,-0.0,-0.0,-0.0,0.0
1736847052.1322012,0.0,2.19959,-0.0,-0.0,-0.0,0.0
1736847052.1332178,0.0,2.19971,-0.0,-0.0,-0.0,0.0
1736847052.1342006,0.0,2.19982,-0.0,-0.0,-0.0,0.0
1736847052.1347857,0.0,2.19995,-0.0,-0.0,-0.0,0.0
1736847052.1357906,0.0,2.20008,-0.0,-0.0,-0.0,0.0
1736847052.1357906,0.0,2.20021,-0.0,-0.0,-0.0,0.0
1736847052.1367905,0.0,2.20033,-0.0,-0.0,-0.0,0.0
1736847052.1381462,0.0,2.20048,-0.0,-0.0,-0.0,0.0
1736847052.1391835,0.0,2.20062,-0.0,-0.0,-0.0,0.0
1736847052.1391835,0.0,2.20075,-0.0,-0.0,-0.0,0.0
1736847052.140689,0.0,2.20089,-0.0,-0.0,-0.0,0.0
1736847052.1416936,0.0,2.20101,-0.0,-0.0,-0.0,0.0
1736847052.1416936,0.0,2.20113,-0.0,-0.0,-0.0,0.0
1736847052.1426935,0.0,2.20125,-0.0,-0.0,-0.0,0.0
1736847052.1436954,0.0,2.20137,-0.0,-0.0,-0.0,0.0
1736847052.1447463,0.0,2.20151,-0.0,-0.0,-0.0,0.0
1736847052.1452963,0.0,2.20168,-0.0,-0.0,-0.0,0.0
1736847052.1468418,0.0,2.20183,-0.0,-0.0,-0.0,0.0
1736847052.147781,0.0,2.20196,-0.0,-0.0,-0.0,0.0
1736847052.147781,0.0,2.20209,-0.0,-0.0,-0.0,0.0
1736847052.1487944,0.0,2.2022,-0.0,-0.0,-0.0,0.0
1736847052.1498022,0.0,2.20232,-0.0,-0.0,-0.0,0.0
1736847052.1507921,0.0,2.20243,-0.0,-0.0,-0.0,0.0
1736847052.1517236,0.0,2.20256,-0.0,-0.0,-0.0,0.0
1736847052.1525624,0.0,2.20271,-0.0,-0.0,-0.0,0.0
1736847052.1535645,0.0,2.20286,-0.0,-0.0,-0.0,0.0
1736847052.1535645,0.0,2.20299,-0.0,-0.0,-0.0,0.0
1736847052.1545627,0.0,2.2031,-0.0,-0.0,-0.0,0.0
1736847052.1555626,0.0,2.20322,-0.0,-0.0,-0.0,0.0
1736847052.1565635,0.0,2.20334,-0.0,-0.0,-0.0,0.0
1736847052.1565635,0.0,2.20345,-0.0,-0.0,-0.0,0.0
1736847052.157564,0.0,2.20359,-0.0,-0.0,-0.0,0.0
1736847052.159047,0.0,2.20374,-0.0,-0.0,-0.0,0.0
1736847052.1595802,0.0,2.20389,-0.0,-0.0,-0.0,0.0
1736847052.160585,0.0,2.20402,-0.0,-0.0,-0.0,0.0
1736847052.1615946,0.0,2.20414,-0.0,-0.0,-0.0,0.0
1736847052.1615946,0.0,2.20426,-0.0,-0.0,-0.0,0.0
1736847052.1625853,0.0,2.20438,-0.0,-0.0,-0.0,0.0
1736847052.163594,0.0,2.2045,-0.0,-0.0,-0.0,0.0
1736847052.1642818,0.0,2.20461,-0.0,-0.0,-0.0,0.0
1736847052.1653025,0.0,2.20475,-0.0,-0.0,-0.0,0.0
1736847052.1661782,0.0,2.20489,-0.0,-0.0,-0.0,0.0
1736847052.1674159,0.0,2.20503,-0.0,-0.0,-0.0,0.0
1736847052.1674159,0.0,2.20516,-0.0,-0.0,-0.0,0.0
1736847052.168423,0.0,2.20529,-0.0,-0.0,-0.0,0.0
1736847052.1698496,0.0,2.20541,-0.0,-0.0,-0.0,0.0
1736847052.1698496,0.0,2.20554,-0.0,-0.0,-0.0,0.0
1736847052.171224,0.0,2.20568,-0.0,-0.0,-0.0,0.0
1736847052.172228,0.0,2.2058,-0.0,-0.0,-0.0,0.0
1736847052.1724248,0.0,2.20595,-0.0,-0.0,-0.0,0.0
1736847052.1724248,0.0,2.20609,-0.0,-0.0,-0.0,0.0
1736847052.1724248,0.0,2.20621,-0.0,-0.0,-0.0,0.0
1736847052.17546,0.0,2.20633,-0.0,-0.0,-0.0,0.0
1736847052.1764677,0.0,2.20645,-0.0,-0.0,-0.0,0.0
1736847052.1764677,0.0,2.20658,-0.0,-0.0,-0.0,0.0
1736847052.1774647,0.0,2.2067,-0.0,-0.0,-0.0,0.0
1736847052.1784666,0.0,2.20682,-0.0,-0.0,-0.0,0.0
1736847052.1794243,0.0,2.20696,-0.0,-0.0,-0.0,0.0
1736847052.1797647,0.0,2.2071,-0.0,-0.0,-0.0,0.0
1736847052.1814277,0.0,2.20723,-0.0,-0.0,-0.0,0.0
1736847052.1814277,0.0,2.20737,-0.0,-0.0,-0.0,0.0
1736847052.1824327,0.0,2.2075,-0.0,-0.0,-0.0,0.0
1736847052.1838825,0.0,2.20762,-0.0,-0.0,-0.0,0.0
1736847052.1838825,0.0,2.20774,-0.0,-0.0,-0.0,0.0
1736847052.184887,0.0,2.20786,-0.0,-0.0,-0.0,0.0
1736847052.1859016,0.0,2.20798,-0.0,-0.0,-0.0,0.0
1736847052.186838,0.0,2.20814,-0.0,-0.0,-0.0,0.0
1736847052.1878483,0.0,2.20829,-0.0,-0.0,-0.0,0.0
1736847052.1888423,0.0,2.20841,-0.0,-0.0,-0.0,0.0
1736847052.1888423,0.0,2.20853,-0.0,-0.0,-0.0,0.0
1736847052.1898432,0.0,2.20865,-0.0,-0.0,-0.0,0.0
1736847052.1908422,0.0,2.20877,-0.0,-0.0,-0.0,0.0
1736847052.1918428,0.0,2.20889,-0.0,-0.0,-0.0,0.0
1736847052.1920986,0.0,2.20902,-0.0,-0.0,-0.0,0.0
1736847052.1938047,0.0,2.20919,-0.0,-0.0,-0.0,0.0
1736847052.194821,0.0,2.20936,-0.0,-0.0,-0.0,0.0
1736847052.195811,0.0,2.2095,-0.0,-0.0,-0.0,0.0
1736847052.195811,0.0,2.20962,-0.0,-0.0,-0.0,0.0
1736847052.19681,0.0,2.20974,-0.0,-0.0,-0.0,0.0
1736847052.1978092,0.0,2.20986,-0.0,-0.0,-0.0,0.0
1736847052.1988552,0.0,2.20998,-0.0,-0.0,-0.0,0.0
1736847052.1990116,0.0,2.21012,-0.0,-0.0,-0.0,0.0
1736847052.200641,0.0,2.21027,-0.0,-0.0,-0.0,0.0
1736847052.200641,0.0,2.2104,-0.0,-0.0,-0.0,0.0
1736847052.2551823,0.0,2.21928,-0.0,-0.0,-0.0,0.0
1736847052.2551823,0.0,2.21951,-0.0,-0.0,-0.0,0.0
1736847052.2551823,0.0,2.21968,-0.0,-0.0,-0.0,0.0
1736847052.2551823,0.0,2.21983,-0.0,-0.0,-0.0,0.0
1736847052.2551823,0.0,2.21998,-0.0,-0.0,-0.0,0.0
1736847052.2551823,0.0,2.22012,-0.0,-0.0,-0.0,0.0
1736847052.2551823,0.0,2.22025,-0.0,-0.0,-0.0,0.0
1736847052.264878,0.0,2.22037,-0.0,-0.0,-0.0,0.0
1736847052.2659695,0.0,2.22051,-0.0,-0.0,-0.0,0.0
1736847052.266755,0.0,2.22065,-0.0,-0.0,-0.0,0.0
1736847052.2675705,0.0,2.2208,-0.0,-0.0,-0.0,0.0
1736847052.2686229,0.0,2.22095,-0.0,-0.0,-0.0,0.0
1736847052.2696228,0.0,2.22112,-0.0,-0.0,-0.0,0.0
1736847052.270561,0.0,2.22126,-0.0,-0.0,-0.0,0.0
1736847052.271597,0.0,2.22141,-0.0,-0.0,-0.0,0.0
1736847052.271597,0.0,2.22154,-0.0,-0.0,-0.0,0.0
1736847052.2726097,0.0,2.22165,-0.0,-0.0,-0.0,0.0
1736847052.2736163,0.0,2.22178,-0.0,-0.0,-0.0,0.0
1736847052.2746172,0.0,2.22189,-0.0,-0.0,-0.0,0.0
1736847052.2746172,0.0,2.22201,-0.0,-0.0,-0.0,0.0
1736847052.2756083,0.0,2.22214,-0.0,-0.0,-0.0,0.0
1736847052.2770305,0.0,2.2223,-0.0,-0.0,-0.0,0.0
1736847052.2780747,0.0,2.22244,-0.0,-0.0,-0.0,0.0
1736847052.2790608,0.0,2.22258,-0.0,-0.0,-0.0,0.0
1736847052.2790608,0.0,2.22269,-0.0,-0.0,-0.0,0.0
1736847052.280061,0.0,2.22284,-0.0,-0.0,-0.0,0.0
1736847052.2810607,0.0,2.22296,-0.0,-0.0,-0.0,0.0
1736847052.2817717,0.0,2.22308,-0.0,-0.0,-0.0,0.0
1736847052.2823832,0.0,2.2232,-0.0,-0.0,-0.0,0.0
1736847052.2833898,0.0,2.22334,-0.0,-0.0,-0.0,0.0
1736847052.2841454,0.0,2.22349,-0.0,-0.0,-0.0,0.0
1736847052.2841454,0.0,2.22362,-0.0,-0.0,-0.0,0.0
1736847052.2841454,0.0,2.22375,-0.0,-0.0,-0.0,0.0
1736847052.287039,0.0,2.22387,-0.0,-0.0,-0.0,0.0
1736847052.2880461,0.0,2.22398,-0.0,-0.0,-0.0,0.0
1736847052.288802,0.0,2.2241,-0.0,-0.0,-0.0,0.0
1736847052.288802,0.0,2.22422,-0.0,-0.0,-0.0,0.0
1736847052.289808,0.0,2.22435,-0.0,-0.0,-0.0,0.0
1736847052.2909567,0.0,2.2245,-0.0,-0.0,-0.0,0.0
1736847052.2920816,0.0,2.22463,-0.0,-0.0,-0.0,0.0
1736847052.2927992,0.0,2.22477,-0.0,-0.0,-0.0,0.0
1736847052.293807,0.0,2.22489,-0.0,-0.0,-0.0,0.0
1736847052.293807,0.0,2.22502,-0.0,-0.0,-0.0,0.0
1736847052.294806,0.0,2.22514,-0.0,-0.0,-0.0,0.0
1736847052.2958066,0.0,2.22526,-0.0,-0.0,-0.0,0.0
1736847052.296808,0.0,2.22537,-0.0,-0.0,-0.0,0.0
1736847052.297847,0.0,2.2255,-0.0,-0.0,-0.0,0.0
1736847052.2984278,0.0,2.22566,-0.0,-0.0,-0.0,0.0
1736847052.2994344,0.0,2.22581,-0.0,-0.0,-0.0,0.0
1736847052.300432,0.0,2.22592,-0.0,-0.0,-0.0,0.0
1736847052.300432,0.0,2.22605,-0.0,-0.0,-0.0,0.0
1736847052.3014321,0.0,2.22616,-0.0,-0.0,-0.0,0.0
1736847052.302442,0.0,2.22628,-0.0,-0.0,-0.0,0.0
1736847052.302442,0.0,2.2264,-0.0,-0.0,-0.0,0.0
1736847052.3034337,0.0,2.22652,-0.0,-0.0,-0.0,0.0
1736847052.305065,0.0,2.22667,-0.0,-0.0,-0.0,0.0
1736847052.30593,0.0,2.22681,-0.0,-0.0,-0.0,0.0
1736847052.3069427,0.0,2.22695,-0.0,-0.0,-0.0,0.0
1736847052.3069427,0.0,2.22708,-0.0,-0.0,-0.0,0.0
1736847052.30794,0.0,2.22719,-0.0,-0.0,-0.0,0.0
1736847052.3089406,0.0,2.22731,-0.0,-0.0,-0.0,0.0
1736847052.3099408,0.0,2.22743,-0.0,-0.0,-0.0,0.0
1736847052.3099408,0.0,2.22755,-0.0,-0.0,-0.0,0.0
1736847052.3109422,0.0,2.22769,-0.0,-0.0,-0.0,0.0
1736847052.311899,0.0,2.22783,-0.0,-0.0,-0.0,0.0
1736847052.3129559,0.0,2.22796,-0.0,-0.0,-0.0,0.0
1736847052.313965,0.0,2.22808,-0.0,-0.0,-0.0,0.0
1736847052.313965,0.0,2.2282,-0.0,-0.0,-0.0,0.0
1736847052.314954,0.0,2.22832,-0.0,-0.0,-0.0,0.0
1736847052.3161163,0.0,2.22843,-0.0,-0.0,-0.0,0.0
1736847052.3171227,0.0,2.22855,-0.0,-0.0,-0.0,0.0
1736847052.3171227,0.0,2.22868,-0.0,-0.0,-0.0,0.0
1736847052.3184533,0.0,2.22883,-0.0,-0.0,-0.0,0.0
1736847052.3184533,0.0,2.22897,-0.0,-0.0,-0.0,0.0
1736847052.3184533,0.0,2.22911,-0.0,-0.0,-0.0,0.0
1736847052.321166,0.0,2.22923,-0.0,-0.0,-0.0,0.0
1736847052.3221917,0.0,2.22935,-0.0,-0.0,-0.0,0.0
1736847052.322923,0.0,2.22947,-0.0,-0.0,-0.0,0.0
1736847052.322923,0.0,2.22959,-0.0,-0.0,-0.0,0.0
1736847052.3239365,0.0,2.22971,-0.0,-0.0,-0.0,0.0
1736847052.3252652,0.0,2.22984,-0.0,-0.0,-0.0,0.0
1736847052.325671,0.0,2.22999,-0.0,-0.0,-0.0,0.0
1736847052.3271668,0.0,2.23012,-0.0,-0.0,-0.0,0.0
1736847052.3271668,0.0,2.23026,-0.0,-0.0,-0.0,0.0
1736847052.3281674,0.0,2.23039,-0.0,-0.0,-0.0,0.0
1736847052.3291671,0.0,2.23051,-0.0,-0.0,-0.0,0.0
1736847052.3301766,0.0,2.23062,-0.0,-0.0,-0.0,0.0
1736847052.3301766,0.0,2.23074,-0.0,-0.0,-0.0,0.0
1736847052.3311672,0.0,2.23086,-0.0,-0.0,-0.0,0.0
1736847052.3327453,0.0,2.231,-0.0,-0.0,-0.0,0.0
1736847052.3327453,0.0,2.23115,-0.0,-0.0,-0.0,0.0
1736847052.3337533,0.0,2.23129,-0.0,-0.0,-0.0,0.0
1736847052.33475,0.0,2.23141,-0.0,-0.0,-0.0,0.0
1736847052.3357494,0.0,2.23153,-0.0,-0.0,-0.0,0.0
1736847052.3367486,0.0,2.23164,-0.0,-0.0,-0.0,0.0
1736847052.3367486,0.0,2.23176,-0.0,-0.0,-0.0,0.0
1736847052.337904,0.0,2.23187,-0.0,-0.0,-0.0,0.0
1736847052.3389091,0.0,2.23201,-0.0,-0.0,-0.0,0.0
1736847052.3396988,0.0,2.23217,-0.0,-0.0,-0.0,0.0
1736847052.3409894,0.0,2.23231,-0.0,-0.0,-0.0,0.0
1736847052.3409894,0.0,2.23243,-0.0,-0.0,-0.0,0.0
1736847052.341994,0.0,2.23255,-0.0,-0.0,-0.0,0.0
1736847052.3427608,0.0,2.23266,-0.0,-0.0,-0.0,0.0
1736847052.3427608,0.0,2.23278,-0.0,-0.0,-0.0,0.0
1736847052.3427608,0.0,2.2329,-0.0,-0.0,-0.0,0.0
1736847052.3448665,0.0,2.23302,-0.0,-0.0,-0.0,0.0
1736847052.3461664,0.0,2.23317,-0.0,-0.0,-0.0,0.0
1736847052.3461664,0.0,2.2333,-0.0,-0.0,-0.0,0.0
1736847052.3461664,0.0,2.23343,-0.0,-0.0,-0.0,0.0
1736847052.3486514,0.0,2.23355,-0.0,-0.0,-0.0,0.0
1736847052.3496566,0.0,2.23367,-0.0,-0.0,-0.0,0.0
1736847052.3496566,0.0,2.23379,-0.0,-0.0,-0.0,0.0
1736847052.3506563,0.0,2.2339,-0.0,-0.0,-0.0,0.0
1736847052.3516557,0.0,2.23402,-0.0,-0.0,-0.0,0.0
1736847052.352658,0.0,2.23415,-0.0,-0.0,-0.0,0.0
1736847052.353436,0.0,2.23428,-0.0,-0.0,-0.0,0.0
1736847052.353836,0.0,2.23441,-0.0,-0.0,-0.0,0.0
1736847052.3546412,0.0,2.23455,-0.0,-0.0,-0.0,0.0
1736847052.3556476,0.0,2.23468,-0.0,-0.0,-0.0,0.0
1736847052.3568468,0.0,2.2348,-0.0,-0.0,-0.0,0.0
1736847052.3573642,0.0,2.23491,-0.0,-0.0,-0.0,0.0
1736847052.3573642,0.0,2.23502,-0.0,-0.0,-0.0,0.0
1736847052.3583744,0.0,2.23514,-0.0,-0.0,-0.0,0.0
1736847052.3600233,0.0,2.23527,-0.0,-0.0,-0.0,0.0
1736847052.3600233,0.0,2.23544,-0.0,-0.0,-0.0,0.0
1736847052.3600233,0.0,2.23557,-0.0,-0.0,-0.0,0.0
1736847052.3600233,0.0,2.2357,-0.0,-0.0,-0.0,0.0
1736847052.3600233,0.0,2.23582,-0.0,-0.0,-0.0,0.0
1736847052.3600233,0.0,2.23593,-0.0,-0.0,-0.0,0.0
1736847052.3600233,0.0,2.23606,-0.0,-0.0,-0.0,0.0
1736847052.3653543,0.0,2.23617,-0.0,-0.0,-0.0,0.0
1736847052.366362,0.0,2.2363,-0.0,-0.0,-0.0,0.0
1736847052.3672786,0.0,2.23643,-0.0,-0.0,-0.0,0.0
1736847052.3672786,0.0,2.23658,-0.0,-0.0,-0.0,0.0
1736847052.3683262,0.0,2.23671,-0.0,-0.0,-0.0,0.0
1736847052.3693247,0.0,2.23682,-0.0,-0.0,-0.0,0.0
1736847052.370397,0.0,2.23694,-0.0,-0.0,-0.0,0.0
1736847052.3710873,0.0,2.23707,-0.0,-0.0,-0.0,0.0
1736847052.3720937,0.0,2.23719,-0.0,-0.0,-0.0,0.0
1736847052.3720937,0.0,2.23731,-0.0,-0.0,-0.0,0.0
1736847052.3730948,0.0,2.23743,-0.0,-0.0,-0.0,0.0
1736847052.37427,0.0,2.23758,-0.0,-0.0,-0.0,0.0
1736847052.3753886,0.0,2.23773,-0.0,-0.0,-0.0,0.0
1736847052.3758454,0.0,2.23786,-0.0,-0.0,-0.0,0.0
1736847052.3758454,0.0,2.23799,-0.0,-0.0,-0.0,0.0
1736847052.3758454,0.0,2.23812,-0.0,-0.0,-0.0,0.0
1736847052.3758454,0.0,2.23824,-0.0,-0.0,-0.0,0.0
1736847052.3795707,0.0,2.23836,-0.0,-0.0,-0.0,0.0
1736847052.3795707,0.0,2.23849,-0.0,-0.0,-0.0,0.0
1736847052.3813205,0.0,2.23863,-0.0,-0.0,-0.0,0.0
1736847052.382073,0.0,2.23878,-0.0,-0.0,-0.0,0.0
1736847052.382577,0.0,2.23891,-0.0,-0.0,-0.0,0.0
1736847052.383594,0.0,2.23903,-0.0,-0.0,-0.0,0.0
1736847052.3845835,0.0,2.23915,-0.0,-0.0,-0.0,0.0
1736847052.3845835,0.0,2.23926,-0.0,-0.0,-0.0,0.0
1736847052.3855817,0.0,2.23938,-0.0,-0.0,-0.0,0.0
1736847052.3864868,0.0,2.2395,-0.0,-0.0,-0.0,0.0
1736847052.3875027,0.0,2.23963,-0.0,-0.0,-0.0,0.0
1736847052.388351,0.0,2.23978,-0.0,-0.0,-0.0,0.0
1736847052.389397,0.0,2.23992,-0.0,-0.0,-0.0,0.0
1736847052.389397,0.0,2.24005,-0.0,-0.0,-0.0,0.0
1736847052.3903952,0.0,2.24017,-0.0,-0.0,-0.0,0.0
1736847052.3916395,0.0,2.2403,-0.0,-0.0,-0.0,0.0
1736847052.3926442,0.0,2.24042,-0.0,-0.0,-0.0,0.0
1736847052.3926442,0.0,2.24054,-0.0,-0.0,-0.0,0.0
1736847052.393476,0.0,2.24066,-0.0,-0.0,-0.0,0.0
1736847052.3946722,0.0,2.24079,-0.0,-0.0,-0.0,0.0
1736847052.3946722,0.0,2.24093,-0.0,-0.0,-0.0,0.0
1736847052.3946722,0.0,2.24107,-0.0,-0.0,-0.0,0.0
1736847052.3972352,0.0,2.24118,-0.0,-0.0,-0.0,0.0
1736847052.398241,0.0,2.2413,-0.0,-0.0,-0.0,0.0
1736847052.399042,0.0,2.24142,-0.0,-0.0,-0.0,0.0
1736847052.399042,0.0,2.24154,-0.0,-0.0,-0.0,0.0
1736847052.400047,0.0,2.24166,-0.0,-0.0,-0.0,0.0
1736847052.401049,0.0,2.24178,-0.0,-0.0,-0.0,0.0
1736847052.4017942,0.0,2.24194,-0.0,-0.0,-0.0,0.0
1736847052.4017942,0.0,2.24213,-0.0,-0.0,-0.0,0.0
1736847052.4017942,0.0,2.24235,-0.0,-0.0,-0.0,0.0
1736847052.4017942,0.0,2.24251,-0.0,-0.0,-0.0,0.0
1736847052.4017942,0.0,2.24267,-0.0,-0.0,-0.0,0.0
1736847052.4074671,0.0,2.24283,-0.0,-0.0,-0.0,0.0
1736847052.4084795,0.0,2.24301,-0.0,-0.0,-0.0,0.0
1736847052.4096143,0.0,2.2432,-0.0,-0.0,-0.0,0.0
1736847052.4096143,0.0,2.24339,-0.0,-0.0,-0.0,0.0
1736847052.4096143,0.0,2.24359,-0.0,-0.0,-0.0,0.0
1736847052.4096143,0.0,2.24376,-0.0,-0.0,-0.0,0.0
1736847052.4143748,0.0,2.24392,-0.0,-0.0,-0.0,0.0
1736847052.4153888,0.0,2.24407,-0.0,-0.0,-0.0,0.0
1736847052.4163702,0.0,2.24427,-0.0,-0.0,-0.0,0.0
1736847052.4163702,0.0,2.24445,-0.0,-0.0,-0.0,0.0
1736847052.4163702,0.0,2.24462,-0.0,-0.0,-0.0,0.0
1736847052.4163702,0.0,2.24477,-0.0,-0.0,-0.0,0.0
1736847052.4213693,0.0,2.24492,-0.0,-0.0,-0.0,0.0
1736847052.4223833,0.0,2.24508,-0.0,-0.0,-0.0,0.0
1736847052.4233994,0.0,2.24525,-0.0,-0.0,-0.0,0.0
1736847052.4237797,0.0,2.24545,-0.0,-0.0,-0.0,0.0
1736847052.4237797,0.0,2.24565,-0.0,-0.0,-0.0,0.0
1736847052.4237797,0.0,2.24581,-0.0,-0.0,-0.0,0.0
1736847052.4237797,0.0,2.24595,-0.0,-0.0,-0.0,0.0
1736847052.4237797,0.0,2.2461,-0.0,-0.0,-0.0,0.0
1736847052.4308767,0.0,2.24635,-0.0,-0.0,-0.0,0.0
1736847052.4310162,0.0,2.24658,-0.0,-0.0,-0.0,0.0
1736847052.4310162,0.0,2.24679,-0.0,-0.0,-0.0,0.0
1736847052.4310162,0.0,2.24697,-0.0,-0.0,-0.0,0.0
1736847052.4352553,0.0,2.24712,-0.0,-0.0,-0.0,0.0
1736847052.4362662,0.0,2.24729,-0.0,-0.0,-0.0,0.0
1736847052.4372642,0.0,2.24747,-0.0,-0.0,-0.0,0.0
1736847052.438267,0.0,2.24763,-0.0,-0.0,-0.0,0.0
1736847052.4395037,0.0,2.2478,-0.0,-0.0,-0.0,0.0
1736847052.4395037,0.0,2.24797,-0.0,-0.0,-0.0,0.0
1736847052.4421554,0.0,2.24821,-0.0,-0.0,-0.0,0.0
1736847052.4431708,0.0,2.24843,-0.0,-0.0,-0.0,0.0
1736847052.444541,0.0,2.24863,-0.0,-0.0,-0.0,0.0
1736847052.4504337,0.0,2.25019,-0.0,-0.0,-0.0,0.0
1736847052.4556434,0.0,2.25036,-0.0,-0.0,-0.0,0.0
1736847052.456654,0.0,2.2505,-0.0,-0.0,-0.0,0.0
1736847052.4576056,0.0,2.25065,-0.0,-0.0,-0.0,0.0
1736847052.458664,0.0,2.2508,-0.0,-0.0,-0.0,0.0
1736847052.459649,0.0,2.25094,-0.0,-0.0,-0.0,0.0
1736847052.459649,0.0,2.25106,-0.0,-0.0,-0.0,0.0
1736847052.4606485,0.0,2.25118,-0.0,-0.0,-0.0,0.0
1736847052.4616258,0.0,2.25134,-0.0,-0.0,-0.0,0.0
1736847052.4628232,0.0,2.25146,-0.0,-0.0,-0.0,0.0
1736847052.463829,0.0,2.2516,-0.0,-0.0,-0.0,0.0
1736847052.4645839,0.0,2.25174,-0.0,-0.0,-0.0,0.0
1736847052.465533,0.0,2.25188,-0.0,-0.0,-0.0,0.0
1736847052.466589,0.0,2.25203,-0.0,-0.0,-0.0,0.0
1736847052.4671342,0.0,2.25216,-0.0,-0.0,-0.0,0.0
1736847052.4681423,0.0,2.25229,-0.0,-0.0,-0.0,0.0
1736847052.469139,0.0,2.25244,-0.0,-0.0,-0.0,0.0
1736847052.469139,0.0,2.25257,-0.0,-0.0,-0.0,0.0
1736847052.4701395,0.0,2.25269,-0.0,-0.0,-0.0,0.0
1736847052.4715364,0.0,2.25283,-0.0,-0.0,-0.0,0.0
1736847052.4719388,0.0,2.25297,-0.0,-0.0,-0.0,0.0
1736847052.4719388,0.0,2.25311,-0.0,-0.0,-0.0,0.0
1736847052.4719388,0.0,2.25324,-0.0,-0.0,-0.0,0.0
1736847052.4719388,0.0,2.25337,-0.0,-0.0,-0.0,0.0
1736847052.4719388,0.0,2.25349,-0.0,-0.0,-0.0,0.0
1736847052.4719388,0.0,2.2536,-0.0,-0.0,-0.0,0.0
1736847052.4767902,0.0,2.25372,-0.0,-0.0,-0.0,0.0
1736847052.4780867,0.0,2.25385,-0.0,-0.0,-0.0,0.0
1736847052.478821,0.0,2.25402,-0.0,-0.0,-0.0,0.0
1736847052.4798276,0.0,2.25416,-0.0,-0.0,-0.0,0.0
1736847052.480847,0.0,2.25429,-0.0,-0.0,-0.0,0.0
1736847052.4819133,0.0,2.25442,-0.0,-0.0,-0.0,0.0
1736847052.4827712,0.0,2.25458,-0.0,-0.0,-0.0,0.0
1736847052.4834101,0.0,2.25473,-0.0,-0.0,-0.0,0.0
1736847052.4844162,0.0,2.25487,-0.0,-0.0,-0.0,0.0
1736847052.4851758,0.0,2.25501,-0.0,-0.0,-0.0,0.0
1736847052.4851758,0.0,2.25516,-0.0,-0.0,-0.0,0.0
1736847052.4851758,0.0,2.25529,-0.0,-0.0,-0.0,0.0
1736847052.4851758,0.0,2.25542,-0.0,-0.0,-0.0,0.0
1736847052.488891,0.0,2.25554,-0.0,-0.0,-0.0,0.0
1736847052.4890256,0.0,2.25569,-0.0,-0.0,-0.0,0.0
1736847052.4900274,0.0,2.25581,-0.0,-0.0,-0.0,0.0
1736847052.4910254,0.0,2.25594,-0.0,-0.0,-0.0,0.0
1736847052.4923725,0.0,2.25609,-0.0,-0.0,-0.0,0.0
1736847052.4923725,0.0,2.25623,-0.0,-0.0,-0.0,0.0
1736847052.493419,0.0,2.25636,-0.0,-0.0,-0.0,0.0
1736847052.4949372,0.0,2.25648,-0.0,-0.0,-0.0,0.0
1736847052.495576,0.0,2.25661,-0.0,-0.0,-0.0,0.0
1736847052.4965894,0.0,2.25675,-0.0,-0.0,-0.0,0.0
1736847052.4965894,0.0,2.25688,-0.0,-0.0,-0.0,0.0
1736847052.4975874,0.0,2.257,-0.0,-0.0,-0.0,0.0
1736847052.4992213,0.0,2.25714,-0.0,-0.0,-0.0,0.0
1736847052.4992213,0.0,2.25729,-0.0,-0.0,-0.0,0.0
1736847052.5007925,0.0,2.25743,-0.0,-0.0,-0.0,0.0
1736847052.5017977,0.0,2.25756,-0.0,-0.0,-0.0,0.0
1736847052.5017977,0.0,2.25768,-0.0,-0.0,-0.0,0.0
1736847052.502797,0.0,2.2578,-0.0,-0.0,-0.0,0.0
1736847052.5037968,0.0,2.25792,-0.0,-0.0,-0.0,0.0
1736847052.504798,0.0,2.25804,-0.0,-0.0,-0.0,0.0
1736847052.504798,0.0,2.25815,-0.0,-0.0,-0.0,0.0
1736847052.506329,0.0,2.2583,-0.0,-0.0,-0.0,0.0
1736847052.507334,0.0,2.25844,-0.0,-0.0,-0.0,0.0
1736847052.507334,0.0,2.25857,-0.0,-0.0,-0.0,0.0
1736847052.5083332,0.0,2.25869,-0.0,-0.0,-0.0,0.0
1736847052.509333,0.0,2.25881,-0.0,-0.0,-0.0,0.0
1736847052.5103455,0.0,2.25892,-0.0,-0.0,-0.0,0.0
1736847052.5103455,0.0,2.25904,-0.0,-0.0,-0.0,0.0
1736847052.5114868,0.0,2.25916,-0.0,-0.0,-0.0,0.0
1736847052.5124884,0.0,2.25929,-0.0,-0.0,-0.0,0.0
1736847052.513639,0.0,2.25945,-0.0,-0.0,-0.0,0.0
1736847052.5145152,0.0,2.25958,-0.0,-0.0,-0.0,0.0
1736847052.5145152,0.0,2.2597,-0.0,-0.0,-0.0,0.0
1736847052.5155213,0.0,2.25982,-0.0,-0.0,-0.0,0.0
1736847052.5165193,0.0,2.25994,-0.0,-0.0,-0.0,0.0
1736847052.5175288,0.0,2.26006,-0.0,-0.0,-0.0,0.0
1736847052.5182319,0.0,2.26017,-0.0,-0.0,-0.0,0.0
1736847052.519237,0.0,2.2603,-0.0,-0.0,-0.0,0.0
1736847052.5195272,0.0,2.26043,-0.0,-0.0,-0.0,0.0
1736847052.520797,0.0,2.26056,-0.0,-0.0,-0.0,0.0
1736847052.521119,0.0,2.26069,-0.0,-0.0,-0.0,0.0
1736847052.522162,0.0,2.26081,-0.0,-0.0,-0.0,0.0
1736847052.5230434,0.0,2.26093,-0.0,-0.0,-0.0,0.0
1736847052.5240486,0.0,2.26105,-0.0,-0.0,-0.0,0.0
1736847052.5240486,0.0,2.26117,-0.0,-0.0,-0.0,0.0
1736847052.525435,0.0,2.26129,-0.0,-0.0,-0.0,0.0
1736847052.525435,0.0,2.26142,-0.0,-0.0,-0.0,0.0
1736847052.52672,0.0,2.26155,-0.0,-0.0,-0.0,0.0
1736847052.52672,0.0,2.26168,-0.0,-0.0,-0.0,0.0
1736847052.528593,0.0,2.26182,-0.0,-0.0,-0.0,0.0
1736847052.529599,0.0,2.26194,-0.0,-0.0,-0.0,0.0
1736847052.529599,0.0,2.26205,-0.0,-0.0,-0.0,0.0
1736847052.5311546,0.0,2.26218,-0.0,-0.0,-0.0,0.0
1736847052.531787,0.0,2.2623,-0.0,-0.0,-0.0,0.0
1736847052.531787,0.0,2.26241,-0.0,-0.0,-0.0,0.0
1736847052.533548,0.0,2.26254,-0.0,-0.0,-0.0,0.0
1736847052.5342128,0.0,2.26271,-0.0,-0.0,-0.0,0.0
1736847052.5352316,0.0,2.26285,-0.0,-0.0,-0.0,0.0
1736847052.5362196,0.0,2.26297,-0.0,-0.0,-0.0,0.0
1736847052.5362196,0.0,2.26309,-0.0,-0.0,-0.0,0.0
1736847052.5372164,0.0,2.26321,-0.0,-0.0,-0.0,0.0
1736847052.538217,0.0,2.26333,-0.0,-0.0,-0.0,0.0
1736847052.5392177,0.0,2.26344,-0.0,-0.0,-0.0,0.0
1736847052.5392823,0.0,2.26357,-0.0,-0.0,-0.0,0.0
1736847052.5402842,0.0,2.2637,-0.0,-0.0,-0.0,0.0
1736847052.54118,0.0,2.26384,-0.0,-0.0,-0.0,0.0
1736847052.542185,0.0,2.26397,-0.0,-0.0,-0.0,0.0
1736847052.5431972,0.0,2.2641,-0.0,-0.0,-0.0,0.0
1736847052.5441847,0.0,2.26423,-0.0,-0.0,-0.0,0.0
1736847052.5441847,0.0,2.26434,-0.0,-0.0,-0.0,0.0
1736847052.5451846,0.0,2.26446,-0.0,-0.0,-0.0,0.0
1736847052.5462403,0.0,2.26458,-0.0,-0.0,-0.0,0.0
1736847052.5472455,0.0,2.26471,-0.0,-0.0,-0.0,0.0
1736847052.5474982,0.0,2.26486,-0.0,-0.0,-0.0,0.0
1736847052.5474982,0.0,2.265,-0.0,-0.0,-0.0,0.0
1736847052.5474982,0.0,2.26512,-0.0,-0.0,-0.0,0.0
1736847052.5504618,0.0,2.26524,-0.0,-0.0,-0.0,0.0
1736847052.5513241,0.0,2.26536,-0.0,-0.0,-0.0,0.0
1736847052.5522776,0.0,2.26549,-0.0,-0.0,-0.0,0.0
1736847052.5522776,0.0,2.26561,-0.0,-0.0,-0.0,0.0
1736847052.5532846,0.0,2.26575,-0.0,-0.0,-0.0,0.0
1736847052.554764,0.0,2.26589,-0.0,-0.0,-0.0,0.0
1736847052.5553114,0.0,2.26603,-0.0,-0.0,-0.0,0.0
1736847052.556513,0.0,2.26614,-0.0,-0.0,-0.0,0.0
1736847052.5566072,0.0,2.26629,-0.0,-0.0,-0.0,0.0
1736847052.5576093,0.0,2.26642,-0.0,-0.0,-0.0,0.0
1736847052.5586076,0.0,2.26654,-0.0,-0.0,-0.0,0.0
1736847052.5596068,0.0,2.26665,-0.0,-0.0,-0.0,0.0
1736847052.5596068,0.0,2.26677,-0.0,-0.0,-0.0,0.0
1736847052.560609,0.0,2.26689,-0.0,-0.0,-0.0,0.0
1736847052.5620883,0.0,2.26705,-0.0,-0.0,-0.0,0.0
1736847052.5630894,0.0,2.26719,-0.0,-0.0,-0.0,0.0
1736847052.5630894,0.0,2.26731,-0.0,-0.0,-0.0,0.0
1736847052.564089,0.0,2.26742,-0.0,-0.0,-0.0,0.0
1736847052.565099,0.0,2.26754,-0.0,-0.0,-0.0,0.0
1736847052.565099,0.0,2.26765,-0.0,-0.0,-0.0,0.0
1736847052.5660892,0.0,2.26777,-0.0,-0.0,-0.0,0.0
1736847052.5670335,0.0,2.26788,-0.0,-0.0,-0.0,0.0
1736847052.5686424,0.0,2.26802,-0.0,-0.0,-0.0,0.0
1736847052.5693574,0.0,2.2682,-0.0,-0.0,-0.0,0.0
1736847052.5702121,0.0,2.26833,-0.0,-0.0,-0.0,0.0
1736847052.5711205,0.0,2.26846,-0.0,-0.0,-0.0,0.0
1736847052.5711205,0.0,2.26858,-0.0,-0.0,-0.0,0.0
1736847052.5724463,0.0,2.2687,-0.0,-0.0,-0.0,0.0
1736847052.5734456,0.0,2.26882,-0.0,-0.0,-0.0,0.0
1736847052.5734456,0.0,2.26894,-0.0,-0.0,-0.0,0.0
1736847052.5744483,0.0,2.26906,-0.0,-0.0,-0.0,0.0
1736847052.5753555,0.0,2.26921,-0.0,-0.0,-0.0,0.0
1736847052.5753555,0.0,2.26934,-0.0,-0.0,-0.0,0.0
1736847052.5753555,0.0,2.26946,-0.0,-0.0,-0.0,0.0
1736847052.5780613,0.0,2.26958,-0.0,-0.0,-0.0,0.0
1736847052.57907,0.0,2.26971,-0.0,-0.0,-0.0,0.0
1736847052.57907,0.0,2.26982,-0.0,-0.0,-0.0,0.0
1736847052.580067,0.0,2.26994,-0.0,-0.0,-0.0,0.0
1736847052.5810683,0.0,2.27006,-0.0,-0.0,-0.0,0.0
1736847052.5822303,0.0,2.27018,-0.0,-0.0,-0.0,0.0
1736847052.5831015,0.0,2.27035,-0.0,-0.0,-0.0,0.0
1736847052.584055,0.0,2.27049,-0.0,-0.0,-0.0,0.0
1736847052.5841455,0.0,2.27062,-0.0,-0.0,-0.0,0.0
1736847052.5851483,0.0,2.27075,-0.0,-0.0,-0.0,0.0
1736847052.5861464,0.0,2.27087,-0.0,-0.0,-0.0,0.0
1736847052.587168,0.0,2.27098,-0.0,-0.0,-0.0,0.0
1736847052.5877662,0.0,2.2711,-0.0,-0.0,-0.0,0.0
1736847052.5887792,0.0,2.27122,-0.0,-0.0,-0.0,0.0
1736847052.5897434,0.0,2.27137,-0.0,-0.0,-0.0,0.0
1736847052.5904937,0.0,2.27152,-0.0,-0.0,-0.0,0.0
1736847052.5914996,0.0,2.27166,-0.0,-0.0,-0.0,0.0
1736847052.5914996,0.0,2.27178,-0.0,-0.0,-0.0,0.0
1736847052.5924985,0.0,2.2719,-0.0,-0.0,-0.0,0.0
1736847052.5934982,0.0,2.27202,-0.0,-0.0,-0.0,0.0
1736847052.5944984,0.0,2.27214,-0.0,-0.0,-0.0,0.0
1736847052.5944984,0.0,2.27225,-0.0,-0.0,-0.0,0.0
1736847052.5954998,0.0,2.27239,-0.0,-0.0,-0.0,0.0
1736847052.5966282,0.0,2.27253,-0.0,-0.0,-0.0,0.0
1736847052.597629,0.0,2.27269,-0.0,-0.0,-0.0,0.0
1736847052.5986283,0.0,2.27283,-0.0,-0.0,-0.0,0.0
1736847052.5996282,0.0,2.27295,-0.0,-0.0,-0.0,0.0
1736847052.6002629,0.0,2.27306,-0.0,-0.0,-0.0,0.0
1736847052.6002629,0.0,2.27318,-0.0,-0.0,-0.0,0.0
1736847052.601778,0.0,2.2733,-0.0,-0.0,-0.0,0.0
1736847052.6027853,0.0,2.27342,-0.0,-0.0,-0.0,0.0
1736847052.6030383,0.0,2.27356,-0.0,-0.0,-0.0,0.0
1736847052.6030383,0.0,2.27369,-0.0,-0.0,-0.0,0.0
1736847052.6030383,0.0,2.27381,-0.0,-0.0,-0.0,0.0
1736847052.6057758,0.0,2.27394,-0.0,-0.0,-0.0,0.0
1736847052.6067817,0.0,2.27406,-0.0,-0.0,-0.0,0.0
1736847052.6076,0.0,2.27418,-0.0,-0.0,-0.0,0.0
1736847052.6076,0.0,2.2743,-0.0,-0.0,-0.0,0.0
1736847052.6086054,0.0,2.27442,-0.0,-0.0,-0.0,0.0
1736847052.6096058,0.0,2.27455,-0.0,-0.0,-0.0,0.0
1736847052.6102116,0.0,2.27471,-0.0,-0.0,-0.0,0.0
1736847052.6118183,0.0,2.27484,-0.0,-0.0,-0.0,0.0
1736847052.6120257,0.0,2.27499,-0.0,-0.0,-0.0,0.0
1736847052.6130269,0.0,2.27511,-0.0,-0.0,-0.0,0.0
1736847052.6140363,0.0,2.27523,-0.0,-0.0,-0.0,0.0
1736847052.6140363,0.0,2.27534,-0.0,-0.0,-0.0,0.0
1736847052.6150267,0.0,2.27546,-0.0,-0.0,-0.0,0.0
1736847052.616027,0.0,2.27559,-0.0,-0.0,-0.0,0.0
1736847052.6170304,0.0,2.27573,-0.0,-0.0,-0.0,0.0
1736847052.6170304,0.0,2.27587,-0.0,-0.0,-0.0,0.0
1736847052.6170304,0.0,2.276,-0.0,-0.0,-0.0,0.0
1736847052.6170304,0.0,2.27612,-0.0,-0.0,-0.0,0.0
1736847052.6170304,0.0,2.27624,-0.0,-0.0,-0.0,0.0
1736847052.6170304,0.0,2.27636,-0.0,-0.0,-0.0,0.0
1736847052.6170304,0.0,2.27648,-0.0,-0.0,-0.0,0.0
1736847052.6226094,0.0,2.27659,-0.0,-0.0,-0.0,0.0
1736847052.6237893,0.0,2.27672,-0.0,-0.0,-0.0,0.0
1736847052.6246483,0.0,2.27688,-0.0,-0.0,-0.0,0.0
1736847052.6255226,0.0,2.27702,-0.0,-0.0,-0.0,0.0
1736847052.6264112,0.0,2.27716,-0.0,-0.0,-0.0,0.0
1736847052.6264112,0.0,2.27728,-0.0,-0.0,-0.0,0.0
1736847052.627423,0.0,2.2774,-0.0,-0.0,-0.0,0.0
1736847052.6289485,0.0,2.27753,-0.0,-0.0,-0.0,0.0
1736847052.6289485,0.0,2.27765,-0.0,-0.0,-0.0,0.0
1736847052.629951,0.0,2.27778,-0.0,-0.0,-0.0,0.0
1736847052.6312127,0.0,2.27793,-0.0,-0.0,-0.0,0.0
1736847052.632255,0.0,2.27807,-0.0,-0.0,-0.0,0.0
1736847052.632255,0.0,2.27819,-0.0,-0.0,-0.0,0.0
1736847052.633254,0.0,2.27831,-0.0,-0.0,-0.0,0.0
1736847052.6346102,0.0,2.27843,-0.0,-0.0,-0.0,0.0
1736847052.634691,0.0,2.27855,-0.0,-0.0,-0.0,0.0
1736847052.6356924,0.0,2.27867,-0.0,-0.0,-0.0,0.0
1736847052.6366925,0.0,2.27879,-0.0,-0.0,-0.0,0.0
1736847052.6376925,0.0,2.27894,-0.0,-0.0,-0.0,0.0
1736847052.6380699,0.0,2.2791,-0.0,-0.0,-0.0,0.0
1736847052.639283,0.0,2.27925,-0.0,-0.0,-0.0,0.0
1736847052.639283,0.0,2.27938,-0.0,-0.0,-0.0,0.0
1736847052.639283,0.0,2.27951,-0.0,-0.0,-0.0,0.0
1736847052.639283,0.0,2.27963,-0.0,-0.0,-0.0,0.0
1736847052.639283,0.0,2.27974,-0.0,-0.0,-0.0,0.0
1736847052.643443,0.0,2.27986,-0.0,-0.0,-0.0,0.0
1736847052.6444497,0.0,2.27998,-0.0,-0.0,-0.0,0.0
1736847052.6455758,0.0,2.28014,-0.0,-0.0,-0.0,0.0
1736847052.6463444,0.0,2.28029,-0.0,-0.0,-0.0,0.0
1736847052.6473112,0.0,2.28042,-0.0,-0.0,-0.0,0.0
1736847052.6473112,0.0,2.28054,-0.0,-0.0,-0.0,0.0
1736847052.6483178,0.0,2.28066,-0.0,-0.0,-0.0,0.0
1736847052.6493254,0.0,2.28078,-0.0,-0.0,-0.0,0.0
1736847052.6499908,0.0,2.28089,-0.0,-0.0,-0.0,0.0
1736847052.6509957,0.0,2.28102,-0.0,-0.0,-0.0,0.0
1736847052.6517458,0.0,2.28116,-0.0,-0.0,-0.0,0.0
1736847052.6517458,0.0,2.2813,-0.0,-0.0,-0.0,0.0
1736847052.6517458,0.0,2.28144,-0.0,-0.0,-0.0,0.0
1736847052.6517458,0.0,2.28155,-0.0,-0.0,-0.0,0.0
1736847052.6550286,0.0,2.28167,-0.0,-0.0,-0.0,0.0
1736847052.6560357,0.0,2.28179,-0.0,-0.0,-0.0,0.0
1736847052.6560357,0.0,2.28191,-0.0,-0.0,-0.0,0.0
1736847052.6570342,0.0,2.28203,-0.0,-0.0,-0.0,0.0
1736847052.6580467,0.0,2.28215,-0.0,-0.0,-0.0,0.0
1736847052.6589413,0.0,2.28227,-0.0,-0.0,-0.0,0.0
1736847052.6599863,0.0,2.28241,-0.0,-0.0,-0.0,0.0
1736847052.6606562,0.0,2.28255,-0.0,-0.0,-0.0,0.0
1736847052.661676,0.0,2.28273,-0.0,-0.0,-0.0,0.0
1736847052.6626723,0.0,2.28289,-0.0,-0.0,-0.0,0.0
1736847052.6636744,0.0,2.28303,-0.0,-0.0,-0.0,0.0
1736847052.6646612,0.0,2.28315,-0.0,-0.0,-0.0,0.0
1736847052.6646612,0.0,2.28327,-0.0,-0.0,-0.0,0.0
1736847052.6663291,0.0,2.28345,-0.0,-0.0,-0.0,0.0
1736847052.6673472,0.0,2.28361,-0.0,-0.0,-0.0,0.0
1736847052.6683445,0.0,2.28377,-0.0,-0.0,-0.0,0.0
1736847052.6683445,0.0,2.28387,-0.0,-0.0,-0.0,0.0
1736847052.6693332,0.0,2.28397,-0.0,-0.0,-0.0,0.0
1736847052.6703446,0.0,2.28407,-0.0,-0.0,-0.0,0.0
1736847052.6703446,0.0,2.28418,-0.0,-0.0,-0.0,0.0
1736847052.6713333,0.0,2.28432,-0.0,-0.0,-0.0,0.0
1736847052.6728675,0.0,2.28445,-0.0,-0.0,-0.0,0.0
1736847052.6733108,0.0,2.2846,-0.0,-0.0,-0.0,0.0
1736847052.6743138,0.0,2.28474,-0.0,-0.0,-0.0,0.0
1736847052.675321,0.0,2.28487,-0.0,-0.0,-0.0,0.0
1736847052.676324,0.0,2.28499,-0.0,-0.0,-0.0,0.0
1736847052.6771932,0.0,2.28511,-0.0,-0.0,-0.0,0.0
1736847052.6771932,0.0,2.28523,-0.0,-0.0,-0.0,0.0
1736847052.6782,0.0,2.28535,-0.0,-0.0,-0.0,0.0
1736847052.6792004,0.0,2.28549,-0.0,-0.0,-0.0,0.0
1736847052.6801283,0.0,2.28564,-0.0,-0.0,-0.0,0.0
1736847052.6811619,0.0,2.28576,-0.0,-0.0,-0.0,0.0
1736847052.6811619,0.0,2.28588,-0.0,-0.0,-0.0,0.0
1736847052.6821744,0.0,2.286,-0.0,-0.0,-0.0,0.0
1736847052.683174,0.0,2.28612,-0.0,-0.0,-0.0,0.0
1736847052.6841004,0.0,2.28623,-0.0,-0.0,-0.0,0.0
1736847052.6851063,0.0,2.28635,-0.0,-0.0,-0.0,0.0
1736847052.6851063,0.0,2.28648,-0.0,-0.0,-0.0,0.0
1736847052.6864753,0.0,2.28662,-0.0,-0.0,-0.0,0.0
1736847052.6864753,0.0,2.28676,-0.0,-0.0,-0.0,0.0
1736847052.6864753,0.0,2.28688,-0.0,-0.0,-0.0,0.0
1736847052.6864753,0.0,2.287,-0.0,-0.0,-0.0,0.0
1736847052.6897435,0.0,2.28712,-0.0,-0.0,-0.0,0.0
1736847052.6897435,0.0,2.28723,-0.0,-0.0,-0.0,0.0
1736847052.6907508,0.0,2.28735,-0.0,-0.0,-0.0,0.0
1736847052.6917481,0.0,2.28747,-0.0,-0.0,-0.0,0.0
1736847052.6927526,0.0,2.28759,-0.0,-0.0,-0.0,0.0
1736847052.6937711,0.0,2.28773,-0.0,-0.0,-0.0,0.0
1736847052.6947727,0.0,2.28788,-0.0,-0.0,-0.0,0.0
1736847052.695446,0.0,2.28801,-0.0,-0.0,-0.0,0.0
1736847052.6964507,0.0,2.28814,-0.0,-0.0,-0.0,0.0
1736847052.6964507,0.0,2.28826,-0.0,-0.0,-0.0,0.0
1736847052.6980124,0.0,2.28838,-0.0,-0.0,-0.0,0.0
1736847052.6980124,0.0,2.2885,-0.0,-0.0,-0.0,0.0
1736847052.6990185,0.0,2.28862,-0.0,-0.0,-0.0,0.0
1736847052.7001624,0.0,2.28875,-0.0,-0.0,-0.0,0.0
1736847052.7005074,0.0,2.28889,-0.0,-0.0,-0.0,0.0
1736847052.7017622,0.0,2.28902,-0.0,-0.0,-0.0,0.0
1736847052.7027752,0.0,2.28915,-0.0,-0.0,-0.0,0.0
1736847052.7027752,0.0,2.28928,-0.0,-0.0,-0.0,0.0
1736847052.7037668,0.0,2.2894,-0.0,-0.0,-0.0,0.0
1736847052.7047663,0.0,2.28951,-0.0,-0.0,-0.0,0.0
1736847052.7057765,0.0,2.28963,-0.0,-0.0,-0.0,0.0
1736847052.706767,0.0,2.28976,-0.0,-0.0,-0.0,0.0
1736847052.7077732,0.0,2.28992,-0.0,-0.0,-0.0,0.0
1736847052.7077732,0.0,2.29007,-0.0,-0.0,-0.0,0.0
1736847052.7088206,0.0,2.29021,-0.0,-0.0,-0.0,0.0
1736847052.8006752,0.0,2.30442,-0.0,-0.0,-0.0,0.0
1736847052.8006752,0.0,2.30475,-0.0,-0.0,-0.0,0.0
1736847052.8006752,0.0,2.305,-0.0,-0.0,-0.0,0.0
1736847052.8006752,0.0,2.30521,-0.0,-0.0,-0.0,0.0
1736847052.8006752,0.0,2.30539,-0.0,-0.0,-0.0,0.0
1736847052.8069956,0.0,2.30556,-0.0,-0.0,-0.0,0.0
1736847052.807905,0.0,2.30568,-0.0,-0.0,-0.0,0.0
1736847052.8089728,0.0,2.30584,-0.0,-0.0,-0.0,0.0
1736847052.8098183,0.0,2.30597,-0.0,-0.0,-0.0,0.0
1736847052.8108246,0.0,2.30611,-0.0,-0.0,-0.0,0.0
1736847052.8115373,0.0,2.30625,-0.0,-0.0,-0.0,0.0
1736847052.8125415,0.0,2.30638,-0.0,-0.0,-0.0,0.0
1736847052.8132584,0.0,2.30651,-0.0,-0.0,-0.0,0.0
1736847052.813682,0.0,2.30664,-0.0,-0.0,-0.0,0.0
1736847052.814688,0.0,2.30676,-0.0,-0.0,-0.0,0.0
1736847052.8156867,0.0,2.30688,-0.0,-0.0,-0.0,0.0
1736847052.8156867,0.0,2.30699,-0.0,-0.0,-0.0,0.0
1736847052.8166866,0.0,2.30711,-0.0,-0.0,-0.0,0.0
1736847052.8176868,0.0,2.30723,-0.0,-0.0,-0.0,0.0
1736847052.8190138,0.0,2.30739,-0.0,-0.0,-0.0,0.0
1736847052.8190138,0.0,2.30754,-0.0,-0.0,-0.0,0.0
1736847052.8200169,0.0,2.30767,-0.0,-0.0,-0.0,0.0
1736847052.8210154,0.0,2.30779,-0.0,-0.0,-0.0,0.0
1736847052.8220139,0.0,2.30791,-0.0,-0.0,-0.0,0.0
1736847052.8230143,0.0,2.30803,-0.0,-0.0,-0.0,0.0
1736847052.8230143,0.0,2.30814,-0.0,-0.0,-0.0,0.0
1736847052.8240132,0.0,2.30826,-0.0,-0.0,-0.0,0.0
1736847052.8250153,0.0,2.30839,-0.0,-0.0,-0.0,0.0
1736847052.8261535,0.0,2.30854,-0.0,-0.0,-0.0,0.0
1736847052.8271549,0.0,2.30868,-0.0,-0.0,-0.0,0.0
1736847052.8271549,0.0,2.30882,-0.0,-0.0,-0.0,0.0
1736847052.8281558,0.0,2.30894,-0.0,-0.0,-0.0,0.0
1736847052.8291543,0.0,2.30907,-0.0,-0.0,-0.0,0.0
1736847052.8302398,0.0,2.3092,-0.0,-0.0,-0.0,0.0
1736847052.8312454,0.0,2.30933,-0.0,-0.0,-0.0,0.0
1736847052.8322468,0.0,2.30947,-0.0,-0.0,-0.0,0.0
1736847052.8323984,0.0,2.30962,-0.0,-0.0,-0.0,0.0
1736847052.8323984,0.0,2.30976,-0.0,-0.0,-0.0,0.0
1736847052.8323984,0.0,2.30988,-0.0,-0.0,-0.0,0.0
1736847052.8323984,0.0,2.31,-0.0,-0.0,-0.0,0.0
1736847052.836231,0.0,2.31012,-0.0,-0.0,-0.0,0.0
1736847052.8371756,0.0,2.31024,-0.0,-0.0,-0.0,0.0
1736847052.8371756,0.0,2.31037,-0.0,-0.0,-0.0,0.0
1736847052.838183,0.0,2.31049,-0.0,-0.0,-0.0,0.0
1736847052.8394985,0.0,2.31063,-0.0,-0.0,-0.0,0.0
1736847052.840592,0.0,2.31078,-0.0,-0.0,-0.0,0.0
1736847052.840902,0.0,2.31092,-0.0,-0.0,-0.0,0.0
1736847052.840902,0.0,2.31104,-0.0,-0.0,-0.0,0.0
1736847052.840902,0.0,2.31117,-0.0,-0.0,-0.0,0.0
1736847052.840902,0.0,2.31129,-0.0,-0.0,-0.0,0.0
1736847052.840902,0.0,2.3114,-0.0,-0.0,-0.0,0.0
1736847052.844818,0.0,2.31152,-0.0,-0.0,-0.0,0.0
1736847052.8460243,0.0,2.31165,-0.0,-0.0,-0.0,0.0
1736847052.8466222,0.0,2.31181,-0.0,-0.0,-0.0,0.0
1736847052.8476284,0.0,2.31195,-0.0,-0.0,-0.0,0.0
1736847052.8486376,0.0,2.31208,-0.0,-0.0,-0.0,0.0
1736847052.8486376,0.0,2.31219,-0.0,-0.0,-0.0,0.0
1736847052.8496275,0.0,2.31231,-0.0,-0.0,-0.0,0.0
1736847052.8506265,0.0,2.31243,-0.0,-0.0,-0.0,0.0
1736847052.8515189,0.0,2.31255,-0.0,-0.0,-0.0,0.0
1736847052.8525252,0.0,2.31268,-0.0,-0.0,-0.0,0.0
1736847052.853073,0.0,2.31283,-0.0,-0.0,-0.0,0.0
1736847052.853073,0.0,2.31297,-0.0,-0.0,-0.0,0.0
1736847052.853073,0.0,2.31309,-0.0,-0.0,-0.0,0.0
1736847052.853073,0.0,2.31322,-0.0,-0.0,-0.0,0.0
1736847052.8567123,0.0,2.31333,-0.0,-0.0,-0.0,0.0
1736847052.8574858,0.0,2.31346,-0.0,-0.0,-0.0,0.0
1736847052.8583214,0.0,2.31357,-0.0,-0.0,-0.0,0.0
1736847052.8583214,0.0,2.31369,-0.0,-0.0,-0.0,0.0
1736847052.8599205,0.0,2.31383,-0.0,-0.0,-0.0,0.0
1736847052.860929,0.0,2.31398,-0.0,-0.0,-0.0,0.0
1736847052.8619337,0.0,2.31414,-0.0,-0.0,-0.0,0.0
1736847052.8627992,0.0,2.31427,-0.0,-0.0,-0.0,0.0
1736847052.8628993,0.0,2.3144,-0.0,-0.0,-0.0,0.0
1736847052.8639002,0.0,2.31452,-0.0,-0.0,-0.0,0.0
1736847052.8648999,0.0,2.31464,-0.0,-0.0,-0.0,0.0
1736847052.8659024,0.0,2.31476,-0.0,-0.0,-0.0,0.0
1736847052.8659024,0.0,2.31488,-0.0,-0.0,-0.0,0.0
1736847052.8672366,0.0,2.31504,-0.0,-0.0,-0.0,0.0
1736847052.868545,0.0,2.31517,-0.0,-0.0,-0.0,0.0
1736847052.8686519,0.0,2.31531,-0.0,-0.0,-0.0,0.0
1736847052.8696551,0.0,2.31544,-0.0,-0.0,-0.0,0.0
1736847052.8706527,0.0,2.31556,-0.0,-0.0,-0.0,0.0
1736847052.8716629,0.0,2.31567,-0.0,-0.0,-0.0,0.0
1736847052.8716629,0.0,2.31579,-0.0,-0.0,-0.0,0.0
1736847052.8726532,0.0,2.31592,-0.0,-0.0,-0.0,0.0
1736847052.8738644,0.0,2.31606,-0.0,-0.0,-0.0,0.0
1736847052.87495,0.0,2.3162,-0.0,-0.0,-0.0,0.0
1736847052.8759449,0.0,2.31634,-0.0,-0.0,-0.0,0.0
1736847052.8759449,0.0,2.31647,-0.0,-0.0,-0.0,0.0
1736847052.8769574,0.0,2.31659,-0.0,-0.0,-0.0,0.0
1736847052.8779569,0.0,2.31671,-0.0,-0.0,-0.0,0.0
1736847052.8789685,0.0,2.31682,-0.0,-0.0,-0.0,0.0
1736847052.8789685,0.0,2.31693,-0.0,-0.0,-0.0,0.0
1736847052.8799589,0.0,2.31705,-0.0,-0.0,-0.0,0.0
1736847052.8812802,0.0,2.31721,-0.0,-0.0,-0.0,0.0
1736847052.8823357,0.0,2.31735,-0.0,-0.0,-0.0,0.0
1736847052.8823357,0.0,2.31747,-0.0,-0.0,-0.0,0.0
1736847052.8833184,0.0,2.31759,-0.0,-0.0,-0.0,0.0
1736847052.8843188,0.0,2.31771,-0.0,-0.0,-0.0,0.0
1736847052.8853312,0.0,2.31783,-0.0,-0.0,-0.0,0.0
1736847052.8853312,0.0,2.31795,-0.0,-0.0,-0.0,0.0
1736847052.8865013,0.0,2.31807,-0.0,-0.0,-0.0,0.0
1736847052.8875012,0.0,2.31819,-0.0,-0.0,-0.0,0.0
1736847052.8882716,0.0,2.31834,-0.0,-0.0,-0.0,0.0
1736847052.88932,0.0,2.31848,-0.0,-0.0,-0.0,0.0
1736847052.890325,0.0,2.3186,-0.0,-0.0,-0.0,0.0
1736847052.890325,0.0,2.31872,-0.0,-0.0,-0.0,0.0
1736847052.891319,0.0,2.31884,-0.0,-0.0,-0.0,0.0
1736847052.8921084,0.0,2.31895,-0.0,-0.0,-0.0,0.0
1736847052.893461,0.0,2.31908,-0.0,-0.0,-0.0,0.0
1736847052.893461,0.0,2.31922,-0.0,-0.0,-0.0,0.0
1736847052.8947508,0.0,2.31936,-0.0,-0.0,-0.0,0.0
1736847052.8947508,0.0,2.31949,-0.0,-0.0,-0.0,0.0
1736847052.8947508,0.0,2.31962,-0.0,-0.0,-0.0,0.0
1736847052.8947508,0.0,2.31973,-0.0,-0.0,-0.0,0.0
1736847052.8981633,0.0,2.31984,-0.0,-0.0,-0.0,0.0
1736847052.899058,0.0,2.31996,-0.0,-0.0,-0.0,0.0
1736847052.899058,0.0,2.32009,-0.0,-0.0,-0.0,0.0
1736847052.9000652,0.0,2.3202,-0.0,-0.0,-0.0,0.0
1736847052.9010768,0.0,2.32032,-0.0,-0.0,-0.0,0.0
1736847052.9017303,0.0,2.32046,-0.0,-0.0,-0.0,0.0
1736847052.9022574,0.0,2.32059,-0.0,-0.0,-0.0,0.0
1736847052.9038157,0.0,2.32073,-0.0,-0.0,-0.0,0.0
1736847052.9038157,0.0,2.32085,-0.0,-0.0,-0.0,0.0
1736847052.9048219,0.0,2.32098,-0.0,-0.0,-0.0,0.0
1736847052.9058201,0.0,2.3211,-0.0,-0.0,-0.0,0.0
1736847052.9068303,0.0,2.32122,-0.0,-0.0,-0.0,0.0
1736847052.9078207,0.0,2.32134,-0.0,-0.0,-0.0,0.0
1736847052.9085464,0.0,2.32147,-0.0,-0.0,-0.0,0.0
1736847052.9094326,0.0,2.32162,-0.0,-0.0,-0.0,0.0
1736847052.9104462,0.0,2.32176,-0.0,-0.0,-0.0,0.0
1736847052.9104462,0.0,2.32189,-0.0,-0.0,-0.0,0.0
1736847052.9114337,0.0,2.32201,-0.0,-0.0,-0.0,0.0
1736847052.912433,0.0,2.32213,-0.0,-0.0,-0.0,0.0
1736847052.9134517,0.0,2.32224,-0.0,-0.0,-0.0,0.0
1736847052.9134517,0.0,2.32236,-0.0,-0.0,-0.0,0.0
1736847052.9144335,0.0,2.32249,-0.0,-0.0,-0.0,0.0
1736847052.9161935,0.0,2.32265,-0.0,-0.0,-0.0,0.0
1736847052.9170058,0.0,2.3228,-0.0,-0.0,-0.0,0.0
1736847052.9175165,0.0,2.32294,-0.0,-0.0,-0.0,0.0
1736847052.9185216,0.0,2.32307,-0.0,-0.0,-0.0,0.0
1736847052.919537,0.0,2.32319,-0.0,-0.0,-0.0,0.0
1736847052.919537,0.0,2.32331,-0.0,-0.0,-0.0,0.0
1736847052.9205225,0.0,2.32343,-0.0,-0.0,-0.0,0.0
1736847052.921523,0.0,2.32357,-0.0,-0.0,-0.0,0.0
1736847052.9228115,0.0,2.3237,-0.0,-0.0,-0.0,0.0
1736847052.9231937,0.0,2.32385,-0.0,-0.0,-0.0,0.0
1736847052.924199,0.0,2.32399,-0.0,-0.0,-0.0,0.0
1736847052.9252098,0.0,2.3241,-0.0,-0.0,-0.0,0.0
1736847052.9252098,0.0,2.32421,-0.0,-0.0,-0.0,0.0
1736847052.926198,0.0,2.32433,-0.0,-0.0,-0.0,0.0
1736847052.927124,0.0,2.32445,-0.0,-0.0,-0.0,0.0
1736847052.9281693,0.0,2.32458,-0.0,-0.0,-0.0,0.0
1736847052.9291759,0.0,2.32471,-0.0,-0.0,-0.0,0.0
1736847052.9294608,0.0,2.32487,-0.0,-0.0,-0.0,0.0
1736847052.9294608,0.0,2.32501,-0.0,-0.0,-0.0,0.0
1736847052.9294608,0.0,2.32513,-0.0,-0.0,-0.0,0.0
1736847052.9324975,0.0,2.32525,-0.0,-0.0,-0.0,0.0
1736847052.9335036,0.0,2.32538,-0.0,-0.0,-0.0,0.0
1736847052.9335036,0.0,2.32549,-0.0,-0.0,-0.0,0.0
1736847052.9345038,0.0,2.32561,-0.0,-0.0,-0.0,0.0
1736847052.935502,0.0,2.32573,-0.0,-0.0,-0.0,0.0
1736847052.9363854,0.0,2.32586,-0.0,-0.0,-0.0,0.0
1736847052.9368954,0.0,2.32603,-0.0,-0.0,-0.0,0.0
1736847052.9384198,0.0,2.32617,-0.0,-0.0,-0.0,0.0
1736847052.9384198,0.0,2.32629,-0.0,-0.0,-0.0,0.0
1736847052.9394243,0.0,2.32641,-0.0,-0.0,-0.0,0.0
1736847052.9404254,0.0,2.32653,-0.0,-0.0,-0.0,0.0
1736847052.9414377,0.0,2.32664,-0.0,-0.0,-0.0,0.0
1736847052.9414377,0.0,2.32676,-0.0,-0.0,-0.0,0.0
1736847052.942426,0.0,2.32688,-0.0,-0.0,-0.0,0.0
1736847052.9436357,0.0,2.32703,-0.0,-0.0,-0.0,0.0
1736847052.9442735,0.0,2.3272,-0.0,-0.0,-0.0,0.0
1736847052.945279,0.0,2.32733,-0.0,-0.0,-0.0,0.0
1736847052.94628,0.0,2.32745,-0.0,-0.0,-0.0,0.0
1736847052.947292,0.0,2.32757,-0.0,-0.0,-0.0,0.0
1736847052.947292,0.0,2.32768,-0.0,-0.0,-0.0,0.0
1736847052.9482782,0.0,2.3278,-0.0,-0.0,-0.0,0.0
1736847052.9492788,0.0,2.32796,-0.0,-0.0,-0.0,0.0
1736847052.9509854,0.0,2.32811,-0.0,-0.0,-0.0,0.0
1736847052.9520411,0.0,2.32831,-0.0,-0.0,-0.0,0.0
1736847052.953027,0.0,2.32844,-0.0,-0.0,-0.0,0.0
1736847052.953027,0.0,2.32856,-0.0,-0.0,-0.0,0.0
1736847052.954028,0.0,2.32868,-0.0,-0.0,-0.0,0.0
1736847052.9548185,0.0,2.3288,-0.0,-0.0,-0.0,0.0
1736847052.955946,0.0,2.32895,-0.0,-0.0,-0.0,0.0
1736847052.956953,0.0,2.32908,-0.0,-0.0,-0.0,0.0
1736847052.957309,0.0,2.32923,-0.0,-0.0,-0.0,0.0
1736847052.957309,0.0,2.32937,-0.0,-0.0,-0.0,0.0
1736847052.957309,0.0,2.32949,-0.0,-0.0,-0.0,0.0
1736847052.960277,0.0,2.32961,-0.0,-0.0,-0.0,0.0
1736847052.960277,0.0,2.32973,-0.0,-0.0,-0.0,0.0
1736847052.961287,0.0,2.32985,-0.0,-0.0,-0.0,0.0
1736847052.9622881,0.0,2.32996,-0.0,-0.0,-0.0,0.0
1736847052.9632907,0.0,2.33008,-0.0,-0.0,-0.0,0.0
1736847052.9641557,0.0,2.33022,-0.0,-0.0,-0.0,0.0
1736847052.9647603,0.0,2.33036,-0.0,-0.0,-0.0,0.0
1736847052.9661913,0.0,2.33051,-0.0,-0.0,-0.0,0.0
1736847052.9663193,0.0,2.33065,-0.0,-0.0,-0.0,0.0
1736847052.9673214,0.0,2.33078,-0.0,-0.0,-0.0,0.0
1736847052.9683194,0.0,2.3309,-0.0,-0.0,-0.0,0.0
1736847052.9693272,0.0,2.33101,-0.0,-0.0,-0.0,0.0
1736847052.9693272,0.0,2.33113,-0.0,-0.0,-0.0,0.0
1736847052.9703193,0.0,2.33126,-0.0,-0.0,-0.0,0.0
1736847052.971331,0.0,2.33143,-0.0,-0.0,-0.0,0.0
1736847052.9722571,0.0,2.33159,-0.0,-0.0,-0.0,0.0
1736847052.973263,0.0,2.33173,-0.0,-0.0,-0.0,0.0
1736847052.9742646,0.0,2.33186,-0.0,-0.0,-0.0,0.0
1736847052.9752638,0.0,2.33198,-0.0,-0.0,-0.0,0.0
1736847052.9762626,0.0,2.33211,-0.0,-0.0,-0.0,0.0
1736847052.976869,0.0,2.33223,-0.0,-0.0,-0.0,0.0
1736847052.977924,0.0,2.33239,-0.0,-0.0,-0.0,0.0
1736847052.9789577,0.0,2.33255,-0.0,-0.0,-0.0,0.0
1736847052.980015,0.0,2.33269,-0.0,-0.0,-0.0,0.0
1736847052.9810047,0.0,2.33283,-0.0,-0.0,-0.0,0.0
1736847052.98151,0.0,2.33296,-0.0,-0.0,-0.0,0.0
1736847052.9822948,0.0,2.33308,-0.0,-0.0,-0.0,0.0
1736847052.9833007,0.0,2.3332,-0.0,-0.0,-0.0,0.0
1736847052.9837108,0.0,2.33333,-0.0,-0.0,-0.0,0.0
1736847052.9847133,0.0,2.33346,-0.0,-0.0,-0.0,0.0
1736847052.985137,0.0,2.33363,-0.0,-0.0,-0.0,0.0
1736847052.985137,0.0,2.33376,-0.0,-0.0,-0.0,0.0
1736847052.985137,0.0,2.33389,-0.0,-0.0,-0.0,0.0
1736847052.9882398,0.0,2.33401,-0.0,-0.0,-0.0,0.0
1736847052.989245,0.0,2.33412,-0.0,-0.0,-0.0,0.0
1736847052.989245,0.0,2.33424,-0.0,-0.0,-0.0,0.0
1736847052.9902446,0.0,2.33436,-0.0,-0.0,-0.0,0.0
1736847052.991246,0.0,2.33449,-0.0,-0.0,-0.0,0.0
1736847052.9922848,0.0,2.33462,-0.0,-0.0,-0.0,0.0
1736847052.9933355,0.0,2.33476,-0.0,-0.0,-0.0,0.0
1736847052.9939234,0.0,2.3349,-0.0,-0.0,-0.0,0.0
1736847052.9949284,0.0,2.33502,-0.0,-0.0,-0.0,0.0
1736847052.9949284,0.0,2.33514,-0.0,-0.0,-0.0,0.0
1736847052.9959276,0.0,2.33527,-0.0,-0.0,-0.0,0.0
1736847052.9973297,0.0,2.33539,-0.0,-0.0,-0.0,0.0
1736847052.9973297,0.0,2.33552,-0.0,-0.0,-0.0,0.0
1736847052.9990978,0.0,2.33567,-0.0,-0.0,-0.0,0.0
1736847052.9997244,0.0,2.33582,-0.0,-0.0,-0.0,0.0
1736847053.0007303,0.0,2.33598,-0.0,-0.0,-0.0,0.0
1736847053.0017393,0.0,2.33612,-0.0,-0.0,-0.0,0.0
1736847053.0017393,0.0,2.33624,-0.0,-0.0,-0.0,0.0
1736847053.0027292,0.0,2.33635,-0.0,-0.0,-0.0,0.0
1736847053.0037286,0.0,2.33648,-0.0,-0.0,-0.0,0.0
1736847053.0047302,0.0,2.3366,-0.0,-0.0,-0.0,0.0
1736847053.005901,0.0,2.33672,-0.0,-0.0,-0.0,0.0
1736847053.0061514,0.0,2.33688,-0.0,-0.0,-0.0,0.0
1736847053.0071902,0.0,2.33702,-0.0,-0.0,-0.0,0.0
1736847053.0081997,0.0,2.33713,-0.0,-0.0,-0.0,0.0
1736847053.0091918,0.0,2.33727,-0.0,-0.0,-0.0,0.0
1736847053.0091918,0.0,2.33739,-0.0,-0.0,-0.0,0.0
1736847053.01019,0.0,2.33751,-0.0,-0.0,-0.0,0.0
1736847053.0115194,0.0,2.33763,-0.0,-0.0,-0.0,0.0
1736847053.0115194,0.0,2.33777,-0.0,-0.0,-0.0,0.0
1736847053.013164,0.0,2.33791,-0.0,-0.0,-0.0,0.0
1736847053.014111,0.0,2.33804,-0.0,-0.0,-0.0,0.0
1736847053.014111,0.0,2.33818,-0.0,-0.0,-0.0,0.0
1736847053.015125,0.0,2.3383,-0.0,-0.0,-0.0,0.0
1736847053.0161226,0.0,2.33842,-0.0,-0.0,-0.0,0.0
1736847053.0172591,0.0,2.33853,-0.0,-0.0,-0.0,0.0
1736847053.017345,0.0,2.33866,-0.0,-0.0,-0.0,0.0
1736847053.018346,0.0,2.33878,-0.0,-0.0,-0.0,0.0
1736847053.019644,0.0,2.3389,-0.0,-0.0,-0.0,0.0
1736847053.0199802,0.0,2.33905,-0.0,-0.0,-0.0,0.0
1736847053.0210214,0.0,2.33918,-0.0,-0.0,-0.0,0.0
1736847053.0220296,0.0,2.33931,-0.0,-0.0,-0.0,0.0
1736847053.0229163,0.0,2.33942,-0.0,-0.0,-0.0,0.0
1736847053.0230074,0.0,2.33954,-0.0,-0.0,-0.0,0.0
1736847053.0240083,0.0,2.33966,-0.0,-0.0,-0.0,0.0
1736847053.0250173,0.0,2.33978,-0.0,-0.0,-0.0,0.0
1736847053.0260088,0.0,2.3399,-0.0,-0.0,-0.0,0.0
1736847053.0268989,0.0,2.34005,-0.0,-0.0,-0.0,0.0
1736847053.028012,0.0,2.34024,-0.0,-0.0,-0.0,0.0
1736847053.028733,0.0,2.34038,-0.0,-0.0,-0.0,0.0
1736847053.0298717,0.0,2.34051,-0.0,-0.0,-0.0,0.0
1736847053.0304952,0.0,2.34063,-0.0,-0.0,-0.0,0.0
1736847053.0310035,0.0,2.34075,-0.0,-0.0,-0.0,0.0
1736847053.0320094,0.0,2.34086,-0.0,-0.0,-0.0,0.0
1736847053.0320094,0.0,2.34098,-0.0,-0.0,-0.0,0.0
1736847053.0343728,0.0,2.34111,-0.0,-0.0,-0.0,0.0
1736847053.0352812,0.0,2.34138,-0.0,-0.0,-0.0,0.0
1736847053.0362864,0.0,2.34152,-0.0,-0.0,-0.0,0.0
1736847053.0362864,0.0,2.34164,-0.0,-0.0,-0.0,0.0
1736847053.0372858,0.0,2.34177,-0.0,-0.0,-0.0,0.0
1736847053.0382853,0.0,2.34189,-0.0,-0.0,-0.0,0.0
1736847053.0392857,0.0,2.34201,-0.0,-0.0,-0.0,0.0
1736847053.0392857,0.0,2.34214,-0.0,-0.0,-0.0,0.0
1736847053.041173,0.0,2.34228,-0.0,-0.0,-0.0,0.0
1736847053.042175,0.0,2.34244,-0.0,-0.0,-0.0,0.0
1736847053.042175,0.0,2.34258,-0.0,-0.0,-0.0,0.0
1736847053.043175,0.0,2.34271,-0.0,-0.0,-0.0,0.0
1736847053.0441742,0.0,2.34283,-0.0,-0.0,-0.0,0.0
1736847053.0451844,0.0,2.34295,-0.0,-0.0,-0.0,0.0
1736847053.0461752,0.0,2.34307,-0.0,-0.0,-0.0,0.0
1736847053.0462356,0.0,2.34319,-0.0,-0.0,-0.0,0.0
1736847053.0476334,0.0,2.34332,-0.0,-0.0,-0.0,0.0
1736847053.0480306,0.0,2.34348,-0.0,-0.0,-0.0,0.0
1736847053.0490375,0.0,2.34363,-0.0,-0.0,-0.0,0.0
1736847053.0500739,0.0,2.34374,-0.0,-0.0,-0.0,0.0
1736847053.051042,0.0,2.34386,-0.0,-0.0,-0.0,0.0
1736847053.0514314,0.0,2.34397,-0.0,-0.0,-0.0,0.0
1736847053.0521748,0.0,2.34409,-0.0,-0.0,-0.0,0.0
1736847053.0531611,0.0,2.34422,-0.0,-0.0,-0.0,0.0
1736847053.0541737,0.0,2.34435,-0.0,-0.0,-0.0,0.0
1736847053.0544794,0.0,2.34451,-0.0,-0.0,-0.0,0.0
1736847053.0544794,0.0,2.34464,-0.0,-0.0,-0.0,0.0
1736847053.0544794,0.0,2.34477,-0.0,-0.0,-0.0,0.0
1736847053.0544794,0.0,2.34489,-0.0,-0.0,-0.0,0.0
1736847053.0582778,0.0,2.34501,-0.0,-0.0,-0.0,0.0
1736847053.0592835,0.0,2.34513,-0.0,-0.0,-0.0,0.0
1736847053.0592835,0.0,2.34525,-0.0,-0.0,-0.0,0.0
1736847053.0602827,0.0,2.34537,-0.0,-0.0,-0.0,0.0
1736847053.0616868,0.0,2.34552,-0.0,-0.0,-0.0,0.0
1736847053.0616868,0.0,2.34565,-0.0,-0.0,-0.0,0.0
1736847053.0631804,0.0,2.34578,-0.0,-0.0,-0.0,0.0
1736847053.0641801,0.0,2.34591,-0.0,-0.0,-0.0,0.0
1736847053.0641801,0.0,2.34603,-0.0,-0.0,-0.0,0.0
1736847053.0651796,0.0,2.34614,-0.0,-0.0,-0.0,0.0
1736847053.0651796,0.0,2.34626,-0.0,-0.0,-0.0,0.0
1736847053.0670931,0.0,2.34638,-0.0,-0.0,-0.0,0.0
1736847053.0670931,0.0,2.3465,-0.0,-0.0,-0.0,0.0
1736847053.0688539,0.0,2.34664,-0.0,-0.0,-0.0,0.0
1736847053.0697896,0.0,2.34679,-0.0,-0.0,-0.0,0.0
1736847053.0697896,0.0,2.34693,-0.0,-0.0,-0.0,0.0
1736847053.0708053,0.0,2.34705,-0.0,-0.0,-0.0,0.0
1736847053.0718038,0.0,2.34718,-0.0,-0.0,-0.0,0.0
1736847053.0728014,0.0,2.3473,-0.0,-0.0,-0.0,0.0
1736847053.0736232,0.0,2.34741,-0.0,-0.0,-0.0,0.0
1736847053.0736232,0.0,2.34753,-0.0,-0.0,-0.0,0.0
1736847053.0753639,0.0,2.34766,-0.0,-0.0,-0.0,0.0
1736847053.0753639,0.0,2.34781,-0.0,-0.0,-0.0,0.0
1736847053.0753639,0.0,2.34793,-0.0,-0.0,-0.0,0.0
1736847053.0753639,0.0,2.34805,-0.0,-0.0,-0.0,0.0
1736847053.0753639,0.0,2.34817,-0.0,-0.0,-0.0,0.0
1736847053.0791075,0.0,2.34829,-0.0,-0.0,-0.0,0.0
1736847053.0801127,0.0,2.34841,-0.0,-0.0,-0.0,0.0
1736847053.0801127,0.0,2.34852,-0.0,-0.0,-0.0,0.0
1736847053.081114,0.0,2.34866,-0.0,-0.0,-0.0,0.0
1736847053.082475,0.0,2.3488,-0.0,-0.0,-0.0,0.0
1736847053.0834832,0.0,2.34894,-0.0,-0.0,-0.0,0.0
1736847053.0838287,0.0,2.34907,-0.0,-0.0,-0.0,0.0
1736847053.0838287,0.0,2.3492,-0.0,-0.0,-0.0,0.0
1736847053.0838287,0.0,2.34933,-0.0,-0.0,-0.0,0.0
1736847053.0838287,0.0,2.34945,-0.0,-0.0,-0.0,0.0
1736847053.0838287,0.0,2.34957,-0.0,-0.0,-0.0,0.0
1736847053.0878627,0.0,2.34968,-0.0,-0.0,-0.0,0.0
1736847053.089118,0.0,2.34981,-0.0,-0.0,-0.0,0.0
1736847053.0899103,0.0,2.34997,-0.0,-0.0,-0.0,0.0
1736847053.0908892,0.0,2.35011,-0.0,-0.0,-0.0,0.0
1736847053.0908892,0.0,2.35024,-0.0,-0.0,-0.0,0.0
1736847053.0919023,0.0,2.35037,-0.0,-0.0,-0.0,0.0
1736847053.0929012,0.0,2.35049,-0.0,-0.0,-0.0,0.0
1736847053.0939126,0.0,2.35061,-0.0,-0.0,-0.0,0.0
1736847053.094902,0.0,2.35072,-0.0,-0.0,-0.0,0.0
1736847053.094902,0.0,2.35085,-0.0,-0.0,-0.0,0.0
1736847053.0967634,0.0,2.35101,-0.0,-0.0,-0.0,0.0
1736847053.0967634,0.0,2.35116,-0.0,-0.0,-0.0,0.0
1736847053.097769,0.0,2.3513,-0.0,-0.0,-0.0,0.0
1736847053.0987697,0.0,2.35143,-0.0,-0.0,-0.0,0.0
1736847053.0997684,0.0,2.35155,-0.0,-0.0,-0.0,0.0
1736847053.1007826,0.0,2.35167,-0.0,-0.0,-0.0,0.0
1736847053.1016781,0.0,2.35178,-0.0,-0.0,-0.0,0.0
1736847053.1016781,0.0,2.35191,-0.0,-0.0,-0.0,0.0
1736847053.1034317,0.0,2.35206,-0.0,-0.0,-0.0,0.0
1736847053.1034317,0.0,2.3522,-0.0,-0.0,-0.0,0.0
1736847053.1044765,0.0,2.35234,-0.0,-0.0,-0.0,0.0
1736847053.1054754,0.0,2.35245,-0.0,-0.0,-0.0,0.0
1736847053.106486,0.0,2.35257,-0.0,-0.0,-0.0,0.0
1736847053.1074305,0.0,2.35269,-0.0,-0.0,-0.0,0.0
1736847053.108061,0.0,2.35281,-0.0,-0.0,-0.0,0.0
1736847053.108061,0.0,2.35294,-0.0,-0.0,-0.0,0.0
1736847053.1090724,0.0,2.35306,-0.0,-0.0,-0.0,0.0
1736847053.1104112,0.0,2.35321,-0.0,-0.0,-0.0,0.0
1736847053.1114154,0.0,2.35336,-0.0,-0.0,-0.0,0.0
1736847053.1120205,0.0,2.3535,-0.0,-0.0,-0.0,0.0
1736847053.1120205,0.0,2.35363,-0.0,-0.0,-0.0,0.0
1736847053.1120205,0.0,2.35377,-0.0,-0.0,-0.0,0.0
1736847053.1120205,0.0,2.3539,-0.0,-0.0,-0.0,0.0
1736847053.1156766,0.0,2.35403,-0.0,-0.0,-0.0,0.0
1736847053.1166835,0.0,2.35415,-0.0,-0.0,-0.0,0.0
1736847053.1169922,0.0,2.35429,-0.0,-0.0,-0.0,0.0
1736847053.118409,0.0,2.35445,-0.0,-0.0,-0.0,0.0
1736847053.1194327,0.0,2.3546,-0.0,-0.0,-0.0,0.0
1736847053.1204145,0.0,2.35474,-0.0,-0.0,-0.0,0.0
1736847053.1204145,0.0,2.35486,-0.0,-0.0,-0.0,0.0
1736847053.121414,0.0,2.35499,-0.0,-0.0,-0.0,0.0
1736847053.1224139,0.0,2.35511,-0.0,-0.0,-0.0,0.0
1736847053.1234155,0.0,2.35522,-0.0,-0.0,-0.0,0.0
1736847053.1245584,0.0,2.35538,-0.0,-0.0,-0.0,0.0
1736847053.1253176,0.0,2.35553,-0.0,-0.0,-0.0,0.0
1736847053.1259794,0.0,2.35566,-0.0,-0.0,-0.0,0.0
1736847053.126985,0.0,2.35578,-0.0,-0.0,-0.0,0.0
1736847053.126985,0.0,2.3559,-0.0,-0.0,-0.0,0.0
1736847053.127984,0.0,2.35602,-0.0,-0.0,-0.0,0.0
1736847053.129066,0.0,2.35613,-0.0,-0.0,-0.0,0.0
1736847053.1300716,0.0,2.35625,-0.0,-0.0,-0.0,0.0
1736847053.1309094,0.0,2.35639,-0.0,-0.0,-0.0,0.0
1736847053.1309094,0.0,2.35654,-0.0,-0.0,-0.0,0.0
1736847053.1309094,0.0,2.35667,-0.0,-0.0,-0.0,0.0
1736847053.1309094,0.0,2.3568,-0.0,-0.0,-0.0,0.0
1736847053.1343234,0.0,2.35692,-0.0,-0.0,-0.0,0.0
1736847053.1344285,0.0,2.35705,-0.0,-0.0,-0.0,0.0
1736847053.1354299,0.0,2.35718,-0.0,-0.0,-0.0,0.0
1736847053.1364293,0.0,2.3573,-0.0,-0.0,-0.0,0.0
1736847053.1374295,0.0,2.35742,-0.0,-0.0,-0.0,0.0
1736847053.1380682,0.0,2.35758,-0.0,-0.0,-0.0,0.0
1736847053.1388915,0.0,2.35772,-0.0,-0.0,-0.0,0.0
1736847053.1388915,0.0,2.35786,-0.0,-0.0,-0.0,0.0
1736847053.1388915,0.0,2.35798,-0.0,-0.0,-0.0,0.0
1736847053.1388915,0.0,2.3581,-0.0,-0.0,-0.0,0.0
1736847053.1388915,0.0,2.35823,-0.0,-0.0,-0.0,0.0
1736847053.1434653,0.0,2.35834,-0.0,-0.0,-0.0,0.0
1736847053.1434653,0.0,2.35847,-0.0,-0.0,-0.0,0.0
1736847053.1449163,0.0,2.35861,-0.0,-0.0,-0.0,0.0
1736847053.1458669,0.0,2.35875,-0.0,-0.0,-0.0,0.0
1736847053.1466594,0.0,2.35888,-0.0,-0.0,-0.0,0.0
1736847053.147462,0.0,2.35901,-0.0,-0.0,-0.0,0.0
1736847053.147462,0.0,2.35912,-0.0,-0.0,-0.0,0.0
1736847053.1484745,0.0,2.35924,-0.0,-0.0,-0.0,0.0
1736847053.1494722,0.0,2.35936,-0.0,-0.0,-0.0,0.0
1736847053.150362,0.0,2.35949,-0.0,-0.0,-0.0,0.0
1736847053.1513782,0.0,2.35963,-0.0,-0.0,-0.0,0.0
1736847053.1522496,0.0,2.3598,-0.0,-0.0,-0.0,0.0
1736847053.1532998,0.0,2.35994,-0.0,-0.0,-0.0,0.0
1736847053.1542866,0.0,2.36006,-0.0,-0.0,-0.0,0.0
1736847053.1542866,0.0,2.36018,-0.0,-0.0,-0.0,0.0
1736847053.1552873,0.0,2.3603,-0.0,-0.0,-0.0,0.0
1736847053.156552,0.0,2.36041,-0.0,-0.0,-0.0,0.0
1736847053.1566434,0.0,2.36054,-0.0,-0.0,-0.0,0.0
1736847053.1576455,0.0,2.36068,-0.0,-0.0,-0.0,0.0
1736847053.1590054,0.0,2.36081,-0.0,-0.0,-0.0,0.0
1736847053.1600077,0.0,2.36095,-0.0,-0.0,-0.0,0.0
1736847053.1600077,0.0,2.36109,-0.0,-0.0,-0.0,0.0
1736847053.1611385,0.0,2.36121,-0.0,-0.0,-0.0,0.0
1736847053.1611385,0.0,2.36135,-0.0,-0.0,-0.0,0.0
1736847053.1611385,0.0,2.36148,-0.0,-0.0,-0.0,0.0
1736847053.1611385,0.0,2.3616,-0.0,-0.0,-0.0,0.0
1736847053.1642706,0.0,2.36172,-0.0,-0.0,-0.0,0.0
1736847053.16545,0.0,2.36185,-0.0,-0.0,-0.0,0.0
1736847053.16545,0.0,2.36198,-0.0,-0.0,-0.0,0.0
1736847053.167291,0.0,2.36212,-0.0,-0.0,-0.0,0.0
1736847053.1681604,0.0,2.36225,-0.0,-0.0,-0.0,0.0
1736847053.1681604,0.0,2.36237,-0.0,-0.0,-0.0,0.0
1736847053.1691737,0.0,2.36249,-0.0,-0.0,-0.0,0.0
1736847053.170173,0.0,2.36261,-0.0,-0.0,-0.0,0.0
1736847053.1711862,0.0,2.36273,-0.0,-0.0,-0.0,0.0
1736847053.1721752,0.0,2.36285,-0.0,-0.0,-0.0,0.0
1736847053.173109,0.0,2.36299,-0.0,-0.0,-0.0,0.0
1736847053.173109,0.0,2.36315,-0.0,-0.0,-0.0,0.0
1736847053.174111,0.0,2.36329,-0.0,-0.0,-0.0,0.0
1736847053.175112,0.0,2.36341,-0.0,-0.0,-0.0,0.0
1736847053.1761208,0.0,2.36353,-0.0,-0.0,-0.0,0.0
1736847053.1771102,0.0,2.36365,-0.0,-0.0,-0.0,0.0
1736847053.1771102,0.0,2.36377,-0.0,-0.0,-0.0,0.0
1736847053.178177,0.0,2.36389,-0.0,-0.0,-0.0,0.0
1736847053.179179,0.0,2.36402,-0.0,-0.0,-0.0,0.0
1736847053.1800566,0.0,2.36417,-0.0,-0.0,-0.0,0.0
1736847053.1811116,0.0,2.3643,-0.0,-0.0,-0.0,0.0
1736847053.1820967,0.0,2.36442,-0.0,-0.0,-0.0,0.0
1736847053.1820967,0.0,2.36454,-0.0,-0.0,-0.0,0.0
1736847053.183097,0.0,2.36466,-0.0,-0.0,-0.0,0.0
1736847053.1838262,0.0,2.36478,-0.0,-0.0,-0.0,0.0
1736847053.1851487,0.0,2.36491,-0.0,-0.0,-0.0,0.0
1736847053.1851487,0.0,2.36504,-0.0,-0.0,-0.0,0.0
1736847053.1865938,0.0,2.36519,-0.0,-0.0,-0.0,0.0
1736847053.1865938,0.0,2.36533,-0.0,-0.0,-0.0,0.0
1736847053.1865938,0.0,2.36546,-0.0,-0.0,-0.0,0.0
1736847053.1894307,0.0,2.36557,-0.0,-0.0,-0.0,0.0
1736847053.1900766,0.0,2.3657,-0.0,-0.0,-0.0,0.0
1736847053.1900766,0.0,2.36582,-0.0,-0.0,-0.0,0.0
1736847053.1910887,0.0,2.36594,-0.0,-0.0,-0.0,0.0
1736847053.1920874,0.0,2.36606,-0.0,-0.0,-0.0,0.0
1736847053.193088,0.0,2.36619,-0.0,-0.0,-0.0,0.0
1736847053.193834,0.0,2.36635,-0.0,-0.0,-0.0,0.0
1736847053.193834,0.0,2.36651,-0.0,-0.0,-0.0,0.0
1736847053.193834,0.0,2.36663,-0.0,-0.0,-0.0,0.0
1736847053.193834,0.0,2.36676,-0.0,-0.0,-0.0,0.0
1736847053.193834,0.0,2.36688,-0.0,-0.0,-0.0,0.0
1736847053.193834,0.0,2.367,-0.0,-0.0,-0.0,0.0
1736847053.198984,0.0,2.36711,-0.0,-0.0,-0.0,0.0
1736847053.1999893,0.0,2.36724,-0.0,-0.0,-0.0,0.0
1736847053.2007527,0.0,2.36739,-0.0,-0.0,-0.0,0.0
1736847053.2017932,0.0,2.36753,-0.0,-0.0,-0.0,0.0
1736847053.2017932,0.0,2.36766,-0.0,-0.0,-0.0,0.0
1736847053.202794,0.0,2.36778,-0.0,-0.0,-0.0,0.0
1736847053.2037928,0.0,2.3679,-0.0,-0.0,-0.0,0.0
1736847053.204803,0.0,2.36802,-0.0,-0.0,-0.0,0.0
1736847053.20571,0.0,2.36814,-0.0,-0.0,-0.0,0.0
1736847053.2058578,0.0,2.36826,-0.0,-0.0,-0.0,0.0
1736847053.2075233,0.0,2.36841,-0.0,-0.0,-0.0,0.0
1736847053.2083127,0.0,2.36855,-0.0,-0.0,-0.0,0.0
1736847053.2083127,0.0,2.36868,-0.0,-0.0,-0.0,0.0
1736847053.2093277,0.0,2.3688,-0.0,-0.0,-0.0,0.0
1736847053.2101822,0.0,2.36892,-0.0,-0.0,-0.0,0.0
1736847053.2101822,0.0,2.36905,-0.0,-0.0,-0.0,0.0
1736847053.2101822,0.0,2.36917,-0.0,-0.0,-0.0,0.0
1736847053.2129014,0.0,2.36928,-0.0,-0.0,-0.0,0.0
1736847053.213907,0.0,2.36941,-0.0,-0.0,-0.0,0.0
1736847053.2141762,0.0,2.36955,-0.0,-0.0,-0.0,0.0
1736847053.2141762,0.0,2.36969,-0.0,-0.0,-0.0,0.0
1736847053.216196,0.0,2.36982,-0.0,-0.0,-0.0,0.0
1736847053.2172012,0.0,2.36994,-0.0,-0.0,-0.0,0.0
1736847053.2172012,0.0,2.37006,-0.0,-0.0,-0.0,0.0
1736847053.2182014,0.0,2.37018,-0.0,-0.0,-0.0,0.0
1736847053.2192006,0.0,2.37029,-0.0,-0.0,-0.0,0.0
1736847053.2202008,0.0,2.37041,-0.0,-0.0,-0.0,0.0
1736847053.221043,0.0,2.37054,-0.0,-0.0,-0.0,0.0
1736847053.2220967,0.0,2.37071,-0.0,-0.0,-0.0,0.0
1736847053.2230978,0.0,2.37088,-0.0,-0.0,-0.0,0.0
1736847053.2230978,0.0,2.371,-0.0,-0.0,-0.0,0.0
1736847053.2247818,0.0,2.37112,-0.0,-0.0,-0.0,0.0
1736847053.2247818,0.0,2.37125,-0.0,-0.0,-0.0,0.0
1736847053.226087,0.0,2.37137,-0.0,-0.0,-0.0,0.0
1736847053.227092,0.0,2.37149,-0.0,-0.0,-0.0,0.0
1736847053.227092,0.0,2.37162,-0.0,-0.0,-0.0,0.0
1736847053.228296,0.0,2.37177,-0.0,-0.0,-0.0,0.0
1736847053.228296,0.0,2.37191,-0.0,-0.0,-0.0,0.0
1736847053.228296,0.0,2.37204,-0.0,-0.0,-0.0,0.0
1736847053.2311397,0.0,2.37217,-0.0,-0.0,-0.0,0.0
1736847053.232149,0.0,2.37229,-0.0,-0.0,-0.0,0.0
1736847053.232149,0.0,2.37241,-0.0,-0.0,-0.0,0.0
1736847053.233148,0.0,2.37254,-0.0,-0.0,-0.0,0.0
1736847053.2341492,0.0,2.37267,-0.0,-0.0,-0.0,0.0
1736847053.2353783,0.0,2.37282,-0.0,-0.0,-0.0,0.0
1736847053.2358263,0.0,2.37296,-0.0,-0.0,-0.0,0.0
1736847053.2358263,0.0,2.37311,-0.0,-0.0,-0.0,0.0
1736847053.2358263,0.0,2.37324,-0.0,-0.0,-0.0,0.0
1736847053.2358263,0.0,2.37337,-0.0,-0.0,-0.0,0.0
1736847053.2358263,0.0,2.37349,-0.0,-0.0,-0.0,0.0
1736847053.2358263,0.0,2.37361,-0.0,-0.0,-0.0,0.0
1736847053.240673,0.0,2.37374,-0.0,-0.0,-0.0,0.0
1736847053.2423558,0.0,2.37389,-0.0,-0.0,-0.0,0.0
1736847053.2431467,0.0,2.37403,-0.0,-0.0,-0.0,0.0
1736847053.243639,0.0,2.37417,-0.0,-0.0,-0.0,0.0
1736847053.2446446,0.0,2.3743,-0.0,-0.0,-0.0,0.0
1736847053.2456527,0.0,2.37443,-0.0,-0.0,-0.0,0.0
1736847053.2456527,0.0,2.37455,-0.0,-0.0,-0.0,0.0
1736847053.247039,0.0,2.37466,-0.0,-0.0,-0.0,0.0
1736847053.248041,0.0,2.37478,-0.0,-0.0,-0.0,0.0
1736847053.2490048,0.0,2.37492,-0.0,-0.0,-0.0,0.0
1736847053.2490048,0.0,2.37509,-0.0,-0.0,-0.0,0.0
1736847053.2490048,0.0,2.37525,-0.0,-0.0,-0.0,0.0
1736847053.2490048,0.0,2.37537,-0.0,-0.0,-0.0,0.0
1736847053.2523246,0.0,2.3755,-0.0,-0.0,-0.0,0.0
1736847053.2533367,0.0,2.37562,-0.0,-0.0,-0.0,0.0
1736847053.2533367,0.0,2.37575,-0.0,-0.0,-0.0,0.0
1736847053.2543347,0.0,2.37587,-0.0,-0.0,-0.0,0.0
1736847053.2557323,0.0,2.376,-0.0,-0.0,-0.0,0.0
1736847053.256067,0.0,2.37614,-0.0,-0.0,-0.0,0.0
1736847053.2571118,0.0,2.37627,-0.0,-0.0,-0.0,0.0
1736847053.2583506,0.0,2.3764,-0.0,-0.0,-0.0,0.0
1736847053.258462,0.0,2.37653,-0.0,-0.0,-0.0,0.0
1736847053.2598531,0.0,2.37666,-0.0,-0.0,-0.0,0.0
1736847053.2607565,0.0,2.37678,-0.0,-0.0,-0.0,0.0
1736847053.2607565,0.0,2.3769,-0.0,-0.0,-0.0,0.0
1736847053.2617624,0.0,2.37703,-0.0,-0.0,-0.0,0.0
1736847053.2631776,0.0,2.37716,-0.0,-0.0,-0.0,0.0
1736847053.2631776,0.0,2.37733,-0.0,-0.0,-0.0,0.0
1736847053.2631776,0.0,2.37747,-0.0,-0.0,-0.0,0.0
1736847053.2631776,0.0,2.37759,-0.0,-0.0,-0.0,0.0
1736847053.2631776,0.0,2.37771,-0.0,-0.0,-0.0,0.0
1736847053.2631776,0.0,2.37783,-0.0,-0.0,-0.0,0.0
1736847053.2631776,0.0,2.37794,-0.0,-0.0,-0.0,0.0
1736847053.2684276,0.0,2.37806,-0.0,-0.0,-0.0,0.0
1736847053.2694342,0.0,2.3782,-0.0,-0.0,-0.0,0.0
1736847053.2701724,0.0,2.37835,-0.0,-0.0,-0.0,0.0
1736847053.2711785,0.0,2.37849,-0.0,-0.0,-0.0,0.0
1736847053.2721884,0.0,2.37861,-0.0,-0.0,-0.0,0.0
1736847053.2731767,0.0,2.37873,-0.0,-0.0,-0.0,0.0
1736847053.2731767,0.0,2.37885,-0.0,-0.0,-0.0,0.0
1736847053.2744238,0.0,2.37896,-0.0,-0.0,-0.0,0.0
1736847053.2754283,0.0,2.37908,-0.0,-0.0,-0.0,0.0
1736847053.2754283,0.0,2.37922,-0.0,-0.0,-0.0,0.0
1736847053.276768,0.0,2.37937,-0.0,-0.0,-0.0,0.0
1736847053.276768,0.0,2.37951,-0.0,-0.0,-0.0,0.0
1736847053.276768,0.0,2.37965,-0.0,-0.0,-0.0,0.0
1736847053.276768,0.0,2.37977,-0.0,-0.0,-0.0,0.0
1736847053.280425,0.0,2.37989,-0.0,-0.0,-0.0,0.0
1736847053.2813885,0.0,2.38004,-0.0,-0.0,-0.0,0.0
1736847053.2822604,0.0,2.3802,-0.0,-0.0,-0.0,0.0
1736847053.2832778,0.0,2.38033,-0.0,-0.0,-0.0,0.0
1736847053.2839737,0.0,2.38049,-0.0,-0.0,-0.0,0.0
1736847053.2850294,0.0,2.38062,-0.0,-0.0,-0.0,0.0
1736847053.2850294,0.0,2.38074,-0.0,-0.0,-0.0,0.0
1736847053.2866256,0.0,2.38086,-0.0,-0.0,-0.0,0.0
1736847053.2866256,0.0,2.38099,-0.0,-0.0,-0.0,0.0
1736847053.2876306,0.0,2.38111,-0.0,-0.0,-0.0,0.0
1736847053.2886295,0.0,2.38123,-0.0,-0.0,-0.0,0.0
1736847053.2896316,0.0,2.38135,-0.0,-0.0,-0.0,0.0
1736847053.2907062,0.0,2.38148,-0.0,-0.0,-0.0,0.0
1736847053.2910163,0.0,2.38162,-0.0,-0.0,-0.0,0.0
1736847053.292451,0.0,2.38175,-0.0,-0.0,-0.0,0.0
1736847053.2926579,0.0,2.3819,-0.0,-0.0,-0.0,0.0
1736847053.2936597,0.0,2.38203,-0.0,-0.0,-0.0,0.0
1736847053.2946577,0.0,2.38215,-0.0,-0.0,-0.0,0.0
1736847053.295668,0.0,2.38227,-0.0,-0.0,-0.0,0.0
1736847053.295668,0.0,2.3824,-0.0,-0.0,-0.0,0.0
1736847053.2966602,0.0,2.38252,-0.0,-0.0,-0.0,0.0
1736847053.297576,0.0,2.38269,-0.0,-0.0,-0.0,0.0
1736847053.297576,0.0,2.38283,-0.0,-0.0,-0.0,0.0
1736847053.297576,0.0,2.38296,-0.0,-0.0,-0.0,0.0
1736847053.297576,0.0,2.38308,-0.0,-0.0,-0.0,0.0
1736847053.297576,0.0,2.3832,-0.0,-0.0,-0.0,0.0
1736847053.3022497,0.0,2.38332,-0.0,-0.0,-0.0,0.0
1736847053.3029814,0.0,2.38343,-0.0,-0.0,-0.0,0.0
1736847053.3029814,0.0,2.38356,-0.0,-0.0,-0.0,0.0
1736847053.3048744,0.0,2.3837,-0.0,-0.0,-0.0,0.0
1736847053.3056135,0.0,2.38385,-0.0,-0.0,-0.0,0.0
1736847053.3056135,0.0,2.38398,-0.0,-0.0,-0.0,0.0
1736847053.3067925,0.0,2.38409,-0.0,-0.0,-0.0,0.0
1736847053.3067925,0.0,2.38422,-0.0,-0.0,-0.0,0.0
1736847053.3067925,0.0,2.38435,-0.0,-0.0,-0.0,0.0
1736847053.3067925,0.0,2.38447,-0.0,-0.0,-0.0,0.0
1736847053.31008,0.0,2.38459,-0.0,-0.0,-0.0,0.0
1736847053.311324,0.0,2.38471,-0.0,-0.0,-0.0,0.0
1736847053.311324,0.0,2.38486,-0.0,-0.0,-0.0,0.0
1736847053.312814,0.0,2.38499,-0.0,-0.0,-0.0,0.0
1736847053.31382,0.0,2.38512,-0.0,-0.0,-0.0,0.0
1736847053.31382,0.0,2.38524,-0.0,-0.0,-0.0,0.0
1736847053.3148196,0.0,2.38536,-0.0,-0.0,-0.0,0.0
1736847053.3158185,0.0,2.38548,-0.0,-0.0,-0.0,0.0
1736847053.3168187,0.0,2.38559,-0.0,-0.0,-0.0,0.0
1736847053.3168187,0.0,2.38571,-0.0,-0.0,-0.0,0.0
1736847053.3184326,0.0,2.38585,-0.0,-0.0,-0.0,0.0
1736847053.3188105,0.0,2.386,-0.0,-0.0,-0.0,0.0
1736847053.3198123,0.0,2.38613,-0.0,-0.0,-0.0,0.0
1736847053.3208215,0.0,2.38625,-0.0,-0.0,-0.0,0.0
1736847053.3208215,0.0,2.38636,-0.0,-0.0,-0.0,0.0
1736847053.3225493,0.0,2.38648,-0.0,-0.0,-0.0,0.0
1736847053.3225493,0.0,2.3866,-0.0,-0.0,-0.0,0.0
1736847053.3235543,0.0,2.38672,-0.0,-0.0,-0.0,0.0
1736847053.3245559,0.0,2.38685,-0.0,-0.0,-0.0,0.0
1736847053.32578,0.0,2.38699,-0.0,-0.0,-0.0,0.0
1736847053.3258803,0.0,2.38714,-0.0,-0.0,-0.0,0.0
1736847053.3268864,0.0,2.38728,-0.0,-0.0,-0.0,0.0
1736847053.3278816,0.0,2.3874,-0.0,-0.0,-0.0,0.0
1736847053.3288906,0.0,2.38752,-0.0,-0.0,-0.0,0.0
1736847053.3288906,0.0,2.38763,-0.0,-0.0,-0.0,0.0
1736847053.3305402,0.0,2.38775,-0.0,-0.0,-0.0,0.0
1736847053.3306491,0.0,2.38788,-0.0,-0.0,-0.0,0.0
1736847053.3322742,0.0,2.388,-0.0,-0.0,-0.0,0.0
1736847053.3325706,0.0,2.38815,-0.0,-0.0,-0.0,0.0
1736847053.3336165,0.0,2.38828,-0.0,-0.0,-0.0,0.0
1736847053.334616,0.0,2.38839,-0.0,-0.0,-0.0,0.0
1736847053.3352191,0.0,2.38851,-0.0,-0.0,-0.0,0.0
1736847053.3362226,0.0,2.38863,-0.0,-0.0,-0.0,0.0
1736847053.3362226,0.0,2.38876,-0.0,-0.0,-0.0,0.0
1736847053.3362226,0.0,2.38888,-0.0,-0.0,-0.0,0.0
1736847053.337889,0.0,2.389,-0.0,-0.0,-0.0,0.0
1736847053.3391836,0.0,2.38914,-0.0,-0.0,-0.0,0.0
1736847053.3391836,0.0,2.38927,-0.0,-0.0,-0.0,0.0
1736847053.3391836,0.0,2.3894,-0.0,-0.0,-0.0,0.0
1736847053.3417888,0.0,2.38953,-0.0,-0.0,-0.0,0.0
1736847053.3427076,0.0,2.38965,-0.0,-0.0,-0.0,0.0
1736847053.3427076,0.0,2.38977,-0.0,-0.0,-0.0,0.0
1736847053.3437138,0.0,2.38989,-0.0,-0.0,-0.0,0.0
1736847053.3447354,0.0,2.39,-0.0,-0.0,-0.0,0.0
1736847053.3457124,0.0,2.39013,-0.0,-0.0,-0.0,0.0
1736847053.3461714,0.0,2.39027,-0.0,-0.0,-0.0,0.0
1736847053.3461714,0.0,2.39043,-0.0,-0.0,-0.0,0.0
1736847053.3461714,0.0,2.39056,-0.0,-0.0,-0.0,0.0
1736847053.3461714,0.0,2.39069,-0.0,-0.0,-0.0,0.0
1736847053.3461714,0.0,2.39081,-0.0,-0.0,-0.0,0.0
1736847053.3461714,0.0,2.39093,-0.0,-0.0,-0.0,0.0
1736847053.3512535,0.0,2.39104,-0.0,-0.0,-0.0,0.0
1736847053.3522627,0.0,2.39116,-0.0,-0.0,-0.0,0.0
1736847053.352997,0.0,2.3913,-0.0,-0.0,-0.0,0.0
1736847053.3533435,0.0,2.39143,-0.0,-0.0,-0.0,0.0
1736847053.3543818,0.0,2.39156,-0.0,-0.0,-0.0,0.0
1736847053.355391,0.0,2.39168,-0.0,-0.0,-0.0,0.0
1736847053.355391,0.0,2.39179,-0.0,-0.0,-0.0,0.0
1736847053.3563812,0.0,2.39191,-0.0,-0.0,-0.0,0.0
1736847053.3574848,0.0,2.39202,-0.0,-0.0,-0.0,0.0
1736847053.358502,0.0,2.39215,-0.0,-0.0,-0.0,0.0
1736847053.358502,0.0,2.39226,-0.0,-0.0,-0.0,0.0
1736847053.359991,0.0,2.3924,-0.0,-0.0,-0.0,0.0
1736847053.3604462,0.0,2.39255,-0.0,-0.0,-0.0,0.0
1736847053.3614848,0.0,2.39269,-0.0,-0.0,-0.0,0.0
1736847053.36249,0.0,2.39281,-0.0,-0.0,-0.0,0.0
1736847053.3634548,0.0,2.39293,-0.0,-0.0,-0.0,0.0
1736847053.3642137,0.0,2.39305,-0.0,-0.0,-0.0,0.0
1736847053.364981,0.0,2.39317,-0.0,-0.0,-0.0,0.0
1736847053.364981,0.0,2.39329,-0.0,-0.0,-0.0,0.0
1736847053.3659945,0.0,2.39341,-0.0,-0.0,-0.0,0.0
1736847053.3672779,0.0,2.39357,-0.0,-0.0,-0.0,0.0
1736847053.3683975,0.0,2.3937,-0.0,-0.0,-0.0,0.0
1736847053.369365,0.0,2.39383,-0.0,-0.0,-0.0,0.0
1736847053.369365,0.0,2.39397,-0.0,-0.0,-0.0,0.0
1736847053.3703668,0.0,2.3941,-0.0,-0.0,-0.0,0.0
1736847053.3713653,0.0,2.39422,-0.0,-0.0,-0.0,0.0
1736847053.3723783,0.0,2.39433,-0.0,-0.0,-0.0,0.0
1736847053.3733678,0.0,2.39446,-0.0,-0.0,-0.0,0.0
1736847053.374172,0.0,2.3946,-0.0,-0.0,-0.0,0.0
1736847053.374906,0.0,2.39476,-0.0,-0.0,-0.0,0.0
1736847053.3759239,0.0,2.39489,-0.0,-0.0,-0.0,0.0
1736847053.3759239,0.0,2.39501,-0.0,-0.0,-0.0,0.0
1736847053.3769114,0.0,2.39513,-0.0,-0.0,-0.0,0.0
1736847053.3779104,0.0,2.39525,-0.0,-0.0,-0.0,0.0
1736847053.37892,0.0,2.39537,-0.0,-0.0,-0.0,0.0
1736847053.37892,0.0,2.39548,-0.0,-0.0,-0.0,0.0
1736847053.379911,0.0,2.3956,-0.0,-0.0,-0.0,0.0
1736847053.3812408,0.0,2.39576,-0.0,-0.0,-0.0,0.0
1736847053.382282,0.0,2.39589,-0.0,-0.0,-0.0,0.0
1736847053.3832095,0.0,2.39601,-0.0,-0.0,-0.0,0.0
1736847053.3832095,0.0,2.39614,-0.0,-0.0,-0.0,0.0
1736847053.3842158,0.0,2.39625,-0.0,-0.0,-0.0,0.0
1736847053.3852139,0.0,2.39637,-0.0,-0.0,-0.0,0.0
1736847053.3862133,0.0,2.39649,-0.0,-0.0,-0.0,0.0
1736847053.3864677,0.0,2.3966,-0.0,-0.0,-0.0,0.0
1736847053.3875053,0.0,2.39674,-0.0,-0.0,-0.0,0.0
1736847053.3883543,0.0,2.39688,-0.0,-0.0,-0.0,0.0
1736847053.3894138,0.0,2.39702,-0.0,-0.0,-0.0,0.0
1736847053.3903985,0.0,2.39714,-0.0,-0.0,-0.0,0.0
1736847053.3903985,0.0,2.39726,-0.0,-0.0,-0.0,0.0
1736847053.3913982,0.0,2.39738,-0.0,-0.0,-0.0,0.0
1736847053.392423,0.0,2.3975,-0.0,-0.0,-0.0,0.0
1736847053.3934288,0.0,2.39761,-0.0,-0.0,-0.0,0.0
1736847053.3934288,0.0,2.39774,-0.0,-0.0,-0.0,0.0
1736847053.3948233,0.0,2.39789,-0.0,-0.0,-0.0,0.0
1736847053.3948233,0.0,2.39803,-0.0,-0.0,-0.0,0.0
1736847053.3948233,0.0,2.39816,-0.0,-0.0,-0.0,0.0
1736847053.3973343,0.0,2.39827,-0.0,-0.0,-0.0,0.0
1736847053.3983393,0.0,2.39839,-0.0,-0.0,-0.0,0.0
1736847053.3983393,0.0,2.39851,-0.0,-0.0,-0.0,0.0
1736847053.399716,0.0,2.39863,-0.0,-0.0,-0.0,0.0
1736847053.4002407,0.0,2.39875,-0.0,-0.0,-0.0,0.0
1736847053.401247,0.0,2.39886,-0.0,-0.0,-0.0,0.0
1736847053.4019396,0.0,2.399,-0.0,-0.0,-0.0,0.0
1736847053.402984,0.0,2.39913,-0.0,-0.0,-0.0,0.0
1736847053.4038906,0.0,2.39929,-0.0,-0.0,-0.0,0.0
1736847053.4047136,0.0,2.39941,-0.0,-0.0,-0.0,0.0
1736847053.4047136,0.0,2.39954,-0.0,-0.0,-0.0,0.0
1736847053.4057262,0.0,2.39965,-0.0,-0.0,-0.0,0.0
1736847053.406725,0.0,2.39977,-0.0,-0.0,-0.0,0.0
1736847053.4077277,0.0,2.39988,-0.0,-0.0,-0.0,0.0
1736847053.408606,0.0,2.40001,-0.0,-0.0,-0.0,0.0
1736847053.4095793,0.0,2.40019,-0.0,-0.0,-0.0,0.0
1736847053.410582,0.0,2.40033,-0.0,-0.0,-0.0,0.0
1736847053.410582,0.0,2.40045,-0.0,-0.0,-0.0,0.0
1736847053.4115806,0.0,2.40056,-0.0,-0.0,-0.0,0.0
1736847053.4125798,0.0,2.40068,-0.0,-0.0,-0.0,0.0
1736847053.4135795,0.0,2.4008,-0.0,-0.0,-0.0,0.0
1736847053.4141066,0.0,2.40092,-0.0,-0.0,-0.0,0.0
1736847053.415111,0.0,2.40105,-0.0,-0.0,-0.0,0.0
1736847053.4155133,0.0,2.4012,-0.0,-0.0,-0.0,0.0
1736847053.4155133,0.0,2.40134,-0.0,-0.0,-0.0,0.0
1736847053.4155133,0.0,2.40146,-0.0,-0.0,-0.0,0.0
1736847053.4155133,0.0,2.40158,-0.0,-0.0,-0.0,0.0
1736847053.419122,0.0,2.4017,-0.0,-0.0,-0.0,0.0
1736847053.420127,0.0,2.40181,-0.0,-0.0,-0.0,0.0
1736847053.420127,0.0,2.40193,-0.0,-0.0,-0.0,0.0
1736847053.4211266,0.0,2.40205,-0.0,-0.0,-0.0,0.0
1736847053.4223988,0.0,2.40218,-0.0,-0.0,-0.0,0.0
1736847053.42323,0.0,2.40232,-0.0,-0.0,-0.0,0.0
1736847053.424022,0.0,2.40245,-0.0,-0.0,-0.0,0.0
1736847053.4249725,0.0,2.40257,-0.0,-0.0,-0.0,0.0
1736847053.425343,0.0,2.40271,-0.0,-0.0,-0.0,0.0
1736847053.4263499,0.0,2.40283,-0.0,-0.0,-0.0,0.0
1736847053.427349,0.0,2.40296,-0.0,-0.0,-0.0,0.0
1736847053.4283495,0.0,2.4031,-0.0,-0.0,-0.0,0.0
1736847053.4283495,0.0,2.40323,-0.0,-0.0,-0.0,0.0
1736847053.4299679,0.0,2.40338,-0.0,-0.0,-0.0,0.0
1736847053.430872,0.0,2.40352,-0.0,-0.0,-0.0,0.0
1736847053.4318833,0.0,2.40366,-0.0,-0.0,-0.0,0.0
1736847053.4318833,0.0,2.40378,-0.0,-0.0,-0.0,0.0
1736847053.4328828,0.0,2.4039,-0.0,-0.0,-0.0,0.0
1736847053.4338815,0.0,2.40402,-0.0,-0.0,-0.0,0.0
1736847053.4348812,0.0,2.40413,-0.0,-0.0,-0.0,0.0
1736847053.4348812,0.0,2.40425,-0.0,-0.0,-0.0,0.0
1736847053.4358826,0.0,2.40438,-0.0,-0.0,-0.0,0.0
1736847053.4368389,0.0,2.40454,-0.0,-0.0,-0.0,0.0
1736847053.437845,0.0,2.40467,-0.0,-0.0,-0.0,0.0
1736847053.438844,0.0,2.4048,-0.0,-0.0,-0.0,0.0
1736847053.4398437,0.0,2.40491,-0.0,-0.0,-0.0,0.0
1736847053.4398437,0.0,2.40504,-0.0,-0.0,-0.0,0.0
1736847053.4408436,0.0,2.40515,-0.0,-0.0,-0.0,0.0
1736847053.4420483,0.0,2.40527,-0.0,-0.0,-0.0,0.0
1736847053.4430516,0.0,2.4054,-0.0,-0.0,-0.0,0.0
1736847053.443696,0.0,2.40556,-0.0,-0.0,-0.0,0.0
1736847053.444754,0.0,2.4057,-0.0,-0.0,-0.0,0.0
1736847053.444754,0.0,2.40582,-0.0,-0.0,-0.0,0.0
1736847053.445742,0.0,2.40594,-0.0,-0.0,-0.0,0.0
1736847053.4471893,0.0,2.40606,-0.0,-0.0,-0.0,0.0
1736847053.4471893,0.0,2.40618,-0.0,-0.0,-0.0,0.0
1736847053.4486365,0.0,2.4063,-0.0,-0.0,-0.0,0.0
1736847053.44885,0.0,2.40642,-0.0,-0.0,-0.0,0.0
1736847053.4501646,0.0,2.40656,-0.0,-0.0,-0.0,0.0
1736847053.4504976,0.0,2.40671,-0.0,-0.0,-0.0,0.0
1736847053.451543,0.0,2.40684,-0.0,-0.0,-0.0,0.0
1736847053.45254,0.0,2.40696,-0.0,-0.0,-0.0,0.0
1736847053.4534414,0.0,2.40709,-0.0,-0.0,-0.0,0.0
1736847053.4544466,0.0,2.40722,-0.0,-0.0,-0.0,0.0
1736847053.4544466,0.0,2.40735,-0.0,-0.0,-0.0,0.0
1736847053.4559288,0.0,2.40749,-0.0,-0.0,-0.0,0.0
1736847053.4571228,0.0,2.40763,-0.0,-0.0,-0.0,0.0
1736847053.4571228,0.0,2.4078,-0.0,-0.0,-0.0,0.0
1736847053.4571228,0.0,2.40794,-0.0,-0.0,-0.0,0.0
1736847053.4596214,0.0,2.40806,-0.0,-0.0,-0.0,0.0
1736847053.4606278,0.0,2.40818,-0.0,-0.0,-0.0,0.0
1736847053.4606278,0.0,2.4083,-0.0,-0.0,-0.0,0.0
1736847053.461628,0.0,2.40842,-0.0,-0.0,-0.0,0.0
1736847053.462626,0.0,2.40854,-0.0,-0.0,-0.0,0.0
1736847053.4636323,0.0,2.40866,-0.0,-0.0,-0.0,0.0
1736847053.4645488,0.0,2.40881,-0.0,-0.0,-0.0,0.0
1736847053.4654207,0.0,2.40895,-0.0,-0.0,-0.0,0.0
1736847053.4663079,0.0,2.40909,-0.0,-0.0,-0.0,0.0
1736847053.4670901,0.0,2.40921,-0.0,-0.0,-0.0,0.0
1736847053.4678454,0.0,2.40933,-0.0,-0.0,-0.0,0.0
1736847053.4678454,0.0,2.40945,-0.0,-0.0,-0.0,0.0
1736847053.4688575,0.0,2.40957,-0.0,-0.0,-0.0,0.0
1736847053.469856,0.0,2.40968,-0.0,-0.0,-0.0,0.0
1736847053.4710748,0.0,2.40981,-0.0,-0.0,-0.0,0.0
1736847053.4716587,0.0,2.40996,-0.0,-0.0,-0.0,0.0
1736847053.4726768,0.0,2.41009,-0.0,-0.0,-0.0,0.0
1736847053.4726768,0.0,2.41021,-0.0,-0.0,-0.0,0.0
1736847053.4736638,0.0,2.41033,-0.0,-0.0,-0.0,0.0
1736847053.4746625,0.0,2.41045,-0.0,-0.0,-0.0,0.0
1736847053.4756725,0.0,2.41056,-0.0,-0.0,-0.0,0.0
1736847053.4768128,0.0,2.41073,-0.0,-0.0,-0.0,0.0
1736847053.4778159,0.0,2.41092,-0.0,-0.0,-0.0,0.0
1736847053.4795184,0.0,2.41112,-0.0,-0.0,-0.0,0.0
1736847053.4805162,0.0,2.4113,-0.0,-0.0,-0.0,0.0
1736847053.4805162,0.0,2.41144,-0.0,-0.0,-0.0,0.0
1736847053.4815161,0.0,2.41156,-0.0,-0.0,-0.0,0.0
1736847053.4825156,0.0,2.41168,-0.0,-0.0,-0.0,0.0
1736847053.483712,0.0,2.4118,-0.0,-0.0,-0.0,0.0
1736847053.483712,0.0,2.41194,-0.0,-0.0,-0.0,0.0
1736847053.4855018,0.0,2.41208,-0.0,-0.0,-0.0,0.0
1736847053.4861598,0.0,2.41221,-0.0,-0.0,-0.0,0.0
1736847053.48689,0.0,2.41234,-0.0,-0.0,-0.0,0.0
1736847053.4879036,0.0,2.41245,-0.0,-0.0,-0.0,0.0
1736847053.4879036,0.0,2.41258,-0.0,-0.0,-0.0,0.0
1736847053.4893568,0.0,2.4127,-0.0,-0.0,-0.0,0.0
1736847053.4895911,0.0,2.41283,-0.0,-0.0,-0.0,0.0
1736847053.4905946,0.0,2.41297,-0.0,-0.0,-0.0,0.0
1736847053.4915938,0.0,2.41314,-0.0,-0.0,-0.0,0.0
1736847053.4926755,0.0,2.41333,-0.0,-0.0,-0.0,0.0
1736847053.494177,0.0,2.41349,-0.0,-0.0,-0.0,0.0
1736847053.4951768,0.0,2.41361,-0.0,-0.0,-0.0,0.0
1736847053.4951768,0.0,2.41374,-0.0,-0.0,-0.0,0.0
1736847053.4961777,0.0,2.41386,-0.0,-0.0,-0.0,0.0
1736847053.4975975,0.0,2.41397,-0.0,-0.0,-0.0,0.0
1736847053.4975975,0.0,2.41411,-0.0,-0.0,-0.0,0.0
1736847053.4989579,0.0,2.41424,-0.0,-0.0,-0.0,0.0
1736847053.4995065,0.0,2.41439,-0.0,-0.0,-0.0,0.0
1736847053.500512,0.0,2.41452,-0.0,-0.0,-0.0,0.0
1736847053.5015109,0.0,2.41464,-0.0,-0.0,-0.0,0.0
1736847053.5025113,0.0,2.41475,-0.0,-0.0,-0.0,0.0
1736847053.5025113,0.0,2.41487,-0.0,-0.0,-0.0,0.0
1736847053.5035107,0.0,2.41499,-0.0,-0.0,-0.0,0.0
1736847053.5045185,0.0,2.41511,-0.0,-0.0,-0.0,0.0
1736847053.505528,0.0,2.41524,-0.0,-0.0,-0.0,0.0
1736847053.5058794,0.0,2.4154,-0.0,-0.0,-0.0,0.0
1736847053.5058794,0.0,2.41553,-0.0,-0.0,-0.0,0.0
1736847053.5058794,0.0,2.41568,-0.0,-0.0,-0.0,0.0
1736847053.5058794,0.0,2.4158,-0.0,-0.0,-0.0,0.0
1736847053.5058794,0.0,2.41592,-0.0,-0.0,-0.0,0.0
1736847053.510529,0.0,2.41603,-0.0,-0.0,-0.0,0.0
1736847053.511343,0.0,2.41615,-0.0,-0.0,-0.0,0.0
1736847053.5118551,0.0,2.41628,-0.0,-0.0,-0.0,0.0
1736847053.5128314,0.0,2.41641,-0.0,-0.0,-0.0,0.0
1736847053.5138283,0.0,2.41655,-0.0,-0.0,-0.0,0.0
1736847053.5143387,0.0,2.41669,-0.0,-0.0,-0.0,0.0
1736847053.5153582,0.0,2.41681,-0.0,-0.0,-0.0,0.0
1736847053.516304,0.0,2.41692,-0.0,-0.0,-0.0,0.0
1736847053.5163958,0.0,2.41706,-0.0,-0.0,-0.0,0.0
1736847053.517398,0.0,2.41718,-0.0,-0.0,-0.0,0.0
1736847053.5183964,0.0,2.4173,-0.0,-0.0,-0.0,0.0
1736847053.519397,0.0,2.41742,-0.0,-0.0,-0.0,0.0
1736847053.5200212,0.0,2.41758,-0.0,-0.0,-0.0,0.0
1736847053.521116,0.0,2.41771,-0.0,-0.0,-0.0,0.0
1736847053.5221293,0.0,2.41784,-0.0,-0.0,-0.0,0.0
1736847053.5221293,0.0,2.41797,-0.0,-0.0,-0.0,0.0
1736847053.5221293,0.0,2.4181,-0.0,-0.0,-0.0,0.0
1736847053.5221293,0.0,2.41822,-0.0,-0.0,-0.0,0.0
1736847053.5254571,0.0,2.41834,-0.0,-0.0,-0.0,0.0
1736847053.5254571,0.0,2.41848,-0.0,-0.0,-0.0,0.0
1736847053.5271223,0.0,2.41861,-0.0,-0.0,-0.0,0.0
1736847053.5273519,0.0,2.41877,-0.0,-0.0,-0.0,0.0
1736847053.5283577,0.0,2.4189,-0.0,-0.0,-0.0,0.0
1736847053.5293596,0.0,2.41901,-0.0,-0.0,-0.0,0.0
1736847053.530356,0.0,2.41913,-0.0,-0.0,-0.0,0.0
1736847053.5311377,0.0,2.41925,-0.0,-0.0,-0.0,0.0
1736847053.5316534,0.0,2.41937,-0.0,-0.0,-0.0,0.0
1736847053.5323062,0.0,2.41948,-0.0,-0.0,-0.0,0.0
1736847053.5333247,0.0,2.41962,-0.0,-0.0,-0.0,0.0
1736847053.5339596,0.0,2.41977,-0.0,-0.0,-0.0,0.0
1736847053.5339596,0.0,2.41995,-0.0,-0.0,-0.0,0.0
1736847053.5339596,0.0,2.42017,-0.0,-0.0,-0.0,0.0
1736847053.5339596,0.0,2.42035,-0.0,-0.0,-0.0,0.0
1736847053.5393355,0.0,2.42052,-0.0,-0.0,-0.0,0.0
1736847053.5393355,0.0,2.42068,-0.0,-0.0,-0.0,0.0
1736847053.541576,0.0,2.42083,-0.0,-0.0,-0.0,0.0
1736847053.541576,0.0,2.42107,-0.0,-0.0,-0.0,0.0
1736847053.541576,0.0,2.4213,-0.0,-0.0,-0.0,0.0
1736847053.541576,0.0,2.42148,-0.0,-0.0,-0.0,0.0
1736847053.5463216,0.0,2.42162,-0.0,-0.0,-0.0,0.0
1736847053.5473344,0.0,2.42179,-0.0,-0.0,-0.0,0.0
1736847053.5483334,0.0,2.42195,-0.0,-0.0,-0.0,0.0
1736847053.548564,0.0,2.42214,-0.0,-0.0,-0.0,0.0
1736847053.548564,0.0,2.42235,-0.0,-0.0,-0.0,0.0
1736847053.548564,0.0,2.42257,-0.0,-0.0,-0.0,0.0
1736847053.5532224,0.0,2.42277,-0.0,-0.0,-0.0,0.0
1736847053.5542324,0.0,2.42293,-0.0,-0.0,-0.0,0.0
1736847053.555839,0.0,2.42312,-0.0,-0.0,-0.0,0.0
1736847053.555839,0.0,2.4233,-0.0,-0.0,-0.0,0.0
1736847053.555839,0.0,2.42351,-0.0,-0.0,-0.0,0.0
1736847053.555839,0.0,2.42367,-0.0,-0.0,-0.0,0.0
1736847053.5601647,0.0,2.42382,-0.0,-0.0,-0.0,0.0
1736847053.561179,0.0,2.424,-0.0,-0.0,-0.0,0.0
1736847053.5629015,0.0,2.42428,-0.0,-0.0,-0.0,0.0
1736847053.5629015,0.0,2.42452,-0.0,-0.0,-0.0,0.0
1736847053.5629015,0.0,2.4247,-0.0,-0.0,-0.0,0.0
1736847053.5629015,0.0,2.42486,-0.0,-0.0,-0.0,0.0
1736847053.5671155,0.0,2.42499,-0.0,-0.0,-0.0,0.0
1736847053.5681267,0.0,2.42513,-0.0,-0.0,-0.0,0.0
1736847053.5691254,0.0,2.42531,-0.0,-0.0,-0.0,0.0
1736847053.5701282,0.0,2.42547,-0.0,-0.0,-0.0,0.0
1736847053.571843,0.0,2.42563,-0.0,-0.0,-0.0,0.0
1736847053.571843,0.0,2.42579,-0.0,-0.0,-0.0,0.0
1736847053.5741935,0.0,2.42601,-0.0,-0.0,-0.0,0.0
1736847053.5752072,0.0,2.42623,-0.0,-0.0,-0.0,0.0
1736847053.5766428,0.0,2.42641,-0.0,-0.0,-0.0,0.0
1736847053.5776458,0.0,2.42658,-0.0,-0.0,-0.0,0.0
1736847053.5781689,0.0,2.42672,-0.0,-0.0,-0.0,0.0
1736847053.5795393,0.0,2.42685,-0.0,-0.0,-0.0,0.0
1736847053.580173,0.0,2.42697,-0.0,-0.0,-0.0,0.0
1736847053.580173,0.0,2.4271,-0.0,-0.0,-0.0,0.0
1736847053.5811856,0.0,2.42722,-0.0,-0.0,-0.0,0.0
1736847053.5826309,0.0,2.42736,-0.0,-0.0,-0.0,0.0
1736847053.5836356,0.0,2.42749,-0.0,-0.0,-0.0,0.0
1736847053.5842123,0.0,2.42762,-0.0,-0.0,-0.0,0.0
1736847053.585219,0.0,2.42774,-0.0,-0.0,-0.0,0.0
1736847053.585219,0.0,2.42786,-0.0,-0.0,-0.0,0.0
1736847053.585219,0.0,2.42798,-0.0,-0.0,-0.0,0.0
1736847053.585219,0.0,2.4281,-0.0,-0.0,-0.0,0.0
1736847053.5878506,0.0,2.42822,-0.0,-0.0,-0.0,0.0
1736847053.5891235,0.0,2.42836,-0.0,-0.0,-0.0,0.0
1736847053.5897152,0.0,2.4285,-0.0,-0.0,-0.0,0.0
1736847053.590732,0.0,2.42864,-0.0,-0.0,-0.0,0.0
1736847053.5917208,0.0,2.42877,-0.0,-0.0,-0.0,0.0
1736847053.5917208,0.0,2.4289,-0.0,-0.0,-0.0,0.0
1736847053.5927193,0.0,2.42901,-0.0,-0.0,-0.0,0.0
1736847053.5937192,0.0,2.42913,-0.0,-0.0,-0.0,0.0
1736847053.5948095,0.0,2.42924,-0.0,-0.0,-0.0,0.0
1736847053.5948095,0.0,2.42938,-0.0,-0.0,-0.0,0.0
1736847053.5963316,0.0,2.42953,-0.0,-0.0,-0.0,0.0
1736847053.596761,0.0,2.42968,-0.0,-0.0,-0.0,0.0
1736847053.5978072,0.0,2.42981,-0.0,-0.0,-0.0,0.0
1736847053.5990205,0.0,2.42993,-0.0,-0.0,-0.0,0.0
1736847053.599883,0.0,2.43007,-0.0,-0.0,-0.0,0.0
1736847053.6007285,0.0,2.43019,-0.0,-0.0,-0.0,0.0
1736847053.601595,0.0,2.43031,-0.0,-0.0,-0.0,0.0
1736847053.601595,0.0,2.43045,-0.0,-0.0,-0.0,0.0
1736847053.6030507,0.0,2.43058,-0.0,-0.0,-0.0,0.0
1736847053.603396,0.0,2.43072,-0.0,-0.0,-0.0,0.0
1736847053.6044457,0.0,2.43085,-0.0,-0.0,-0.0,0.0
1736847053.6054554,0.0,2.43097,-0.0,-0.0,-0.0,0.0
1736847053.6064496,0.0,2.43108,-0.0,-0.0,-0.0,0.0
1736847053.6064496,0.0,2.43122,-0.0,-0.0,-0.0,0.0
1736847053.6077938,0.0,2.43134,-0.0,-0.0,-0.0,0.0
1736847053.6088,0.0,2.43146,-0.0,-0.0,-0.0,0.0
1736847053.6088,0.0,2.43158,-0.0,-0.0,-0.0,0.0
1736847053.6103263,0.0,2.43173,-0.0,-0.0,-0.0,0.0
1736847053.6113694,0.0,2.43186,-0.0,-0.0,-0.0,0.0
1736847053.6113694,0.0,2.43199,-0.0,-0.0,-0.0,0.0
1736847053.6123683,0.0,2.4321,-0.0,-0.0,-0.0,0.0
1736847053.6136343,0.0,2.43222,-0.0,-0.0,-0.0,0.0
1736847053.6138089,0.0,2.43234,-0.0,-0.0,-0.0,0.0
1736847053.6148102,0.0,2.43247,-0.0,-0.0,-0.0,0.0
1736847053.6158118,0.0,2.43259,-0.0,-0.0,-0.0,0.0
1736847053.6169221,0.0,2.43272,-0.0,-0.0,-0.0,0.0
1736847053.617436,0.0,2.43289,-0.0,-0.0,-0.0,0.0
1736847053.618556,0.0,2.43302,-0.0,-0.0,-0.0,0.0
1736847053.619562,0.0,2.43314,-0.0,-0.0,-0.0,0.0
1736847053.619562,0.0,2.43327,-0.0,-0.0,-0.0,0.0
1736847053.619562,0.0,2.4334,-0.0,-0.0,-0.0,0.0
1736847053.619562,0.0,2.43352,-0.0,-0.0,-0.0,0.0
1736847053.6225924,0.0,2.43365,-0.0,-0.0,-0.0,0.0
1736847053.6236038,0.0,2.43377,-0.0,-0.0,-0.0,0.0
1736847053.6246583,0.0,2.43393,-0.0,-0.0,-0.0,0.0
1736847053.6255622,0.0,2.43407,-0.0,-0.0,-0.0,0.0
1736847053.6262565,0.0,2.43421,-0.0,-0.0,-0.0,0.0
1736847053.6262565,0.0,2.43434,-0.0,-0.0,-0.0,0.0
1736847053.6272686,0.0,2.43446,-0.0,-0.0,-0.0,0.0
1736847053.6282668,0.0,2.43458,-0.0,-0.0,-0.0,0.0
1736847053.6291661,0.0,2.4347,-0.0,-0.0,-0.0,0.0
1736847053.6301844,0.0,2.43483,-0.0,-0.0,-0.0,0.0
1736847053.6309218,0.0,2.43499,-0.0,-0.0,-0.0,0.0
1736847053.6309218,0.0,2.43513,-0.0,-0.0,-0.0,0.0
1736847053.6309218,0.0,2.43527,-0.0,-0.0,-0.0,0.0
1736847053.6309218,0.0,2.4354,-0.0,-0.0,-0.0,0.0
1736847053.6309218,0.0,2.43552,-0.0,-0.0,-0.0,0.0
1736847053.6352394,0.0,2.43564,-0.0,-0.0,-0.0,0.0
1736847053.6362493,0.0,2.43576,-0.0,-0.0,-0.0,0.0
1736847053.6362493,0.0,2.43588,-0.0,-0.0,-0.0,0.0
1736847053.6385589,0.0,2.43601,-0.0,-0.0,-0.0,0.0
1736847053.6388862,0.0,2.4363,-0.0,-0.0,-0.0,0.0
1736847053.6401174,0.0,2.43645,-0.0,-0.0,-0.0,0.0
1736847053.6401174,0.0,2.43658,-0.0,-0.0,-0.0,0.0
1736847053.6401174,0.0,2.4367,-0.0,-0.0,-0.0,0.0
1736847053.6401174,0.0,2.43682,-0.0,-0.0,-0.0,0.0
1736847053.6434164,0.0,2.43694,-0.0,-0.0,-0.0,0.0
1736847053.6444218,0.0,2.43707,-0.0,-0.0,-0.0,0.0
1736847053.6446805,0.0,2.43721,-0.0,-0.0,-0.0,0.0
1736847053.6463745,0.0,2.43735,-0.0,-0.0,-0.0,0.0
1736847053.6463745,0.0,2.43748,-0.0,-0.0,-0.0,0.0
1736847053.6473815,0.0,2.4376,-0.0,-0.0,-0.0,0.0
1736847053.6483788,0.0,2.43772,-0.0,-0.0,-0.0,0.0
1736847053.6493795,0.0,2.43784,-0.0,-0.0,-0.0,0.0
1736847053.6493795,0.0,2.43796,-0.0,-0.0,-0.0,0.0
1736847053.6503785,0.0,2.43808,-0.0,-0.0,-0.0,0.0
1736847053.6520145,0.0,2.43823,-0.0,-0.0,-0.0,0.0
1736847053.6520145,0.0,2.43837,-0.0,-0.0,-0.0,0.0
1736847053.6530588,0.0,2.43851,-0.0,-0.0,-0.0,0.0
1736847053.654057,0.0,2.43863,-0.0,-0.0,-0.0,0.0
1736847053.655068,0.0,2.43875,-0.0,-0.0,-0.0,0.0
1736847053.6560571,0.0,2.43886,-0.0,-0.0,-0.0,0.0
1736847053.6570568,0.0,2.43902,-0.0,-0.0,-0.0,0.0
1736847053.6573133,0.0,2.43918,-0.0,-0.0,-0.0,0.0
1736847053.6590292,0.0,2.43937,-0.0,-0.0,-0.0,0.0
1736847053.660086,0.0,2.43953,-0.0,-0.0,-0.0,0.0
1736847053.661072,0.0,2.43966,-0.0,-0.0,-0.0,0.0
1736847053.661072,0.0,2.4398,-0.0,-0.0,-0.0,0.0
1736847053.6627567,0.0,2.43992,-0.0,-0.0,-0.0,0.0
1736847053.6630006,0.0,2.44004,-0.0,-0.0,-0.0,0.0
1736847053.6643174,0.0,2.44017,-0.0,-0.0,-0.0,0.0
1736847053.6643174,0.0,2.4403,-0.0,-0.0,-0.0,0.0
1736847053.6656003,0.0,2.44045,-0.0,-0.0,-0.0,0.0
1736847053.6656003,0.0,2.44059,-0.0,-0.0,-0.0,0.0
1736847053.6656003,0.0,2.44072,-0.0,-0.0,-0.0,0.0
1736847053.6683662,0.0,2.44085,-0.0,-0.0,-0.0,0.0
1736847053.6693716,0.0,2.44097,-0.0,-0.0,-0.0,0.0
1736847053.6693716,0.0,2.44109,-0.0,-0.0,-0.0,0.0
1736847053.670371,0.0,2.44122,-0.0,-0.0,-0.0,0.0
1736847053.671372,0.0,2.44134,-0.0,-0.0,-0.0,0.0
1736847053.6727726,0.0,2.44149,-0.0,-0.0,-0.0,0.0
1736847053.6727726,0.0,2.44163,-0.0,-0.0,-0.0,0.0
1736847053.6742887,0.0,2.44177,-0.0,-0.0,-0.0,0.0
1736847053.67529,0.0,2.44189,-0.0,-0.0,-0.0,0.0
1736847053.67529,0.0,2.44201,-0.0,-0.0,-0.0,0.0
1736847053.6762886,0.0,2.44213,-0.0,-0.0,-0.0,0.0
1736847053.677289,0.0,2.44226,-0.0,-0.0,-0.0,0.0
1736847053.7203329,0.0,2.45066,-0.0,-0.0,-0.0,0.0
1736847053.7203329,0.0,2.45092,-0.0,-0.0,-0.0,0.0
1736847053.7203329,0.0,2.45112,-0.0,-0.0,-0.0,0.0
1736847053.7203329,0.0,2.45131,-0.0,-0.0,-0.0,0.0
1736847053.735997,0.0,2.45147,-0.0,-0.0,-0.0,0.0
1736847053.735997,0.0,2.45161,-0.0,-0.0,-0.0,0.0
1736847053.735997,0.0,2.45175,-0.0,-0.0,-0.0,0.0
1736847053.7385707,0.0,2.45188,-0.0,-0.0,-0.0,0.0
1736847053.7394502,0.0,2.45201,-0.0,-0.0,-0.0,0.0
1736847053.740178,0.0,2.45215,-0.0,-0.0,-0.0,0.0
1736847053.7412071,0.0,2.45229,-0.0,-0.0,-0.0,0.0
1736847053.742097,0.0,2.45244,-0.0,-0.0,-0.0,0.0
1736847053.7431169,0.0,2.45257,-0.0,-0.0,-0.0,0.0
1736847053.7441015,0.0,2.45269,-0.0,-0.0,-0.0,0.0
1736847053.744784,0.0,2.45282,-0.0,-0.0,-0.0,0.0
1736847053.744784,0.0,2.45294,-0.0,-0.0,-0.0,0.0
1736847053.7457972,0.0,2.45306,-0.0,-0.0,-0.0,0.0
1736847053.7467942,0.0,2.45318,-0.0,-0.0,-0.0,0.0
1736847053.7477965,0.0,2.45329,-0.0,-0.0,-0.0,0.0
1736847053.7486901,0.0,2.45342,-0.0,-0.0,-0.0,0.0
1736847053.7495208,0.0,2.45356,-0.0,-0.0,-0.0,0.0
1736847053.7505233,0.0,2.4537,-0.0,-0.0,-0.0,0.0
1736847053.7505233,0.0,2.45383,-0.0,-0.0,-0.0,0.0
1736847053.7515235,0.0,2.45395,-0.0,-0.0,-0.0,0.0
1736847053.752522,0.0,2.45407,-0.0,-0.0,-0.0,0.0
1736847053.7535222,0.0,2.45418,-0.0,-0.0,-0.0,0.0
1736847053.7540128,0.0,2.4543,-0.0,-0.0,-0.0,0.0
1736847053.7550168,0.0,2.45442,-0.0,-0.0,-0.0,0.0
1736847053.7560153,0.0,2.45457,-0.0,-0.0,-0.0,0.0
1736847053.7562485,0.0,2.45473,-0.0,-0.0,-0.0,0.0
1736847053.7562485,0.0,2.45488,-0.0,-0.0,-0.0,0.0
1736847053.7562485,0.0,2.45501,-0.0,-0.0,-0.0,0.0
1736847053.759635,0.0,2.45514,-0.0,-0.0,-0.0,0.0
1736847053.7597368,0.0,2.45526,-0.0,-0.0,-0.0,0.0
1736847053.7612464,0.0,2.45539,-0.0,-0.0,-0.0,0.0
1736847053.7612464,0.0,2.45552,-0.0,-0.0,-0.0,0.0
1736847053.762919,0.0,2.45565,-0.0,-0.0,-0.0,0.0
1736847053.7631624,0.0,2.45579,-0.0,-0.0,-0.0,0.0
1736847053.7642,0.0,2.45592,-0.0,-0.0,-0.0,0.0
1736847053.7653992,0.0,2.45604,-0.0,-0.0,-0.0,0.0
1736847053.7653992,0.0,2.45617,-0.0,-0.0,-0.0,0.0
1736847053.7664013,0.0,2.4563,-0.0,-0.0,-0.0,0.0
1736847053.7674003,0.0,2.45642,-0.0,-0.0,-0.0,0.0
1736847053.768401,0.0,2.45654,-0.0,-0.0,-0.0,0.0
1736847053.768401,0.0,2.45666,-0.0,-0.0,-0.0,0.0
1736847053.7701244,0.0,2.4568,-0.0,-0.0,-0.0,0.0
1736847053.7701244,0.0,2.45693,-0.0,-0.0,-0.0,0.0
1736847053.7701244,0.0,2.45707,-0.0,-0.0,-0.0,0.0
1736847053.7701244,0.0,2.4572,-0.0,-0.0,-0.0,0.0
1736847053.7701244,0.0,2.45732,-0.0,-0.0,-0.0,0.0
1736847053.7701244,0.0,2.45744,-0.0,-0.0,-0.0,0.0
1736847053.7701244,0.0,2.45755,-0.0,-0.0,-0.0,0.0
1736847053.7753513,0.0,2.45767,-0.0,-0.0,-0.0,0.0
1736847053.7765155,0.0,2.4578,-0.0,-0.0,-0.0,0.0
1736847053.777389,0.0,2.45794,-0.0,-0.0,-0.0,0.0
1736847053.778217,0.0,2.45808,-0.0,-0.0,-0.0,0.0
1736847053.778217,0.0,2.4582,-0.0,-0.0,-0.0,0.0
1736847053.779224,0.0,2.45832,-0.0,-0.0,-0.0,0.0
1736847053.7802215,0.0,2.45844,-0.0,-0.0,-0.0,0.0
1736847053.7813034,0.0,2.45855,-0.0,-0.0,-0.0,0.0
1736847053.7814708,0.0,2.45868,-0.0,-0.0,-0.0,0.0
1736847053.7824733,0.0,2.45881,-0.0,-0.0,-0.0,0.0
1736847053.7838578,0.0,2.45895,-0.0,-0.0,-0.0,0.0
1736847053.7838578,0.0,2.4591,-0.0,-0.0,-0.0,0.0
1736847053.7848992,0.0,2.45923,-0.0,-0.0,-0.0,0.0
1736847053.7861822,0.0,2.45935,-0.0,-0.0,-0.0,0.0
1736847053.787182,0.0,2.45947,-0.0,-0.0,-0.0,0.0
1736847053.787182,0.0,2.4596,-0.0,-0.0,-0.0,0.0
1736847053.787182,0.0,2.45973,-0.0,-0.0,-0.0,0.0
1736847053.7892318,0.0,2.45985,-0.0,-0.0,-0.0,0.0
1736847053.7904763,0.0,2.45998,-0.0,-0.0,-0.0,0.0
1736847053.7911458,0.0,2.46014,-0.0,-0.0,-0.0,0.0
1736847053.792162,0.0,2.46028,-0.0,-0.0,-0.0,0.0
1736847053.7931507,0.0,2.4604,-0.0,-0.0,-0.0,0.0
1736847053.7931507,0.0,2.46052,-0.0,-0.0,-0.0,0.0
1736847053.7946749,0.0,2.46064,-0.0,-0.0,-0.0,0.0
1736847053.7946749,0.0,2.46076,-0.0,-0.0,-0.0,0.0
1736847053.79568,0.0,2.46088,-0.0,-0.0,-0.0,0.0
1736847053.7966816,0.0,2.46102,-0.0,-0.0,-0.0,0.0
1736847053.7980337,0.0,2.46116,-0.0,-0.0,-0.0,0.0
1736847053.7980337,0.0,2.4613,-0.0,-0.0,-0.0,0.0
1736847053.799077,0.0,2.46144,-0.0,-0.0,-0.0,0.0
1736847053.800075,0.0,2.46156,-0.0,-0.0,-0.0,0.0
1736847053.8010857,0.0,2.46168,-0.0,-0.0,-0.0,0.0
1736847053.8010857,0.0,2.46179,-0.0,-0.0,-0.0,0.0
1736847053.8022306,0.0,2.46191,-0.0,-0.0,-0.0,0.0
1736847053.8031297,0.0,2.46203,-0.0,-0.0,-0.0,0.0
1736847053.8043652,0.0,2.46217,-0.0,-0.0,-0.0,0.0
1736847053.832062,0.0,2.46708,-0.0,-0.0,-0.0,0.0
1736847053.832062,0.0,2.46725,-0.0,-0.0,-0.0,0.0
1736847053.837888,0.0,2.46741,-0.0,-0.0,-0.0,0.0
1736847053.837888,0.0,2.46757,-0.0,-0.0,-0.0,0.0
1736847053.8388958,0.0,2.46771,-0.0,-0.0,-0.0,0.0
1736847053.8388958,0.0,2.46784,-0.0,-0.0,-0.0,0.0
1736847053.8410358,0.0,2.46797,-0.0,-0.0,-0.0,0.0
1736847053.841861,0.0,2.4681,-0.0,-0.0,-0.0,0.0
1736847053.8426657,0.0,2.46823,-0.0,-0.0,-0.0,0.0
1736847053.8436718,0.0,2.46839,-0.0,-0.0,-0.0,0.0
1736847053.8446789,0.0,2.46851,-0.0,-0.0,-0.0,0.0
1736847053.845672,0.0,2.46865,-0.0,-0.0,-0.0,0.0
1736847053.846561,0.0,2.46879,-0.0,-0.0,-0.0,0.0
1736847053.846561,0.0,2.46893,-0.0,-0.0,-0.0,0.0
1736847053.8475647,0.0,2.46906,-0.0,-0.0,-0.0,0.0
1736847053.8485608,0.0,2.46917,-0.0,-0.0,-0.0,0.0
1736847053.84957,0.0,2.46929,-0.0,-0.0,-0.0,0.0
1736847053.84957,0.0,2.46941,-0.0,-0.0,-0.0,0.0
1736847053.8505616,0.0,2.46953,-0.0,-0.0,-0.0,0.0
1736847053.851561,0.0,2.46966,-0.0,-0.0,-0.0,0.0
1736847053.852575,0.0,2.46978,-0.0,-0.0,-0.0,0.0
1736847053.853625,0.0,2.46992,-0.0,-0.0,-0.0,0.0
1736847053.853908,0.0,2.47005,-0.0,-0.0,-0.0,0.0
1736847053.85494,0.0,2.47019,-0.0,-0.0,-0.0,0.0
1736847053.8559391,0.0,2.47032,-0.0,-0.0,-0.0,0.0
1736847053.856943,0.0,2.47043,-0.0,-0.0,-0.0,0.0
1736847053.856943,0.0,2.47055,-0.0,-0.0,-0.0,0.0
1736847053.8582528,0.0,2.47067,-0.0,-0.0,-0.0,0.0
1736847053.8582528,0.0,2.47077,-0.0,-0.0,-0.0,0.0
1736847053.859992,0.0,2.4709,-0.0,-0.0,-0.0,0.0
1736847053.859992,0.0,2.47105,-0.0,-0.0,-0.0,0.0
1736847053.859992,0.0,2.47118,-0.0,-0.0,-0.0,0.0
1736847053.859992,0.0,2.47131,-0.0,-0.0,-0.0,0.0
1736847053.863332,0.0,2.47142,-0.0,-0.0,-0.0,0.0
1736847053.863332,0.0,2.47155,-0.0,-0.0,-0.0,0.0
1736847053.8643382,0.0,2.47167,-0.0,-0.0,-0.0,0.0
1736847053.865337,0.0,2.47179,-0.0,-0.0,-0.0,0.0
1736847053.8663528,0.0,2.47192,-0.0,-0.0,-0.0,0.0
1736847053.867236,0.0,2.47207,-0.0,-0.0,-0.0,0.0
1736847053.8682852,0.0,2.4722,-0.0,-0.0,-0.0,0.0
1736847053.869049,0.0,2.47233,-0.0,-0.0,-0.0,0.0
1736847053.8691282,0.0,2.47246,-0.0,-0.0,-0.0,0.0
1736847053.8701298,0.0,2.47258,-0.0,-0.0,-0.0,0.0
1736847053.8711288,0.0,2.4727,-0.0,-0.0,-0.0,0.0
1736847053.872129,0.0,2.47281,-0.0,-0.0,-0.0,0.0
1736847053.872129,0.0,2.47293,-0.0,-0.0,-0.0,0.0
1736847053.8731308,0.0,2.47306,-0.0,-0.0,-0.0,0.0
1736847053.8747368,0.0,2.4732,-0.0,-0.0,-0.0,0.0
1736847053.8747368,0.0,2.47336,-0.0,-0.0,-0.0,0.0
1736847053.8757389,0.0,2.47349,-0.0,-0.0,-0.0,0.0
1736847053.8767374,0.0,2.47362,-0.0,-0.0,-0.0,0.0
1736847053.877737,0.0,2.47374,-0.0,-0.0,-0.0,0.0
1736847053.8787377,0.0,2.47386,-0.0,-0.0,-0.0,0.0
1736847053.8787377,0.0,2.47398,-0.0,-0.0,-0.0,0.0
1736847053.87974,0.0,2.47411,-0.0,-0.0,-0.0,0.0
1736847053.880739,0.0,2.47425,-0.0,-0.0,-0.0,0.0
1736847053.8821857,0.0,2.4744,-0.0,-0.0,-0.0,0.0
1736847053.8827748,0.0,2.47454,-0.0,-0.0,-0.0,0.0
1736847053.88378,0.0,2.47466,-0.0,-0.0,-0.0,0.0
1736847053.8847811,0.0,2.47479,-0.0,-0.0,-0.0,0.0
1736847053.8852398,0.0,2.47491,-0.0,-0.0,-0.0,0.0
1736847053.8862417,0.0,2.47504,-0.0,-0.0,-0.0,0.0
1736847053.886475,0.0,2.47517,-0.0,-0.0,-0.0,0.0
1736847053.8877697,0.0,2.4753,-0.0,-0.0,-0.0,0.0
1736847053.8877697,0.0,2.47545,-0.0,-0.0,-0.0,0.0
1736847053.8877697,0.0,2.47559,-0.0,-0.0,-0.0,0.0
1736847053.8877697,0.0,2.47571,-0.0,-0.0,-0.0,0.0
1736847053.8911278,0.0,2.47584,-0.0,-0.0,-0.0,0.0
1736847053.892139,0.0,2.47596,-0.0,-0.0,-0.0,0.0
1736847053.892139,0.0,2.47608,-0.0,-0.0,-0.0,0.0
1736847053.8931377,0.0,2.4762,-0.0,-0.0,-0.0,0.0
1736847053.894138,0.0,2.47632,-0.0,-0.0,-0.0,0.0
1736847053.8950522,0.0,2.47648,-0.0,-0.0,-0.0,0.0
1736847053.895823,0.0,2.47662,-0.0,-0.0,-0.0,0.0
1736847053.895823,0.0,2.47676,-0.0,-0.0,-0.0,0.0
1736847053.895823,0.0,2.47689,-0.0,-0.0,-0.0,0.0
1736847053.895823,0.0,2.47701,-0.0,-0.0,-0.0,0.0
1736847053.895823,0.0,2.47713,-0.0,-0.0,-0.0,0.0
1736847053.9004123,0.0,2.47725,-0.0,-0.0,-0.0,0.0
1736847053.9004123,0.0,2.47738,-0.0,-0.0,-0.0,0.0
1736847053.9021187,0.0,2.47753,-0.0,-0.0,-0.0,0.0
1736847053.9029694,0.0,2.47767,-0.0,-0.0,-0.0,0.0
1736847053.903983,0.0,2.47781,-0.0,-0.0,-0.0,0.0
1736847053.903983,0.0,2.47793,-0.0,-0.0,-0.0,0.0
1736847053.9049816,0.0,2.47805,-0.0,-0.0,-0.0,0.0
1736847053.9059815,0.0,2.47817,-0.0,-0.0,-0.0,0.0
1736847053.9069989,0.0,2.4783,-0.0,-0.0,-0.0,0.0
1736847053.9069989,0.0,2.47842,-0.0,-0.0,-0.0,0.0
1736847053.9079826,0.0,2.47855,-0.0,-0.0,-0.0,0.0
1736847053.9093378,0.0,2.47871,-0.0,-0.0,-0.0,0.0
1736847053.9104009,0.0,2.47885,-0.0,-0.0,-0.0,0.0
1736847053.9104009,0.0,2.47897,-0.0,-0.0,-0.0,0.0
1736847053.9113846,0.0,2.47908,-0.0,-0.0,-0.0,0.0
1736847053.9123843,0.0,2.4792,-0.0,-0.0,-0.0,0.0
1736847053.9130964,0.0,2.47933,-0.0,-0.0,-0.0,0.0
1736847053.9142697,0.0,2.47946,-0.0,-0.0,-0.0,0.0
1736847053.9152825,0.0,2.47959,-0.0,-0.0,-0.0,0.0
1736847053.9154944,0.0,2.47972,-0.0,-0.0,-0.0,0.0
1736847053.9154944,0.0,2.47986,-0.0,-0.0,-0.0,0.0
1736847053.9154944,0.0,2.47999,-0.0,-0.0,-0.0,0.0
1736847053.9154944,0.0,2.48011,-0.0,-0.0,-0.0,0.0
1736847053.9192297,0.0,2.48023,-0.0,-0.0,-0.0,0.0
1736847053.920118,0.0,2.48035,-0.0,-0.0,-0.0,0.0
1736847053.920118,0.0,2.48048,-0.0,-0.0,-0.0,0.0
1736847053.9211323,0.0,2.4806,-0.0,-0.0,-0.0,0.0
1736847053.9224465,0.0,2.48073,-0.0,-0.0,-0.0,0.0
1736847053.9228153,0.0,2.48088,-0.0,-0.0,-0.0,0.0
1736847053.9238646,0.0,2.48103,-0.0,-0.0,-0.0,0.0
1736847053.9238646,0.0,2.48116,-0.0,-0.0,-0.0,0.0
1736847053.9238646,0.0,2.48128,-0.0,-0.0,-0.0,0.0
1736847053.9238646,0.0,2.4814,-0.0,-0.0,-0.0,0.0
1736847053.9238646,0.0,2.48151,-0.0,-0.0,-0.0,0.0
1736847053.928189,0.0,2.48163,-0.0,-0.0,-0.0,0.0
1736847053.928189,0.0,2.48175,-0.0,-0.0,-0.0,0.0
1736847053.929867,0.0,2.4819,-0.0,-0.0,-0.0,0.0
1736847053.9309044,0.0,2.48204,-0.0,-0.0,-0.0,0.0
1736847053.9309044,0.0,2.48218,-0.0,-0.0,-0.0,0.0
1736847053.931905,0.0,2.4823,-0.0,-0.0,-0.0,0.0
1736847053.9329035,0.0,2.48242,-0.0,-0.0,-0.0,0.0
1736847053.9339228,0.0,2.48253,-0.0,-0.0,-0.0,0.0
1736847053.9339228,0.0,2.48265,-0.0,-0.0,-0.0,0.0
1736847053.935075,0.0,2.48277,-0.0,-0.0,-0.0,0.0
1736847053.9360876,0.0,2.4829,-0.0,-0.0,-0.0,0.0
1736847053.9369266,0.0,2.48304,-0.0,-0.0,-0.0,0.0
1736847053.9380074,0.0,2.48317,-0.0,-0.0,-0.0,0.0
1736847053.9390204,0.0,2.48331,-0.0,-0.0,-0.0,0.0
1736847053.9390204,0.0,2.48344,-0.0,-0.0,-0.0,0.0
1736847053.9400194,0.0,2.48356,-0.0,-0.0,-0.0,0.0
1736847053.9410229,0.0,2.48367,-0.0,-0.0,-0.0,0.0
1736847053.9420288,0.0,2.48379,-0.0,-0.0,-0.0,0.0
1736847053.9420288,0.0,2.48393,-0.0,-0.0,-0.0,0.0
1736847053.943396,0.0,2.48408,-0.0,-0.0,-0.0,0.0
1736847053.943396,0.0,2.48422,-0.0,-0.0,-0.0,0.0
1736847053.943396,0.0,2.48434,-0.0,-0.0,-0.0,0.0
1736847053.943396,0.0,2.48445,-0.0,-0.0,-0.0,0.0
1736847053.9469922,0.0,2.48457,-0.0,-0.0,-0.0,0.0
1736847053.947104,0.0,2.4847,-0.0,-0.0,-0.0,0.0
1736847053.948107,0.0,2.48483,-0.0,-0.0,-0.0,0.0
1736847053.9491067,0.0,2.48495,-0.0,-0.0,-0.0,0.0
1736847053.95016,0.0,2.48507,-0.0,-0.0,-0.0,0.0
1736847053.9505541,0.0,2.48522,-0.0,-0.0,-0.0,0.0
1736847053.9515946,0.0,2.48535,-0.0,-0.0,-0.0,0.0
1736847053.9529104,0.0,2.48549,-0.0,-0.0,-0.0,0.0
1736847053.9529104,0.0,2.48562,-0.0,-0.0,-0.0,0.0
1736847053.9545026,0.0,2.48575,-0.0,-0.0,-0.0,0.0
1736847053.9545026,0.0,2.48587,-0.0,-0.0,-0.0,0.0
1736847053.955508,0.0,2.48599,-0.0,-0.0,-0.0,0.0
1736847053.9565103,0.0,2.48611,-0.0,-0.0,-0.0,0.0
1736847053.9575925,0.0,2.48626,-0.0,-0.0,-0.0,0.0
1736847053.9586315,0.0,2.4864,-0.0,-0.0,-0.0,0.0
1736847053.9588306,0.0,2.48655,-0.0,-0.0,-0.0,0.0
1736847053.959832,0.0,2.48669,-0.0,-0.0,-0.0,0.0
1736847053.9608302,0.0,2.48681,-0.0,-0.0,-0.0,0.0
1736847053.9618406,0.0,2.48693,-0.0,-0.0,-0.0,0.0
1736847053.9618406,0.0,2.48704,-0.0,-0.0,-0.0,0.0
1736847053.962832,0.0,2.48716,-0.0,-0.0,-0.0,0.0
1736847053.9638317,0.0,2.4873,-0.0,-0.0,-0.0,0.0
1736847053.9645925,0.0,2.48745,-0.0,-0.0,-0.0,0.0
1736847053.9655993,0.0,2.48758,-0.0,-0.0,-0.0,0.0
1736847053.9665966,0.0,2.48769,-0.0,-0.0,-0.0,0.0
1736847053.9675968,0.0,2.48782,-0.0,-0.0,-0.0,0.0
1736847053.9675968,0.0,2.48794,-0.0,-0.0,-0.0,0.0
1736847053.968597,0.0,2.48805,-0.0,-0.0,-0.0,0.0
1736847053.969785,0.0,2.48817,-0.0,-0.0,-0.0,0.0
1736847053.9707937,0.0,2.48831,-0.0,-0.0,-0.0,0.0
1736847053.9715114,0.0,2.48845,-0.0,-0.0,-0.0,0.0
1736847053.9725113,0.0,2.48859,-0.0,-0.0,-0.0,0.0
1736847053.9730217,0.0,2.48873,-0.0,-0.0,-0.0,0.0
1736847053.9740393,0.0,2.48885,-0.0,-0.0,-0.0,0.0
1736847053.974707,0.0,2.48901,-0.0,-0.0,-0.0,0.0
1736847053.975712,0.0,2.48915,-0.0,-0.0,-0.0,0.0
1736847053.9768074,0.0,2.48927,-0.0,-0.0,-0.0,0.0
1736847053.9768074,0.0,2.48939,-0.0,-0.0,-0.0,0.0
1736847053.9780333,0.0,2.48953,-0.0,-0.0,-0.0,0.0
1736847053.9780333,0.0,2.48967,-0.0,-0.0,-0.0,0.0
1736847053.9800384,0.0,2.4898,-0.0,-0.0,-0.0,0.0
1736847053.981045,0.0,2.48992,-0.0,-0.0,-0.0,0.0
1736847053.981045,0.0,2.49004,-0.0,-0.0,-0.0,0.0
1736847053.9820435,0.0,2.49016,-0.0,-0.0,-0.0,0.0
1736847053.983043,0.0,2.49028,-0.0,-0.0,-0.0,0.0
1736847053.9840462,0.0,2.4904,-0.0,-0.0,-0.0,0.0
1736847053.9849246,0.0,2.49053,-0.0,-0.0,-0.0,0.0
1736847053.985638,0.0,2.49068,-0.0,-0.0,-0.0,0.0
1736847053.9866545,0.0,2.49082,-0.0,-0.0,-0.0,0.0
1736847053.9866545,0.0,2.49094,-0.0,-0.0,-0.0,0.0
1736847053.9876425,0.0,2.49106,-0.0,-0.0,-0.0,0.0
1736847053.989084,0.0,2.49118,-0.0,-0.0,-0.0,0.0
1736847053.989084,0.0,2.4913,-0.0,-0.0,-0.0,0.0
1736847053.9900892,0.0,2.49142,-0.0,-0.0,-0.0,0.0
1736847053.9910908,0.0,2.49155,-0.0,-0.0,-0.0,0.0
1736847053.992091,0.0,2.4917,-0.0,-0.0,-0.0,0.0
1736847053.9924796,0.0,2.49184,-0.0,-0.0,-0.0,0.0
1736847053.9934826,0.0,2.49197,-0.0,-0.0,-0.0,0.0
1736847053.9944804,0.0,2.49209,-0.0,-0.0,-0.0,0.0
1736847053.9954996,0.0,2.49221,-0.0,-0.0,-0.0,0.0
1736847053.9961996,0.0,2.49233,-0.0,-0.0,-0.0,0.0
1736847053.9972043,0.0,2.49245,-0.0,-0.0,-0.0,0.0
1736847053.997591,0.0,2.49259,-0.0,-0.0,-0.0,0.0
1736847053.998888,0.0,2.49272,-0.0,-0.0,-0.0,0.0
1736847053.998888,0.0,2.49289,-0.0,-0.0,-0.0,0.0
1736847053.998888,0.0,2.49303,-0.0,-0.0,-0.0,0.0
1736847054.0013094,0.0,2.49314,-0.0,-0.0,-0.0,0.0
1736847054.0023155,0.0,2.49326,-0.0,-0.0,-0.0,0.0
1736847054.0023155,0.0,2.49338,-0.0,-0.0,-0.0,0.0
1736847054.0033143,0.0,2.4935,-0.0,-0.0,-0.0,0.0
1736847054.004314,0.0,2.49362,-0.0,-0.0,-0.0,0.0
1736847054.005316,0.0,2.49375,-0.0,-0.0,-0.0,0.0
1736847054.006156,0.0,2.49388,-0.0,-0.0,-0.0,0.0
1736847054.0072045,0.0,2.49402,-0.0,-0.0,-0.0,0.0
1736847054.0078628,0.0,2.49415,-0.0,-0.0,-0.0,0.0
1736847054.0087543,0.0,2.49428,-0.0,-0.0,-0.0,0.0
1736847054.0087543,0.0,2.4944,-0.0,-0.0,-0.0,0.0
1736847054.0097675,0.0,2.49452,-0.0,-0.0,-0.0,0.0
1736847054.0107746,0.0,2.49463,-0.0,-0.0,-0.0,0.0
1736847054.0107746,0.0,2.49474,-0.0,-0.0,-0.0,0.0
1736847054.0117652,0.0,2.49486,-0.0,-0.0,-0.0,0.0
1736847054.0133016,0.0,2.49502,-0.0,-0.0,-0.0,0.0
1736847054.0143209,0.0,2.49517,-0.0,-0.0,-0.0,0.0
1736847054.0143209,0.0,2.4953,-0.0,-0.0,-0.0,0.0
1736847054.015307,0.0,2.49541,-0.0,-0.0,-0.0,0.0
1736847054.0163057,0.0,2.49553,-0.0,-0.0,-0.0,0.0
1736847054.0173156,0.0,2.49565,-0.0,-0.0,-0.0,0.0
1736847054.0173156,0.0,2.49576,-0.0,-0.0,-0.0,0.0
1736847054.0184383,0.0,2.49587,-0.0,-0.0,-0.0,0.0
1736847054.0198195,0.0,2.49601,-0.0,-0.0,-0.0,0.0
1736847054.0201535,0.0,2.49617,-0.0,-0.0,-0.0,0.0
1736847054.0212011,0.0,2.49632,-0.0,-0.0,-0.0,0.0
1736847054.0221999,0.0,2.49644,-0.0,-0.0,-0.0,0.0
1736847054.023212,0.0,2.49655,-0.0,-0.0,-0.0,0.0
1736847054.023212,0.0,2.49667,-0.0,-0.0,-0.0,0.0
1736847054.0242,0.0,2.49679,-0.0,-0.0,-0.0,0.0
1736847054.0253575,0.0,2.4969,-0.0,-0.0,-0.0,0.0
1736847054.0263643,0.0,2.49704,-0.0,-0.0,-0.0,0.0
1736847054.0270689,0.0,2.49719,-0.0,-0.0,-0.0,0.0
1736847054.0282469,0.0,2.49734,-0.0,-0.0,-0.0,0.0
1736847054.0282469,0.0,2.49747,-0.0,-0.0,-0.0,0.0
1736847054.029261,0.0,2.49759,-0.0,-0.0,-0.0,0.0
1736847054.030269,0.0,2.49771,-0.0,-0.0,-0.0,0.0
1736847054.0313394,0.0,2.49783,-0.0,-0.0,-0.0,0.0
1736847054.0314252,0.0,2.49795,-0.0,-0.0,-0.0,0.0
1736847054.0324264,0.0,2.49807,-0.0,-0.0,-0.0,0.0
1736847054.0334272,0.0,2.4982,-0.0,-0.0,-0.0,0.0
1736847054.0340896,0.0,2.49834,-0.0,-0.0,-0.0,0.0
1736847054.0351362,0.0,2.49846,-0.0,-0.0,-0.0,0.0
1736847054.0361335,0.0,2.49858,-0.0,-0.0,-0.0,0.0
1736847054.0369227,0.0,2.4987,-0.0,-0.0,-0.0,0.0
1736847054.037009,0.0,2.49882,-0.0,-0.0,-0.0,0.0
1736847054.0380101,0.0,2.49894,-0.0,-0.0,-0.0,0.0
1736847054.0390193,0.0,2.49906,-0.0,-0.0,-0.0,0.0
1736847054.0400088,0.0,2.49919,-0.0,-0.0,-0.0,0.0
1736847054.0408444,0.0,2.49932,-0.0,-0.0,-0.0,0.0
1736847054.0408444,0.0,2.49946,-0.0,-0.0,-0.0,0.0
1736847054.0424197,0.0,2.49958,-0.0,-0.0,-0.0,0.0
1736847054.0424197,0.0,2.4997,-0.0,-0.0,-0.0,0.0
1736847054.043425,0.0,2.49983,-0.0,-0.0,-0.0,0.0
1736847054.0448358,0.0,2.49994,-0.0,-0.0,-0.0,0.0
1736847054.0448358,0.0,2.50006,-0.0,-0.0,-0.0,0.0
1736847054.0458415,0.0,2.50017,-0.0,-0.0,-0.0,0.0
1736847054.046848,0.0,2.5003,-0.0,-0.0,-0.0,0.0
1736847054.0474818,0.0,2.50044,-0.0,-0.0,-0.0,0.0
1736847054.0485046,0.0,2.50058,-0.0,-0.0,-0.0,0.0
1736847054.0495112,0.0,2.50071,-0.0,-0.0,-0.0,0.0
1736847054.0505111,0.0,2.50083,-0.0,-0.0,-0.0,0.0
1736847054.0505111,0.0,2.50095,-0.0,-0.0,-0.0,0.0
1736847054.05151,0.0,2.50107,-0.0,-0.0,-0.0,0.0
1736847054.0525138,0.0,2.50119,-0.0,-0.0,-0.0,0.0
1736847054.0535095,0.0,2.5013,-0.0,-0.0,-0.0,0.0
1736847054.0544484,0.0,2.50143,-0.0,-0.0,-0.0,0.0
1736847054.0548742,0.0,2.50161,-0.0,-0.0,-0.0,0.0
1736847054.0558755,0.0,2.50176,-0.0,-0.0,-0.0,0.0
1736847054.056874,0.0,2.50188,-0.0,-0.0,-0.0,0.0
1736847054.0578742,0.0,2.502,-0.0,-0.0,-0.0,0.0
1736847054.0578742,0.0,2.50212,-0.0,-0.0,-0.0,0.0
1736847054.058875,0.0,2.50223,-0.0,-0.0,-0.0,0.0
1736847054.0601027,0.0,2.50236,-0.0,-0.0,-0.0,0.0
1736847054.06111,0.0,2.50251,-0.0,-0.0,-0.0,0.0
1736847054.0621095,0.0,2.50267,-0.0,-0.0,-0.0,0.0
1736847054.0625157,0.0,2.5028,-0.0,-0.0,-0.0,0.0
1736847054.0625157,0.0,2.50293,-0.0,-0.0,-0.0,0.0
1736847054.064539,0.0,2.50306,-0.0,-0.0,-0.0,0.0
1736847054.065418,0.0,2.50318,-0.0,-0.0,-0.0,0.0
1736847054.065418,0.0,2.5033,-0.0,-0.0,-0.0,0.0
1736847054.066431,0.0,2.50342,-0.0,-0.0,-0.0,0.0
1736847054.0674303,0.0,2.50356,-0.0,-0.0,-0.0,0.0
1736847054.0686495,0.0,2.50369,-0.0,-0.0,-0.0,0.0
1736847054.0686495,0.0,2.50383,-0.0,-0.0,-0.0,0.0
1736847054.0702465,0.0,2.50396,-0.0,-0.0,-0.0,0.0
1736847054.071252,0.0,2.50408,-0.0,-0.0,-0.0,0.0
1736847054.071252,0.0,2.5042,-0.0,-0.0,-0.0,0.0
1736847054.0722508,0.0,2.50432,-0.0,-0.0,-0.0,0.0
1736847054.0732603,0.0,2.50444,-0.0,-0.0,-0.0,0.0
1736847054.0732603,0.0,2.50455,-0.0,-0.0,-0.0,0.0
1736847054.0742514,0.0,2.50467,-0.0,-0.0,-0.0,0.0
1736847054.0758085,0.0,2.50482,-0.0,-0.0,-0.0,0.0
1736847054.0768194,0.0,2.50497,-0.0,-0.0,-0.0,0.0
1736847054.0768194,0.0,2.50509,-0.0,-0.0,-0.0,0.0
1736847054.0778134,0.0,2.50521,-0.0,-0.0,-0.0,0.0
1736847054.0788224,0.0,2.50533,-0.0,-0.0,-0.0,0.0
1736847054.079826,0.0,2.50547,-0.0,-0.0,-0.0,0.0
1736847054.079826,0.0,2.50559,-0.0,-0.0,-0.0,0.0
1736847054.0809236,0.0,2.5057,-0.0,-0.0,-0.0,0.0
1736847054.0823221,0.0,2.50583,-0.0,-0.0,-0.0,0.0
1736847054.0831661,0.0,2.50598,-0.0,-0.0,-0.0,0.0
1736847054.0840461,0.0,2.50612,-0.0,-0.0,-0.0,0.0
1736847054.084872,0.0,2.50625,-0.0,-0.0,-0.0,0.0
1736847054.084872,0.0,2.50637,-0.0,-0.0,-0.0,0.0
1736847054.0863001,0.0,2.50649,-0.0,-0.0,-0.0,0.0
1736847054.0873005,0.0,2.50662,-0.0,-0.0,-0.0,0.0
1736847054.0878427,0.0,2.50675,-0.0,-0.0,-0.0,0.0
1736847054.088849,0.0,2.50688,-0.0,-0.0,-0.0,0.0
1736847054.089116,0.0,2.50703,-0.0,-0.0,-0.0,0.0
1736847054.089116,0.0,2.50717,-0.0,-0.0,-0.0,0.0
1736847054.089116,0.0,2.5073,-0.0,-0.0,-0.0,0.0
1736847054.092239,0.0,2.50744,-0.0,-0.0,-0.0,0.0
1736847054.0932567,0.0,2.5076,-0.0,-0.0,-0.0,0.0
1736847054.0942533,0.0,2.50772,-0.0,-0.0,-0.0,0.0
1736847054.0942533,0.0,2.50784,-0.0,-0.0,-0.0,0.0
1736847054.0960174,0.0,2.50797,-0.0,-0.0,-0.0,0.0
1736847054.096533,0.0,2.50813,-0.0,-0.0,-0.0,0.0
1736847054.0976567,0.0,2.50827,-0.0,-0.0,-0.0,0.0
1736847054.098443,0.0,2.50841,-0.0,-0.0,-0.0,0.0
1736847054.0994482,0.0,2.50853,-0.0,-0.0,-0.0,0.0
1736847054.0994482,0.0,2.50865,-0.0,-0.0,-0.0,0.0
1736847054.1004498,0.0,2.50877,-0.0,-0.0,-0.0,0.0
1736847054.101659,0.0,2.50889,-0.0,-0.0,-0.0,0.0
1736847054.1021702,0.0,2.50902,-0.0,-0.0,-0.0,0.0
1736847054.1032412,0.0,2.50914,-0.0,-0.0,-0.0,0.0
1736847054.1043735,0.0,2.5093,-0.0,-0.0,-0.0,0.0
1736847054.1053753,0.0,2.50947,-0.0,-0.0,-0.0,0.0
1736847054.1053753,0.0,2.50958,-0.0,-0.0,-0.0,0.0
1736847054.1063752,0.0,2.50972,-0.0,-0.0,-0.0,0.0
1736847054.1073751,0.0,2.50986,-0.0,-0.0,-0.0,0.0
1736847054.1083748,0.0,2.50998,-0.0,-0.0,-0.0,0.0
1736847054.1093738,0.0,2.51011,-0.0,-0.0,-0.0,0.0
1736847054.1105447,0.0,2.51026,-0.0,-0.0,-0.0,0.0
1736847054.1115584,0.0,2.51042,-0.0,-0.0,-0.0,0.0
1736847054.1115584,0.0,2.51055,-0.0,-0.0,-0.0,0.0
1736847054.1125448,0.0,2.51068,-0.0,-0.0,-0.0,0.0
1736847054.1139429,0.0,2.51081,-0.0,-0.0,-0.0,0.0
1736847054.1139429,0.0,2.51093,-0.0,-0.0,-0.0,0.0
1736847054.115637,0.0,2.51105,-0.0,-0.0,-0.0,0.0
1736847054.115637,0.0,2.51119,-0.0,-0.0,-0.0,0.0
1736847054.1172767,0.0,2.51134,-0.0,-0.0,-0.0,0.0
1736847054.118325,0.0,2.51148,-0.0,-0.0,-0.0,0.0
1736847054.118325,0.0,2.51161,-0.0,-0.0,-0.0,0.0
1736847054.119325,0.0,2.51173,-0.0,-0.0,-0.0,0.0
1736847054.1201587,0.0,2.51185,-0.0,-0.0,-0.0,0.0
1736847054.1201587,0.0,2.51198,-0.0,-0.0,-0.0,0.0
1736847054.1201587,0.0,2.51211,-0.0,-0.0,-0.0,0.0
1736847054.1225843,0.0,2.51223,-0.0,-0.0,-0.0,0.0
1736847054.1238654,0.0,2.51236,-0.0,-0.0,-0.0,0.0
1736847054.1238654,0.0,2.51253,-0.0,-0.0,-0.0,0.0
1736847054.1238654,0.0,2.51267,-0.0,-0.0,-0.0,0.0
1736847054.1266153,0.0,2.5128,-0.0,-0.0,-0.0,0.0
1736847054.127622,0.0,2.51294,-0.0,-0.0,-0.0,0.0
1736847054.127622,0.0,2.51306,-0.0,-0.0,-0.0,0.0
1736847054.1286209,0.0,2.51318,-0.0,-0.0,-0.0,0.0
1736847054.1296217,0.0,2.5133,-0.0,-0.0,-0.0,0.0
1736847054.130734,0.0,2.51343,-0.0,-0.0,-0.0,0.0
1736847054.1316698,0.0,2.51357,-0.0,-0.0,-0.0,0.0
1736847054.1325262,0.0,2.51371,-0.0,-0.0,-0.0,0.0
1736847054.1333776,0.0,2.51385,-0.0,-0.0,-0.0,0.0
1736847054.1333776,0.0,2.51398,-0.0,-0.0,-0.0,0.0
1736847054.1343908,0.0,2.5141,-0.0,-0.0,-0.0,0.0
1736847054.1353881,0.0,2.51422,-0.0,-0.0,-0.0,0.0
1736847054.1363976,0.0,2.51434,-0.0,-0.0,-0.0,0.0
1736847054.13739,0.0,2.51448,-0.0,-0.0,-0.0,0.0
1736847054.1383626,0.0,2.51461,-0.0,-0.0,-0.0,0.0
1736847054.1393695,0.0,2.51479,-0.0,-0.0,-0.0,0.0
1736847054.1393695,0.0,2.51492,-0.0,-0.0,-0.0,0.0
1736847054.1403692,0.0,2.51506,-0.0,-0.0,-0.0,0.0
1736847054.1413682,0.0,2.51518,-0.0,-0.0,-0.0,0.0
1736847054.1424155,0.0,2.5153,-0.0,-0.0,-0.0,0.0
1736847054.14342,0.0,2.51542,-0.0,-0.0,-0.0,0.0
1736847054.14342,0.0,2.51556,-0.0,-0.0,-0.0,0.0
1736847054.144719,0.0,2.51571,-0.0,-0.0,-0.0,0.0
1736847054.144719,0.0,2.51585,-0.0,-0.0,-0.0,0.0
1736847054.144719,0.0,2.51598,-0.0,-0.0,-0.0,0.0
1736847054.1474786,0.0,2.5161,-0.0,-0.0,-0.0,0.0
1736847054.1484852,0.0,2.51623,-0.0,-0.0,-0.0,0.0
1736847054.1484852,0.0,2.51634,-0.0,-0.0,-0.0,0.0
1736847054.1500003,0.0,2.51646,-0.0,-0.0,-0.0,0.0
1736847054.150506,0.0,2.51658,-0.0,-0.0,-0.0,0.0
1736847054.1516244,0.0,2.51671,-0.0,-0.0,-0.0,0.0
1736847054.1519606,0.0,2.51685,-0.0,-0.0,-0.0,0.0
1736847054.1533732,0.0,2.51698,-0.0,-0.0,-0.0,0.0
1736847054.1535392,0.0,2.51714,-0.0,-0.0,-0.0,0.0
1736847054.1545413,0.0,2.51727,-0.0,-0.0,-0.0,0.0
1736847054.1555393,0.0,2.51739,-0.0,-0.0,-0.0,0.0
1736847054.1565495,0.0,2.51751,-0.0,-0.0,-0.0,0.0
1736847054.1565495,0.0,2.51763,-0.0,-0.0,-0.0,0.0
1736847054.1575398,0.0,2.51775,-0.0,-0.0,-0.0,0.0
1736847054.1590233,0.0,2.5179,-0.0,-0.0,-0.0,0.0
1736847054.1600258,0.0,2.51804,-0.0,-0.0,-0.0,0.0
1736847054.1610239,0.0,2.51819,-0.0,-0.0,-0.0,0.0
1736847054.1610239,0.0,2.51831,-0.0,-0.0,-0.0,0.0
1736847054.1620252,0.0,2.51843,-0.0,-0.0,-0.0,0.0
1736847054.1630235,0.0,2.51855,-0.0,-0.0,-0.0,0.0
1736847054.1640234,0.0,2.51867,-0.0,-0.0,-0.0,0.0
1736847054.1640234,0.0,2.51879,-0.0,-0.0,-0.0,0.0
1736847054.1650248,0.0,2.51893,-0.0,-0.0,-0.0,0.0
1736847054.1664128,0.0,2.51908,-0.0,-0.0,-0.0,0.0
1736847054.1675415,0.0,2.51922,-0.0,-0.0,-0.0,0.0
1736847054.1675415,0.0,2.51935,-0.0,-0.0,-0.0,0.0
1736847054.1685555,0.0,2.51947,-0.0,-0.0,-0.0,0.0
1736847054.1695523,0.0,2.51959,-0.0,-0.0,-0.0,0.0
1736847054.1701393,0.0,2.51971,-0.0,-0.0,-0.0,0.0
1736847054.1711624,0.0,2.51984,-0.0,-0.0,-0.0,0.0
1736847054.172168,0.0,2.51997,-0.0,-0.0,-0.0,0.0
1736847054.1724393,0.0,2.52012,-0.0,-0.0,-0.0,0.0
1736847054.1724393,0.0,2.52025,-0.0,-0.0,-0.0,0.0
1736847054.1724393,0.0,2.52037,-0.0,-0.0,-0.0,0.0
1736847054.1724393,0.0,2.52049,-0.0,-0.0,-0.0,0.0
1736847054.176188,0.0,2.52061,-0.0,-0.0,-0.0,0.0
1736847054.1771958,0.0,2.52073,-0.0,-0.0,-0.0,0.0
1736847054.1771958,0.0,2.52085,-0.0,-0.0,-0.0,0.0
1736847054.1781936,0.0,2.52097,-0.0,-0.0,-0.0,0.0
1736847054.1793828,0.0,2.52111,-0.0,-0.0,-0.0,0.0
1736847054.1797404,0.0,2.52125,-0.0,-0.0,-0.0,0.0
1736847054.180878,0.0,2.5214,-0.0,-0.0,-0.0,0.0
1736847054.180878,0.0,2.52153,-0.0,-0.0,-0.0,0.0
1736847054.180878,0.0,2.52165,-0.0,-0.0,-0.0,0.0
1736847054.180878,0.0,2.52177,-0.0,-0.0,-0.0,0.0
1736847054.180878,0.0,2.52189,-0.0,-0.0,-0.0,0.0
1736847054.1850793,0.0,2.522,-0.0,-0.0,-0.0,0.0
1736847054.1860855,0.0,2.52212,-0.0,-0.0,-0.0,0.0
1736847054.1870677,0.0,2.52227,-0.0,-0.0,-0.0,0.0
1736847054.1870677,0.0,2.52241,-0.0,-0.0,-0.0,0.0
1736847054.188788,0.0,2.52255,-0.0,-0.0,-0.0,0.0
1736847054.188788,0.0,2.52267,-0.0,-0.0,-0.0,0.0
1736847054.1897938,0.0,2.52279,-0.0,-0.0,-0.0,0.0
1736847054.1907928,0.0,2.52291,-0.0,-0.0,-0.0,0.0
1736847054.191793,0.0,2.52303,-0.0,-0.0,-0.0,0.0
1736847054.191793,0.0,2.52315,-0.0,-0.0,-0.0,0.0
1736847054.1927943,0.0,2.52328,-0.0,-0.0,-0.0,0.0
1736847054.1938815,0.0,2.52342,-0.0,-0.0,-0.0,0.0
1736847054.1948886,0.0,2.52356,-0.0,-0.0,-0.0,0.0
1736847054.195888,0.0,2.52368,-0.0,-0.0,-0.0,0.0
1736847054.195888,0.0,2.52381,-0.0,-0.0,-0.0,0.0
1736847054.2502496,0.0,2.53219,-0.0,-0.0,-0.0,0.0
1736847054.2512484,0.0,2.53241,-0.0,-0.0,-0.0,0.0
1736847054.2522483,0.0,2.53256,-0.0,-0.0,-0.0,0.0
1736847054.2532573,0.0,2.53272,-0.0,-0.0,-0.0,0.0
1736847054.2542486,0.0,2.53288,-0.0,-0.0,-0.0,0.0
1736847054.2552483,0.0,2.53302,-0.0,-0.0,-0.0,0.0
1736847054.2552483,0.0,2.53315,-0.0,-0.0,-0.0,0.0
1736847054.2569377,0.0,2.53327,-0.0,-0.0,-0.0,0.0
1736847054.257926,0.0,2.53341,-0.0,-0.0,-0.0,0.0
1736847054.2584035,0.0,2.53355,-0.0,-0.0,-0.0,0.0
1736847054.2594445,0.0,2.53367,-0.0,-0.0,-0.0,0.0
1736847054.2604296,0.0,2.5338,-0.0,-0.0,-0.0,0.0
1736847054.2604296,0.0,2.53392,-0.0,-0.0,-0.0,0.0
1736847054.2614298,0.0,2.53405,-0.0,-0.0,-0.0,0.0
1736847054.2628367,0.0,2.53421,-0.0,-0.0,-0.0,0.0
1736847054.26389,0.0,2.53438,-0.0,-0.0,-0.0,0.0
1736847054.2650712,0.0,2.53453,-0.0,-0.0,-0.0,0.0
1736847054.2650712,0.0,2.53466,-0.0,-0.0,-0.0,0.0
1736847054.2660778,0.0,2.53478,-0.0,-0.0,-0.0,0.0
1736847054.2670758,0.0,2.5349,-0.0,-0.0,-0.0,0.0
1736847054.2680783,0.0,2.53501,-0.0,-0.0,-0.0,0.0
1736847054.2683942,0.0,2.53514,-0.0,-0.0,-0.0,0.0
1736847054.2696338,0.0,2.53528,-0.0,-0.0,-0.0,0.0
1736847054.2699404,0.0,2.53543,-0.0,-0.0,-0.0,0.0
1736847054.270981,0.0,2.53557,-0.0,-0.0,-0.0,0.0
1736847054.2719796,0.0,2.53572,-0.0,-0.0,-0.0,0.0
1736847054.2729795,0.0,2.53588,-0.0,-0.0,-0.0,0.0
1736847054.2739198,0.0,2.53602,-0.0,-0.0,-0.0,0.0
1736847054.2754116,0.0,2.53615,-0.0,-0.0,-0.0,0.0
1736847054.2754116,0.0,2.53629,-0.0,-0.0,-0.0,0.0
1736847054.2766185,0.0,2.53644,-0.0,-0.0,-0.0,0.0
1736847054.2766185,0.0,2.53659,-0.0,-0.0,-0.0,0.0
1736847054.2766185,0.0,2.53672,-0.0,-0.0,-0.0,0.0
1736847054.2766185,0.0,2.53684,-0.0,-0.0,-0.0,0.0
1736847054.2802682,0.0,2.53696,-0.0,-0.0,-0.0,0.0
1736847054.2812793,0.0,2.53708,-0.0,-0.0,-0.0,0.0
1736847054.282069,0.0,2.5372,-0.0,-0.0,-0.0,0.0
1736847054.282069,0.0,2.53732,-0.0,-0.0,-0.0,0.0
1736847054.283541,0.0,2.53746,-0.0,-0.0,-0.0,0.0
1736847054.2838552,0.0,2.53762,-0.0,-0.0,-0.0,0.0
1736847054.285053,0.0,2.53775,-0.0,-0.0,-0.0,0.0
1736847054.285053,0.0,2.53787,-0.0,-0.0,-0.0,0.0
1736847054.285053,0.0,2.538,-0.0,-0.0,-0.0,0.0
1736847054.285053,0.0,2.53813,-0.0,-0.0,-0.0,0.0
1736847054.285053,0.0,2.53826,-0.0,-0.0,-0.0,0.0
1736847054.2892342,0.0,2.53838,-0.0,-0.0,-0.0,0.0
1736847054.290242,0.0,2.53851,-0.0,-0.0,-0.0,0.0
1736847054.2908485,0.0,2.53866,-0.0,-0.0,-0.0,0.0
1736847054.2914877,0.0,2.5388,-0.0,-0.0,-0.0,0.0
1736847054.292495,0.0,2.53894,-0.0,-0.0,-0.0,0.0
1736847054.293493,0.0,2.53907,-0.0,-0.0,-0.0,0.0
1736847054.2945032,0.0,2.53919,-0.0,-0.0,-0.0,0.0
1736847054.2945032,0.0,2.5393,-0.0,-0.0,-0.0,0.0
1736847054.295493,0.0,2.53942,-0.0,-0.0,-0.0,0.0
1736847054.2964954,0.0,2.53956,-0.0,-0.0,-0.0,0.0
1736847054.2978745,0.0,2.53972,-0.0,-0.0,-0.0,0.0
1736847054.29899,0.0,2.53986,-0.0,-0.0,-0.0,0.0
1736847054.29899,0.0,2.54,-0.0,-0.0,-0.0,0.0
1736847054.3000033,0.0,2.54012,-0.0,-0.0,-0.0,0.0
1736847054.3010004,0.0,2.54024,-0.0,-0.0,-0.0,0.0
1736847054.30201,0.0,2.54036,-0.0,-0.0,-0.0,0.0
1736847054.302907,0.0,2.54048,-0.0,-0.0,-0.0,0.0
1736847054.3029993,0.0,2.5406,-0.0,-0.0,-0.0,0.0
1736847054.3046556,0.0,2.54074,-0.0,-0.0,-0.0,0.0
1736847054.3046556,0.0,2.54089,-0.0,-0.0,-0.0,0.0
1736847054.305696,0.0,2.54102,-0.0,-0.0,-0.0,0.0
1736847054.3066924,0.0,2.54113,-0.0,-0.0,-0.0,0.0
1736847054.3075805,0.0,2.54125,-0.0,-0.0,-0.0,0.0
1736847054.3085852,0.0,2.54137,-0.0,-0.0,-0.0,0.0
1736847054.3085852,0.0,2.54151,-0.0,-0.0,-0.0,0.0
1736847054.3100917,0.0,2.54163,-0.0,-0.0,-0.0,0.0
1736847054.3100917,0.0,2.54175,-0.0,-0.0,-0.0,0.0
1736847054.311351,0.0,2.5419,-0.0,-0.0,-0.0,0.0
1736847054.311351,0.0,2.54204,-0.0,-0.0,-0.0,0.0
1736847054.313408,0.0,2.54217,-0.0,-0.0,-0.0,0.0
1736847054.3144162,0.0,2.54229,-0.0,-0.0,-0.0,0.0
1736847054.3144162,0.0,2.54241,-0.0,-0.0,-0.0,0.0
1736847054.3159828,0.0,2.54253,-0.0,-0.0,-0.0,0.0
1736847054.3159828,0.0,2.54265,-0.0,-0.0,-0.0,0.0
1736847054.3169897,0.0,2.54277,-0.0,-0.0,-0.0,0.0
1736847054.31799,0.0,2.5429,-0.0,-0.0,-0.0,0.0
1736847054.3184898,0.0,2.54305,-0.0,-0.0,-0.0,0.0
1736847054.3201196,0.0,2.54318,-0.0,-0.0,-0.0,0.0
1736847054.3202388,0.0,2.54332,-0.0,-0.0,-0.0,0.0
1736847054.32124,0.0,2.54345,-0.0,-0.0,-0.0,0.0
1736847054.3222384,0.0,2.54357,-0.0,-0.0,-0.0,0.0
1736847054.3232598,0.0,2.54369,-0.0,-0.0,-0.0,0.0
1736847054.3232598,0.0,2.54381,-0.0,-0.0,-0.0,0.0
1736847054.32424,0.0,2.54394,-0.0,-0.0,-0.0,0.0
1736847054.3252378,0.0,2.5441,-0.0,-0.0,-0.0,0.0
1736847054.326636,0.0,2.54429,-0.0,-0.0,-0.0,0.0
1736847054.3276365,0.0,2.54443,-0.0,-0.0,-0.0,0.0
1736847054.3286462,0.0,2.54456,-0.0,-0.0,-0.0,0.0
1736847054.3296342,0.0,2.54467,-0.0,-0.0,-0.0,0.0
1736847054.3296342,0.0,2.5448,-0.0,-0.0,-0.0,0.0
1736847054.3306358,0.0,2.54492,-0.0,-0.0,-0.0,0.0
1736847054.3316367,0.0,2.54505,-0.0,-0.0,-0.0,0.0
1736847054.332744,0.0,2.5452,-0.0,-0.0,-0.0,0.0
1736847054.333725,0.0,2.54534,-0.0,-0.0,-0.0,0.0
1736847054.3346927,0.0,2.54548,-0.0,-0.0,-0.0,0.0
1736847054.3346927,0.0,2.5456,-0.0,-0.0,-0.0,0.0
1736847054.3357065,0.0,2.54572,-0.0,-0.0,-0.0,0.0
1736847054.336703,0.0,2.54584,-0.0,-0.0,-0.0,0.0
1736847054.3378344,0.0,2.54596,-0.0,-0.0,-0.0,0.0
1736847054.3378344,0.0,2.54609,-0.0,-0.0,-0.0,0.0
1736847054.3394635,0.0,2.54624,-0.0,-0.0,-0.0,0.0
1736847054.3405087,0.0,2.54638,-0.0,-0.0,-0.0,0.0
1736847054.3405087,0.0,2.54651,-0.0,-0.0,-0.0,0.0
1736847054.3415093,0.0,2.54664,-0.0,-0.0,-0.0,0.0
1736847054.3425086,0.0,2.54675,-0.0,-0.0,-0.0,0.0
1736847054.343585,0.0,2.54687,-0.0,-0.0,-0.0,0.0
1736847054.3436658,0.0,2.547,-0.0,-0.0,-0.0,0.0
1736847054.3446672,0.0,2.54712,-0.0,-0.0,-0.0,0.0
1736847054.3459826,0.0,2.54725,-0.0,-0.0,-0.0,0.0
1736847054.3462949,0.0,2.5474,-0.0,-0.0,-0.0,0.0
1736847054.34733,0.0,2.54754,-0.0,-0.0,-0.0,0.0
1736847054.348447,0.0,2.54767,-0.0,-0.0,-0.0,0.0
1736847054.3494515,0.0,2.54779,-0.0,-0.0,-0.0,0.0
1736847054.3494515,0.0,2.54791,-0.0,-0.0,-0.0,0.0
1736847054.3494515,0.0,2.54803,-0.0,-0.0,-0.0,0.0
1736847054.3517733,0.0,2.54815,-0.0,-0.0,-0.0,0.0
1736847054.3517733,0.0,2.54828,-0.0,-0.0,-0.0,0.0
1736847054.3529828,0.0,2.54842,-0.0,-0.0,-0.0,0.0
1736847054.3542109,0.0,2.54856,-0.0,-0.0,-0.0,0.0
1736847054.3550177,0.0,2.54869,-0.0,-0.0,-0.0,0.0
1736847054.3550177,0.0,2.5488,-0.0,-0.0,-0.0,0.0
1736847054.356024,0.0,2.54892,-0.0,-0.0,-0.0,0.0
1736847054.3570223,0.0,2.54904,-0.0,-0.0,-0.0,0.0
1736847054.3580325,0.0,2.54916,-0.0,-0.0,-0.0,0.0
1736847054.3580325,0.0,2.54928,-0.0,-0.0,-0.0,0.0
1736847054.3590229,0.0,2.5494,-0.0,-0.0,-0.0,0.0
1736847054.3605213,0.0,2.54957,-0.0,-0.0,-0.0,0.0
1736847054.3610668,0.0,2.54973,-0.0,-0.0,-0.0,0.0
1736847054.362072,0.0,2.54987,-0.0,-0.0,-0.0,0.0
1736847054.3630712,0.0,2.55,-0.0,-0.0,-0.0,0.0
1736847054.3640714,0.0,2.55013,-0.0,-0.0,-0.0,0.0
1736847054.3650706,0.0,2.55026,-0.0,-0.0,-0.0,0.0
1736847054.3656228,0.0,2.55038,-0.0,-0.0,-0.0,0.0
1736847054.3666427,0.0,2.55053,-0.0,-0.0,-0.0,0.0
1736847054.367378,0.0,2.55067,-0.0,-0.0,-0.0,0.0
1736847054.3684363,0.0,2.55081,-0.0,-0.0,-0.0,0.0
1736847054.369424,0.0,2.55093,-0.0,-0.0,-0.0,0.0
1736847054.369424,0.0,2.55106,-0.0,-0.0,-0.0,0.0
1736847054.370796,0.0,2.55118,-0.0,-0.0,-0.0,0.0
1736847054.3717957,0.0,2.5513,-0.0,-0.0,-0.0,0.0
1736847054.3717957,0.0,2.55142,-0.0,-0.0,-0.0,0.0
1736847054.3727953,0.0,2.55156,-0.0,-0.0,-0.0,0.0
1736847054.3739965,0.0,2.55171,-0.0,-0.0,-0.0,0.0
1736847054.3739965,0.0,2.55185,-0.0,-0.0,-0.0,0.0
1736847054.3739965,0.0,2.55199,-0.0,-0.0,-0.0,0.0
1736847054.3769557,0.0,2.55211,-0.0,-0.0,-0.0,0.0
1736847054.3779602,0.0,2.55225,-0.0,-0.0,-0.0,0.0
1736847054.3789601,0.0,2.55242,-0.0,-0.0,-0.0,0.0
1736847054.3799608,0.0,2.55256,-0.0,-0.0,-0.0,0.0
1736847054.3811066,0.0,2.55275,-0.0,-0.0,-0.0,0.0
1736847054.3821528,0.0,2.55293,-0.0,-0.0,-0.0,0.0
1736847054.382852,0.0,2.55308,-0.0,-0.0,-0.0,0.0
1736847054.3838575,0.0,2.55321,-0.0,-0.0,-0.0,0.0
1736847054.3838575,0.0,2.55333,-0.0,-0.0,-0.0,0.0
1736847054.384857,0.0,2.55345,-0.0,-0.0,-0.0,0.0
1736847054.385856,0.0,2.55357,-0.0,-0.0,-0.0,0.0
1736847054.386858,0.0,2.55368,-0.0,-0.0,-0.0,0.0
1736847054.3877447,0.0,2.55381,-0.0,-0.0,-0.0,0.0
1736847054.3886633,0.0,2.55396,-0.0,-0.0,-0.0,0.0
1736847054.3896658,0.0,2.55411,-0.0,-0.0,-0.0,0.0
1736847054.3896658,0.0,2.55423,-0.0,-0.0,-0.0,0.0
1736847054.3906639,0.0,2.55435,-0.0,-0.0,-0.0,0.0
1736847054.3916633,0.0,2.55448,-0.0,-0.0,-0.0,0.0
1736847054.3926737,0.0,2.55461,-0.0,-0.0,-0.0,0.0
1736847054.3933957,0.0,2.55475,-0.0,-0.0,-0.0,0.0
1736847054.3946555,0.0,2.5549,-0.0,-0.0,-0.0,0.0
1736847054.3946555,0.0,2.55505,-0.0,-0.0,-0.0,0.0
1736847054.3946555,0.0,2.55519,-0.0,-0.0,-0.0,0.0
1736847054.3946555,0.0,2.55531,-0.0,-0.0,-0.0,0.0
1736847054.3946555,0.0,2.55543,-0.0,-0.0,-0.0,0.0
1736847054.3946555,0.0,2.55555,-0.0,-0.0,-0.0,0.0
1736847054.3996315,0.0,2.55567,-0.0,-0.0,-0.0,0.0
1736847054.400287,0.0,2.5558,-0.0,-0.0,-0.0,0.0
1736847054.4013038,0.0,2.55593,-0.0,-0.0,-0.0,0.0
1736847054.401957,0.0,2.55607,-0.0,-0.0,-0.0,0.0
1736847054.4025974,0.0,2.55621,-0.0,-0.0,-0.0,0.0
1736847054.4036036,0.0,2.55635,-0.0,-0.0,-0.0,0.0
1736847054.404602,0.0,2.55647,-0.0,-0.0,-0.0,0.0
1736847054.40546,0.0,2.55659,-0.0,-0.0,-0.0,0.0
1736847054.4055712,0.0,2.55671,-0.0,-0.0,-0.0,0.0
1736847054.4065728,0.0,2.55683,-0.0,-0.0,-0.0,0.0
1736847054.407585,0.0,2.55695,-0.0,-0.0,-0.0,0.0
1736847054.4087012,0.0,2.55709,-0.0,-0.0,-0.0,0.0
1736847054.409044,0.0,2.55724,-0.0,-0.0,-0.0,0.0
1736847054.4102244,0.0,2.55738,-0.0,-0.0,-0.0,0.0
1736847054.4112308,0.0,2.5575,-0.0,-0.0,-0.0,0.0
1736847054.4112308,0.0,2.55763,-0.0,-0.0,-0.0,0.0
1736847054.4112308,0.0,2.55777,-0.0,-0.0,-0.0,0.0
1736847054.4112308,0.0,2.55789,-0.0,-0.0,-0.0,0.0
1736847054.414238,0.0,2.55801,-0.0,-0.0,-0.0,0.0
1736847054.4152439,0.0,2.55814,-0.0,-0.0,-0.0,0.0
1736847054.4158633,0.0,2.5583,-0.0,-0.0,-0.0,0.0
1736847054.4169037,0.0,2.55843,-0.0,-0.0,-0.0,0.0
1736847054.417902,0.0,2.55855,-0.0,-0.0,-0.0,0.0
1736847054.417902,0.0,2.55867,-0.0,-0.0,-0.0,0.0
1736847054.41952,0.0,2.55879,-0.0,-0.0,-0.0,0.0
1736847054.4200163,0.0,2.55891,-0.0,-0.0,-0.0,0.0
1736847054.4210234,0.0,2.55903,-0.0,-0.0,-0.0,0.0
1736847054.4212031,0.0,2.55916,-0.0,-0.0,-0.0,0.0
1736847054.4224472,0.0,2.55931,-0.0,-0.0,-0.0,0.0
1736847054.4224472,0.0,2.55945,-0.0,-0.0,-0.0,0.0
1736847054.4224472,0.0,2.55959,-0.0,-0.0,-0.0,0.0
1736847054.4250245,0.0,2.5597,-0.0,-0.0,-0.0,0.0
1736847054.426031,0.0,2.55982,-0.0,-0.0,-0.0,0.0
1736847054.426031,0.0,2.55994,-0.0,-0.0,-0.0,0.0
1736847054.4270284,0.0,2.56006,-0.0,-0.0,-0.0,0.0
1736847054.4280295,0.0,2.56018,-0.0,-0.0,-0.0,0.0
1736847054.4290316,0.0,2.5603,-0.0,-0.0,-0.0,0.0
1736847054.4298093,0.0,2.56044,-0.0,-0.0,-0.0,0.0
1736847054.4298093,0.0,2.56058,-0.0,-0.0,-0.0,0.0
1736847054.4298093,0.0,2.56072,-0.0,-0.0,-0.0,0.0
1736847054.4298093,0.0,2.56085,-0.0,-0.0,-0.0,0.0
1736847054.4298093,0.0,2.56097,-0.0,-0.0,-0.0,0.0
1736847054.4298093,0.0,2.56108,-0.0,-0.0,-0.0,0.0
1736847054.4298093,0.0,2.5612,-0.0,-0.0,-0.0,0.0
1736847054.435082,0.0,2.56134,-0.0,-0.0,-0.0,0.0
1736847054.4367619,0.0,2.5615,-0.0,-0.0,-0.0,0.0
1736847054.4375722,0.0,2.56164,-0.0,-0.0,-0.0,0.0
1736847054.4375722,0.0,2.56178,-0.0,-0.0,-0.0,0.0
1736847054.4385853,0.0,2.56189,-0.0,-0.0,-0.0,0.0
1736847054.4395838,0.0,2.56202,-0.0,-0.0,-0.0,0.0
1736847054.4405935,0.0,2.56213,-0.0,-0.0,-0.0,0.0
1736847054.4415045,0.0,2.56225,-0.0,-0.0,-0.0,0.0
1736847054.4416046,0.0,2.56238,-0.0,-0.0,-0.0,0.0
1736847054.4426074,0.0,2.5625,-0.0,-0.0,-0.0,0.0
1736847054.4436042,0.0,2.56264,-0.0,-0.0,-0.0,0.0
1736847054.4446516,0.0,2.56277,-0.0,-0.0,-0.0,0.0
1736847054.4446516,0.0,2.56289,-0.0,-0.0,-0.0,0.0
1736847054.4460924,0.0,2.56301,-0.0,-0.0,-0.0,0.0
1736847054.4470947,0.0,2.56313,-0.0,-0.0,-0.0,0.0
1736847054.4470947,0.0,2.56326,-0.0,-0.0,-0.0,0.0
1736847054.4470947,0.0,2.56338,-0.0,-0.0,-0.0,0.0
1736847054.448939,0.0,2.5635,-0.0,-0.0,-0.0,0.0
1736847054.450136,0.0,2.56363,-0.0,-0.0,-0.0,0.0
1736847054.450136,0.0,2.56377,-0.0,-0.0,-0.0,0.0
1736847054.4518888,0.0,2.56392,-0.0,-0.0,-0.0,0.0
1736847054.4529052,0.0,2.5641,-0.0,-0.0,-0.0,0.0
1736847054.4543738,0.0,2.56425,-0.0,-0.0,-0.0,0.0
1736847054.4543738,0.0,2.5644,-0.0,-0.0,-0.0,0.0
1736847054.4553804,0.0,2.56453,-0.0,-0.0,-0.0,0.0
1736847054.4563825,0.0,2.56465,-0.0,-0.0,-0.0,0.0
1736847054.4577804,0.0,2.56481,-0.0,-0.0,-0.0,0.0
1736847054.4587815,0.0,2.56495,-0.0,-0.0,-0.0,0.0
1736847054.4587815,0.0,2.56508,-0.0,-0.0,-0.0,0.0
1736847054.459782,0.0,2.56521,-0.0,-0.0,-0.0,0.0
1736847054.4607809,0.0,2.56533,-0.0,-0.0,-0.0,0.0
1736847054.461781,0.0,2.56544,-0.0,-0.0,-0.0,0.0
1736847054.462322,0.0,2.56556,-0.0,-0.0,-0.0,0.0
1736847054.463328,0.0,2.56568,-0.0,-0.0,-0.0,0.0
1736847054.464157,0.0,2.56582,-0.0,-0.0,-0.0,0.0
1736847054.464157,0.0,2.56596,-0.0,-0.0,-0.0,0.0
1736847054.464157,0.0,2.5661,-0.0,-0.0,-0.0,0.0
1736847054.464157,0.0,2.56623,-0.0,-0.0,-0.0,0.0
1736847054.464157,0.0,2.56636,-0.0,-0.0,-0.0,0.0
1736847054.4682136,0.0,2.56647,-0.0,-0.0,-0.0,0.0
1736847054.4682136,0.0,2.56659,-0.0,-0.0,-0.0,0.0
1736847054.4692252,0.0,2.56671,-0.0,-0.0,-0.0,0.0
1736847054.4702244,0.0,2.56684,-0.0,-0.0,-0.0,0.0
1736847054.471167,0.0,2.56702,-0.0,-0.0,-0.0,0.0
1736847054.471167,0.0,2.5672,-0.0,-0.0,-0.0,0.0
1736847054.471167,0.0,2.5674,-0.0,-0.0,-0.0,0.0
1736847054.471167,0.0,2.56757,-0.0,-0.0,-0.0,0.0
1736847054.471167,0.0,2.56774,-0.0,-0.0,-0.0,0.0
1736847054.476843,0.0,2.56791,-0.0,-0.0,-0.0,0.0
1736847054.4788535,0.0,2.56808,-0.0,-0.0,-0.0,0.0
1736847054.4788535,0.0,2.56829,-0.0,-0.0,-0.0,0.0
1736847054.4788535,0.0,2.56849,-0.0,-0.0,-0.0,0.0
1736847054.4788535,0.0,2.56866,-0.0,-0.0,-0.0,0.0
1736847054.4788535,0.0,2.56883,-0.0,-0.0,-0.0,0.0
1736847054.4837692,0.0,2.56899,-0.0,-0.0,-0.0,0.0
1736847054.4847827,0.0,2.56915,-0.0,-0.0,-0.0,0.0
1736847054.485779,0.0,2.56935,-0.0,-0.0,-0.0,0.0
1736847054.485779,0.0,2.56958,-0.0,-0.0,-0.0,0.0
1736847054.485779,0.0,2.56977,-0.0,-0.0,-0.0,0.0
1736847054.4907293,0.0,2.56996,-0.0,-0.0,-0.0,0.0
1736847054.49174,0.0,2.57014,-0.0,-0.0,-0.0,0.0
1736847054.4928653,0.0,2.57046,-0.0,-0.0,-0.0,0.0
1736847054.4928653,0.0,2.57068,-0.0,-0.0,-0.0,0.0
1736847054.4928653,0.0,2.57092,-0.0,-0.0,-0.0,0.0
1736847054.4976287,0.0,2.57111,-0.0,-0.0,-0.0,0.0
1736847054.498636,0.0,2.57128,-0.0,-0.0,-0.0,0.0
1736847054.5000598,0.0,2.57151,-0.0,-0.0,-0.0,0.0
1736847054.5000598,0.0,2.57171,-0.0,-0.0,-0.0,0.0
1736847054.5000598,0.0,2.57195,-0.0,-0.0,-0.0,0.0
1736847054.5000598,0.0,2.57211,-0.0,-0.0,-0.0,0.0
1736847054.5045745,0.0,2.57227,-0.0,-0.0,-0.0,0.0
1736847054.5065832,0.0,2.57245,-0.0,-0.0,-0.0,0.0
1736847054.5075853,0.0,2.57264,-0.0,-0.0,-0.0,0.0
1736847054.508634,0.0,2.57281,-0.0,-0.0,-0.0,0.0
1736847054.508634,0.0,2.57299,-0.0,-0.0,-0.0,0.0
1736847054.5110967,0.0,2.57319,-0.0,-0.0,-0.0,0.0
1736847054.5121083,0.0,2.5734,-0.0,-0.0,-0.0,0.0
1736847054.5135214,0.0,2.57357,-0.0,-0.0,-0.0,0.0
1736847054.5139952,0.0,2.57375,-0.0,-0.0,-0.0,0.0
1736847054.515041,0.0,2.57391,-0.0,-0.0,-0.0,0.0
1736847054.515041,0.0,2.57407,-0.0,-0.0,-0.0,0.0
1736847054.515041,0.0,2.57421,-0.0,-0.0,-0.0,0.0
1736847054.5184405,0.0,2.57433,-0.0,-0.0,-0.0,0.0
1736847054.5184405,0.0,2.57447,-0.0,-0.0,-0.0,0.0
1736847054.5201325,0.0,2.5746,-0.0,-0.0,-0.0,0.0
1736847054.5201325,0.0,2.57474,-0.0,-0.0,-0.0,0.0
1736847054.52174,0.0,2.57487,-0.0,-0.0,-0.0,0.0
1736847054.5224745,0.0,2.57499,-0.0,-0.0,-0.0,0.0
1736847054.5224745,0.0,2.57511,-0.0,-0.0,-0.0,0.0
1736847054.5234861,0.0,2.57523,-0.0,-0.0,-0.0,0.0
1736847054.524485,0.0,2.57534,-0.0,-0.0,-0.0,0.0
1736847054.525344,0.0,2.57546,-0.0,-0.0,-0.0,0.0
1736847054.526349,0.0,2.5756,-0.0,-0.0,-0.0,0.0
1736847054.527332,0.0,2.57575,-0.0,-0.0,-0.0,0.0
1736847054.527332,0.0,2.57588,-0.0,-0.0,-0.0,0.0
1736847054.5283356,0.0,2.57601,-0.0,-0.0,-0.0,0.0
1736847054.5293329,0.0,2.57612,-0.0,-0.0,-0.0,0.0
1736847054.5303426,0.0,2.57624,-0.0,-0.0,-0.0,0.0
1736847054.5312965,0.0,2.57635,-0.0,-0.0,-0.0,0.0
1736847054.5312965,0.0,2.57648,-0.0,-0.0,-0.0,0.0
1736847054.5322974,0.0,2.5766,-0.0,-0.0,-0.0,0.0
1736847054.5332985,0.0,2.57673,-0.0,-0.0,-0.0,0.0
1736847054.5340881,0.0,2.57687,-0.0,-0.0,-0.0,0.0
1736847054.535093,0.0,2.57699,-0.0,-0.0,-0.0,0.0
1736847054.5360916,0.0,2.57712,-0.0,-0.0,-0.0,0.0
1736847054.5369234,0.0,2.57723,-0.0,-0.0,-0.0,0.0
1736847054.5369234,0.0,2.57737,-0.0,-0.0,-0.0,0.0
1736847054.5379236,0.0,2.57749,-0.0,-0.0,-0.0,0.0
1736847054.5391035,0.0,2.57761,-0.0,-0.0,-0.0,0.0
1736847054.5391035,0.0,2.57773,-0.0,-0.0,-0.0,0.0
1736847054.5408096,0.0,2.57786,-0.0,-0.0,-0.0,0.0
1736847054.5408096,0.0,2.578,-0.0,-0.0,-0.0,0.0
1736847054.5424168,0.0,2.57814,-0.0,-0.0,-0.0,0.0
1736847054.5434217,0.0,2.57825,-0.0,-0.0,-0.0,0.0
1736847054.5441837,0.0,2.57838,-0.0,-0.0,-0.0,0.0
1736847054.5441837,0.0,2.5785,-0.0,-0.0,-0.0,0.0
1736847054.5451896,0.0,2.57861,-0.0,-0.0,-0.0,0.0
1736847054.5461893,0.0,2.57873,-0.0,-0.0,-0.0,0.0
1736847054.5471897,0.0,2.57884,-0.0,-0.0,-0.0,0.0
1736847054.5474427,0.0,2.57899,-0.0,-0.0,-0.0,0.0
1736847054.5485578,0.0,2.57912,-0.0,-0.0,-0.0,0.0
1736847054.5495768,0.0,2.57925,-0.0,-0.0,-0.0,0.0
1736847054.5495768,0.0,2.57937,-0.0,-0.0,-0.0,0.0
1736847054.5505629,0.0,2.57948,-0.0,-0.0,-0.0,0.0
1736847054.5515625,0.0,2.5796,-0.0,-0.0,-0.0,0.0
1736847054.5525725,0.0,2.57972,-0.0,-0.0,-0.0,0.0
1736847054.5525725,0.0,2.57984,-0.0,-0.0,-0.0,0.0
1736847054.5543437,0.0,2.57996,-0.0,-0.0,-0.0,0.0
1736847054.5549755,0.0,2.58014,-0.0,-0.0,-0.0,0.0
1736847054.5559921,0.0,2.58029,-0.0,-0.0,-0.0,0.0
1736847054.556993,0.0,2.5804,-0.0,-0.0,-0.0,0.0
1736847054.556993,0.0,2.58052,-0.0,-0.0,-0.0,0.0
1736847054.5579808,0.0,2.58064,-0.0,-0.0,-0.0,0.0
1736847054.5589898,0.0,2.58076,-0.0,-0.0,-0.0,0.0
1736847054.5601118,0.0,2.58088,-0.0,-0.0,-0.0,0.0
1736847054.5601118,0.0,2.58102,-0.0,-0.0,-0.0,0.0
1736847054.561946,0.0,2.58118,-0.0,-0.0,-0.0,0.0
1736847054.5627675,0.0,2.58132,-0.0,-0.0,-0.0,0.0
1736847054.563319,0.0,2.58146,-0.0,-0.0,-0.0,0.0
1736847054.564338,0.0,2.58158,-0.0,-0.0,-0.0,0.0
1736847054.5653248,0.0,2.58169,-0.0,-0.0,-0.0,0.0
1736847054.5653248,0.0,2.58181,-0.0,-0.0,-0.0,0.0
1736847054.566751,0.0,2.58193,-0.0,-0.0,-0.0,0.0
1736847054.566861,0.0,2.58205,-0.0,-0.0,-0.0,0.0
1736847054.568181,0.0,2.58219,-0.0,-0.0,-0.0,0.0
1736847054.568181,0.0,2.58234,-0.0,-0.0,-0.0,0.0
1736847054.568181,0.0,2.58249,-0.0,-0.0,-0.0,0.0
1736847054.568181,0.0,2.5826,-0.0,-0.0,-0.0,0.0
1736847054.568181,0.0,2.58272,-0.0,-0.0,-0.0,0.0
1736847054.568181,0.0,2.58284,-0.0,-0.0,-0.0,0.0
1736847054.568181,0.0,2.58296,-0.0,-0.0,-0.0,0.0
1736847054.574006,0.0,2.58307,-0.0,-0.0,-0.0,0.0
1736847054.574006,0.0,2.5832,-0.0,-0.0,-0.0,0.0
1736847054.5750139,0.0,2.58333,-0.0,-0.0,-0.0,0.0
1736847054.5760121,0.0,2.58345,-0.0,-0.0,-0.0,0.0
1736847054.5770204,0.0,2.58356,-0.0,-0.0,-0.0,0.0
1736847054.5770204,0.0,2.58368,-0.0,-0.0,-0.0,0.0
1736847054.5780113,0.0,2.5838,-0.0,-0.0,-0.0,0.0
1736847054.5790107,0.0,2.58392,-0.0,-0.0,-0.0,0.0
1736847054.5800204,0.0,2.58403,-0.0,-0.0,-0.0,0.0
1736847054.5800204,0.0,2.58414,-0.0,-0.0,-0.0,0.0
1736847054.581112,0.0,2.58427,-0.0,-0.0,-0.0,0.0
1736847054.582134,0.0,2.58439,-0.0,-0.0,-0.0,0.0
1736847054.583134,0.0,2.5845,-0.0,-0.0,-0.0,0.0
1736847054.583134,0.0,2.58462,-0.0,-0.0,-0.0,0.0
1736847054.5841339,0.0,2.58474,-0.0,-0.0,-0.0,0.0
1736847054.5851345,0.0,2.58486,-0.0,-0.0,-0.0,0.0
1736847054.5861402,0.0,2.58499,-0.0,-0.0,-0.0,0.0
1736847054.5861402,0.0,2.58511,-0.0,-0.0,-0.0,0.0
1736847054.587135,0.0,2.58522,-0.0,-0.0,-0.0,0.0
1736847054.588459,0.0,2.58536,-0.0,-0.0,-0.0,0.0
1736847054.588459,0.0,2.58551,-0.0,-0.0,-0.0,0.0
1736847054.5904703,0.0,2.58567,-0.0,-0.0,-0.0,0.0
1736847054.591549,0.0,2.58582,-0.0,-0.0,-0.0,0.0
1736847054.591549,0.0,2.58594,-0.0,-0.0,-0.0,0.0
1736847054.59256,0.0,2.58607,-0.0,-0.0,-0.0,0.0
1736847054.5935533,0.0,2.58619,-0.0,-0.0,-0.0,0.0
1736847054.594567,0.0,2.58631,-0.0,-0.0,-0.0,0.0
1736847054.5951834,0.0,2.58644,-0.0,-0.0,-0.0,0.0
1736847054.5957437,0.0,2.58658,-0.0,-0.0,-0.0,0.0
1736847054.5967505,0.0,2.58672,-0.0,-0.0,-0.0,0.0
1736847054.597749,0.0,2.58685,-0.0,-0.0,-0.0,0.0
1736847054.5987608,0.0,2.58696,-0.0,-0.0,-0.0,0.0
1736847054.5987608,0.0,2.58709,-0.0,-0.0,-0.0,0.0
1736847054.5997493,0.0,2.58721,-0.0,-0.0,-0.0,0.0
1736847054.6007986,0.0,2.58732,-0.0,-0.0,-0.0,0.0
1736847054.601542,0.0,2.58745,-0.0,-0.0,-0.0,0.0
1736847054.6026382,0.0,2.58756,-0.0,-0.0,-0.0,0.0
1736847054.6036751,0.0,2.58771,-0.0,-0.0,-0.0,0.0
1736847054.6036751,0.0,2.58787,-0.0,-0.0,-0.0,0.0
1736847054.6046755,0.0,2.58799,-0.0,-0.0,-0.0,0.0
1736847054.6056743,0.0,2.58811,-0.0,-0.0,-0.0,0.0
1736847054.6067388,0.0,2.58823,-0.0,-0.0,-0.0,0.0
1736847054.607591,0.0,2.58836,-0.0,-0.0,-0.0,0.0
1736847054.6083627,0.0,2.58848,-0.0,-0.0,-0.0,0.0
1736847054.6091747,0.0,2.5886,-0.0,-0.0,-0.0,0.0
1736847054.6097403,0.0,2.58875,-0.0,-0.0,-0.0,0.0
1736847054.6109483,0.0,2.58889,-0.0,-0.0,-0.0,0.0
1736847054.6119616,0.0,2.58903,-0.0,-0.0,-0.0,0.0
1736847054.6119616,0.0,2.58915,-0.0,-0.0,-0.0,0.0
1736847054.6135552,0.0,2.58926,-0.0,-0.0,-0.0,0.0
1736847054.6135552,0.0,2.58939,-0.0,-0.0,-0.0,0.0
1736847054.6145616,0.0,2.58952,-0.0,-0.0,-0.0,0.0
1736847054.6155603,0.0,2.58964,-0.0,-0.0,-0.0,0.0
1736847054.6164806,0.0,2.58976,-0.0,-0.0,-0.0,0.0
1736847054.6175165,0.0,2.58991,-0.0,-0.0,-0.0,0.0
1736847054.6182566,0.0,2.59004,-0.0,-0.0,-0.0,0.0
1736847054.6192617,0.0,2.59017,-0.0,-0.0,-0.0,0.0
1736847054.6192617,0.0,2.59029,-0.0,-0.0,-0.0,0.0
1736847054.6192617,0.0,2.59041,-0.0,-0.0,-0.0,0.0
1736847054.6192617,0.0,2.59053,-0.0,-0.0,-0.0,0.0
1736847054.6192617,0.0,2.59065,-0.0,-0.0,-0.0,0.0
1736847054.6230133,0.0,2.59077,-0.0,-0.0,-0.0,0.0
1736847054.6236944,0.0,2.59093,-0.0,-0.0,-0.0,0.0
1736847054.6246998,0.0,2.59107,-0.0,-0.0,-0.0,0.0
1736847054.625699,0.0,2.59121,-0.0,-0.0,-0.0,0.0
1736847054.625699,0.0,2.59133,-0.0,-0.0,-0.0,0.0
1736847054.6274178,0.0,2.59145,-0.0,-0.0,-0.0,0.0
1736847054.6274178,0.0,2.59157,-0.0,-0.0,-0.0,0.0
1736847054.6284235,0.0,2.59169,-0.0,-0.0,-0.0,0.0
1736847054.6295276,0.0,2.59182,-0.0,-0.0,-0.0,0.0
1736847054.6299734,0.0,2.59195,-0.0,-0.0,-0.0,0.0
1736847054.6299734,0.0,2.5921,-0.0,-0.0,-0.0,0.0
1736847054.6299734,0.0,2.59222,-0.0,-0.0,-0.0,0.0
1736847054.6299734,0.0,2.59234,-0.0,-0.0,-0.0,0.0
1736847054.6299734,0.0,2.59246,-0.0,-0.0,-0.0,0.0
1736847054.6344237,0.0,2.59258,-0.0,-0.0,-0.0,0.0
1736847054.6354294,0.0,2.59271,-0.0,-0.0,-0.0,0.0
1736847054.6354294,0.0,2.59283,-0.0,-0.0,-0.0,0.0
1736847054.636908,0.0,2.59294,-0.0,-0.0,-0.0,0.0
1736847054.6374679,0.0,2.5931,-0.0,-0.0,-0.0,0.0
1736847054.6385112,0.0,2.59327,-0.0,-0.0,-0.0,0.0
1736847054.6395092,0.0,2.5934,-0.0,-0.0,-0.0,0.0
1736847054.6402702,0.0,2.59353,-0.0,-0.0,-0.0,0.0
1736847054.6412868,0.0,2.59366,-0.0,-0.0,-0.0,0.0
1736847054.6412868,0.0,2.59378,-0.0,-0.0,-0.0,0.0
1736847054.642275,0.0,2.5939,-0.0,-0.0,-0.0,0.0
1736847054.6432753,0.0,2.59401,-0.0,-0.0,-0.0,0.0
1736847054.6442397,0.0,2.59414,-0.0,-0.0,-0.0,0.0
1736847054.6452878,0.0,2.5943,-0.0,-0.0,-0.0,0.0
1736847054.6462734,0.0,2.59444,-0.0,-0.0,-0.0,0.0
1736847054.6471233,0.0,2.59457,-0.0,-0.0,-0.0,0.0
1736847054.6471233,0.0,2.59469,-0.0,-0.0,-0.0,0.0
1736847054.6481345,0.0,2.59481,-0.0,-0.0,-0.0,0.0
1736847054.6491327,0.0,2.59494,-0.0,-0.0,-0.0,0.0
1736847054.650142,0.0,2.59506,-0.0,-0.0,-0.0,0.0
1736847054.6508305,0.0,2.59519,-0.0,-0.0,-0.0,0.0
1736847054.6508305,0.0,2.59535,-0.0,-0.0,-0.0,0.0
1736847054.6528485,0.0,2.59554,-0.0,-0.0,-0.0,0.0
1736847054.65385,0.0,2.59568,-0.0,-0.0,-0.0,0.0
1736847054.654861,0.0,2.59582,-0.0,-0.0,-0.0,0.0
1736847054.655863,0.0,2.59594,-0.0,-0.0,-0.0,0.0
1736847054.656365,0.0,2.59605,-0.0,-0.0,-0.0,0.0
1736847054.6573668,0.0,2.59617,-0.0,-0.0,-0.0,0.0
1736847054.6577573,0.0,2.5963,-0.0,-0.0,-0.0,0.0
1736847054.6577573,0.0,2.59646,-0.0,-0.0,-0.0,0.0
1736847054.6577573,0.0,2.5966,-0.0,-0.0,-0.0,0.0
1736847054.6577573,0.0,2.59672,-0.0,-0.0,-0.0,0.0
1736847054.6577573,0.0,2.59684,-0.0,-0.0,-0.0,0.0
1736847054.6622636,0.0,2.59696,-0.0,-0.0,-0.0,0.0
1736847054.6632705,0.0,2.59708,-0.0,-0.0,-0.0,0.0
1736847054.6640174,0.0,2.5972,-0.0,-0.0,-0.0,0.0
1736847054.6647723,0.0,2.59732,-0.0,-0.0,-0.0,0.0
1736847054.6652503,0.0,2.59746,-0.0,-0.0,-0.0,0.0
1736847054.6672876,0.0,2.5977,-0.0,-0.0,-0.0,0.0
1736847054.6680455,0.0,2.59789,-0.0,-0.0,-0.0,0.0
1736847054.6690495,0.0,2.59804,-0.0,-0.0,-0.0,0.0
1736847054.670055,0.0,2.59816,-0.0,-0.0,-0.0,0.0
1736847054.670055,0.0,2.59828,-0.0,-0.0,-0.0,0.0
1736847054.6716232,0.0,2.5984,-0.0,-0.0,-0.0,0.0
1736847054.672093,0.0,2.59854,-0.0,-0.0,-0.0,0.0
1736847054.6731477,0.0,2.5987,-0.0,-0.0,-0.0,0.0
1736847054.6745584,0.0,2.59887,-0.0,-0.0,-0.0,0.0
1736847054.6747484,0.0,2.599,-0.0,-0.0,-0.0,0.0
1736847054.675751,0.0,2.59913,-0.0,-0.0,-0.0,0.0
1736847054.676749,0.0,2.59925,-0.0,-0.0,-0.0,0.0
1736847054.6777484,0.0,2.59936,-0.0,-0.0,-0.0,0.0
1736847054.6785254,0.0,2.59948,-0.0,-0.0,-0.0,0.0
1736847054.6789527,0.0,2.59961,-0.0,-0.0,-0.0,0.0
1736847054.680058,0.0,2.59977,-0.0,-0.0,-0.0,0.0
1736847054.6811392,0.0,2.59991,-0.0,-0.0,-0.0,0.0
1736847054.6819944,0.0,2.60004,-0.0,-0.0,-0.0,0.0
1736847054.682863,0.0,2.60017,-0.0,-0.0,-0.0,0.0
1736847054.682863,0.0,2.60029,-0.0,-0.0,-0.0,0.0
1736847054.6838744,0.0,2.6004,-0.0,-0.0,-0.0,0.0
1736847054.6848724,0.0,2.60052,-0.0,-0.0,-0.0,0.0
1736847054.6858761,0.0,2.60065,-0.0,-0.0,-0.0,0.0
1736847054.6864889,0.0,2.6008,-0.0,-0.0,-0.0,0.0
1736847054.6874962,0.0,2.60095,-0.0,-0.0,-0.0,0.0
1736847054.68851,0.0,2.60106,-0.0,-0.0,-0.0,0.0
1736847054.68851,0.0,2.60118,-0.0,-0.0,-0.0,0.0
1736847054.6994596,0.0,2.60275,-0.0,-0.0,-0.0,0.0
1736847054.6994596,0.0,2.60295,-0.0,-0.0,-0.0,0.0
1736847054.6994596,0.0,2.60315,-0.0,-0.0,-0.0,0.0
1736847054.6994596,0.0,2.60329,-0.0,-0.0,-0.0,0.0
1736847054.6994596,0.0,2.60342,-0.0,-0.0,-0.0,0.0
1736847054.6994596,0.0,2.60355,-0.0,-0.0,-0.0,0.0
1736847054.6994596,0.0,2.60368,-0.0,-0.0,-0.0,0.0
1736847054.7057786,0.0,2.6038,-0.0,-0.0,-0.0,0.0
1736847054.7069137,0.0,2.60393,-0.0,-0.0,-0.0,0.0
1736847054.7079685,0.0,2.60408,-0.0,-0.0,-0.0,0.0
1736847054.708701,0.0,2.60424,-0.0,-0.0,-0.0,0.0
1736847054.709567,0.0,2.60436,-0.0,-0.0,-0.0,0.0
1736847054.709567,0.0,2.60448,-0.0,-0.0,-0.0,0.0
1736847054.7105727,0.0,2.6046,-0.0,-0.0,-0.0,0.0
1736847054.7118413,0.0,2.60471,-0.0,-0.0,-0.0,0.0
1736847054.7119348,0.0,2.60484,-0.0,-0.0,-0.0,0.0
1736847054.713286,0.0,2.60497,-0.0,-0.0,-0.0,0.0
1736847054.713727,0.0,2.60511,-0.0,-0.0,-0.0,0.0
1736847054.7147663,0.0,2.60528,-0.0,-0.0,-0.0,0.0
1736847054.7160542,0.0,2.60541,-0.0,-0.0,-0.0,0.0
1736847054.7170537,0.0,2.60554,-0.0,-0.0,-0.0,0.0
1736847054.7170537,0.0,2.60566,-0.0,-0.0,-0.0,0.0
1736847054.7180543,0.0,2.60578,-0.0,-0.0,-0.0,0.0
1736847054.7180543,0.0,2.6059,-0.0,-0.0,-0.0,0.0
1736847054.7197778,0.0,2.60601,-0.0,-0.0,-0.0,0.0
1736847054.7202597,0.0,2.60614,-0.0,-0.0,-0.0,0.0
1736847054.7217972,0.0,2.6063,-0.0,-0.0,-0.0,0.0
1736847054.722804,0.0,2.60643,-0.0,-0.0,-0.0,0.0
1736847054.722804,0.0,2.60655,-0.0,-0.0,-0.0,0.0
1736847054.7238023,0.0,2.60667,-0.0,-0.0,-0.0,0.0
1736847054.7248118,0.0,2.60679,-0.0,-0.0,-0.0,0.0
1736847054.7258024,0.0,2.60691,-0.0,-0.0,-0.0,0.0
1736847054.7258024,0.0,2.60704,-0.0,-0.0,-0.0,0.0
1736847054.7272017,0.0,2.60717,-0.0,-0.0,-0.0,0.0
1736847054.72803,0.0,2.60733,-0.0,-0.0,-0.0,0.0
1736847054.7293868,0.0,2.60749,-0.0,-0.0,-0.0,0.0
1736847054.7301745,0.0,2.60761,-0.0,-0.0,-0.0,0.0
1736847054.7310102,0.0,2.60773,-0.0,-0.0,-0.0,0.0
1736847054.7310102,0.0,2.60785,-0.0,-0.0,-0.0,0.0
1736847054.7320232,0.0,2.60797,-0.0,-0.0,-0.0,0.0
1736847054.7327836,0.0,2.60808,-0.0,-0.0,-0.0,0.0
1736847054.7340999,0.0,2.6082,-0.0,-0.0,-0.0,0.0
1736847054.7340999,0.0,2.60834,-0.0,-0.0,-0.0,0.0
1736847054.7340999,0.0,2.60852,-0.0,-0.0,-0.0,0.0
1736847054.7340999,0.0,2.60866,-0.0,-0.0,-0.0,0.0
1736847054.7340999,0.0,2.60878,-0.0,-0.0,-0.0,0.0
1736847054.7383387,0.0,2.6089,-0.0,-0.0,-0.0,0.0
1736847054.7386658,0.0,2.60903,-0.0,-0.0,-0.0,0.0
1736847054.7396672,0.0,2.60915,-0.0,-0.0,-0.0,0.0
1736847054.740668,0.0,2.60927,-0.0,-0.0,-0.0,0.0
1736847054.7415447,0.0,2.6094,-0.0,-0.0,-0.0,0.0
1736847054.7425935,0.0,2.60954,-0.0,-0.0,-0.0,0.0
1736847054.742928,0.0,2.60968,-0.0,-0.0,-0.0,0.0
1736847054.742928,0.0,2.6098,-0.0,-0.0,-0.0,0.0
1736847054.742928,0.0,2.60992,-0.0,-0.0,-0.0,0.0
1736847054.742928,0.0,2.61004,-0.0,-0.0,-0.0,0.0
1736847054.742928,0.0,2.61016,-0.0,-0.0,-0.0,0.0
1736847054.742928,0.0,2.61028,-0.0,-0.0,-0.0,0.0
1736847054.7480156,0.0,2.61039,-0.0,-0.0,-0.0,0.0
1736847054.7486458,0.0,2.61054,-0.0,-0.0,-0.0,0.0
1736847054.7497768,0.0,2.61069,-0.0,-0.0,-0.0,0.0
1736847054.7506154,0.0,2.61083,-0.0,-0.0,-0.0,0.0
1736847054.7514412,0.0,2.61096,-0.0,-0.0,-0.0,0.0
1736847054.7514412,0.0,2.61107,-0.0,-0.0,-0.0,0.0
1736847054.7524538,0.0,2.61119,-0.0,-0.0,-0.0,0.0
1736847054.7534518,0.0,2.61131,-0.0,-0.0,-0.0,0.0
1736847054.7545161,0.0,2.61143,-0.0,-0.0,-0.0,0.0
1736847054.755507,0.0,2.61157,-0.0,-0.0,-0.0,0.0
1736847054.7565148,0.0,2.61173,-0.0,-0.0,-0.0,0.0
1736847054.7565148,0.0,2.61186,-0.0,-0.0,-0.0,0.0
1736847054.7575123,0.0,2.61199,-0.0,-0.0,-0.0,0.0
1736847054.758511,0.0,2.6121,-0.0,-0.0,-0.0,0.0
1736847054.759409,0.0,2.61222,-0.0,-0.0,-0.0,0.0
1736847054.760414,0.0,2.61234,-0.0,-0.0,-0.0,0.0
1736847054.760414,0.0,2.61248,-0.0,-0.0,-0.0,0.0
1736847054.7619753,0.0,2.61259,-0.0,-0.0,-0.0,0.0
1736847054.7619753,0.0,2.61296,-0.0,-0.0,-0.0,0.0
1736847054.7661037,0.0,2.61325,-0.0,-0.0,-0.0,0.0
1736847054.7671132,0.0,2.6134,-0.0,-0.0,-0.0,0.0
1736847054.7671132,0.0,2.61353,-0.0,-0.0,-0.0,0.0
1736847054.7681108,0.0,2.61366,-0.0,-0.0,-0.0,0.0
1736847054.7717195,0.0,2.6138,-0.0,-0.0,-0.0,0.0
1736847054.7727742,0.0,2.61432,-0.0,-0.0,-0.0,0.0
1736847054.77379,0.0,2.61445,-0.0,-0.0,-0.0,0.0
1736847054.7745292,0.0,2.61458,-0.0,-0.0,-0.0,0.0
1736847054.7745292,0.0,2.6147,-0.0,-0.0,-0.0,0.0
1736847054.7761846,0.0,2.61483,-0.0,-0.0,-0.0,0.0
1736847054.7764406,0.0,2.61498,-0.0,-0.0,-0.0,0.0
1736847054.7774878,0.0,2.61514,-0.0,-0.0,-0.0,0.0
1736847054.7790318,0.0,2.61527,-0.0,-0.0,-0.0,0.0
1736847054.7791781,0.0,2.6154,-0.0,-0.0,-0.0,0.0
1736847054.7801833,0.0,2.61553,-0.0,-0.0,-0.0,0.0
1736847054.7811828,0.0,2.61565,-0.0,-0.0,-0.0,0.0
1736847054.782182,0.0,2.61578,-0.0,-0.0,-0.0,0.0
1736847054.7828057,0.0,2.6159,-0.0,-0.0,-0.0,0.0
1736847054.7837808,0.0,2.61605,-0.0,-0.0,-0.0,0.0
1736847054.7851942,0.0,2.61622,-0.0,-0.0,-0.0,0.0
1736847054.7851942,0.0,2.61636,-0.0,-0.0,-0.0,0.0
1736847054.7861965,0.0,2.6165,-0.0,-0.0,-0.0,0.0
1736847054.787195,0.0,2.61662,-0.0,-0.0,-0.0,0.0
1736847054.788205,0.0,2.61674,-0.0,-0.0,-0.0,0.0
1736847054.788205,0.0,2.61685,-0.0,-0.0,-0.0,0.0
1736847054.789719,0.0,2.61698,-0.0,-0.0,-0.0,0.0
1736847054.7908132,0.0,2.61714,-0.0,-0.0,-0.0,0.0
1736847054.7919006,0.0,2.6173,-0.0,-0.0,-0.0,0.0
1736847054.7919006,0.0,2.61743,-0.0,-0.0,-0.0,0.0
1736847054.7929137,0.0,2.61756,-0.0,-0.0,-0.0,0.0
1736847054.7939117,0.0,2.61767,-0.0,-0.0,-0.0,0.0
1736847054.7949212,0.0,2.61779,-0.0,-0.0,-0.0,0.0
1736847054.7949212,0.0,2.61791,-0.0,-0.0,-0.0,0.0
1736847054.7961762,0.0,2.61802,-0.0,-0.0,-0.0,0.0
1736847054.7972124,0.0,2.61816,-0.0,-0.0,-0.0,0.0
1736847054.798217,0.0,2.61831,-0.0,-0.0,-0.0,0.0
1736847054.799214,0.0,2.61843,-0.0,-0.0,-0.0,0.0
1736847054.799214,0.0,2.61856,-0.0,-0.0,-0.0,0.0
1736847054.8002133,0.0,2.61867,-0.0,-0.0,-0.0,0.0
1736847054.8012228,0.0,2.61879,-0.0,-0.0,-0.0,0.0
1736847054.8012228,0.0,2.6189,-0.0,-0.0,-0.0,0.0
1736847054.8026946,0.0,2.61902,-0.0,-0.0,-0.0,0.0
1736847054.8035374,0.0,2.61914,-0.0,-0.0,-0.0,0.0
1736847054.804047,0.0,2.61928,-0.0,-0.0,-0.0,0.0
1736847054.8050535,0.0,2.61943,-0.0,-0.0,-0.0,0.0
1736847054.8060496,0.0,2.61957,-0.0,-0.0,-0.0,0.0
1736847054.8070593,0.0,2.6197,-0.0,-0.0,-0.0,0.0
1736847054.8080478,0.0,2.61983,-0.0,-0.0,-0.0,0.0
1736847054.8087213,0.0,2.61996,-0.0,-0.0,-0.0,0.0
1736847054.809744,0.0,2.62009,-0.0,-0.0,-0.0,0.0
1736847054.8105843,0.0,2.62022,-0.0,-0.0,-0.0,0.0
1736847054.8111029,0.0,2.62037,-0.0,-0.0,-0.0,0.0
1736847054.8123941,0.0,2.62053,-0.0,-0.0,-0.0,0.0
1736847054.8134,0.0,2.62067,-0.0,-0.0,-0.0,0.0
1736847054.8134,0.0,2.62079,-0.0,-0.0,-0.0,0.0
1736847054.8148835,0.0,2.62092,-0.0,-0.0,-0.0,0.0
1736847054.8158836,0.0,2.62107,-0.0,-0.0,-0.0,0.0
1736847054.8158836,0.0,2.6212,-0.0,-0.0,-0.0,0.0
1736847054.8174987,0.0,2.62132,-0.0,-0.0,-0.0,0.0
1736847054.8179383,0.0,2.62145,-0.0,-0.0,-0.0,0.0
1736847054.8189757,0.0,2.62159,-0.0,-0.0,-0.0,0.0
1736847054.819975,0.0,2.62172,-0.0,-0.0,-0.0,0.0
1736847054.8207238,0.0,2.62185,-0.0,-0.0,-0.0,0.0
1736847054.8217287,0.0,2.62197,-0.0,-0.0,-0.0,0.0
1736847054.8217287,0.0,2.62209,-0.0,-0.0,-0.0,0.0
1736847054.822728,0.0,2.6222,-0.0,-0.0,-0.0,0.0
1736847054.823738,0.0,2.62232,-0.0,-0.0,-0.0,0.0
1736847054.8247778,0.0,2.62246,-0.0,-0.0,-0.0,0.0
1736847054.8257725,0.0,2.62261,-0.0,-0.0,-0.0,0.0
1736847054.8257725,0.0,2.62277,-0.0,-0.0,-0.0,0.0
1736847054.8273022,0.0,2.62291,-0.0,-0.0,-0.0,0.0
1736847054.8285084,0.0,2.62304,-0.0,-0.0,-0.0,0.0
1736847054.8285084,0.0,2.62316,-0.0,-0.0,-0.0,0.0
1736847054.8295138,0.0,2.62328,-0.0,-0.0,-0.0,0.0
1736847054.8305135,0.0,2.6234,-0.0,-0.0,-0.0,0.0
1736847054.831665,0.0,2.62352,-0.0,-0.0,-0.0,0.0
1736847054.8323846,0.0,2.62371,-0.0,-0.0,-0.0,0.0
1736847054.8333914,0.0,2.62387,-0.0,-0.0,-0.0,0.0
1736847054.8343942,0.0,2.624,-0.0,-0.0,-0.0,0.0
1736847054.8353896,0.0,2.62412,-0.0,-0.0,-0.0,0.0
1736847054.8353896,0.0,2.62424,-0.0,-0.0,-0.0,0.0
1736847054.8363898,0.0,2.62435,-0.0,-0.0,-0.0,0.0
1736847054.8374586,0.0,2.62447,-0.0,-0.0,-0.0,0.0
1736847054.8383174,0.0,2.6246,-0.0,-0.0,-0.0,0.0
1736847054.8387804,0.0,2.62473,-0.0,-0.0,-0.0,0.0
1736847054.8397872,0.0,2.62488,-0.0,-0.0,-0.0,0.0
1736847054.8407855,0.0,2.62503,-0.0,-0.0,-0.0,0.0
1736847054.8417983,0.0,2.62515,-0.0,-0.0,-0.0,0.0
1736847054.8417983,0.0,2.62526,-0.0,-0.0,-0.0,0.0
1736847054.8432586,0.0,2.62538,-0.0,-0.0,-0.0,0.0
1736847054.8432586,0.0,2.6255,-0.0,-0.0,-0.0,0.0
1736847054.8442576,0.0,2.62562,-0.0,-0.0,-0.0,0.0
1736847054.8452573,0.0,2.62575,-0.0,-0.0,-0.0,0.0
1736847054.8452573,0.0,2.62592,-0.0,-0.0,-0.0,0.0
1736847054.8452573,0.0,2.62606,-0.0,-0.0,-0.0,0.0
1736847054.8485222,0.0,2.62618,-0.0,-0.0,-0.0,0.0
1736847054.8491576,0.0,2.6263,-0.0,-0.0,-0.0,0.0
1736847054.8491576,0.0,2.62642,-0.0,-0.0,-0.0,0.0
1736847054.850171,0.0,2.62654,-0.0,-0.0,-0.0,0.0
1736847054.8511684,0.0,2.62667,-0.0,-0.0,-0.0,0.0
1736847054.852951,0.0,2.62679,-0.0,-0.0,-0.0,0.0
1736847054.8532708,0.0,2.62704,-0.0,-0.0,-0.0,0.0
1736847054.8545847,0.0,2.62718,-0.0,-0.0,-0.0,0.0
1736847054.8555896,0.0,2.6273,-0.0,-0.0,-0.0,0.0
1736847054.8555896,0.0,2.62742,-0.0,-0.0,-0.0,0.0
1736847054.8565884,0.0,2.62755,-0.0,-0.0,-0.0,0.0
1736847054.857589,0.0,2.62766,-0.0,-0.0,-0.0,0.0
1736847054.8585882,0.0,2.62778,-0.0,-0.0,-0.0,0.0
1736847054.8594382,0.0,2.62791,-0.0,-0.0,-0.0,0.0
1736847054.8602178,0.0,2.62806,-0.0,-0.0,-0.0,0.0
1736847054.8612237,0.0,2.62823,-0.0,-0.0,-0.0,0.0
1736847054.862223,0.0,2.62835,-0.0,-0.0,-0.0,0.0
1736847054.862223,0.0,2.62846,-0.0,-0.0,-0.0,0.0
1736847054.8632224,0.0,2.62858,-0.0,-0.0,-0.0,0.0
1736847054.8642223,0.0,2.6287,-0.0,-0.0,-0.0,0.0
1736847054.8652225,0.0,2.62881,-0.0,-0.0,-0.0,0.0
1736847054.866036,0.0,2.62894,-0.0,-0.0,-0.0,0.0
1736847054.86672,0.0,2.62909,-0.0,-0.0,-0.0,0.0
1736847054.867999,0.0,2.62923,-0.0,-0.0,-0.0,0.0
1736847054.867999,0.0,2.62938,-0.0,-0.0,-0.0,0.0
1736847054.8690057,0.0,2.6295,-0.0,-0.0,-0.0,0.0
1736847054.8700035,0.0,2.62962,-0.0,-0.0,-0.0,0.0
1736847054.8710063,0.0,2.62973,-0.0,-0.0,-0.0,0.0
1736847054.8710063,0.0,2.62985,-0.0,-0.0,-0.0,0.0
1736847054.8724663,0.0,2.62997,-0.0,-0.0,-0.0,0.0
1736847054.8734922,0.0,2.6301,-0.0,-0.0,-0.0,0.0
1736847054.874496,0.0,2.63027,-0.0,-0.0,-0.0,0.0
1736847054.8754942,0.0,2.63041,-0.0,-0.0,-0.0,0.0
1736847054.8754942,0.0,2.63055,-0.0,-0.0,-0.0,0.0
1736847054.8764942,0.0,2.63067,-0.0,-0.0,-0.0,0.0
1736847054.877493,0.0,2.63079,-0.0,-0.0,-0.0,0.0
1736847054.8782651,0.0,2.63092,-0.0,-0.0,-0.0,0.0
1736847054.8792808,0.0,2.63104,-0.0,-0.0,-0.0,0.0
1736847054.8803456,0.0,2.63117,-0.0,-0.0,-0.0,0.0
1736847054.8803456,0.0,2.63131,-0.0,-0.0,-0.0,0.0
1736847054.8813918,0.0,2.63146,-0.0,-0.0,-0.0,0.0
1736847054.8823886,0.0,2.6316,-0.0,-0.0,-0.0,0.0
1736847054.8833866,0.0,2.63172,-0.0,-0.0,-0.0,0.0
1736847054.8845994,0.0,2.63185,-0.0,-0.0,-0.0,0.0
1736847054.8845994,0.0,2.63197,-0.0,-0.0,-0.0,0.0
1736847054.885605,0.0,2.6321,-0.0,-0.0,-0.0,0.0
1736847054.8868728,0.0,2.63221,-0.0,-0.0,-0.0,0.0
1736847054.8872936,0.0,2.63236,-0.0,-0.0,-0.0,0.0
1736847054.8883338,0.0,2.6325,-0.0,-0.0,-0.0,0.0
1736847054.889333,0.0,2.63263,-0.0,-0.0,-0.0,0.0
1736847054.8901184,0.0,2.63275,-0.0,-0.0,-0.0,0.0
1736847054.8911226,0.0,2.63287,-0.0,-0.0,-0.0,0.0
1736847054.8911226,0.0,2.63299,-0.0,-0.0,-0.0,0.0
1736847054.892122,0.0,2.63311,-0.0,-0.0,-0.0,0.0
1736847054.8931227,0.0,2.63323,-0.0,-0.0,-0.0,0.0
1736847054.894214,0.0,2.63337,-0.0,-0.0,-0.0,0.0
1736847054.8944352,0.0,2.63353,-0.0,-0.0,-0.0,0.0
1736847054.8961072,0.0,2.63367,-0.0,-0.0,-0.0,0.0
1736847054.8971126,0.0,2.63381,-0.0,-0.0,-0.0,0.0
1736847054.8971126,0.0,2.63393,-0.0,-0.0,-0.0,0.0
1736847054.8981118,0.0,2.63405,-0.0,-0.0,-0.0,0.0
1736847054.8991117,0.0,2.63417,-0.0,-0.0,-0.0,0.0
1736847054.9001122,0.0,2.63429,-0.0,-0.0,-0.0,0.0
1736847054.9007845,0.0,2.63441,-0.0,-0.0,-0.0,0.0
1736847054.9017622,0.0,2.63456,-0.0,-0.0,-0.0,0.0
1736847054.902685,0.0,2.63471,-0.0,-0.0,-0.0,0.0
1736847054.9036787,0.0,2.63485,-0.0,-0.0,-0.0,0.0
1736847054.9036787,0.0,2.63497,-0.0,-0.0,-0.0,0.0
1736847054.9046922,0.0,2.63509,-0.0,-0.0,-0.0,0.0
1736847054.9056997,0.0,2.63521,-0.0,-0.0,-0.0,0.0
1736847054.906184,0.0,2.63532,-0.0,-0.0,-0.0,0.0
1736847054.90731,0.0,2.63544,-0.0,-0.0,-0.0,0.0
1736847054.9077628,0.0,2.63557,-0.0,-0.0,-0.0,0.0
1736847054.9077628,0.0,2.63578,-0.0,-0.0,-0.0,0.0
1736847054.9077628,0.0,2.63593,-0.0,-0.0,-0.0,0.0
1736847054.9077628,0.0,2.63605,-0.0,-0.0,-0.0,0.0
1736847054.9077628,0.0,2.63618,-0.0,-0.0,-0.0,0.0
1736847054.912722,0.0,2.63631,-0.0,-0.0,-0.0,0.0
1736847054.913728,0.0,2.63643,-0.0,-0.0,-0.0,0.0
1736847054.913728,0.0,2.63655,-0.0,-0.0,-0.0,0.0
1736847054.915161,0.0,2.63668,-0.0,-0.0,-0.0,0.0
1736847054.9162033,0.0,2.63682,-0.0,-0.0,-0.0,0.0
1736847054.9162033,0.0,2.63695,-0.0,-0.0,-0.0,0.0
1736847054.9171972,0.0,2.63708,-0.0,-0.0,-0.0,0.0
1736847054.9187086,0.0,2.6372,-0.0,-0.0,-0.0,0.0
1736847054.9187086,0.0,2.63733,-0.0,-0.0,-0.0,0.0
1736847054.920266,0.0,2.63745,-0.0,-0.0,-0.0,0.0
1736847054.920266,0.0,2.63757,-0.0,-0.0,-0.0,0.0
1736847054.9216757,0.0,2.63769,-0.0,-0.0,-0.0,0.0
1736847054.9222815,0.0,2.63784,-0.0,-0.0,-0.0,0.0
1736847054.9232867,0.0,2.63799,-0.0,-0.0,-0.0,0.0
1736847054.924623,0.0,2.63813,-0.0,-0.0,-0.0,0.0
1736847054.9247196,0.0,2.63827,-0.0,-0.0,-0.0,0.0
1736847054.9257212,0.0,2.6384,-0.0,-0.0,-0.0,0.0
1736847054.9267194,0.0,2.63852,-0.0,-0.0,-0.0,0.0
1736847054.9277234,0.0,2.63864,-0.0,-0.0,-0.0,0.0
1736847054.9285357,0.0,2.63876,-0.0,-0.0,-0.0,0.0
1736847054.9287238,0.0,2.63889,-0.0,-0.0,-0.0,0.0
1736847054.9297342,0.0,2.63905,-0.0,-0.0,-0.0,0.0
1736847054.9307308,0.0,2.63919,-0.0,-0.0,-0.0,0.0
1736847054.9317281,0.0,2.63932,-0.0,-0.0,-0.0,0.0
1736847054.9327383,0.0,2.63944,-0.0,-0.0,-0.0,0.0
1736847054.9327383,0.0,2.63955,-0.0,-0.0,-0.0,0.0
1736847054.9337285,0.0,2.63967,-0.0,-0.0,-0.0,0.0
1736847054.934728,0.0,2.63979,-0.0,-0.0,-0.0,0.0
1736847054.9357307,0.0,2.63992,-0.0,-0.0,-0.0,0.0
1736847054.9367287,0.0,2.64008,-0.0,-0.0,-0.0,0.0
1736847054.9377403,0.0,2.64022,-0.0,-0.0,-0.0,0.0
1736847054.938729,0.0,2.64034,-0.0,-0.0,-0.0,0.0
1736847054.9394832,0.0,2.64046,-0.0,-0.0,-0.0,0.0
1736847054.9394832,0.0,2.64059,-0.0,-0.0,-0.0,0.0
1736847054.9407516,0.0,2.64071,-0.0,-0.0,-0.0,0.0
1736847054.9418268,0.0,2.64082,-0.0,-0.0,-0.0,0.0
1736847054.9424758,0.0,2.64097,-0.0,-0.0,-0.0,0.0
1736847054.942864,0.0,2.64111,-0.0,-0.0,-0.0,0.0
1736847054.9439223,0.0,2.64126,-0.0,-0.0,-0.0,0.0
1736847054.9449124,0.0,2.6414,-0.0,-0.0,-0.0,0.0
1736847054.945911,0.0,2.64152,-0.0,-0.0,-0.0,0.0
1736847054.9469113,0.0,2.64164,-0.0,-0.0,-0.0,0.0
1736847054.947511,0.0,2.64177,-0.0,-0.0,-0.0,0.0
1736847054.948516,0.0,2.64189,-0.0,-0.0,-0.0,0.0
1736847054.948516,0.0,2.64201,-0.0,-0.0,-0.0,0.0
1736847054.949818,0.0,2.64214,-0.0,-0.0,-0.0,0.0
1736847054.95086,0.0,2.64229,-0.0,-0.0,-0.0,0.0
1736847054.9518597,0.0,2.64242,-0.0,-0.0,-0.0,0.0
1736847054.9518597,0.0,2.64254,-0.0,-0.0,-0.0,0.0
1736847054.953443,0.0,2.64266,-0.0,-0.0,-0.0,0.0
1736847054.953553,0.0,2.64279,-0.0,-0.0,-0.0,0.0
1736847054.9545572,0.0,2.64292,-0.0,-0.0,-0.0,0.0
1736847054.9557428,0.0,2.64303,-0.0,-0.0,-0.0,0.0
1736847054.9563277,0.0,2.64316,-0.0,-0.0,-0.0,0.0
1736847054.9572234,0.0,2.64331,-0.0,-0.0,-0.0,0.0
1736847054.9579067,0.0,2.64345,-0.0,-0.0,-0.0,0.0
1736847054.9579067,0.0,2.64359,-0.0,-0.0,-0.0,0.0
1736847054.9579067,0.0,2.6437,-0.0,-0.0,-0.0,0.0
1736847054.9579067,0.0,2.64382,-0.0,-0.0,-0.0,0.0
1736847054.9579067,0.0,2.64395,-0.0,-0.0,-0.0,0.0
1736847054.9579067,0.0,2.64406,-0.0,-0.0,-0.0,0.0
1736847054.9628391,0.0,2.64418,-0.0,-0.0,-0.0,0.0
1736847054.9638944,0.0,2.64432,-0.0,-0.0,-0.0,0.0
1736847054.9649687,0.0,2.64448,-0.0,-0.0,-0.0,0.0
1736847054.9649687,0.0,2.6446,-0.0,-0.0,-0.0,0.0
1736847054.9659758,0.0,2.64471,-0.0,-0.0,-0.0,0.0
1736847054.9669747,0.0,2.64483,-0.0,-0.0,-0.0,0.0
1736847054.967975,0.0,2.64495,-0.0,-0.0,-0.0,0.0
1736847054.967975,0.0,2.64507,-0.0,-0.0,-0.0,0.0
1736847054.969585,0.0,2.64519,-0.0,-0.0,-0.0,0.0
1736847054.970217,0.0,2.64533,-0.0,-0.0,-0.0,0.0
1736847054.9706612,0.0,2.64547,-0.0,-0.0,-0.0,0.0
1736847054.9716942,0.0,2.64561,-0.0,-0.0,-0.0,0.0
1736847054.9726932,0.0,2.64574,-0.0,-0.0,-0.0,0.0
1736847054.9736967,0.0,2.64586,-0.0,-0.0,-0.0,0.0
1736847054.9736967,0.0,2.64598,-0.0,-0.0,-0.0,0.0
1736847054.9751503,0.0,2.6461,-0.0,-0.0,-0.0,0.0
1736847054.9751503,0.0,2.64622,-0.0,-0.0,-0.0,0.0
1736847054.97615,0.0,2.64634,-0.0,-0.0,-0.0,0.0
1736847054.9777417,0.0,2.64646,-0.0,-0.0,-0.0,0.0
1736847054.9787471,0.0,2.64662,-0.0,-0.0,-0.0,0.0
1736847054.9787471,0.0,2.64677,-0.0,-0.0,-0.0,0.0
1736847054.979907,0.0,2.6469,-0.0,-0.0,-0.0,0.0
1736847054.979907,0.0,2.64703,-0.0,-0.0,-0.0,0.0
1736847054.979907,0.0,2.64715,-0.0,-0.0,-0.0,0.0
1736847054.979907,0.0,2.64727,-0.0,-0.0,-0.0,0.0
1736847054.979907,0.0,2.64739,-0.0,-0.0,-0.0,0.0
1736847054.984129,0.0,2.64751,-0.0,-0.0,-0.0,0.0
1736847054.984129,0.0,2.64765,-0.0,-0.0,-0.0,0.0
1736847054.9863706,0.0,2.64782,-0.0,-0.0,-0.0,0.0
1736847054.9864726,0.0,2.64797,-0.0,-0.0,-0.0,0.0
1736847054.9874754,0.0,2.64811,-0.0,-0.0,-0.0,0.0
1736847054.9884744,0.0,2.64823,-0.0,-0.0,-0.0,0.0
1736847054.9894848,0.0,2.64835,-0.0,-0.0,-0.0,0.0
1736847054.9894848,0.0,2.64846,-0.0,-0.0,-0.0,0.0
1736847054.9910636,0.0,2.64858,-0.0,-0.0,-0.0,0.0
1736847054.9922795,0.0,2.64875,-0.0,-0.0,-0.0,0.0
1736847054.9932845,0.0,2.64892,-0.0,-0.0,-0.0,0.0
1736847054.9932845,0.0,2.64906,-0.0,-0.0,-0.0,0.0
1736847054.9942808,0.0,2.64918,-0.0,-0.0,-0.0,0.0
1736847054.9952803,0.0,2.6493,-0.0,-0.0,-0.0,0.0
1736847054.9962223,0.0,2.64942,-0.0,-0.0,-0.0,0.0
1736847054.9972277,0.0,2.64954,-0.0,-0.0,-0.0,0.0
1736847054.9980114,0.0,2.64967,-0.0,-0.0,-0.0,0.0
1736847054.9980114,0.0,2.64982,-0.0,-0.0,-0.0,0.0
1736847054.9980114,0.0,2.64997,-0.0,-0.0,-0.0,0.0
1736847054.9980114,0.0,2.65011,-0.0,-0.0,-0.0,0.0
1736847055.0014036,0.0,2.65023,-0.0,-0.0,-0.0,0.0
1736847055.002409,0.0,2.65035,-0.0,-0.0,-0.0,0.0
1736847055.002409,0.0,2.65047,-0.0,-0.0,-0.0,0.0
1736847055.0034091,0.0,2.65058,-0.0,-0.0,-0.0,0.0
1736847055.0044093,0.0,2.6507,-0.0,-0.0,-0.0,0.0
1736847055.005453,0.0,2.65083,-0.0,-0.0,-0.0,0.0
1736847055.0066748,0.0,2.65099,-0.0,-0.0,-0.0,0.0
1736847055.0076551,0.0,2.65119,-0.0,-0.0,-0.0,0.0
1736847055.0076551,0.0,2.65132,-0.0,-0.0,-0.0,0.0
1736847055.0086641,0.0,2.65145,-0.0,-0.0,-0.0,0.0
1736847055.0096614,0.0,2.65157,-0.0,-0.0,-0.0,0.0
1736847055.0106604,0.0,2.6517,-0.0,-0.0,-0.0,0.0
1736847055.011662,0.0,2.65182,-0.0,-0.0,-0.0,0.0
1736847055.0125685,0.0,2.65194,-0.0,-0.0,-0.0,0.0
1736847055.0132878,0.0,2.65209,-0.0,-0.0,-0.0,0.0
1736847055.0143006,0.0,2.65225,-0.0,-0.0,-0.0,0.0
1736847055.015293,0.0,2.65237,-0.0,-0.0,-0.0,0.0
1736847055.015293,0.0,2.65249,-0.0,-0.0,-0.0,0.0
1736847055.016294,0.0,2.65261,-0.0,-0.0,-0.0,0.0
1736847055.0173042,0.0,2.65273,-0.0,-0.0,-0.0,0.0
1736847055.0182927,0.0,2.65285,-0.0,-0.0,-0.0,0.0
1736847055.0189047,0.0,2.65297,-0.0,-0.0,-0.0,0.0
1736847055.0198395,0.0,2.65314,-0.0,-0.0,-0.0,0.0
1736847055.0208604,0.0,2.65329,-0.0,-0.0,-0.0,0.0
1736847055.0218465,0.0,2.65342,-0.0,-0.0,-0.0,0.0
1736847055.0218465,0.0,2.65353,-0.0,-0.0,-0.0,0.0
1736847055.0228453,0.0,2.65365,-0.0,-0.0,-0.0,0.0
1736847055.0238452,0.0,2.65377,-0.0,-0.0,-0.0,0.0
1736847055.0248454,0.0,2.65388,-0.0,-0.0,-0.0,0.0
1736847055.0253417,0.0,2.65401,-0.0,-0.0,-0.0,0.0
1736847055.0264103,0.0,2.65416,-0.0,-0.0,-0.0,0.0
1736847055.0274189,0.0,2.65438,-0.0,-0.0,-0.0,0.0
1736847055.028411,0.0,2.65455,-0.0,-0.0,-0.0,0.0
1736847055.0294101,0.0,2.65467,-0.0,-0.0,-0.0,0.0
1736847055.0304203,0.0,2.65479,-0.0,-0.0,-0.0,0.0
1736847055.0313473,0.0,2.65491,-0.0,-0.0,-0.0,0.0
1736847055.0314932,0.0,2.65504,-0.0,-0.0,-0.0,0.0
1736847055.0327559,0.0,2.65517,-0.0,-0.0,-0.0,0.0
1736847055.0333266,0.0,2.65531,-0.0,-0.0,-0.0,0.0
1736847055.034341,0.0,2.65548,-0.0,-0.0,-0.0,0.0
1736847055.0353327,0.0,2.65561,-0.0,-0.0,-0.0,0.0
1736847055.0361972,0.0,2.65574,-0.0,-0.0,-0.0,0.0
1736847055.0361972,0.0,2.65586,-0.0,-0.0,-0.0,0.0
1736847055.0361972,0.0,2.65598,-0.0,-0.0,-0.0,0.0
1736847055.0361972,0.0,2.6561,-0.0,-0.0,-0.0,0.0
1736847055.0397274,0.0,2.65621,-0.0,-0.0,-0.0,0.0
1736847055.0397274,0.0,2.65636,-0.0,-0.0,-0.0,0.0
1736847055.0416033,0.0,2.65652,-0.0,-0.0,-0.0,0.0
1736847055.04247,0.0,2.65665,-0.0,-0.0,-0.0,0.0
1736847055.04247,0.0,2.65678,-0.0,-0.0,-0.0,0.0
1736847055.0434837,0.0,2.65691,-0.0,-0.0,-0.0,0.0
1736847055.0444832,0.0,2.65703,-0.0,-0.0,-0.0,0.0
1736847055.045494,0.0,2.65715,-0.0,-0.0,-0.0,0.0
1736847055.045494,0.0,2.65726,-0.0,-0.0,-0.0,0.0
1736847055.0466497,0.0,2.6574,-0.0,-0.0,-0.0,0.0
1736847055.0477073,0.0,2.65756,-0.0,-0.0,-0.0,0.0
1736847055.0487092,0.0,2.6577,-0.0,-0.0,-0.0,0.0
1736847055.049708,0.0,2.65783,-0.0,-0.0,-0.0,0.0
1736847055.0507069,0.0,2.65795,-0.0,-0.0,-0.0,0.0
1736847055.0507069,0.0,2.65807,-0.0,-0.0,-0.0,0.0
1736847055.0520194,0.0,2.65819,-0.0,-0.0,-0.0,0.0
1736847055.0530705,0.0,2.65831,-0.0,-0.0,-0.0,0.0
1736847055.0535796,0.0,2.65845,-0.0,-0.0,-0.0,0.0
1736847055.0535796,0.0,2.6586,-0.0,-0.0,-0.0,0.0
1736847055.0535796,0.0,2.65874,-0.0,-0.0,-0.0,0.0
1736847055.0535796,0.0,2.65888,-0.0,-0.0,-0.0,0.0
1736847055.0572278,0.0,2.659,-0.0,-0.0,-0.0,0.0
1736847055.0582347,0.0,2.65912,-0.0,-0.0,-0.0,0.0
1736847055.059044,0.0,2.65925,-0.0,-0.0,-0.0,0.0
1736847055.059044,0.0,2.65937,-0.0,-0.0,-0.0,0.0
1736847055.0605276,0.0,2.65949,-0.0,-0.0,-0.0,0.0
1736847055.06101,0.0,2.65966,-0.0,-0.0,-0.0,0.0
1736847055.06201,0.0,2.6598,-0.0,-0.0,-0.0,0.0
1736847055.06201,0.0,2.65995,-0.0,-0.0,-0.0,0.0
1736847055.06201,0.0,2.66008,-0.0,-0.0,-0.0,0.0
1736847055.06201,0.0,2.66021,-0.0,-0.0,-0.0,0.0
1736847055.06201,0.0,2.66034,-0.0,-0.0,-0.0,0.0
1736847055.06201,0.0,2.66046,-0.0,-0.0,-0.0,0.0
1736847055.0674736,0.0,2.66059,-0.0,-0.0,-0.0,0.0
1736847055.0686827,0.0,2.66074,-0.0,-0.0,-0.0,0.0
1736847055.0696826,0.0,2.66092,-0.0,-0.0,-0.0,0.0
1736847055.0696826,0.0,2.66105,-0.0,-0.0,-0.0,0.0
1736847055.0706832,0.0,2.66118,-0.0,-0.0,-0.0,0.0
1736847055.0716832,0.0,2.6613,-0.0,-0.0,-0.0,0.0
1736847055.072693,0.0,2.66142,-0.0,-0.0,-0.0,0.0
1736847055.072693,0.0,2.66154,-0.0,-0.0,-0.0,0.0
1736847055.073958,0.0,2.66166,-0.0,-0.0,-0.0,0.0
1736847055.075231,0.0,2.6618,-0.0,-0.0,-0.0,0.0
1736847055.076238,0.0,2.66196,-0.0,-0.0,-0.0,0.0
1736847055.0769613,0.0,2.66209,-0.0,-0.0,-0.0,0.0
1736847055.077773,0.0,2.6622,-0.0,-0.0,-0.0,0.0
1736847055.077773,0.0,2.66232,-0.0,-0.0,-0.0,0.0
1736847055.0791457,0.0,2.66244,-0.0,-0.0,-0.0,0.0
1736847055.0801468,0.0,2.66257,-0.0,-0.0,-0.0,0.0
1736847055.0809357,0.0,2.66271,-0.0,-0.0,-0.0,0.0
1736847055.0814202,0.0,2.66286,-0.0,-0.0,-0.0,0.0
1736847055.0814202,0.0,2.66306,-0.0,-0.0,-0.0,0.0
1736847055.0814202,0.0,2.66321,-0.0,-0.0,-0.0,0.0
1736847055.0848181,0.0,2.66334,-0.0,-0.0,-0.0,0.0
1736847055.0858343,0.0,2.66346,-0.0,-0.0,-0.0,0.0
1736847055.0858343,0.0,2.66359,-0.0,-0.0,-0.0,0.0
1736847055.086826,0.0,2.66371,-0.0,-0.0,-0.0,0.0
1736847055.0878253,0.0,2.66383,-0.0,-0.0,-0.0,0.0
1736847055.0889194,0.0,2.66396,-0.0,-0.0,-0.0,0.0
1736847055.0899866,0.0,2.66411,-0.0,-0.0,-0.0,0.0
1736847055.090684,0.0,2.66426,-0.0,-0.0,-0.0,0.0
1736847055.0916886,0.0,2.66438,-0.0,-0.0,-0.0,0.0
1736847055.0916886,0.0,2.66451,-0.0,-0.0,-0.0,0.0
1736847055.0926895,0.0,2.66463,-0.0,-0.0,-0.0,0.0
1736847055.094004,0.0,2.66475,-0.0,-0.0,-0.0,0.0
1736847055.0946116,0.0,2.66486,-0.0,-0.0,-0.0,0.0
1736847055.0956256,0.0,2.665,-0.0,-0.0,-0.0,0.0
1736847055.0963151,0.0,2.66517,-0.0,-0.0,-0.0,0.0
1736847055.0973215,0.0,2.66532,-0.0,-0.0,-0.0,0.0
1736847055.0983262,0.0,2.66544,-0.0,-0.0,-0.0,0.0
1736847055.0983262,0.0,2.66557,-0.0,-0.0,-0.0,0.0
1736847055.0993207,0.0,2.66569,-0.0,-0.0,-0.0,0.0
1736847055.1003194,0.0,2.6658,-0.0,-0.0,-0.0,0.0
1736847055.101047,0.0,2.66592,-0.0,-0.0,-0.0,0.0
1736847055.1021602,0.0,2.66606,-0.0,-0.0,-0.0,0.0
1736847055.1021602,0.0,2.66621,-0.0,-0.0,-0.0,0.0
1736847055.1021602,0.0,2.66636,-0.0,-0.0,-0.0,0.0
1736847055.1021602,0.0,2.66647,-0.0,-0.0,-0.0,0.0
1736847055.1021602,0.0,2.6666,-0.0,-0.0,-0.0,0.0
1736847055.1064582,0.0,2.66672,-0.0,-0.0,-0.0,0.0
1736847055.1074657,0.0,2.66685,-0.0,-0.0,-0.0,0.0
1736847055.1074657,0.0,2.66697,-0.0,-0.0,-0.0,0.0
1736847055.1084645,0.0,2.66709,-0.0,-0.0,-0.0,0.0
1736847055.1097186,0.0,2.66722,-0.0,-0.0,-0.0,0.0
1736847055.1107213,0.0,2.66737,-0.0,-0.0,-0.0,0.0
1736847055.1107213,0.0,2.66752,-0.0,-0.0,-0.0,0.0
1736847055.1122847,0.0,2.66765,-0.0,-0.0,-0.0,0.0
1736847055.1132903,0.0,2.66777,-0.0,-0.0,-0.0,0.0
1736847055.1132903,0.0,2.6679,-0.0,-0.0,-0.0,0.0
1736847055.11429,0.0,2.66802,-0.0,-0.0,-0.0,0.0
1736847055.11529,0.0,2.66814,-0.0,-0.0,-0.0,0.0
1736847055.1161954,0.0,2.66828,-0.0,-0.0,-0.0,0.0
1736847055.1169581,0.0,2.66843,-0.0,-0.0,-0.0,0.0
1736847055.1186268,0.0,2.6686,-0.0,-0.0,-0.0,0.0
1736847055.1188056,0.0,2.66876,-0.0,-0.0,-0.0,0.0
1736847055.1204655,0.0,2.6689,-0.0,-0.0,-0.0,0.0
1736847055.1204655,0.0,2.66903,-0.0,-0.0,-0.0,0.0
1736847055.1214778,0.0,2.66915,-0.0,-0.0,-0.0,0.0
1736847055.1224759,0.0,2.66927,-0.0,-0.0,-0.0,0.0
1736847055.1235635,0.0,2.6694,-0.0,-0.0,-0.0,0.0
1736847055.1242943,0.0,2.66957,-0.0,-0.0,-0.0,0.0
1736847055.1253133,0.0,2.6697,-0.0,-0.0,-0.0,0.0
1736847055.1263058,0.0,2.66982,-0.0,-0.0,-0.0,0.0
1736847055.1263058,0.0,2.66994,-0.0,-0.0,-0.0,0.0
1736847055.1272993,0.0,2.67006,-0.0,-0.0,-0.0,0.0
1736847055.1283085,0.0,2.67018,-0.0,-0.0,-0.0,0.0
1736847055.129087,0.0,2.6703,-0.0,-0.0,-0.0,0.0
1736847055.1299665,0.0,2.67042,-0.0,-0.0,-0.0,0.0
1736847055.1299665,0.0,2.67058,-0.0,-0.0,-0.0,0.0
1736847055.1299665,0.0,2.67073,-0.0,-0.0,-0.0,0.0
1736847055.1299665,0.0,2.67085,-0.0,-0.0,-0.0,0.0
1736847055.1299665,0.0,2.67097,-0.0,-0.0,-0.0,0.0
1736847055.1341422,0.0,2.67109,-0.0,-0.0,-0.0,0.0
1736847055.1351478,0.0,2.6712,-0.0,-0.0,-0.0,0.0
1736847055.1351478,0.0,2.67132,-0.0,-0.0,-0.0,0.0
1736847055.1363118,0.0,2.67144,-0.0,-0.0,-0.0,0.0
1736847055.1373677,0.0,2.67157,-0.0,-0.0,-0.0,0.0
1736847055.1383371,0.0,2.67172,-0.0,-0.0,-0.0,0.0
1736847055.139351,0.0,2.67185,-0.0,-0.0,-0.0,0.0
1736847055.1401012,0.0,2.67198,-0.0,-0.0,-0.0,0.0
1736847055.1403508,0.0,2.67211,-0.0,-0.0,-0.0,0.0
1736847055.1413562,0.0,2.67224,-0.0,-0.0,-0.0,0.0
1736847055.142362,0.0,2.67236,-0.0,-0.0,-0.0,0.0
1736847055.142362,0.0,2.67248,-0.0,-0.0,-0.0,0.0
1736847055.206459,0.0,2.68267,-0.0,-0.0,-0.0,0.0
1736847055.206459,0.0,2.68291,-0.0,-0.0,-0.0,0.0
1736847055.206459,0.0,2.68309,-0.0,-0.0,-0.0,0.0
1736847055.206459,0.0,2.68324,-0.0,-0.0,-0.0,0.0
1736847055.206459,0.0,2.68337,-0.0,-0.0,-0.0,0.0
1736847055.206459,0.0,2.68351,-0.0,-0.0,-0.0,0.0
1736847055.206459,0.0,2.68362,-0.0,-0.0,-0.0,0.0
1736847055.206459,0.0,2.68375,-0.0,-0.0,-0.0,0.0
1736847055.215831,0.0,2.68388,-0.0,-0.0,-0.0,0.0
1736847055.2167437,0.0,2.68402,-0.0,-0.0,-0.0,0.0
1736847055.2171662,0.0,2.68415,-0.0,-0.0,-0.0,0.0
1736847055.2184324,0.0,2.68429,-0.0,-0.0,-0.0,0.0
1736847055.2184324,0.0,2.68442,-0.0,-0.0,-0.0,0.0
1736847055.2194457,0.0,2.68454,-0.0,-0.0,-0.0,0.0
1736847055.2208452,0.0,2.68467,-0.0,-0.0,-0.0,0.0
1736847055.2208452,0.0,2.68483,-0.0,-0.0,-0.0,0.0
1736847055.2208452,0.0,2.68496,-0.0,-0.0,-0.0,0.0
1736847055.2208452,0.0,2.68508,-0.0,-0.0,-0.0,0.0
1736847055.2208452,0.0,2.6852,-0.0,-0.0,-0.0,0.0
1736847055.2208452,0.0,2.68531,-0.0,-0.0,-0.0,0.0
1736847055.2208452,0.0,2.68543,-0.0,-0.0,-0.0,0.0
1736847055.226153,0.0,2.68555,-0.0,-0.0,-0.0,0.0
1736847055.2271638,0.0,2.68567,-0.0,-0.0,-0.0,0.0
1736847055.2278705,0.0,2.68581,-0.0,-0.0,-0.0,0.0
1736847055.2282658,0.0,2.68595,-0.0,-0.0,-0.0,0.0
1736847055.229309,0.0,2.68609,-0.0,-0.0,-0.0,0.0
1736847055.2303073,0.0,2.68621,-0.0,-0.0,-0.0,0.0
1736847055.2309065,0.0,2.68633,-0.0,-0.0,-0.0,0.0
1736847055.2309065,0.0,2.68646,-0.0,-0.0,-0.0,0.0
1736847055.2309065,0.0,2.68658,-0.0,-0.0,-0.0,0.0
1736847055.2337186,0.0,2.6867,-0.0,-0.0,-0.0,0.0
1736847055.2337186,0.0,2.68682,-0.0,-0.0,-0.0,0.0
1736847055.2349763,0.0,2.68696,-0.0,-0.0,-0.0,0.0
1736847055.2361965,0.0,2.6871,-0.0,-0.0,-0.0,0.0
1736847055.237203,0.0,2.68724,-0.0,-0.0,-0.0,0.0
1736847055.237203,0.0,2.68737,-0.0,-0.0,-0.0,0.0
1736847055.238216,0.0,2.68748,-0.0,-0.0,-0.0,0.0
1736847055.2392135,0.0,2.6876,-0.0,-0.0,-0.0,0.0
1736847055.2402267,0.0,2.68772,-0.0,-0.0,-0.0,0.0
1736847055.2402267,0.0,2.68784,-0.0,-0.0,-0.0,0.0
1736847055.2412138,0.0,2.68798,-0.0,-0.0,-0.0,0.0
1736847055.2422783,0.0,2.68814,-0.0,-0.0,-0.0,0.0
1736847055.2432797,0.0,2.68827,-0.0,-0.0,-0.0,0.0
1736847055.2442791,0.0,2.68839,-0.0,-0.0,-0.0,0.0
1736847055.2452788,0.0,2.68851,-0.0,-0.0,-0.0,0.0
1736847055.2452788,0.0,2.68863,-0.0,-0.0,-0.0,0.0
1736847055.2462802,0.0,2.68875,-0.0,-0.0,-0.0,0.0
1736847055.2475357,0.0,2.68887,-0.0,-0.0,-0.0,0.0
1736847055.2475357,0.0,2.68901,-0.0,-0.0,-0.0,0.0
1736847055.2492495,0.0,2.68914,-0.0,-0.0,-0.0,0.0
1736847055.2492495,0.0,2.68928,-0.0,-0.0,-0.0,0.0
1736847055.250286,0.0,2.68941,-0.0,-0.0,-0.0,0.0
1736847055.251285,0.0,2.68953,-0.0,-0.0,-0.0,0.0
1736847055.2523057,0.0,2.68965,-0.0,-0.0,-0.0,0.0
1736847055.2533102,0.0,2.68977,-0.0,-0.0,-0.0,0.0
1736847055.2533102,0.0,2.68991,-0.0,-0.0,-0.0,0.0
1736847055.2545018,0.0,2.69003,-0.0,-0.0,-0.0,0.0
1736847055.2557325,0.0,2.69017,-0.0,-0.0,-0.0,0.0
1736847055.2557325,0.0,2.69034,-0.0,-0.0,-0.0,0.0
1736847055.2557325,0.0,2.69048,-0.0,-0.0,-0.0,0.0
1736847055.2585201,0.0,2.69061,-0.0,-0.0,-0.0,0.0
1736847055.259382,0.0,2.69073,-0.0,-0.0,-0.0,0.0
1736847055.259382,0.0,2.69085,-0.0,-0.0,-0.0,0.0
1736847055.2603965,0.0,2.69098,-0.0,-0.0,-0.0,0.0
1736847055.2613952,0.0,2.6911,-0.0,-0.0,-0.0,0.0
1736847055.2627223,0.0,2.69123,-0.0,-0.0,-0.0,0.0
1736847055.2631133,0.0,2.69138,-0.0,-0.0,-0.0,0.0
1736847055.264549,0.0,2.69153,-0.0,-0.0,-0.0,0.0
1736847055.2646453,0.0,2.69166,-0.0,-0.0,-0.0,0.0
1736847055.2656484,0.0,2.6918,-0.0,-0.0,-0.0,0.0
1736847055.2666469,0.0,2.69192,-0.0,-0.0,-0.0,0.0
1736847055.267658,0.0,2.69204,-0.0,-0.0,-0.0,0.0
1736847055.267658,0.0,2.69216,-0.0,-0.0,-0.0,0.0
1736847055.26865,0.0,2.69228,-0.0,-0.0,-0.0,0.0
1736847055.2696483,0.0,2.69244,-0.0,-0.0,-0.0,0.0
1736847055.2696483,0.0,2.69258,-0.0,-0.0,-0.0,0.0
1736847055.2696483,0.0,2.6927,-0.0,-0.0,-0.0,0.0
1736847055.2696483,0.0,2.69283,-0.0,-0.0,-0.0,0.0
1736847055.2696483,0.0,2.69295,-0.0,-0.0,-0.0,0.0
1736847055.2740574,0.0,2.69307,-0.0,-0.0,-0.0,0.0
1736847055.2751465,0.0,2.69319,-0.0,-0.0,-0.0,0.0
1736847055.2751465,0.0,2.69332,-0.0,-0.0,-0.0,0.0
1736847055.2765865,0.0,2.69346,-0.0,-0.0,-0.0,0.0
1736847055.2777603,0.0,2.69361,-0.0,-0.0,-0.0,0.0
1736847055.2785556,0.0,2.69376,-0.0,-0.0,-0.0,0.0
1736847055.2795126,0.0,2.69389,-0.0,-0.0,-0.0,0.0
1736847055.2795126,0.0,2.69401,-0.0,-0.0,-0.0,0.0
1736847055.2805157,0.0,2.69414,-0.0,-0.0,-0.0,0.0
1736847055.2815132,0.0,2.69426,-0.0,-0.0,-0.0,0.0
1736847055.2825139,0.0,2.69438,-0.0,-0.0,-0.0,0.0
1736847055.2835147,0.0,2.69451,-0.0,-0.0,-0.0,0.0
1736847055.283964,0.0,2.69466,-0.0,-0.0,-0.0,0.0
1736847055.2850792,0.0,2.69483,-0.0,-0.0,-0.0,0.0
1736847055.2860138,0.0,2.69499,-0.0,-0.0,-0.0,0.0
1736847055.287019,0.0,2.69513,-0.0,-0.0,-0.0,0.0
1736847055.288028,0.0,2.69525,-0.0,-0.0,-0.0,0.0
1736847055.2890186,0.0,2.69537,-0.0,-0.0,-0.0,0.0
1736847055.2890186,0.0,2.6955,-0.0,-0.0,-0.0,0.0
1736847055.2904603,0.0,2.69563,-0.0,-0.0,-0.0,0.0
1736847055.2907677,0.0,2.69578,-0.0,-0.0,-0.0,0.0
1736847055.2918155,0.0,2.69591,-0.0,-0.0,-0.0,0.0
1736847055.292764,0.0,2.69604,-0.0,-0.0,-0.0,0.0
1736847055.2937653,0.0,2.69617,-0.0,-0.0,-0.0,0.0
1736847055.294907,0.0,2.6963,-0.0,-0.0,-0.0,0.0
1736847055.2950926,0.0,2.69642,-0.0,-0.0,-0.0,0.0
1736847055.2960973,0.0,2.69654,-0.0,-0.0,-0.0,0.0
1736847055.2970972,0.0,2.69666,-0.0,-0.0,-0.0,0.0
1736847055.298058,0.0,2.69681,-0.0,-0.0,-0.0,0.0
1736847055.2990594,0.0,2.69695,-0.0,-0.0,-0.0,0.0
1736847055.2990594,0.0,2.69709,-0.0,-0.0,-0.0,0.0
1736847055.3000588,0.0,2.69722,-0.0,-0.0,-0.0,0.0
1736847055.3010583,0.0,2.69735,-0.0,-0.0,-0.0,0.0
1736847055.3020582,0.0,2.69747,-0.0,-0.0,-0.0,0.0
1736847055.303115,0.0,2.69759,-0.0,-0.0,-0.0,0.0
1736847055.303115,0.0,2.69773,-0.0,-0.0,-0.0,0.0
1736847055.3049464,0.0,2.69789,-0.0,-0.0,-0.0,0.0
1736847055.3059525,0.0,2.69803,-0.0,-0.0,-0.0,0.0
1736847055.3059525,0.0,2.69817,-0.0,-0.0,-0.0,0.0
1736847055.3069513,0.0,2.6983,-0.0,-0.0,-0.0,0.0
1736847055.3079505,0.0,2.69842,-0.0,-0.0,-0.0,0.0
1736847055.3089607,0.0,2.69854,-0.0,-0.0,-0.0,0.0
1736847055.309887,0.0,2.69866,-0.0,-0.0,-0.0,0.0
1736847055.3100448,0.0,2.69879,-0.0,-0.0,-0.0,0.0
1736847055.311618,0.0,2.69894,-0.0,-0.0,-0.0,0.0
1736847055.311618,0.0,2.69908,-0.0,-0.0,-0.0,0.0
1736847055.3133504,0.0,2.69921,-0.0,-0.0,-0.0,0.0
1736847055.3138604,0.0,2.69933,-0.0,-0.0,-0.0,0.0
1736847055.3148777,0.0,2.69945,-0.0,-0.0,-0.0,0.0
1736847055.3157005,0.0,2.69957,-0.0,-0.0,-0.0,0.0
1736847055.3158052,0.0,2.6997,-0.0,-0.0,-0.0,0.0
1736847055.3168077,0.0,2.69982,-0.0,-0.0,-0.0,0.0
1736847055.3182082,0.0,2.69995,-0.0,-0.0,-0.0,0.0
1736847055.3185873,0.0,2.7001,-0.0,-0.0,-0.0,0.0
1736847055.3196313,0.0,2.70023,-0.0,-0.0,-0.0,0.0
1736847055.3204648,0.0,2.70035,-0.0,-0.0,-0.0,0.0
1736847055.3214703,0.0,2.70047,-0.0,-0.0,-0.0,0.0
1736847055.3214703,0.0,2.70061,-0.0,-0.0,-0.0,0.0
1736847055.3214703,0.0,2.70073,-0.0,-0.0,-0.0,0.0
1736847055.3239372,0.0,2.70085,-0.0,-0.0,-0.0,0.0
1736847055.3239372,0.0,2.70099,-0.0,-0.0,-0.0,0.0
1736847055.325238,0.0,2.70113,-0.0,-0.0,-0.0,0.0
1736847055.3262336,0.0,2.70127,-0.0,-0.0,-0.0,0.0
1736847055.3272722,0.0,2.7014,-0.0,-0.0,-0.0,0.0
1736847055.3272722,0.0,2.70152,-0.0,-0.0,-0.0,0.0
1736847055.3282447,0.0,2.70164,-0.0,-0.0,-0.0,0.0
1736847055.3296685,0.0,2.70176,-0.0,-0.0,-0.0,0.0
1736847055.3301854,0.0,2.70188,-0.0,-0.0,-0.0,0.0
1736847055.3311944,0.0,2.702,-0.0,-0.0,-0.0,0.0
1736847055.3311944,0.0,2.70213,-0.0,-0.0,-0.0,0.0
1736847055.3326783,0.0,2.70229,-0.0,-0.0,-0.0,0.0
1736847055.3336968,0.0,2.70242,-0.0,-0.0,-0.0,0.0
1736847055.3346834,0.0,2.70255,-0.0,-0.0,-0.0,0.0
1736847055.3346834,0.0,2.70267,-0.0,-0.0,-0.0,0.0
1736847055.3356836,0.0,2.70279,-0.0,-0.0,-0.0,0.0
1736847055.3366828,0.0,2.70291,-0.0,-0.0,-0.0,0.0
1736847055.3378298,0.0,2.70302,-0.0,-0.0,-0.0,0.0
1736847055.3378298,0.0,2.70317,-0.0,-0.0,-0.0,0.0
1736847055.3396144,0.0,2.70332,-0.0,-0.0,-0.0,0.0
1736847055.3396144,0.0,2.70347,-0.0,-0.0,-0.0,0.0
1736847055.3406658,0.0,2.7036,-0.0,-0.0,-0.0,0.0
1736847055.341665,0.0,2.70373,-0.0,-0.0,-0.0,0.0
1736847055.3426647,0.0,2.70385,-0.0,-0.0,-0.0,0.0
1736847055.3436658,0.0,2.70397,-0.0,-0.0,-0.0,0.0
1736847055.3444495,0.0,2.70408,-0.0,-0.0,-0.0,0.0
1736847055.3445516,0.0,2.70422,-0.0,-0.0,-0.0,0.0
1736847055.3460035,0.0,2.70436,-0.0,-0.0,-0.0,0.0
1736847055.3470488,0.0,2.7045,-0.0,-0.0,-0.0,0.0
1736847055.3470488,0.0,2.70463,-0.0,-0.0,-0.0,0.0
1736847055.3480628,0.0,2.70476,-0.0,-0.0,-0.0,0.0
1736847055.3490562,0.0,2.70488,-0.0,-0.0,-0.0,0.0
1736847055.3490562,0.0,2.70501,-0.0,-0.0,-0.0,0.0
1736847055.3490562,0.0,2.70513,-0.0,-0.0,-0.0,0.0
1736847055.3517282,0.0,2.70525,-0.0,-0.0,-0.0,0.0
1736847055.3527367,0.0,2.70537,-0.0,-0.0,-0.0,0.0
1736847055.3530548,0.0,2.70554,-0.0,-0.0,-0.0,0.0
1736847055.354426,0.0,2.70568,-0.0,-0.0,-0.0,0.0
1736847055.3554318,0.0,2.70581,-0.0,-0.0,-0.0,0.0
1736847055.3554318,0.0,2.70593,-0.0,-0.0,-0.0,0.0
1736847055.3564308,0.0,2.70605,-0.0,-0.0,-0.0,0.0
1736847055.35743,0.0,2.70617,-0.0,-0.0,-0.0,0.0
1736847055.3584294,0.0,2.70628,-0.0,-0.0,-0.0,0.0
1736847055.3584294,0.0,2.7064,-0.0,-0.0,-0.0,0.0
1736847055.3599172,0.0,2.70653,-0.0,-0.0,-0.0,0.0
1736847055.3607657,0.0,2.70669,-0.0,-0.0,-0.0,0.0
1736847055.3617716,0.0,2.70683,-0.0,-0.0,-0.0,0.0
1736847055.3617716,0.0,2.70695,-0.0,-0.0,-0.0,0.0
1736847055.3634777,0.0,2.70707,-0.0,-0.0,-0.0,0.0
1736847055.3634777,0.0,2.70719,-0.0,-0.0,-0.0,0.0
1736847055.3644834,0.0,2.70731,-0.0,-0.0,-0.0,0.0
1736847055.3655126,0.0,2.70742,-0.0,-0.0,-0.0,0.0
1736847055.366486,0.0,2.70755,-0.0,-0.0,-0.0,0.0
1736847055.3674123,0.0,2.70771,-0.0,-0.0,-0.0,0.0
1736847055.3684652,0.0,2.70785,-0.0,-0.0,-0.0,0.0
1736847055.369465,0.0,2.708,-0.0,-0.0,-0.0,0.0
1736847055.369465,0.0,2.70813,-0.0,-0.0,-0.0,0.0
1736847055.3704653,0.0,2.70825,-0.0,-0.0,-0.0,0.0
1736847055.371465,0.0,2.70837,-0.0,-0.0,-0.0,0.0
1736847055.372559,0.0,2.70849,-0.0,-0.0,-0.0,0.0
1736847055.372559,0.0,2.70863,-0.0,-0.0,-0.0,0.0
1736847055.3742273,0.0,2.70877,-0.0,-0.0,-0.0,0.0
1736847055.3742273,0.0,2.70891,-0.0,-0.0,-0.0,0.0
1736847055.3752701,0.0,2.70904,-0.0,-0.0,-0.0,0.0
1736847055.3762693,0.0,2.70916,-0.0,-0.0,-0.0,0.0
1736847055.3772693,0.0,2.70928,-0.0,-0.0,-0.0,0.0
1736847055.3782682,0.0,2.7094,-0.0,-0.0,-0.0,0.0
1736847055.3783705,0.0,2.70953,-0.0,-0.0,-0.0,0.0
1736847055.3793724,0.0,2.70966,-0.0,-0.0,-0.0,0.0
1736847055.380373,0.0,2.70979,-0.0,-0.0,-0.0,0.0
1736847055.3816843,0.0,2.70994,-0.0,-0.0,-0.0,0.0
1736847055.382466,0.0,2.71007,-0.0,-0.0,-0.0,0.0
1736847055.3828893,0.0,2.7102,-0.0,-0.0,-0.0,0.0
1736847055.3828893,0.0,2.71034,-0.0,-0.0,-0.0,0.0
1736847055.3828893,0.0,2.71046,-0.0,-0.0,-0.0,0.0
1736847055.3828893,0.0,2.71058,-0.0,-0.0,-0.0,0.0
1736847055.3864625,0.0,2.7107,-0.0,-0.0,-0.0,0.0
1736847055.3874688,0.0,2.71083,-0.0,-0.0,-0.0,0.0
1736847055.3883634,0.0,2.71099,-0.0,-0.0,-0.0,0.0
1736847055.3893657,0.0,2.71114,-0.0,-0.0,-0.0,0.0
1736847055.3903654,0.0,2.71129,-0.0,-0.0,-0.0,0.0
1736847055.3903654,0.0,2.71141,-0.0,-0.0,-0.0,0.0
1736847055.391364,0.0,2.71153,-0.0,-0.0,-0.0,0.0
1736847055.3923638,0.0,2.71165,-0.0,-0.0,-0.0,0.0
1736847055.3933978,0.0,2.71177,-0.0,-0.0,-0.0,0.0
1736847055.3933978,0.0,2.71191,-0.0,-0.0,-0.0,0.0
1736847055.3948317,0.0,2.71205,-0.0,-0.0,-0.0,0.0
1736847055.3948317,0.0,2.71219,-0.0,-0.0,-0.0,0.0
1736847055.3948317,0.0,2.71232,-0.0,-0.0,-0.0,0.0
1736847055.3948317,0.0,2.71245,-0.0,-0.0,-0.0,0.0
1736847055.3984773,0.0,2.71257,-0.0,-0.0,-0.0,0.0
1736847055.3991172,0.0,2.71269,-0.0,-0.0,-0.0,0.0
1736847055.3991172,0.0,2.71281,-0.0,-0.0,-0.0,0.0
1736847055.4001296,0.0,2.71293,-0.0,-0.0,-0.0,0.0
1736847055.4015508,0.0,2.71306,-0.0,-0.0,-0.0,0.0
1736847055.4019027,0.0,2.71321,-0.0,-0.0,-0.0,0.0
1736847055.4031641,0.0,2.71334,-0.0,-0.0,-0.0,0.0
1736847055.4042218,0.0,2.71348,-0.0,-0.0,-0.0,0.0
1736847055.4042218,0.0,2.71362,-0.0,-0.0,-0.0,0.0
1736847055.4042218,0.0,2.71375,-0.0,-0.0,-0.0,0.0
1736847055.4042218,0.0,2.71387,-0.0,-0.0,-0.0,0.0
1736847055.407265,0.0,2.71399,-0.0,-0.0,-0.0,0.0
1736847055.4082706,0.0,2.71411,-0.0,-0.0,-0.0,0.0
1736847055.409002,0.0,2.71426,-0.0,-0.0,-0.0,0.0
1736847055.410048,0.0,2.7144,-0.0,-0.0,-0.0,0.0
1736847055.4110482,0.0,2.71454,-0.0,-0.0,-0.0,0.0
1736847055.4110482,0.0,2.71466,-0.0,-0.0,-0.0,0.0
1736847055.412047,0.0,2.71478,-0.0,-0.0,-0.0,0.0
1736847055.4130929,0.0,2.7149,-0.0,-0.0,-0.0,0.0
1736847055.4140968,0.0,2.71502,-0.0,-0.0,-0.0,0.0
1736847055.4142287,0.0,2.71514,-0.0,-0.0,-0.0,0.0
1736847055.415465,0.0,2.71528,-0.0,-0.0,-0.0,0.0
1736847055.415465,0.0,2.71542,-0.0,-0.0,-0.0,0.0
1736847055.415465,0.0,2.71555,-0.0,-0.0,-0.0,0.0
1736847055.418255,0.0,2.71568,-0.0,-0.0,-0.0,0.0
1736847055.418255,0.0,2.71579,-0.0,-0.0,-0.0,0.0
1736847055.419261,0.0,2.71591,-0.0,-0.0,-0.0,0.0
1736847055.4202595,0.0,2.71603,-0.0,-0.0,-0.0,0.0
1736847055.4212604,0.0,2.71615,-0.0,-0.0,-0.0,0.0
1736847055.4212604,0.0,2.71628,-0.0,-0.0,-0.0,0.0
1736847055.4227693,0.0,2.71641,-0.0,-0.0,-0.0,0.0
1736847055.4227693,0.0,2.71657,-0.0,-0.0,-0.0,0.0
1736847055.4227693,0.0,2.71671,-0.0,-0.0,-0.0,0.0
1736847055.4227693,0.0,2.71684,-0.0,-0.0,-0.0,0.0
1736847055.4227693,0.0,2.71695,-0.0,-0.0,-0.0,0.0
1736847055.4227693,0.0,2.71707,-0.0,-0.0,-0.0,0.0
1736847055.4227693,0.0,2.7172,-0.0,-0.0,-0.0,0.0
1736847055.4281418,0.0,2.71731,-0.0,-0.0,-0.0,0.0
1736847055.4296074,0.0,2.71745,-0.0,-0.0,-0.0,0.0
1736847055.4299514,0.0,2.7176,-0.0,-0.0,-0.0,0.0
1736847055.430998,0.0,2.71773,-0.0,-0.0,-0.0,0.0
1736847055.4319983,0.0,2.71785,-0.0,-0.0,-0.0,0.0
1736847055.4319983,0.0,2.71797,-0.0,-0.0,-0.0,0.0
1736847055.4329975,0.0,2.71809,-0.0,-0.0,-0.0,0.0
1736847055.433842,0.0,2.7182,-0.0,-0.0,-0.0,0.0
1736847055.4351115,0.0,2.71833,-0.0,-0.0,-0.0,0.0
1736847055.4351115,0.0,2.71846,-0.0,-0.0,-0.0,0.0
1736847055.4364035,0.0,2.71861,-0.0,-0.0,-0.0,0.0
1736847055.4364035,0.0,2.71876,-0.0,-0.0,-0.0,0.0
1736847055.4364035,0.0,2.7189,-0.0,-0.0,-0.0,0.0
1736847055.4394825,0.0,2.71902,-0.0,-0.0,-0.0,0.0
1736847055.4402754,0.0,2.71914,-0.0,-0.0,-0.0,0.0
1736847055.4412887,0.0,2.71928,-0.0,-0.0,-0.0,0.0
1736847055.4412887,0.0,2.71941,-0.0,-0.0,-0.0,0.0
1736847055.4422898,0.0,2.71954,-0.0,-0.0,-0.0,0.0
1736847055.443624,0.0,2.71968,-0.0,-0.0,-0.0,0.0
1736847055.4446638,0.0,2.71982,-0.0,-0.0,-0.0,0.0
1736847055.445241,0.0,2.71995,-0.0,-0.0,-0.0,0.0
1736847055.4462464,0.0,2.72008,-0.0,-0.0,-0.0,0.0
1736847055.4462464,0.0,2.7202,-0.0,-0.0,-0.0,0.0
1736847055.4472468,0.0,2.72032,-0.0,-0.0,-0.0,0.0
1736847055.448246,0.0,2.72044,-0.0,-0.0,-0.0,0.0
1736847055.4492486,0.0,2.72056,-0.0,-0.0,-0.0,0.0
1736847055.4501603,0.0,2.72069,-0.0,-0.0,-0.0,0.0
1736847055.4513624,0.0,2.72087,-0.0,-0.0,-0.0,0.0
1736847055.4514947,0.0,2.72103,-0.0,-0.0,-0.0,0.0
1736847055.4524963,0.0,2.72115,-0.0,-0.0,-0.0,0.0
1736847055.4534962,0.0,2.72128,-0.0,-0.0,-0.0,0.0
1736847055.4545093,0.0,2.7214,-0.0,-0.0,-0.0,0.0
1736847055.4545093,0.0,2.72152,-0.0,-0.0,-0.0,0.0
1736847055.4554954,0.0,2.72163,-0.0,-0.0,-0.0,0.0
1736847055.4564972,0.0,2.72176,-0.0,-0.0,-0.0,0.0
1736847055.457497,0.0,2.7219,-0.0,-0.0,-0.0,0.0
1736847055.4585104,0.0,2.72203,-0.0,-0.0,-0.0,0.0
1736847055.4594965,0.0,2.72215,-0.0,-0.0,-0.0,0.0
1736847055.4603312,0.0,2.72229,-0.0,-0.0,-0.0,0.0
1736847055.4607263,0.0,2.72242,-0.0,-0.0,-0.0,0.0
1736847055.4618533,0.0,2.72255,-0.0,-0.0,-0.0,0.0
1736847055.4626431,0.0,2.72267,-0.0,-0.0,-0.0,0.0
1736847055.463666,0.0,2.72285,-0.0,-0.0,-0.0,0.0
1736847055.4646482,0.0,2.72297,-0.0,-0.0,-0.0,0.0
1736847055.4656472,0.0,2.72313,-0.0,-0.0,-0.0,0.0
1736847055.466648,0.0,2.72339,-0.0,-0.0,-0.0,0.0
1736847055.4684362,0.0,2.72356,-0.0,-0.0,-0.0,0.0
1736847055.4684362,0.0,2.72369,-0.0,-0.0,-0.0,0.0
1736847055.469448,0.0,2.72381,-0.0,-0.0,-0.0,0.0
1736847055.4709916,0.0,2.72395,-0.0,-0.0,-0.0,0.0
1736847055.4713778,0.0,2.7241,-0.0,-0.0,-0.0,0.0
1736847055.47243,0.0,2.72423,-0.0,-0.0,-0.0,0.0
1736847055.4734848,0.0,2.72435,-0.0,-0.0,-0.0,0.0
1736847055.4741406,0.0,2.72448,-0.0,-0.0,-0.0,0.0
1736847055.4741406,0.0,2.7246,-0.0,-0.0,-0.0,0.0
1736847055.4751458,0.0,2.72473,-0.0,-0.0,-0.0,0.0
1736847055.4761448,0.0,2.72486,-0.0,-0.0,-0.0,0.0
1736847055.4771452,0.0,2.725,-0.0,-0.0,-0.0,0.0
1736847055.4784186,0.0,2.72515,-0.0,-0.0,-0.0,0.0
1736847055.4789388,0.0,2.7253,-0.0,-0.0,-0.0,0.0
1736847055.4789388,0.0,2.72559,-0.0,-0.0,-0.0,0.0
1736847055.4789388,0.0,2.72573,-0.0,-0.0,-0.0,0.0
1736847055.4789388,0.0,2.72586,-0.0,-0.0,-0.0,0.0
1736847055.4836721,0.0,2.72598,-0.0,-0.0,-0.0,0.0
1736847055.4846802,0.0,2.72611,-0.0,-0.0,-0.0,0.0
1736847055.4854465,0.0,2.72627,-0.0,-0.0,-0.0,0.0
1736847055.4865596,0.0,2.72641,-0.0,-0.0,-0.0,0.0
1736847055.4865596,0.0,2.72655,-0.0,-0.0,-0.0,0.0
1736847055.4875746,0.0,2.72666,-0.0,-0.0,-0.0,0.0
1736847055.4885714,0.0,2.72678,-0.0,-0.0,-0.0,0.0
1736847055.4895809,0.0,2.7269,-0.0,-0.0,-0.0,0.0
1736847055.4902089,0.0,2.72701,-0.0,-0.0,-0.0,0.0
1736847055.4912148,0.0,2.72713,-0.0,-0.0,-0.0,0.0
1736847055.4919028,0.0,2.72727,-0.0,-0.0,-0.0,0.0
1736847055.4919028,0.0,2.72742,-0.0,-0.0,-0.0,0.0
1736847055.4919028,0.0,2.72755,-0.0,-0.0,-0.0,0.0
1736847055.4919028,0.0,2.72767,-0.0,-0.0,-0.0,0.0
1736847055.4950924,0.0,2.72778,-0.0,-0.0,-0.0,0.0
1736847055.4960978,0.0,2.7279,-0.0,-0.0,-0.0,0.0
1736847055.4960978,0.0,2.72802,-0.0,-0.0,-0.0,0.0
1736847055.4970973,0.0,2.72814,-0.0,-0.0,-0.0,0.0
1736847055.4980981,0.0,2.72827,-0.0,-0.0,-0.0,0.0
1736847055.4992,0.0,2.72841,-0.0,-0.0,-0.0,0.0
1736847055.500239,0.0,2.72854,-0.0,-0.0,-0.0,0.0
1736847055.5008075,0.0,2.72868,-0.0,-0.0,-0.0,0.0
1736847055.5018117,0.0,2.7288,-0.0,-0.0,-0.0,0.0
1736847055.5018117,0.0,2.72891,-0.0,-0.0,-0.0,0.0
1736847055.5033133,0.0,2.72903,-0.0,-0.0,-0.0,0.0
1736847055.5033133,0.0,2.72915,-0.0,-0.0,-0.0,0.0
1736847055.5043187,0.0,2.72927,-0.0,-0.0,-0.0,0.0
1736847055.5053196,0.0,2.72939,-0.0,-0.0,-0.0,0.0
1736847055.506521,0.0,2.72954,-0.0,-0.0,-0.0,0.0
1736847055.5075235,0.0,2.72969,-0.0,-0.0,-0.0,0.0
1736847055.5075235,0.0,2.72983,-0.0,-0.0,-0.0,0.0
1736847055.5085223,0.0,2.72995,-0.0,-0.0,-0.0,0.0
1736847055.5095215,0.0,2.73008,-0.0,-0.0,-0.0,0.0
1736847055.5105317,0.0,2.73019,-0.0,-0.0,-0.0,0.0
1736847055.5105317,0.0,2.73031,-0.0,-0.0,-0.0,0.0
1736847055.5115213,0.0,2.73044,-0.0,-0.0,-0.0,0.0
1736847055.5132227,0.0,2.73059,-0.0,-0.0,-0.0,0.0
1736847055.5132227,0.0,2.73074,-0.0,-0.0,-0.0,0.0
1736847055.5142682,0.0,2.73086,-0.0,-0.0,-0.0,0.0
1736847055.515267,0.0,2.73098,-0.0,-0.0,-0.0,0.0
1736847055.5162768,0.0,2.7311,-0.0,-0.0,-0.0,0.0
1736847055.5162768,0.0,2.73121,-0.0,-0.0,-0.0,0.0
1736847055.5172675,0.0,2.73133,-0.0,-0.0,-0.0,0.0
1736847055.518364,0.0,2.73145,-0.0,-0.0,-0.0,0.0
1736847055.5193698,0.0,2.73158,-0.0,-0.0,-0.0,0.0
1736847055.5200286,0.0,2.73173,-0.0,-0.0,-0.0,0.0
1736847055.521289,0.0,2.73185,-0.0,-0.0,-0.0,0.0
1736847055.521289,0.0,2.73198,-0.0,-0.0,-0.0,0.0
1736847055.5222952,0.0,2.7321,-0.0,-0.0,-0.0,0.0
1736847055.523294,0.0,2.73222,-0.0,-0.0,-0.0,0.0
1736847055.5242856,0.0,2.73234,-0.0,-0.0,-0.0,0.0
1736847055.5243888,0.0,2.73246,-0.0,-0.0,-0.0,0.0
1736847055.5253909,0.0,2.73259,-0.0,-0.0,-0.0,0.0
1736847055.5268548,0.0,2.73273,-0.0,-0.0,-0.0,0.0
1736847055.527406,0.0,2.73288,-0.0,-0.0,-0.0,0.0
1736847055.52841,0.0,2.73301,-0.0,-0.0,-0.0,0.0
1736847055.5288594,0.0,2.73313,-0.0,-0.0,-0.0,0.0
1736847055.5288594,0.0,2.73327,-0.0,-0.0,-0.0,0.0
1736847055.5288594,0.0,2.7334,-0.0,-0.0,-0.0,0.0
1736847055.5288594,0.0,2.73352,-0.0,-0.0,-0.0,0.0
1736847055.5322711,0.0,2.73363,-0.0,-0.0,-0.0,0.0
1736847055.5332792,0.0,2.73376,-0.0,-0.0,-0.0,0.0
1736847055.5337887,0.0,2.73389,-0.0,-0.0,-0.0,0.0
1736847055.5347853,0.0,2.73403,-0.0,-0.0,-0.0,0.0
1736847055.535787,0.0,2.73417,-0.0,-0.0,-0.0,0.0
1736847055.5367851,0.0,2.73429,-0.0,-0.0,-0.0,0.0
1736847055.5367851,0.0,2.73441,-0.0,-0.0,-0.0,0.0
1736847055.5382414,0.0,2.73453,-0.0,-0.0,-0.0,0.0
1736847055.5388913,0.0,2.73465,-0.0,-0.0,-0.0,0.0
1736847055.539795,0.0,2.73477,-0.0,-0.0,-0.0,0.0
1736847055.5406568,0.0,2.7349,-0.0,-0.0,-0.0,0.0
1736847055.5406568,0.0,2.73505,-0.0,-0.0,-0.0,0.0
1736847055.5406568,0.0,2.73518,-0.0,-0.0,-0.0,0.0
1736847055.5406568,0.0,2.73529,-0.0,-0.0,-0.0,0.0
1736847055.5406568,0.0,2.73541,-0.0,-0.0,-0.0,0.0
1736847055.5406568,0.0,2.73552,-0.0,-0.0,-0.0,0.0
1736847055.5451126,0.0,2.73564,-0.0,-0.0,-0.0,0.0
1736847055.5461266,0.0,2.73576,-0.0,-0.0,-0.0,0.0
1736847055.5461266,0.0,2.7359,-0.0,-0.0,-0.0,0.0
1736847055.5479174,0.0,2.73604,-0.0,-0.0,-0.0,0.0
1736847055.5479174,0.0,2.73618,-0.0,-0.0,-0.0,0.0
1736847055.548967,0.0,2.73631,-0.0,-0.0,-0.0,0.0
1736847055.5498505,0.0,2.73643,-0.0,-0.0,-0.0,0.0
1736847055.5498505,0.0,2.73655,-0.0,-0.0,-0.0,0.0
1736847055.5498505,0.0,2.73668,-0.0,-0.0,-0.0,0.0
1736847055.5498505,0.0,2.73679,-0.0,-0.0,-0.0,0.0
1736847055.553085,0.0,2.73691,-0.0,-0.0,-0.0,0.0
1736847055.554091,0.0,2.73703,-0.0,-0.0,-0.0,0.0
1736847055.554342,0.0,2.73717,-0.0,-0.0,-0.0,0.0
1736847055.555771,0.0,2.7373,-0.0,-0.0,-0.0,0.0
1736847055.5566533,0.0,2.73742,-0.0,-0.0,-0.0,0.0
1736847055.5566533,0.0,2.73754,-0.0,-0.0,-0.0,0.0
1736847055.5576675,0.0,2.73766,-0.0,-0.0,-0.0,0.0
1736847055.5586636,0.0,2.73777,-0.0,-0.0,-0.0,0.0
1736847055.5596628,0.0,2.73789,-0.0,-0.0,-0.0,0.0
1736847055.5596628,0.0,2.738,-0.0,-0.0,-0.0,0.0
1736847055.561243,0.0,2.73814,-0.0,-0.0,-0.0,0.0
1736847055.5619168,0.0,2.73829,-0.0,-0.0,-0.0,0.0
1736847055.5629227,0.0,2.73844,-0.0,-0.0,-0.0,0.0
1736847055.5639215,0.0,2.73856,-0.0,-0.0,-0.0,0.0
1736847055.5639215,0.0,2.73868,-0.0,-0.0,-0.0,0.0
1736847055.5649211,0.0,2.73879,-0.0,-0.0,-0.0,0.0
1736847055.5659306,0.0,2.73891,-0.0,-0.0,-0.0,0.0
1736847055.5669224,0.0,2.73902,-0.0,-0.0,-0.0,0.0
1736847055.5669966,0.0,2.73915,-0.0,-0.0,-0.0,0.0
1736847055.5687604,0.0,2.7393,-0.0,-0.0,-0.0,0.0
1736847055.5687604,0.0,2.73945,-0.0,-0.0,-0.0,0.0
1736847055.5698118,0.0,2.73958,-0.0,-0.0,-0.0,0.0
1736847055.57081,0.0,2.7397,-0.0,-0.0,-0.0,0.0
1736847055.5718203,0.0,2.73982,-0.0,-0.0,-0.0,0.0
1736847055.5718203,0.0,2.73993,-0.0,-0.0,-0.0,0.0
1736847055.5734274,0.0,2.74005,-0.0,-0.0,-0.0,0.0
1736847055.5735304,0.0,2.74017,-0.0,-0.0,-0.0,0.0
1736847055.5745325,0.0,2.7403,-0.0,-0.0,-0.0,0.0
1736847055.5755134,0.0,2.74047,-0.0,-0.0,-0.0,0.0
1736847055.5768952,0.0,2.74062,-0.0,-0.0,-0.0,0.0
1736847055.5777223,0.0,2.74074,-0.0,-0.0,-0.0,0.0
1736847055.5781393,0.0,2.74087,-0.0,-0.0,-0.0,0.0
1736847055.5781393,0.0,2.74101,-0.0,-0.0,-0.0,0.0
1736847055.5781393,0.0,2.74117,-0.0,-0.0,-0.0,0.0
1736847055.5810306,0.0,2.74135,-0.0,-0.0,-0.0,0.0
1736847055.5830395,0.0,2.74155,-0.0,-0.0,-0.0,0.0
1736847055.5840378,0.0,2.74173,-0.0,-0.0,-0.0,0.0
1736847055.5843468,0.0,2.74191,-0.0,-0.0,-0.0,0.0
1736847055.5843468,0.0,2.74211,-0.0,-0.0,-0.0,0.0
1736847055.5843468,0.0,2.74227,-0.0,-0.0,-0.0,0.0
1736847055.58787,0.0,2.74242,-0.0,-0.0,-0.0,0.0
1736847055.589879,0.0,2.7426,-0.0,-0.0,-0.0,0.0
1736847055.59018,0.0,2.74286,-0.0,-0.0,-0.0,0.0
1736847055.59018,0.0,2.7431,-0.0,-0.0,-0.0,0.0
1736847055.59018,0.0,2.7433,-0.0,-0.0,-0.0,0.0
1736847055.5948517,0.0,2.74351,-0.0,-0.0,-0.0,0.0
1736847055.5970395,0.0,2.74372,-0.0,-0.0,-0.0,0.0
1736847055.5970395,0.0,2.74392,-0.0,-0.0,-0.0,0.0
1736847055.5970395,0.0,2.74414,-0.0,-0.0,-0.0,0.0
1736847055.5970395,0.0,2.7443,-0.0,-0.0,-0.0,0.0
1736847055.5970395,0.0,2.74446,-0.0,-0.0,-0.0,0.0
1736847055.601792,0.0,2.74462,-0.0,-0.0,-0.0,0.0
1736847055.6028047,0.0,2.74478,-0.0,-0.0,-0.0,0.0
1736847055.6038587,0.0,2.74497,-0.0,-0.0,-0.0,0.0
1736847055.6038587,0.0,2.74518,-0.0,-0.0,-0.0,0.0
1736847055.6038587,0.0,2.7454,-0.0,-0.0,-0.0,0.0
1736847055.6088479,0.0,2.74561,-0.0,-0.0,-0.0,0.0
1736847055.6098578,0.0,2.74581,-0.0,-0.0,-0.0,0.0
1736847055.610855,0.0,2.74599,-0.0,-0.0,-0.0,0.0
1736847055.6118543,0.0,2.74616,-0.0,-0.0,-0.0,0.0
1736847055.6128547,0.0,2.74634,-0.0,-0.0,-0.0,0.0
1736847055.6138597,0.0,2.7465,-0.0,-0.0,-0.0,0.0
1736847055.6148558,0.0,2.74664,-0.0,-0.0,-0.0,0.0
1736847055.6165552,0.0,2.74681,-0.0,-0.0,-0.0,0.0
1736847055.6174092,0.0,2.747,-0.0,-0.0,-0.0,0.0
1736847055.6194153,0.0,2.74727,-0.0,-0.0,-0.0,0.0
1736847055.6206923,0.0,2.74745,-0.0,-0.0,-0.0,0.0
1736847055.621821,0.0,2.74765,-0.0,-0.0,-0.0,0.0
1736847055.622939,0.0,2.74784,-0.0,-0.0,-0.0,0.0
1736847055.6237454,0.0,2.74801,-0.0,-0.0,-0.0,0.0
1736847055.6247525,0.0,2.74822,-0.0,-0.0,-0.0,0.0
1736847055.626276,0.0,2.74835,-0.0,-0.0,-0.0,0.0
1736847055.6271627,0.0,2.74848,-0.0,-0.0,-0.0,0.0
1736847055.6271627,0.0,2.74862,-0.0,-0.0,-0.0,0.0
1736847055.6281693,0.0,2.74874,-0.0,-0.0,-0.0,0.0
1736847055.629546,0.0,2.74886,-0.0,-0.0,-0.0,0.0
1736847055.6303952,0.0,2.749,-0.0,-0.0,-0.0,0.0
1736847055.631644,0.0,2.74918,-0.0,-0.0,-0.0,0.0
1736847055.632646,0.0,2.74934,-0.0,-0.0,-0.0,0.0
1736847055.632646,0.0,2.74947,-0.0,-0.0,-0.0,0.0
1736847055.6336448,0.0,2.74959,-0.0,-0.0,-0.0,0.0
1736847055.6346445,0.0,2.74971,-0.0,-0.0,-0.0,0.0
1736847055.6356444,0.0,2.74983,-0.0,-0.0,-0.0,0.0
1736847055.6365166,0.0,2.74995,-0.0,-0.0,-0.0,0.0
1736847055.63707,0.0,2.75009,-0.0,-0.0,-0.0,0.0
1736847055.6385932,0.0,2.75026,-0.0,-0.0,-0.0,0.0
1736847055.6385932,0.0,2.75042,-0.0,-0.0,-0.0,0.0
1736847055.6396391,0.0,2.75056,-0.0,-0.0,-0.0,0.0
1736847055.6406372,0.0,2.75068,-0.0,-0.0,-0.0,0.0
1736847055.6416368,0.0,2.75081,-0.0,-0.0,-0.0,0.0
1736847055.6424086,0.0,2.75092,-0.0,-0.0,-0.0,0.0
1736847055.6434147,0.0,2.75104,-0.0,-0.0,-0.0,0.0
1736847055.6443064,0.0,2.75118,-0.0,-0.0,-0.0,0.0
1736847055.6445446,0.0,2.75136,-0.0,-0.0,-0.0,0.0
1736847055.6445446,0.0,2.75152,-0.0,-0.0,-0.0,0.0
1736847055.6445446,0.0,2.75165,-0.0,-0.0,-0.0,0.0
1736847055.6445446,0.0,2.75177,-0.0,-0.0,-0.0,0.0
1736847055.6487486,0.0,2.75189,-0.0,-0.0,-0.0,0.0
1736847055.6494205,0.0,2.75201,-0.0,-0.0,-0.0,0.0
1736847055.650399,0.0,2.75213,-0.0,-0.0,-0.0,0.0
1736847055.6512752,0.0,2.75227,-0.0,-0.0,-0.0,0.0
1736847055.6521845,0.0,2.75243,-0.0,-0.0,-0.0,0.0
1736847055.6531904,0.0,2.75257,-0.0,-0.0,-0.0,0.0
1736847055.6531904,0.0,2.75271,-0.0,-0.0,-0.0,0.0
1736847055.6546092,0.0,2.75283,-0.0,-0.0,-0.0,0.0
1736847055.6546092,0.0,2.75295,-0.0,-0.0,-0.0,0.0
1736847055.6556096,0.0,2.75307,-0.0,-0.0,-0.0,0.0
1736847055.6566076,0.0,2.75319,-0.0,-0.0,-0.0,0.0
1736847055.6577113,0.0,2.75331,-0.0,-0.0,-0.0,0.0
1736847055.7482603,0.0,2.76809,-0.0,-0.0,-0.0,0.0
1736847055.7482603,0.0,2.76838,-0.0,-0.0,-0.0,0.0
1736847055.7482603,0.0,2.76859,-0.0,-0.0,-0.0,0.0
1736847055.7482603,0.0,2.76877,-0.0,-0.0,-0.0,0.0
1736847055.7482603,0.0,2.7689,-0.0,-0.0,-0.0,0.0
1736847055.7482603,0.0,2.76902,-0.0,-0.0,-0.0,0.0
1736847055.7586002,0.0,2.76914,-0.0,-0.0,-0.0,0.0
1736847055.759235,0.0,2.76927,-0.0,-0.0,-0.0,0.0
1736847055.760206,0.0,2.7694,-0.0,-0.0,-0.0,0.0
1736847055.7612157,0.0,2.76957,-0.0,-0.0,-0.0,0.0
1736847055.7622116,0.0,2.76973,-0.0,-0.0,-0.0,0.0
1736847055.7629044,0.0,2.76986,-0.0,-0.0,-0.0,0.0
1736847055.7640095,0.0,2.76999,-0.0,-0.0,-0.0,0.0
1736847055.7646704,0.0,2.77014,-0.0,-0.0,-0.0,0.0
1736847055.7656758,0.0,2.77025,-0.0,-0.0,-0.0,0.0
1736847055.7656758,0.0,2.77037,-0.0,-0.0,-0.0,0.0
1736847055.766672,0.0,2.77049,-0.0,-0.0,-0.0,0.0
1736847055.7676775,0.0,2.77062,-0.0,-0.0,-0.0,0.0
1736847055.7686768,0.0,2.77073,-0.0,-0.0,-0.0,0.0
1736847055.7695017,0.0,2.77086,-0.0,-0.0,-0.0,0.0
1736847055.770355,0.0,2.77102,-0.0,-0.0,-0.0,0.0
1736847055.7713597,0.0,2.77116,-0.0,-0.0,-0.0,0.0
1736847055.7713597,0.0,2.77128,-0.0,-0.0,-0.0,0.0
1736847055.7723598,0.0,2.7714,-0.0,-0.0,-0.0,0.0
1736847055.7733598,0.0,2.77152,-0.0,-0.0,-0.0,0.0
1736847055.7743688,0.0,2.77164,-0.0,-0.0,-0.0,0.0
1736847055.7743688,0.0,2.77175,-0.0,-0.0,-0.0,0.0
1736847055.775361,0.0,2.77188,-0.0,-0.0,-0.0,0.0
1736847055.7763593,0.0,2.77202,-0.0,-0.0,-0.0,0.0
1736847055.7772539,0.0,2.77218,-0.0,-0.0,-0.0,0.0
1736847055.7782598,0.0,2.77232,-0.0,-0.0,-0.0,0.0
1736847055.7792583,0.0,2.77244,-0.0,-0.0,-0.0,0.0
1736847055.780258,0.0,2.77255,-0.0,-0.0,-0.0,0.0
1736847055.780258,0.0,2.77267,-0.0,-0.0,-0.0,0.0
1736847055.7812579,0.0,2.77279,-0.0,-0.0,-0.0,0.0
1736847055.7822733,0.0,2.77291,-0.0,-0.0,-0.0,0.0
1736847055.7832887,0.0,2.77304,-0.0,-0.0,-0.0,0.0
1736847055.7843337,0.0,2.77318,-0.0,-0.0,-0.0,0.0
1736847055.7852771,0.0,2.77332,-0.0,-0.0,-0.0,0.0
1736847055.7852771,0.0,2.77345,-0.0,-0.0,-0.0,0.0
1736847055.7862837,0.0,2.77357,-0.0,-0.0,-0.0,0.0
1736847055.7872827,0.0,2.77369,-0.0,-0.0,-0.0,0.0
1736847055.7881,0.0,2.7738,-0.0,-0.0,-0.0,0.0
1736847055.7891054,0.0,2.77393,-0.0,-0.0,-0.0,0.0
1736847055.7892342,0.0,2.77406,-0.0,-0.0,-0.0,0.0
1736847055.7905269,0.0,2.7742,-0.0,-0.0,-0.0,0.0
1736847055.7905269,0.0,2.77434,-0.0,-0.0,-0.0,0.0
1736847055.7905269,0.0,2.77447,-0.0,-0.0,-0.0,0.0
1736847055.7930222,0.0,2.77458,-0.0,-0.0,-0.0,0.0
1736847055.7940283,0.0,2.7747,-0.0,-0.0,-0.0,0.0
1736847055.7940283,0.0,2.77482,-0.0,-0.0,-0.0,0.0
1736847055.7950275,0.0,2.77494,-0.0,-0.0,-0.0,0.0
1736847055.7960272,0.0,2.77506,-0.0,-0.0,-0.0,0.0
1736847055.7970285,0.0,2.77518,-0.0,-0.0,-0.0,0.0
1736847055.7977495,0.0,2.77533,-0.0,-0.0,-0.0,0.0
1736847055.7977495,0.0,2.77547,-0.0,-0.0,-0.0,0.0
1736847055.7977495,0.0,2.77561,-0.0,-0.0,-0.0,0.0
1736847055.7977495,0.0,2.77573,-0.0,-0.0,-0.0,0.0
1736847055.7977495,0.0,2.77585,-0.0,-0.0,-0.0,0.0
1736847055.7977495,0.0,2.77597,-0.0,-0.0,-0.0,0.0
1736847055.7977495,0.0,2.77609,-0.0,-0.0,-0.0,0.0
1736847055.80311,0.0,2.77621,-0.0,-0.0,-0.0,0.0
1736847055.804121,0.0,2.77636,-0.0,-0.0,-0.0,0.0
1736847055.805422,0.0,2.77654,-0.0,-0.0,-0.0,0.0
1736847055.8067384,0.0,2.77673,-0.0,-0.0,-0.0,0.0
1736847055.80774,0.0,2.77686,-0.0,-0.0,-0.0,0.0
1736847055.8085868,0.0,2.77698,-0.0,-0.0,-0.0,0.0
1736847055.8090632,0.0,2.77713,-0.0,-0.0,-0.0,0.0
1736847055.8100693,0.0,2.77726,-0.0,-0.0,-0.0,0.0
1736847055.8110693,0.0,2.77739,-0.0,-0.0,-0.0,0.0
1736847055.8115506,0.0,2.77754,-0.0,-0.0,-0.0,0.0
1736847055.8115506,0.0,2.77767,-0.0,-0.0,-0.0,0.0
1736847055.8115506,0.0,2.77781,-0.0,-0.0,-0.0,0.0
1736847055.8115506,0.0,2.77793,-0.0,-0.0,-0.0,0.0
1736847055.8151848,0.0,2.77806,-0.0,-0.0,-0.0,0.0
1736847055.81619,0.0,2.77818,-0.0,-0.0,-0.0,0.0
1736847055.81619,0.0,2.7783,-0.0,-0.0,-0.0,0.0
1736847055.8171911,0.0,2.77842,-0.0,-0.0,-0.0,0.0
1736847055.818691,0.0,2.77857,-0.0,-0.0,-0.0,0.0
1736847055.8196945,0.0,2.77873,-0.0,-0.0,-0.0,0.0
1736847055.8200626,0.0,2.77888,-0.0,-0.0,-0.0,0.0
1736847055.8200626,0.0,2.77901,-0.0,-0.0,-0.0,0.0
1736847055.8200626,0.0,2.77914,-0.0,-0.0,-0.0,0.0
1736847055.8200626,0.0,2.77926,-0.0,-0.0,-0.0,0.0
1736847055.8200626,0.0,2.77938,-0.0,-0.0,-0.0,0.0
1736847055.8239474,0.0,2.77952,-0.0,-0.0,-0.0,0.0
1736847055.8251355,0.0,2.77965,-0.0,-0.0,-0.0,0.0
1736847055.8264642,0.0,2.7798,-0.0,-0.0,-0.0,0.0
1736847055.8268979,0.0,2.77994,-0.0,-0.0,-0.0,0.0
1736847055.8279045,0.0,2.78007,-0.0,-0.0,-0.0,0.0
1736847055.8289154,0.0,2.78019,-0.0,-0.0,-0.0,0.0
1736847055.8289154,0.0,2.78031,-0.0,-0.0,-0.0,0.0
1736847055.829903,0.0,2.78043,-0.0,-0.0,-0.0,0.0
1736847055.8309023,0.0,2.78054,-0.0,-0.0,-0.0,0.0
1736847055.831907,0.0,2.78067,-0.0,-0.0,-0.0,0.0
1736847055.8326843,0.0,2.78083,-0.0,-0.0,-0.0,0.0
1736847055.833692,0.0,2.78098,-0.0,-0.0,-0.0,0.0
1736847055.8347142,0.0,2.78111,-0.0,-0.0,-0.0,0.0
1736847055.8347142,0.0,2.78123,-0.0,-0.0,-0.0,0.0
1736847055.83569,0.0,2.78135,-0.0,-0.0,-0.0,0.0
1736847055.8366895,0.0,2.78146,-0.0,-0.0,-0.0,0.0
1736847055.8378735,0.0,2.78158,-0.0,-0.0,-0.0,0.0
1736847055.8378735,0.0,2.78172,-0.0,-0.0,-0.0,0.0
1736847055.839712,0.0,2.78188,-0.0,-0.0,-0.0,0.0
1736847055.8407292,0.0,2.78205,-0.0,-0.0,-0.0,0.0
1736847055.8417175,0.0,2.78218,-0.0,-0.0,-0.0,0.0
1736847055.8417175,0.0,2.78231,-0.0,-0.0,-0.0,0.0
1736847055.843227,0.0,2.78242,-0.0,-0.0,-0.0,0.0
1736847055.843227,0.0,2.78255,-0.0,-0.0,-0.0,0.0
1736847055.8447447,0.0,2.78266,-0.0,-0.0,-0.0,0.0
1736847055.8447447,0.0,2.7828,-0.0,-0.0,-0.0,0.0
1736847055.8464024,0.0,2.78293,-0.0,-0.0,-0.0,0.0
1736847055.8464024,0.0,2.78308,-0.0,-0.0,-0.0,0.0
1736847055.8474472,0.0,2.78321,-0.0,-0.0,-0.0,0.0
1736847055.848448,0.0,2.78334,-0.0,-0.0,-0.0,0.0
1736847055.849446,0.0,2.78346,-0.0,-0.0,-0.0,0.0
1736847055.8505795,0.0,2.78358,-0.0,-0.0,-0.0,0.0
1736847055.8505795,0.0,2.7837,-0.0,-0.0,-0.0,0.0
1736847055.851581,0.0,2.78383,-0.0,-0.0,-0.0,0.0
1736847055.852583,0.0,2.78397,-0.0,-0.0,-0.0,0.0
1736847055.853269,0.0,2.78411,-0.0,-0.0,-0.0,0.0
1736847055.8543155,0.0,2.78424,-0.0,-0.0,-0.0,0.0
1736847055.8552766,0.0,2.78436,-0.0,-0.0,-0.0,0.0
1736847055.8562815,0.0,2.78448,-0.0,-0.0,-0.0,0.0
1736847055.8562815,0.0,2.78461,-0.0,-0.0,-0.0,0.0
1736847055.8562815,0.0,2.78474,-0.0,-0.0,-0.0,0.0
1736847055.8587096,0.0,2.78486,-0.0,-0.0,-0.0,0.0
1736847055.8587096,0.0,2.78499,-0.0,-0.0,-0.0,0.0
1736847055.8603632,0.0,2.78512,-0.0,-0.0,-0.0,0.0
1736847055.8612201,0.0,2.78526,-0.0,-0.0,-0.0,0.0
1736847055.8612201,0.0,2.78539,-0.0,-0.0,-0.0,0.0
1736847055.862235,0.0,2.7855,-0.0,-0.0,-0.0,0.0
1736847055.863232,0.0,2.78563,-0.0,-0.0,-0.0,0.0
1736847055.8642485,0.0,2.78575,-0.0,-0.0,-0.0,0.0
1736847055.8642485,0.0,2.78586,-0.0,-0.0,-0.0,0.0
1736847055.8655744,0.0,2.78598,-0.0,-0.0,-0.0,0.0
1736847055.8665826,0.0,2.78611,-0.0,-0.0,-0.0,0.0
1736847055.867247,0.0,2.78627,-0.0,-0.0,-0.0,0.0
1736847055.8682895,0.0,2.7864,-0.0,-0.0,-0.0,0.0
1736847055.869288,0.0,2.78653,-0.0,-0.0,-0.0,0.0
1736847055.869288,0.0,2.78664,-0.0,-0.0,-0.0,0.0
1736847055.8702881,0.0,2.78676,-0.0,-0.0,-0.0,0.0
1736847055.8715713,0.0,2.78689,-0.0,-0.0,-0.0,0.0
1736847055.8715713,0.0,2.78702,-0.0,-0.0,-0.0,0.0
1736847055.8725722,0.0,2.78715,-0.0,-0.0,-0.0,0.0
1736847055.874162,0.0,2.7873,-0.0,-0.0,-0.0,0.0
1736847055.8751667,0.0,2.78744,-0.0,-0.0,-0.0,0.0
1736847055.8751667,0.0,2.78758,-0.0,-0.0,-0.0,0.0
1736847055.8763015,0.0,2.78773,-0.0,-0.0,-0.0,0.0
1736847055.8763015,0.0,2.78786,-0.0,-0.0,-0.0,0.0
1736847055.8763015,0.0,2.78798,-0.0,-0.0,-0.0,0.0
1736847055.8763015,0.0,2.7881,-0.0,-0.0,-0.0,0.0
1736847055.8794997,0.0,2.78822,-0.0,-0.0,-0.0,0.0
1736847055.8807626,0.0,2.78836,-0.0,-0.0,-0.0,0.0
1736847055.8807626,0.0,2.7885,-0.0,-0.0,-0.0,0.0
1736847055.8825824,0.0,2.78864,-0.0,-0.0,-0.0,0.0
1736847055.88288,0.0,2.78877,-0.0,-0.0,-0.0,0.0
1736847055.8838816,0.0,2.7889,-0.0,-0.0,-0.0,0.0
1736847055.8851674,0.0,2.78902,-0.0,-0.0,-0.0,0.0
1736847055.8856845,0.0,2.78913,-0.0,-0.0,-0.0,0.0
1736847055.8866935,0.0,2.78926,-0.0,-0.0,-0.0,0.0
1736847055.8866935,0.0,2.78938,-0.0,-0.0,-0.0,0.0
1736847055.8882194,0.0,2.78956,-0.0,-0.0,-0.0,0.0
1736847055.889225,0.0,2.78974,-0.0,-0.0,-0.0,0.0
1736847055.8902235,0.0,2.78989,-0.0,-0.0,-0.0,0.0
1736847055.8912232,0.0,2.79002,-0.0,-0.0,-0.0,0.0
1736847055.892223,0.0,2.79013,-0.0,-0.0,-0.0,0.0
1736847055.892223,0.0,2.79025,-0.0,-0.0,-0.0,0.0
1736847055.8933606,0.0,2.79038,-0.0,-0.0,-0.0,0.0
1736847055.8943639,0.0,2.79051,-0.0,-0.0,-0.0,0.0
1736847055.894962,0.0,2.79067,-0.0,-0.0,-0.0,0.0
1736847055.8960164,0.0,2.79082,-0.0,-0.0,-0.0,0.0
1736847055.8970144,0.0,2.79093,-0.0,-0.0,-0.0,0.0
1736847055.898025,0.0,2.79106,-0.0,-0.0,-0.0,0.0
1736847055.898025,0.0,2.79118,-0.0,-0.0,-0.0,0.0
1736847055.899015,0.0,2.7913,-0.0,-0.0,-0.0,0.0
1736847055.9003375,0.0,2.79142,-0.0,-0.0,-0.0,0.0
1736847055.9013443,0.0,2.79155,-0.0,-0.0,-0.0,0.0
1736847055.9019868,0.0,2.7917,-0.0,-0.0,-0.0,0.0
1736847055.9031734,0.0,2.79184,-0.0,-0.0,-0.0,0.0
1736847055.9039807,0.0,2.79199,-0.0,-0.0,-0.0,0.0
1736847055.90499,0.0,2.79212,-0.0,-0.0,-0.0,0.0
1736847055.9052114,0.0,2.79224,-0.0,-0.0,-0.0,0.0
1736847055.9052114,0.0,2.79237,-0.0,-0.0,-0.0,0.0
1736847055.9073217,0.0,2.79249,-0.0,-0.0,-0.0,0.0
1736847055.9073217,0.0,2.79262,-0.0,-0.0,-0.0,0.0
1736847055.9086342,0.0,2.79276,-0.0,-0.0,-0.0,0.0
1736847055.9086342,0.0,2.7929,-0.0,-0.0,-0.0,0.0
1736847055.9086342,0.0,2.79304,-0.0,-0.0,-0.0,0.0
1736847055.9113116,0.0,2.79316,-0.0,-0.0,-0.0,0.0
1736847055.9123173,0.0,2.79328,-0.0,-0.0,-0.0,0.0
1736847055.9123173,0.0,2.7934,-0.0,-0.0,-0.0,0.0
1736847055.9133162,0.0,2.79352,-0.0,-0.0,-0.0,0.0
1736847055.914317,0.0,2.79364,-0.0,-0.0,-0.0,0.0
1736847055.9154003,0.0,2.79377,-0.0,-0.0,-0.0,0.0
1736847055.9157658,0.0,2.79392,-0.0,-0.0,-0.0,0.0
1736847055.916805,0.0,2.79405,-0.0,-0.0,-0.0,0.0
1736847055.9176826,0.0,2.79418,-0.0,-0.0,-0.0,0.0
1736847055.9186997,0.0,2.7943,-0.0,-0.0,-0.0,0.0
1736847055.9186997,0.0,2.79442,-0.0,-0.0,-0.0,0.0
1736847055.9203496,0.0,2.79455,-0.0,-0.0,-0.0,0.0
1736847055.9203496,0.0,2.79467,-0.0,-0.0,-0.0,0.0
1736847055.921362,0.0,2.7948,-0.0,-0.0,-0.0,0.0
1736847055.9228644,0.0,2.79494,-0.0,-0.0,-0.0,0.0
1736847055.9234664,0.0,2.79509,-0.0,-0.0,-0.0,0.0
1736847055.924469,0.0,2.79524,-0.0,-0.0,-0.0,0.0
1736847055.9254835,0.0,2.79536,-0.0,-0.0,-0.0,0.0
1736847055.9254835,0.0,2.79547,-0.0,-0.0,-0.0,0.0
1736847055.9264677,0.0,2.7956,-0.0,-0.0,-0.0,0.0
1736847055.927467,0.0,2.79572,-0.0,-0.0,-0.0,0.0
1736847055.9284675,0.0,2.79583,-0.0,-0.0,-0.0,0.0
1736847055.9291549,0.0,2.79596,-0.0,-0.0,-0.0,0.0
1736847055.9301922,0.0,2.79608,-0.0,-0.0,-0.0,0.0
1736847055.9307902,0.0,2.79622,-0.0,-0.0,-0.0,0.0
1736847055.9318423,0.0,2.79636,-0.0,-0.0,-0.0,0.0
1736847055.9318423,0.0,2.7965,-0.0,-0.0,-0.0,0.0
1736847055.9328272,0.0,2.79662,-0.0,-0.0,-0.0,0.0
1736847055.9340658,0.0,2.79674,-0.0,-0.0,-0.0,0.0
1736847055.935071,0.0,2.79686,-0.0,-0.0,-0.0,0.0
1736847055.935071,0.0,2.79699,-0.0,-0.0,-0.0,0.0
1736847055.936385,0.0,2.79713,-0.0,-0.0,-0.0,0.0
1736847055.936385,0.0,2.79726,-0.0,-0.0,-0.0,0.0
1736847055.936385,0.0,2.7974,-0.0,-0.0,-0.0,0.0
1736847055.939169,0.0,2.79752,-0.0,-0.0,-0.0,0.0
1736847055.9400156,0.0,2.79764,-0.0,-0.0,-0.0,0.0
1736847055.9400156,0.0,2.79776,-0.0,-0.0,-0.0,0.0
1736847055.941028,0.0,2.79789,-0.0,-0.0,-0.0,0.0
1736847055.9420292,0.0,2.79801,-0.0,-0.0,-0.0,0.0
1736847055.9431312,0.0,2.79814,-0.0,-0.0,-0.0,0.0
1736847055.9434524,0.0,2.79829,-0.0,-0.0,-0.0,0.0
1736847055.9449537,0.0,2.79842,-0.0,-0.0,-0.0,0.0
1736847055.9449537,0.0,2.79854,-0.0,-0.0,-0.0,0.0
1736847055.9459534,0.0,2.79867,-0.0,-0.0,-0.0,0.0
1736847055.9469535,0.0,2.79879,-0.0,-0.0,-0.0,0.0
1736847055.9479644,0.0,2.79891,-0.0,-0.0,-0.0,0.0
1736847055.948954,0.0,2.79903,-0.0,-0.0,-0.0,0.0
1736847055.9499538,0.0,2.7992,-0.0,-0.0,-0.0,0.0
1736847055.9511108,0.0,2.79936,-0.0,-0.0,-0.0,0.0
1736847055.9521146,0.0,2.79952,-0.0,-0.0,-0.0,0.0
1736847055.9521146,0.0,2.79965,-0.0,-0.0,-0.0,0.0
1736847055.9531126,0.0,2.79977,-0.0,-0.0,-0.0,0.0
1736847055.9541116,0.0,2.79989,-0.0,-0.0,-0.0,0.0
1736847055.955115,0.0,2.80001,-0.0,-0.0,-0.0,0.0
1736847055.955115,0.0,2.80013,-0.0,-0.0,-0.0,0.0
1736847055.9561117,0.0,2.80027,-0.0,-0.0,-0.0,0.0
1736847055.9576466,0.0,2.80042,-0.0,-0.0,-0.0,0.0
1736847055.9586322,0.0,2.80056,-0.0,-0.0,-0.0,0.0
1736847055.9586322,0.0,2.8007,-0.0,-0.0,-0.0,0.0
1736847055.959645,0.0,2.80082,-0.0,-0.0,-0.0,0.0
1736847055.9606435,0.0,2.80094,-0.0,-0.0,-0.0,0.0
1736847055.961653,0.0,2.80106,-0.0,-0.0,-0.0,0.0
1736847055.962566,0.0,2.80117,-0.0,-0.0,-0.0,0.0
1736847055.962713,0.0,2.80131,-0.0,-0.0,-0.0,0.0
1736847055.9640815,0.0,2.80145,-0.0,-0.0,-0.0,0.0
1736847055.9644065,0.0,2.80159,-0.0,-0.0,-0.0,0.0
1736847055.9654474,0.0,2.80173,-0.0,-0.0,-0.0,0.0
1736847055.966446,0.0,2.80184,-0.0,-0.0,-0.0,0.0
1736847055.9673042,0.0,2.80196,-0.0,-0.0,-0.0,0.0
1736847055.9683082,0.0,2.80208,-0.0,-0.0,-0.0,0.0
1736847055.9683082,0.0,2.8022,-0.0,-0.0,-0.0,0.0
1736847055.9697971,0.0,2.80232,-0.0,-0.0,-0.0,0.0
1736847055.9697971,0.0,2.80245,-0.0,-0.0,-0.0,0.0
1736847055.9710884,0.0,2.80258,-0.0,-0.0,-0.0,0.0
1736847055.9710884,0.0,2.80272,-0.0,-0.0,-0.0,0.0
1736847055.9710884,0.0,2.80285,-0.0,-0.0,-0.0,0.0
1736847055.9738033,0.0,2.80297,-0.0,-0.0,-0.0,0.0
1736847055.9748092,0.0,2.80309,-0.0,-0.0,-0.0,0.0
1736847055.9755764,0.0,2.80321,-0.0,-0.0,-0.0,0.0
1736847055.9755764,0.0,2.80334,-0.0,-0.0,-0.0,0.0
1736847055.9765828,0.0,2.80346,-0.0,-0.0,-0.0,0.0
1736847055.9779093,0.0,2.8036,-0.0,-0.0,-0.0,0.0
1736847055.978364,0.0,2.80375,-0.0,-0.0,-0.0,0.0
1736847055.9798732,0.0,2.8039,-0.0,-0.0,-0.0,0.0
1736847055.9799855,0.0,2.80403,-0.0,-0.0,-0.0,0.0
1736847055.980989,0.0,2.80417,-0.0,-0.0,-0.0,0.0
1736847055.9819863,0.0,2.80429,-0.0,-0.0,-0.0,0.0
1736847055.9829962,0.0,2.8044,-0.0,-0.0,-0.0,0.0
1736847055.9829962,0.0,2.80452,-0.0,-0.0,-0.0,0.0
1736847055.9839878,0.0,2.80465,-0.0,-0.0,-0.0,0.0
1736847055.984933,0.0,2.8048,-0.0,-0.0,-0.0,0.0
1736847055.984933,0.0,2.80494,-0.0,-0.0,-0.0,0.0
1736847055.984933,0.0,2.80507,-0.0,-0.0,-0.0,0.0
1736847055.984933,0.0,2.80519,-0.0,-0.0,-0.0,0.0
1736847055.984933,0.0,2.80531,-0.0,-0.0,-0.0,0.0
1736847055.984933,0.0,2.80543,-0.0,-0.0,-0.0,0.0
1736847055.9901106,0.0,2.80555,-0.0,-0.0,-0.0,0.0
1736847055.9911187,0.0,2.80566,-0.0,-0.0,-0.0,0.0
1736847055.991918,0.0,2.8058,-0.0,-0.0,-0.0,0.0
1736847055.9924042,0.0,2.80598,-0.0,-0.0,-0.0,0.0
1736847055.9934063,0.0,2.80612,-0.0,-0.0,-0.0,0.0
1736847055.9946795,0.0,2.80624,-0.0,-0.0,-0.0,0.0
1736847055.995589,0.0,2.80636,-0.0,-0.0,-0.0,0.0
1736847055.9963634,0.0,2.80649,-0.0,-0.0,-0.0,0.0
1736847055.9963634,0.0,2.80662,-0.0,-0.0,-0.0,0.0
1736847055.9973752,0.0,2.80674,-0.0,-0.0,-0.0,0.0
1736847055.998376,0.0,2.80687,-0.0,-0.0,-0.0,0.0
1736847055.9991622,0.0,2.80701,-0.0,-0.0,-0.0,0.0
1736847056.0002027,0.0,2.80714,-0.0,-0.0,-0.0,0.0
1736847056.001451,0.0,2.80727,-0.0,-0.0,-0.0,0.0
1736847056.001451,0.0,2.80741,-0.0,-0.0,-0.0,0.0
1736847056.0024536,0.0,2.80753,-0.0,-0.0,-0.0,0.0
1736847056.0034518,0.0,2.80765,-0.0,-0.0,-0.0,0.0
1736847056.004453,0.0,2.80777,-0.0,-0.0,-0.0,0.0
1736847056.004453,0.0,2.80789,-0.0,-0.0,-0.0,0.0
1736847056.0060608,0.0,2.80803,-0.0,-0.0,-0.0,0.0
1736847056.007147,0.0,2.80817,-0.0,-0.0,-0.0,0.0
1736847056.007147,0.0,2.80831,-0.0,-0.0,-0.0,0.0
1736847056.0081482,0.0,2.80844,-0.0,-0.0,-0.0,0.0
1736847056.009148,0.0,2.80856,-0.0,-0.0,-0.0,0.0
1736847056.0101593,0.0,2.80868,-0.0,-0.0,-0.0,0.0
1736847056.0101593,0.0,2.80879,-0.0,-0.0,-0.0,0.0
1736847056.0111477,0.0,2.80891,-0.0,-0.0,-0.0,0.0
1736847056.0121481,0.0,2.80905,-0.0,-0.0,-0.0,0.0
1736847056.013824,0.0,2.80922,-0.0,-0.0,-0.0,0.0
1736847056.0143557,0.0,2.80936,-0.0,-0.0,-0.0,0.0
1736847056.0153623,0.0,2.80948,-0.0,-0.0,-0.0,0.0
1736847056.0153623,0.0,2.80959,-0.0,-0.0,-0.0,0.0
1736847056.0163615,0.0,2.80972,-0.0,-0.0,-0.0,0.0
1736847056.0173612,0.0,2.80983,-0.0,-0.0,-0.0,0.0
1736847056.0183806,0.0,2.80995,-0.0,-0.0,-0.0,0.0
1736847056.0193884,0.0,2.81009,-0.0,-0.0,-0.0,0.0
1736847056.0202389,0.0,2.81025,-0.0,-0.0,-0.0,0.0
1736847056.0212457,0.0,2.81039,-0.0,-0.0,-0.0,0.0
1736847056.0212457,0.0,2.81052,-0.0,-0.0,-0.0,0.0
1736847056.022243,0.0,2.81064,-0.0,-0.0,-0.0,0.0
1736847056.0231383,0.0,2.81077,-0.0,-0.0,-0.0,0.0
1736847056.0231383,0.0,2.81089,-0.0,-0.0,-0.0,0.0
1736847056.0253444,0.0,2.81102,-0.0,-0.0,-0.0,0.0
1736847056.0253444,0.0,2.81116,-0.0,-0.0,-0.0,0.0
1736847056.0267286,0.0,2.81131,-0.0,-0.0,-0.0,0.0
1736847056.0267286,0.0,2.81144,-0.0,-0.0,-0.0,0.0
1736847056.0267286,0.0,2.81158,-0.0,-0.0,-0.0,0.0
1736847056.029326,0.0,2.8117,-0.0,-0.0,-0.0,0.0
1736847056.0303323,0.0,2.81182,-0.0,-0.0,-0.0,0.0
1736847056.0303323,0.0,2.81194,-0.0,-0.0,-0.0,0.0
1736847056.0318732,0.0,2.81206,-0.0,-0.0,-0.0,0.0
1736847056.0318732,0.0,2.81218,-0.0,-0.0,-0.0,0.0
1736847056.0335135,0.0,2.81231,-0.0,-0.0,-0.0,0.0
1736847056.033974,0.0,2.81246,-0.0,-0.0,-0.0,0.0
1736847056.0350807,0.0,2.8126,-0.0,-0.0,-0.0,0.0
1736847056.0358167,0.0,2.81273,-0.0,-0.0,-0.0,0.0
1736847056.0368428,0.0,2.81286,-0.0,-0.0,-0.0,0.0
1736847056.0368428,0.0,2.81298,-0.0,-0.0,-0.0,0.0
1736847056.0378222,0.0,2.8131,-0.0,-0.0,-0.0,0.0
1736847056.0388215,0.0,2.81322,-0.0,-0.0,-0.0,0.0
1736847056.0398226,0.0,2.81334,-0.0,-0.0,-0.0,0.0
1736847056.0408256,0.0,2.81347,-0.0,-0.0,-0.0,0.0
1736847056.0418634,0.0,2.81362,-0.0,-0.0,-0.0,0.0
1736847056.0428643,0.0,2.81378,-0.0,-0.0,-0.0,0.0
1736847056.0428643,0.0,2.81392,-0.0,-0.0,-0.0,0.0
1736847056.0438645,0.0,2.81404,-0.0,-0.0,-0.0,0.0
1736847056.0448637,0.0,2.81416,-0.0,-0.0,-0.0,0.0
1736847056.0458765,0.0,2.81428,-0.0,-0.0,-0.0,0.0
1736847056.0458765,0.0,2.8144,-0.0,-0.0,-0.0,0.0
1736847056.0468657,0.0,2.81453,-0.0,-0.0,-0.0,0.0
1736847056.0484445,0.0,2.81469,-0.0,-0.0,-0.0,0.0
1736847056.0491858,0.0,2.81482,-0.0,-0.0,-0.0,0.0
1736847056.050199,0.0,2.81494,-0.0,-0.0,-0.0,0.0
1736847056.050199,0.0,2.81505,-0.0,-0.0,-0.0,0.0
1736847056.0511954,0.0,2.81517,-0.0,-0.0,-0.0,0.0
1736847056.052205,0.0,2.81529,-0.0,-0.0,-0.0,0.0
1736847056.0531971,0.0,2.81541,-0.0,-0.0,-0.0,0.0
1736847056.0531971,0.0,2.81553,-0.0,-0.0,-0.0,0.0
1736847056.0549965,0.0,2.81569,-0.0,-0.0,-0.0,0.0
1736847056.05602,0.0,2.81586,-0.0,-0.0,-0.0,0.0
1736847056.05602,0.0,2.816,-0.0,-0.0,-0.0,0.0
1736847056.0570016,0.0,2.81612,-0.0,-0.0,-0.0,0.0
1736847056.0580003,0.0,2.81624,-0.0,-0.0,-0.0,0.0
1736847056.05901,0.0,2.81635,-0.0,-0.0,-0.0,0.0
1736847056.0606549,0.0,2.81647,-0.0,-0.0,-0.0,0.0
1736847056.061664,0.0,2.81672,-0.0,-0.0,-0.0,0.0
1736847056.0623674,0.0,2.81688,-0.0,-0.0,-0.0,0.0
1736847056.063407,0.0,2.81702,-0.0,-0.0,-0.0,0.0
1736847056.063407,0.0,2.81715,-0.0,-0.0,-0.0,0.0
1736847056.064406,0.0,2.81727,-0.0,-0.0,-0.0,0.0
1736847056.065852,0.0,2.81739,-0.0,-0.0,-0.0,0.0
1736847056.0665777,0.0,2.81752,-0.0,-0.0,-0.0,0.0
1736847056.0665777,0.0,2.81764,-0.0,-0.0,-0.0,0.0
1736847056.0681543,0.0,2.81777,-0.0,-0.0,-0.0,0.0
1736847056.0685313,0.0,2.81792,-0.0,-0.0,-0.0,0.0
1736847056.0695744,0.0,2.81806,-0.0,-0.0,-0.0,0.0
1736847056.0706108,0.0,2.81818,-0.0,-0.0,-0.0,0.0
1736847056.0716288,0.0,2.81831,-0.0,-0.0,-0.0,0.0
1736847056.0716288,0.0,2.81843,-0.0,-0.0,-0.0,0.0
1736847056.0716288,0.0,2.81856,-0.0,-0.0,-0.0,0.0
1736847056.0739746,0.0,2.81868,-0.0,-0.0,-0.0,0.0
1736847056.0739746,0.0,2.8188,-0.0,-0.0,-0.0,0.0
1736847056.0751836,0.0,2.81894,-0.0,-0.0,-0.0,0.0
1736847056.0762455,0.0,2.81909,-0.0,-0.0,-0.0,0.0
1736847056.077251,0.0,2.81923,-0.0,-0.0,-0.0,0.0
1736847056.0782495,0.0,2.81934,-0.0,-0.0,-0.0,0.0
1736847056.0782495,0.0,2.81947,-0.0,-0.0,-0.0,0.0
1736847056.0792499,0.0,2.81958,-0.0,-0.0,-0.0,0.0
1736847056.0802648,0.0,2.8197,-0.0,-0.0,-0.0,0.0
1736847056.0802648,0.0,2.81981,-0.0,-0.0,-0.0,0.0
1736847056.08125,0.0,2.81993,-0.0,-0.0,-0.0,0.0
1736847056.0829902,0.0,2.8201,-0.0,-0.0,-0.0,0.0
1736847056.0838966,0.0,2.82024,-0.0,-0.0,-0.0,0.0
1736847056.0838966,0.0,2.82037,-0.0,-0.0,-0.0,0.0
1736847056.0849104,0.0,2.82049,-0.0,-0.0,-0.0,0.0
1736847056.085909,0.0,2.82065,-0.0,-0.0,-0.0,0.0
1736847056.0869086,0.0,2.82081,-0.0,-0.0,-0.0,0.0
1736847056.0879095,0.0,2.82094,-0.0,-0.0,-0.0,0.0
1736847056.0889168,0.0,2.82108,-0.0,-0.0,-0.0,0.0
1736847056.0896456,0.0,2.82124,-0.0,-0.0,-0.0,0.0
1736847056.090652,0.0,2.82138,-0.0,-0.0,-0.0,0.0
1736847056.0916502,0.0,2.8215,-0.0,-0.0,-0.0,0.0
1736847056.0926497,0.0,2.82161,-0.0,-0.0,-0.0,0.0
1736847056.0932539,0.0,2.82173,-0.0,-0.0,-0.0,0.0
1736847056.0942585,0.0,2.82185,-0.0,-0.0,-0.0,0.0
1736847056.0947468,0.0,2.82198,-0.0,-0.0,-0.0,0.0
1736847056.0957518,0.0,2.82211,-0.0,-0.0,-0.0,0.0
1736847056.09603,0.0,2.82228,-0.0,-0.0,-0.0,0.0
1736847056.09603,0.0,2.82242,-0.0,-0.0,-0.0,0.0
1736847056.0984118,0.0,2.82255,-0.0,-0.0,-0.0,0.0
1736847056.099421,0.0,2.82267,-0.0,-0.0,-0.0,0.0
1736847056.099421,0.0,2.82279,-0.0,-0.0,-0.0,0.0
1736847056.1010573,0.0,2.82292,-0.0,-0.0,-0.0,0.0
1736847056.1010573,0.0,2.82305,-0.0,-0.0,-0.0,0.0
1736847056.102065,0.0,2.82318,-0.0,-0.0,-0.0,0.0
1736847056.1033523,0.0,2.82333,-0.0,-0.0,-0.0,0.0
1736847056.104094,0.0,2.82347,-0.0,-0.0,-0.0,0.0
1736847056.1050992,0.0,2.8236,-0.0,-0.0,-0.0,0.0
1736847056.1060984,0.0,2.82372,-0.0,-0.0,-0.0,0.0
1736847056.1060984,0.0,2.82384,-0.0,-0.0,-0.0,0.0
1736847056.107098,0.0,2.82396,-0.0,-0.0,-0.0,0.0
1736847056.108098,0.0,2.82408,-0.0,-0.0,-0.0,0.0
1736847056.1090991,0.0,2.82419,-0.0,-0.0,-0.0,0.0
1736847056.1099389,0.0,2.82433,-0.0,-0.0,-0.0,0.0
1736847056.1106033,0.0,2.82448,-0.0,-0.0,-0.0,0.0
1736847056.1116107,0.0,2.82462,-0.0,-0.0,-0.0,0.0
1736847056.1126075,0.0,2.82474,-0.0,-0.0,-0.0,0.0
1736847056.1126075,0.0,2.82486,-0.0,-0.0,-0.0,0.0
1736847056.1136076,0.0,2.82498,-0.0,-0.0,-0.0,0.0
1736847056.1146228,0.0,2.82509,-0.0,-0.0,-0.0,0.0
1736847056.1156092,0.0,2.82521,-0.0,-0.0,-0.0,0.0
1736847056.1156092,0.0,2.82535,-0.0,-0.0,-0.0,0.0
1736847056.1173668,0.0,2.8255,-0.0,-0.0,-0.0,0.0
1736847056.1182153,0.0,2.82564,-0.0,-0.0,-0.0,0.0
1736847056.1187634,0.0,2.82578,-0.0,-0.0,-0.0,0.0
1736847056.1197827,0.0,2.8259,-0.0,-0.0,-0.0,0.0
1736847056.1197827,0.0,2.82601,-0.0,-0.0,-0.0,0.0
1736847056.1207688,0.0,2.82613,-0.0,-0.0,-0.0,0.0
1736847056.121768,0.0,2.82625,-0.0,-0.0,-0.0,0.0
1736847056.1225212,0.0,2.82636,-0.0,-0.0,-0.0,0.0
1736847056.1235304,0.0,2.8265,-0.0,-0.0,-0.0,0.0
1736847056.1244767,0.0,2.82665,-0.0,-0.0,-0.0,0.0
1736847056.1255376,0.0,2.82679,-0.0,-0.0,-0.0,0.0
1736847056.1255376,0.0,2.82691,-0.0,-0.0,-0.0,0.0
1736847056.126512,0.0,2.82703,-0.0,-0.0,-0.0,0.0
1736847056.12751,0.0,2.82715,-0.0,-0.0,-0.0,0.0
1736847056.1284447,0.0,2.82727,-0.0,-0.0,-0.0,0.0
1736847056.12945,0.0,2.82738,-0.0,-0.0,-0.0,0.0
1736847056.12945,0.0,2.82752,-0.0,-0.0,-0.0,0.0
1736847056.1307478,0.0,2.82767,-0.0,-0.0,-0.0,0.0
1736847056.1307478,0.0,2.8278,-0.0,-0.0,-0.0,0.0
1736847056.1307478,0.0,2.82794,-0.0,-0.0,-0.0,0.0
1736847056.133509,0.0,2.82806,-0.0,-0.0,-0.0,0.0
1736847056.1345162,0.0,2.82818,-0.0,-0.0,-0.0,0.0
1736847056.1352882,0.0,2.8283,-0.0,-0.0,-0.0,0.0
1736847056.1352882,0.0,2.82842,-0.0,-0.0,-0.0,0.0
1736847056.1362948,0.0,2.82854,-0.0,-0.0,-0.0,0.0
1736847056.1376517,0.0,2.82867,-0.0,-0.0,-0.0,0.0
1736847056.1380284,0.0,2.82882,-0.0,-0.0,-0.0,0.0
1736847056.1395018,0.0,2.82896,-0.0,-0.0,-0.0,0.0
1736847056.1396072,0.0,2.8291,-0.0,-0.0,-0.0,0.0
1736847056.1406095,0.0,2.82923,-0.0,-0.0,-0.0,0.0
1736847056.1416085,0.0,2.82935,-0.0,-0.0,-0.0,0.0
1736847056.1426105,0.0,2.82947,-0.0,-0.0,-0.0,0.0
1736847056.1426105,0.0,2.82958,-0.0,-0.0,-0.0,0.0
1736847056.1436093,0.0,2.82971,-0.0,-0.0,-0.0,0.0
1736847056.1451185,0.0,2.82984,-0.0,-0.0,-0.0,0.0
1736847056.145258,0.0,2.82999,-0.0,-0.0,-0.0,0.0
1736847056.1462653,0.0,2.83014,-0.0,-0.0,-0.0,0.0
1736847056.1472628,0.0,2.83025,-0.0,-0.0,-0.0,0.0
1736847056.1482728,0.0,2.83037,-0.0,-0.0,-0.0,0.0
1736847056.1482728,0.0,2.83049,-0.0,-0.0,-0.0,0.0
1736847056.1492631,0.0,2.8306,-0.0,-0.0,-0.0,0.0
1736847056.1503136,0.0,2.83072,-0.0,-0.0,-0.0,0.0
1736847056.151335,0.0,2.83086,-0.0,-0.0,-0.0,0.0
1736847056.1522768,0.0,2.831,-0.0,-0.0,-0.0,0.0
1736847056.1533144,0.0,2.83114,-0.0,-0.0,-0.0,0.0
1736847056.1540287,0.0,2.83127,-0.0,-0.0,-0.0,0.0
1736847056.1540287,0.0,2.83139,-0.0,-0.0,-0.0,0.0
1736847056.155513,0.0,2.83151,-0.0,-0.0,-0.0,0.0
1736847056.155513,0.0,2.83163,-0.0,-0.0,-0.0,0.0
1736847056.1565135,0.0,2.83175,-0.0,-0.0,-0.0,0.0
1736847056.1572993,0.0,2.83187,-0.0,-0.0,-0.0,0.0
1736847056.1585236,0.0,2.83201,-0.0,-0.0,-0.0,0.0
1736847056.1585236,0.0,2.83214,-0.0,-0.0,-0.0,0.0
1736847056.1585236,0.0,2.83228,-0.0,-0.0,-0.0,0.0
1736847056.161085,0.0,2.83239,-0.0,-0.0,-0.0,0.0
1736847056.162091,0.0,2.83251,-0.0,-0.0,-0.0,0.0
1736847056.162091,0.0,2.83263,-0.0,-0.0,-0.0,0.0
1736847056.1630895,0.0,2.83275,-0.0,-0.0,-0.0,0.0
1736847056.1640887,0.0,2.83287,-0.0,-0.0,-0.0,0.0
1736847056.1650898,0.0,2.833,-0.0,-0.0,-0.0,0.0
1736847056.1658862,0.0,2.83314,-0.0,-0.0,-0.0,0.0
1736847056.1669512,0.0,2.83327,-0.0,-0.0,-0.0,0.0
1736847056.1670947,0.0,2.83342,-0.0,-0.0,-0.0,0.0
1736847056.168097,0.0,2.83355,-0.0,-0.0,-0.0,0.0
1736847056.1690958,0.0,2.83367,-0.0,-0.0,-0.0,0.0
1736847056.1701987,0.0,2.83379,-0.0,-0.0,-0.0,0.0
1736847056.1708162,0.0,2.83391,-0.0,-0.0,-0.0,0.0
1736847056.1708162,0.0,2.83402,-0.0,-0.0,-0.0,0.0
1736847056.1718278,0.0,2.83416,-0.0,-0.0,-0.0,0.0
1736847056.1728106,0.0,2.8343,-0.0,-0.0,-0.0,0.0
1736847056.173854,0.0,2.83445,-0.0,-0.0,-0.0,0.0
1736847056.1748524,0.0,2.83456,-0.0,-0.0,-0.0,0.0
1736847056.1758523,0.0,2.83469,-0.0,-0.0,-0.0,0.0
1736847056.1758523,0.0,2.83481,-0.0,-0.0,-0.0,0.0
1736847056.1768517,0.0,2.83493,-0.0,-0.0,-0.0,0.0
1736847056.1780925,0.0,2.83504,-0.0,-0.0,-0.0,0.0
1736847056.179096,0.0,2.83517,-0.0,-0.0,-0.0,0.0
1736847056.1798966,0.0,2.83533,-0.0,-0.0,-0.0,0.0
1736847056.1809025,0.0,2.83546,-0.0,-0.0,-0.0,0.0
1736847056.1809025,0.0,2.83559,-0.0,-0.0,-0.0,0.0
1736847056.1819005,0.0,2.8357,-0.0,-0.0,-0.0,0.0
1736847056.1829116,0.0,2.83582,-0.0,-0.0,-0.0,0.0
1736847056.1829116,0.0,2.83593,-0.0,-0.0,-0.0,0.0
1736847056.1845655,0.0,2.83605,-0.0,-0.0,-0.0,0.0
1736847056.1846752,0.0,2.83618,-0.0,-0.0,-0.0,0.0
1736847056.186287,0.0,2.83631,-0.0,-0.0,-0.0,0.0
1736847056.1866853,0.0,2.83645,-0.0,-0.0,-0.0,0.0
1736847056.1878896,0.0,2.83659,-0.0,-0.0,-0.0,0.0
1736847056.188702,0.0,2.83672,-0.0,-0.0,-0.0,0.0
1736847056.188702,0.0,2.83684,-0.0,-0.0,-0.0,0.0
1736847056.2848125,0.0,2.852,-0.0,-0.0,-0.0,0.0
1736847056.2848125,0.0,2.85226,-0.0,-0.0,-0.0,0.0
1736847056.2848125,0.0,2.85245,-0.0,-0.0,-0.0,0.0
1736847056.2848125,0.0,2.85264,-0.0,-0.0,-0.0,0.0
1736847056.2848125,0.0,2.85277,-0.0,-0.0,-0.0,0.0
1736847056.2848125,0.0,2.85289,-0.0,-0.0,-0.0,0.0
1736847056.2925408,0.0,2.85301,-0.0,-0.0,-0.0,0.0
1736847056.2932823,0.0,2.85313,-0.0,-0.0,-0.0,0.0
1736847056.2941425,0.0,2.85326,-0.0,-0.0,-0.0,0.0
1736847056.2948532,0.0,2.85339,-0.0,-0.0,-0.0,0.0
1736847056.2956607,0.0,2.85352,-0.0,-0.0,-0.0,0.0
1736847056.2956607,0.0,2.85364,-0.0,-0.0,-0.0,0.0
1736847056.2974565,0.0,2.85378,-0.0,-0.0,-0.0,0.0
1736847056.2983966,0.0,2.85392,-0.0,-0.0,-0.0,0.0
1736847056.2983966,0.0,2.85405,-0.0,-0.0,-0.0,0.0
1736847056.2993972,0.0,2.85418,-0.0,-0.0,-0.0,0.0
1736847056.3003974,0.0,2.8543,-0.0,-0.0,-0.0,0.0
1736847056.3014085,0.0,2.85441,-0.0,-0.0,-0.0,0.0
1736847056.3014085,0.0,2.85453,-0.0,-0.0,-0.0,0.0
1736847056.3023973,0.0,2.85465,-0.0,-0.0,-0.0,0.0
1736847056.3033981,0.0,2.85477,-0.0,-0.0,-0.0,0.0
1736847056.304664,0.0,2.85491,-0.0,-0.0,-0.0,0.0
1736847056.3048565,0.0,2.85506,-0.0,-0.0,-0.0,0.0
1736847056.30589,0.0,2.85519,-0.0,-0.0,-0.0,0.0
1736847056.3068905,0.0,2.8553,-0.0,-0.0,-0.0,0.0
1736847056.3078902,0.0,2.85543,-0.0,-0.0,-0.0,0.0
1736847056.3078902,0.0,2.85554,-0.0,-0.0,-0.0,0.0
1736847056.3092804,0.0,2.85566,-0.0,-0.0,-0.0,0.0
1736847056.3092804,0.0,2.85578,-0.0,-0.0,-0.0,0.0
1736847056.310282,0.0,2.85591,-0.0,-0.0,-0.0,0.0
1736847056.311754,0.0,2.85603,-0.0,-0.0,-0.0,0.0
1736847056.311754,0.0,2.85617,-0.0,-0.0,-0.0,0.0
1736847056.311754,0.0,2.85631,-0.0,-0.0,-0.0,0.0
1736847056.3141842,0.0,2.85643,-0.0,-0.0,-0.0,0.0
1736847056.3150778,0.0,2.85655,-0.0,-0.0,-0.0,0.0
1736847056.3150778,0.0,2.85667,-0.0,-0.0,-0.0,0.0
1736847056.316085,0.0,2.85679,-0.0,-0.0,-0.0,0.0
1736847056.3170834,0.0,2.8569,-0.0,-0.0,-0.0,0.0
1736847056.318134,0.0,2.85703,-0.0,-0.0,-0.0,0.0
1736847056.3184643,0.0,2.85717,-0.0,-0.0,-0.0,0.0
1736847056.3200228,0.0,2.85731,-0.0,-0.0,-0.0,0.0
1736847056.3200228,0.0,2.85744,-0.0,-0.0,-0.0,0.0
1736847056.3210244,0.0,2.85757,-0.0,-0.0,-0.0,0.0
1736847056.3220234,0.0,2.85768,-0.0,-0.0,-0.0,0.0
1736847056.3230228,0.0,2.8578,-0.0,-0.0,-0.0,0.0
1736847056.3230228,0.0,2.85792,-0.0,-0.0,-0.0,0.0
1736847056.3240232,0.0,2.85803,-0.0,-0.0,-0.0,0.0
1736847056.3256044,0.0,2.85818,-0.0,-0.0,-0.0,0.0
1736847056.3267112,0.0,2.85836,-0.0,-0.0,-0.0,0.0
1736847056.3267112,0.0,2.85851,-0.0,-0.0,-0.0,0.0
1736847056.327712,0.0,2.85863,-0.0,-0.0,-0.0,0.0
1736847056.3287117,0.0,2.85875,-0.0,-0.0,-0.0,0.0
1736847056.3297217,0.0,2.85887,-0.0,-0.0,-0.0,0.0
1736847056.3297217,0.0,2.85899,-0.0,-0.0,-0.0,0.0
1736847056.3308592,0.0,2.8591,-0.0,-0.0,-0.0,0.0
1736847056.3318648,0.0,2.85924,-0.0,-0.0,-0.0,0.0
1736847056.3330257,0.0,2.85939,-0.0,-0.0,-0.0,0.0
1736847056.3338647,0.0,2.85952,-0.0,-0.0,-0.0,0.0
1736847056.3347406,0.0,2.85964,-0.0,-0.0,-0.0,0.0
1736847056.3347406,0.0,2.85976,-0.0,-0.0,-0.0,0.0
1736847056.3357563,0.0,2.85988,-0.0,-0.0,-0.0,0.0
1736847056.3357563,0.0,2.85999,-0.0,-0.0,-0.0,0.0
1736847056.3378234,0.0,2.86011,-0.0,-0.0,-0.0,0.0
1736847056.3378234,0.0,2.86025,-0.0,-0.0,-0.0,0.0
1736847056.3391283,0.0,2.86039,-0.0,-0.0,-0.0,0.0
1736847056.3391283,0.0,2.86053,-0.0,-0.0,-0.0,0.0
1736847056.341054,0.0,2.86066,-0.0,-0.0,-0.0,0.0
1736847056.3420596,0.0,2.86079,-0.0,-0.0,-0.0,0.0
1736847056.3420596,0.0,2.8609,-0.0,-0.0,-0.0,0.0
1736847056.343059,0.0,2.86102,-0.0,-0.0,-0.0,0.0
1736847056.3440819,0.0,2.86114,-0.0,-0.0,-0.0,0.0
1736847056.3440819,0.0,2.86125,-0.0,-0.0,-0.0,0.0
1736847056.3450623,0.0,2.86137,-0.0,-0.0,-0.0,0.0
1736847056.3467524,0.0,2.86153,-0.0,-0.0,-0.0,0.0
1736847056.347754,0.0,2.86168,-0.0,-0.0,-0.0,0.0
1736847056.347754,0.0,2.86182,-0.0,-0.0,-0.0,0.0
1736847056.348753,0.0,2.86193,-0.0,-0.0,-0.0,0.0
1736847056.3497536,0.0,2.86206,-0.0,-0.0,-0.0,0.0
1736847056.3507645,0.0,2.86218,-0.0,-0.0,-0.0,0.0
1736847056.3513515,0.0,2.86229,-0.0,-0.0,-0.0,0.0
1736847056.3523586,0.0,2.86242,-0.0,-0.0,-0.0,0.0
1736847056.3531947,0.0,2.86256,-0.0,-0.0,-0.0,0.0
1736847056.3531947,0.0,2.8627,-0.0,-0.0,-0.0,0.0
1736847056.3531947,0.0,2.86284,-0.0,-0.0,-0.0,0.0
1736847056.3531947,0.0,2.86296,-0.0,-0.0,-0.0,0.0
1736847056.3531947,0.0,2.86308,-0.0,-0.0,-0.0,0.0
1736847056.357284,0.0,2.8632,-0.0,-0.0,-0.0,0.0
1736847056.3581421,0.0,2.86331,-0.0,-0.0,-0.0,0.0
1736847056.3581421,0.0,2.86343,-0.0,-0.0,-0.0,0.0
1736847056.35915,0.0,2.86356,-0.0,-0.0,-0.0,0.0
1736847056.3602483,0.0,2.86371,-0.0,-0.0,-0.0,0.0
1736847056.3612983,0.0,2.86384,-0.0,-0.0,-0.0,0.0
1736847056.362091,0.0,2.86397,-0.0,-0.0,-0.0,0.0
1736847056.3630962,0.0,2.86409,-0.0,-0.0,-0.0,0.0
1736847056.3630962,0.0,2.86422,-0.0,-0.0,-0.0,0.0
1736847056.3630962,0.0,2.86435,-0.0,-0.0,-0.0,0.0
1736847056.3655698,0.0,2.86447,-0.0,-0.0,-0.0,0.0
1736847056.3655698,0.0,2.8646,-0.0,-0.0,-0.0,0.0
1736847056.3667834,0.0,2.86475,-0.0,-0.0,-0.0,0.0
1736847056.3674097,0.0,2.86489,-0.0,-0.0,-0.0,0.0
1736847056.3684149,0.0,2.86503,-0.0,-0.0,-0.0,0.0
1736847056.3694146,0.0,2.86515,-0.0,-0.0,-0.0,0.0
1736847056.3704243,0.0,2.86528,-0.0,-0.0,-0.0,0.0
1736847056.3704243,0.0,2.86539,-0.0,-0.0,-0.0,0.0
1736847056.3714154,0.0,2.8655,-0.0,-0.0,-0.0,0.0
1736847056.3725526,0.0,2.86562,-0.0,-0.0,-0.0,0.0
1736847056.3735714,0.0,2.86576,-0.0,-0.0,-0.0,0.0
1736847056.3747199,0.0,2.86591,-0.0,-0.0,-0.0,0.0
1736847056.3754573,0.0,2.86605,-0.0,-0.0,-0.0,0.0
1736847056.3763833,0.0,2.86618,-0.0,-0.0,-0.0,0.0
1736847056.3763833,0.0,2.8663,-0.0,-0.0,-0.0,0.0
1736847056.3773966,0.0,2.86642,-0.0,-0.0,-0.0,0.0
1736847056.3773966,0.0,2.86655,-0.0,-0.0,-0.0,0.0
1736847056.379516,0.0,2.86667,-0.0,-0.0,-0.0,0.0
1736847056.379516,0.0,2.8668,-0.0,-0.0,-0.0,0.0
1736847056.3807435,0.0,2.86694,-0.0,-0.0,-0.0,0.0
1736847056.3807435,0.0,2.86708,-0.0,-0.0,-0.0,0.0
1736847056.3807435,0.0,2.86722,-0.0,-0.0,-0.0,0.0
1736847056.3836498,0.0,2.86734,-0.0,-0.0,-0.0,0.0
1736847056.384657,0.0,2.86747,-0.0,-0.0,-0.0,0.0
1736847056.384657,0.0,2.86759,-0.0,-0.0,-0.0,0.0
1736847056.3856559,0.0,2.86771,-0.0,-0.0,-0.0,0.0
1736847056.3866556,0.0,2.86783,-0.0,-0.0,-0.0,0.0
1736847056.3879235,0.0,2.86798,-0.0,-0.0,-0.0,0.0
1736847056.3884072,0.0,2.86815,-0.0,-0.0,-0.0,0.0
1736847056.390088,0.0,2.86831,-0.0,-0.0,-0.0,0.0
1736847056.3902283,0.0,2.86846,-0.0,-0.0,-0.0,0.0
1736847056.3912294,0.0,2.8686,-0.0,-0.0,-0.0,0.0
1736847056.392228,0.0,2.86872,-0.0,-0.0,-0.0,0.0
1736847056.3932455,0.0,2.86884,-0.0,-0.0,-0.0,0.0
1736847056.3942292,0.0,2.86897,-0.0,-0.0,-0.0,0.0
1736847056.3948643,0.0,2.86912,-0.0,-0.0,-0.0,0.0
1736847056.3948643,0.0,2.8693,-0.0,-0.0,-0.0,0.0
1736847056.3948643,0.0,2.86945,-0.0,-0.0,-0.0,0.0
1736847056.3948643,0.0,2.86957,-0.0,-0.0,-0.0,0.0
1736847056.3948643,0.0,2.86969,-0.0,-0.0,-0.0,0.0
1736847056.3948643,0.0,2.86982,-0.0,-0.0,-0.0,0.0
1736847056.4001331,0.0,2.86995,-0.0,-0.0,-0.0,0.0
1736847056.4011455,0.0,2.8701,-0.0,-0.0,-0.0,0.0
1736847056.4023538,0.0,2.87026,-0.0,-0.0,-0.0,0.0
1736847056.4033697,0.0,2.87044,-0.0,-0.0,-0.0,0.0
1736847056.4043708,0.0,2.8706,-0.0,-0.0,-0.0,0.0
1736847056.4048214,0.0,2.87072,-0.0,-0.0,-0.0,0.0
1736847056.4048214,0.0,2.87085,-0.0,-0.0,-0.0,0.0
1736847056.4048214,0.0,2.87098,-0.0,-0.0,-0.0,0.0
1736847056.4072745,0.0,2.87109,-0.0,-0.0,-0.0,0.0
1736847056.4086378,0.0,2.87124,-0.0,-0.0,-0.0,0.0
1736847056.4086378,0.0,2.87142,-0.0,-0.0,-0.0,0.0
1736847056.410538,0.0,2.87157,-0.0,-0.0,-0.0,0.0
1736847056.4115453,0.0,2.8717,-0.0,-0.0,-0.0,0.0
1736847056.4115453,0.0,2.87182,-0.0,-0.0,-0.0,0.0
1736847056.4125443,0.0,2.87193,-0.0,-0.0,-0.0,0.0
1736847056.4135573,0.0,2.87205,-0.0,-0.0,-0.0,0.0
1736847056.4145482,0.0,2.87217,-0.0,-0.0,-0.0,0.0
1736847056.4145482,0.0,2.8723,-0.0,-0.0,-0.0,0.0
1736847056.4165237,0.0,2.87249,-0.0,-0.0,-0.0,0.0
1736847056.4175441,0.0,2.87265,-0.0,-0.0,-0.0,0.0
1736847056.4185455,0.0,2.87281,-0.0,-0.0,-0.0,0.0
1736847056.4185455,0.0,2.87295,-0.0,-0.0,-0.0,0.0
1736847056.4195478,0.0,2.87307,-0.0,-0.0,-0.0,0.0
1736847056.4205308,0.0,2.87318,-0.0,-0.0,-0.0,0.0
1736847056.4215333,0.0,2.87331,-0.0,-0.0,-0.0,0.0
1736847056.4234095,0.0,2.87353,-0.0,-0.0,-0.0,0.0
1736847056.4244807,0.0,2.87373,-0.0,-0.0,-0.0,0.0
1736847056.4244807,0.0,2.87388,-0.0,-0.0,-0.0,0.0
1736847056.4254797,0.0,2.87401,-0.0,-0.0,-0.0,0.0
1736847056.426481,0.0,2.87413,-0.0,-0.0,-0.0,0.0
1736847056.427481,0.0,2.87425,-0.0,-0.0,-0.0,0.0
1736847056.4280734,0.0,2.87437,-0.0,-0.0,-0.0,0.0
1736847056.4291203,0.0,2.87452,-0.0,-0.0,-0.0,0.0
1736847056.4304552,0.0,2.87469,-0.0,-0.0,-0.0,0.0
1736847056.431474,0.0,2.87486,-0.0,-0.0,-0.0,0.0
1736847056.432469,0.0,2.875,-0.0,-0.0,-0.0,0.0
1736847056.433165,0.0,2.87513,-0.0,-0.0,-0.0,0.0
1736847056.4341705,0.0,2.87525,-0.0,-0.0,-0.0,0.0
1736847056.4341705,0.0,2.87537,-0.0,-0.0,-0.0,0.0
1736847056.4351714,0.0,2.8755,-0.0,-0.0,-0.0,0.0
1736847056.4365828,0.0,2.87563,-0.0,-0.0,-0.0,0.0
1736847056.4365828,0.0,2.87577,-0.0,-0.0,-0.0,0.0
1736847056.4365828,0.0,2.8759,-0.0,-0.0,-0.0,0.0
1736847056.4388804,0.0,2.87603,-0.0,-0.0,-0.0,0.0
1736847056.4388804,0.0,2.87614,-0.0,-0.0,-0.0,0.0
1736847056.4398856,0.0,2.87626,-0.0,-0.0,-0.0,0.0
1736847056.4408867,0.0,2.87638,-0.0,-0.0,-0.0,0.0
1736847056.4418988,0.0,2.87649,-0.0,-0.0,-0.0,0.0
1736847056.442886,0.0,2.87661,-0.0,-0.0,-0.0,0.0
1736847056.4433517,0.0,2.87675,-0.0,-0.0,-0.0,0.0
1736847056.444457,0.0,2.87692,-0.0,-0.0,-0.0,0.0
1736847056.4454784,0.0,2.87707,-0.0,-0.0,-0.0,0.0
1736847056.4464765,0.0,2.8772,-0.0,-0.0,-0.0,0.0
1736847056.4474757,0.0,2.87734,-0.0,-0.0,-0.0,0.0
1736847056.4474757,0.0,2.87747,-0.0,-0.0,-0.0,0.0
1736847056.4484618,0.0,2.87759,-0.0,-0.0,-0.0,0.0
1736847056.449464,0.0,2.87772,-0.0,-0.0,-0.0,0.0
1736847056.450977,0.0,2.87788,-0.0,-0.0,-0.0,0.0
1736847056.4519913,0.0,2.87806,-0.0,-0.0,-0.0,0.0
1736847056.4519913,0.0,2.8782,-0.0,-0.0,-0.0,0.0
1736847056.4529781,0.0,2.87832,-0.0,-0.0,-0.0,0.0
1736847056.4539783,0.0,2.87844,-0.0,-0.0,-0.0,0.0
1736847056.4549885,0.0,2.87855,-0.0,-0.0,-0.0,0.0
1736847056.4549885,0.0,2.87866,-0.0,-0.0,-0.0,0.0
1736847056.4559784,0.0,2.8788,-0.0,-0.0,-0.0,0.0
1736847056.4577932,0.0,2.87893,-0.0,-0.0,-0.0,0.0
1736847056.458875,0.0,2.87912,-0.0,-0.0,-0.0,0.0
1736847056.458875,0.0,2.87926,-0.0,-0.0,-0.0,0.0
1736847056.4598763,0.0,2.87938,-0.0,-0.0,-0.0,0.0
1736847056.460888,0.0,2.87949,-0.0,-0.0,-0.0,0.0
1736847056.4618907,0.0,2.87962,-0.0,-0.0,-0.0,0.0
1736847056.4627316,0.0,2.87973,-0.0,-0.0,-0.0,0.0
1736847056.4628415,0.0,2.87987,-0.0,-0.0,-0.0,0.0
1736847056.4645567,0.0,2.88001,-0.0,-0.0,-0.0,0.0
1736847056.4645567,0.0,2.88016,-0.0,-0.0,-0.0,0.0
1736847056.465606,0.0,2.88029,-0.0,-0.0,-0.0,0.0
1736847056.4666069,0.0,2.88041,-0.0,-0.0,-0.0,0.0
1736847056.467235,0.0,2.88053,-0.0,-0.0,-0.0,0.0
1736847056.467235,0.0,2.88065,-0.0,-0.0,-0.0,0.0
1736847056.467235,0.0,2.88078,-0.0,-0.0,-0.0,0.0
1736847056.4697526,0.0,2.88089,-0.0,-0.0,-0.0,0.0
1736847056.4707637,0.0,2.88103,-0.0,-0.0,-0.0,0.0
1736847056.4711764,0.0,2.88119,-0.0,-0.0,-0.0,0.0
1736847056.4711764,0.0,2.88132,-0.0,-0.0,-0.0,0.0
1736847056.4734468,0.0,2.88146,-0.0,-0.0,-0.0,0.0
1736847056.474453,0.0,2.88158,-0.0,-0.0,-0.0,0.0
1736847056.474453,0.0,2.8817,-0.0,-0.0,-0.0,0.0
1736847056.475453,0.0,2.88182,-0.0,-0.0,-0.0,0.0
1736847056.476465,0.0,2.88194,-0.0,-0.0,-0.0,0.0
1736847056.4774551,0.0,2.88207,-0.0,-0.0,-0.0,0.0
1736847056.4784338,0.0,2.88221,-0.0,-0.0,-0.0,0.0
1736847056.4784338,0.0,2.88235,-0.0,-0.0,-0.0,0.0
1736847056.4799562,0.0,2.88249,-0.0,-0.0,-0.0,0.0
1736847056.4809768,0.0,2.88262,-0.0,-0.0,-0.0,0.0
1736847056.4809768,0.0,2.88274,-0.0,-0.0,-0.0,0.0
1736847056.481961,0.0,2.88286,-0.0,-0.0,-0.0,0.0
1736847056.482962,0.0,2.88297,-0.0,-0.0,-0.0,0.0
1736847056.4839644,0.0,2.88309,-0.0,-0.0,-0.0,0.0
1736847056.4848835,0.0,2.88322,-0.0,-0.0,-0.0,0.0
1736847056.4859343,0.0,2.88339,-0.0,-0.0,-0.0,0.0
1736847056.4869413,0.0,2.88354,-0.0,-0.0,-0.0,0.0
1736847056.4869413,0.0,2.88366,-0.0,-0.0,-0.0,0.0
1736847056.4879403,0.0,2.88378,-0.0,-0.0,-0.0,0.0
1736847056.4889529,0.0,2.8839,-0.0,-0.0,-0.0,0.0
1736847056.4899395,0.0,2.88401,-0.0,-0.0,-0.0,0.0
1736847056.4905891,0.0,2.88413,-0.0,-0.0,-0.0,0.0
1736847056.4915967,0.0,2.88427,-0.0,-0.0,-0.0,0.0
1736847056.49229,0.0,2.88442,-0.0,-0.0,-0.0,0.0
1736847056.49229,0.0,2.88457,-0.0,-0.0,-0.0,0.0
1736847056.49229,0.0,2.88471,-0.0,-0.0,-0.0,0.0
1736847056.49229,0.0,2.88482,-0.0,-0.0,-0.0,0.0
1736847056.49229,0.0,2.88493,-0.0,-0.0,-0.0,0.0
1736847056.4963498,0.0,2.88506,-0.0,-0.0,-0.0,0.0
1736847056.4973557,0.0,2.88518,-0.0,-0.0,-0.0,0.0
1736847056.4973557,0.0,2.88531,-0.0,-0.0,-0.0,0.0
1736847056.499019,0.0,2.88544,-0.0,-0.0,-0.0,0.0
1736847056.4993012,0.0,2.88558,-0.0,-0.0,-0.0,0.0
1736847056.5003035,0.0,2.88572,-0.0,-0.0,-0.0,0.0
1736847056.5013156,0.0,2.88584,-0.0,-0.0,-0.0,0.0
1736847056.5020378,0.0,2.88597,-0.0,-0.0,-0.0,0.0
1736847056.5030572,0.0,2.88609,-0.0,-0.0,-0.0,0.0
1736847056.5030572,0.0,2.88621,-0.0,-0.0,-0.0,0.0
1736847056.5040424,0.0,2.88633,-0.0,-0.0,-0.0,0.0
1736847056.5050468,0.0,2.88644,-0.0,-0.0,-0.0,0.0
1736847056.506397,0.0,2.8866,-0.0,-0.0,-0.0,0.0
1736847056.5073984,0.0,2.88674,-0.0,-0.0,-0.0,0.0
1736847056.508036,0.0,2.88689,-0.0,-0.0,-0.0,0.0
1736847056.5090413,0.0,2.88701,-0.0,-0.0,-0.0,0.0
1736847056.5090413,0.0,2.88713,-0.0,-0.0,-0.0,0.0
1736847056.510041,0.0,2.88725,-0.0,-0.0,-0.0,0.0
1736847056.5110536,0.0,2.88736,-0.0,-0.0,-0.0,0.0
1736847056.512042,0.0,2.88748,-0.0,-0.0,-0.0,0.0
1736847056.5128434,0.0,2.88762,-0.0,-0.0,-0.0,0.0
1736847056.513723,0.0,2.88778,-0.0,-0.0,-0.0,0.0
1736847056.514744,0.0,2.88793,-0.0,-0.0,-0.0,0.0
1736847056.514744,0.0,2.88804,-0.0,-0.0,-0.0,0.0
1736847056.5157287,0.0,2.88815,-0.0,-0.0,-0.0,0.0
1736847056.5167332,0.0,2.88827,-0.0,-0.0,-0.0,0.0
1736847056.5177436,0.0,2.88839,-0.0,-0.0,-0.0,0.0
1736847056.5177436,0.0,2.88851,-0.0,-0.0,-0.0,0.0
1736847056.5187285,0.0,2.88864,-0.0,-0.0,-0.0,0.0
1736847056.5202935,0.0,2.88879,-0.0,-0.0,-0.0,0.0
1736847056.5213332,0.0,2.88894,-0.0,-0.0,-0.0,0.0
1736847056.5213332,0.0,2.88907,-0.0,-0.0,-0.0,0.0
1736847056.5223334,0.0,2.88919,-0.0,-0.0,-0.0,0.0
1736847056.5233462,0.0,2.88931,-0.0,-0.0,-0.0,0.0
1736847056.5242736,0.0,2.88942,-0.0,-0.0,-0.0,0.0
1736847056.5242736,0.0,2.88955,-0.0,-0.0,-0.0,0.0
1736847056.5252788,0.0,2.88968,-0.0,-0.0,-0.0,0.0
1736847056.5269234,0.0,2.88981,-0.0,-0.0,-0.0,0.0
1736847056.5269234,0.0,2.88997,-0.0,-0.0,-0.0,0.0
1736847056.5269234,0.0,2.89012,-0.0,-0.0,-0.0,0.0
1736847056.5293458,0.0,2.89024,-0.0,-0.0,-0.0,0.0
1736847056.5303526,0.0,2.89036,-0.0,-0.0,-0.0,0.0
1736847056.5303526,0.0,2.89048,-0.0,-0.0,-0.0,0.0
1736847056.5313523,0.0,2.8906,-0.0,-0.0,-0.0,0.0
1736847056.5323536,0.0,2.89071,-0.0,-0.0,-0.0,0.0
1736847056.5333533,0.0,2.89084,-0.0,-0.0,-0.0,0.0
1736847056.5714345,0.0,2.8969,-0.0,-0.0,-0.0,0.0
1736847056.5724337,0.0,2.89708,-0.0,-0.0,-0.0,0.0
1736847056.5734339,0.0,2.89723,-0.0,-0.0,-0.0,0.0
1736847056.5744343,0.0,2.89736,-0.0,-0.0,-0.0,0.0
1736847056.5755615,0.0,2.89754,-0.0,-0.0,-0.0,0.0
1736847056.5755615,0.0,2.89769,-0.0,-0.0,-0.0,0.0
1736847056.577716,0.0,2.89782,-0.0,-0.0,-0.0,0.0
1736847056.5782807,0.0,2.89794,-0.0,-0.0,-0.0,0.0
1736847056.5792289,0.0,2.89809,-0.0,-0.0,-0.0,0.0
1736847056.580273,0.0,2.89823,-0.0,-0.0,-0.0,0.0
1736847056.5812607,0.0,2.89835,-0.0,-0.0,-0.0,0.0
1736847056.581852,0.0,2.89849,-0.0,-0.0,-0.0,0.0
1736847056.5821993,0.0,2.89863,-0.0,-0.0,-0.0,0.0
1736847056.5837262,0.0,2.89875,-0.0,-0.0,-0.0,0.0
1736847056.5838375,0.0,2.89887,-0.0,-0.0,-0.0,0.0
1736847056.584839,0.0,2.899,-0.0,-0.0,-0.0,0.0
1736847056.5858464,0.0,2.89912,-0.0,-0.0,-0.0,0.0
1736847056.5868387,0.0,2.89923,-0.0,-0.0,-0.0,0.0
1736847056.5875306,0.0,2.89935,-0.0,-0.0,-0.0,0.0
1736847056.5875306,0.0,2.89946,-0.0,-0.0,-0.0,0.0
1736847056.5889082,0.0,2.8996,-0.0,-0.0,-0.0,0.0
1736847056.5897117,0.0,2.89975,-0.0,-0.0,-0.0,0.0
1736847056.5907178,0.0,2.89989,-0.0,-0.0,-0.0,0.0
1736847056.5917158,0.0,2.9,-0.0,-0.0,-0.0,0.0
1736847056.5917158,0.0,2.90012,-0.0,-0.0,-0.0,0.0
1736847056.5927162,0.0,2.90024,-0.0,-0.0,-0.0,0.0
1736847056.593726,0.0,2.90035,-0.0,-0.0,-0.0,0.0
1736847056.5947163,0.0,2.90046,-0.0,-0.0,-0.0,0.0
1736847056.5947163,0.0,2.9006,-0.0,-0.0,-0.0,0.0
1736847056.5965781,0.0,2.90074,-0.0,-0.0,-0.0,0.0
1736847056.5966578,0.0,2.90091,-0.0,-0.0,-0.0,0.0
1736847056.5976596,0.0,2.90104,-0.0,-0.0,-0.0,0.0
1736847056.5986578,0.0,2.90116,-0.0,-0.0,-0.0,0.0
1736847056.5996675,0.0,2.90127,-0.0,-0.0,-0.0,0.0
1736847056.5996675,0.0,2.90139,-0.0,-0.0,-0.0,0.0
1736847056.601045,0.0,2.90151,-0.0,-0.0,-0.0,0.0
1736847056.6020453,0.0,2.90163,-0.0,-0.0,-0.0,0.0
1736847056.602947,0.0,2.90176,-0.0,-0.0,-0.0,0.0
1736847056.602947,0.0,2.90191,-0.0,-0.0,-0.0,0.0
1736847056.602947,0.0,2.90205,-0.0,-0.0,-0.0,0.0
1736847056.602947,0.0,2.90217,-0.0,-0.0,-0.0,0.0
1736847056.6061592,0.0,2.90229,-0.0,-0.0,-0.0,0.0
1736847056.6069996,0.0,2.90241,-0.0,-0.0,-0.0,0.0
1736847056.6069996,0.0,2.90253,-0.0,-0.0,-0.0,0.0
1736847056.608013,0.0,2.90265,-0.0,-0.0,-0.0,0.0
1736847056.6090112,0.0,2.90278,-0.0,-0.0,-0.0,0.0
1736847056.6102848,0.0,2.90291,-0.0,-0.0,-0.0,0.0
1736847056.6102848,0.0,2.90306,-0.0,-0.0,-0.0,0.0
1736847056.611852,0.0,2.90319,-0.0,-0.0,-0.0,0.0
1736847056.611852,0.0,2.90331,-0.0,-0.0,-0.0,0.0
1736847056.6128578,0.0,2.90343,-0.0,-0.0,-0.0,0.0
1736847056.6138566,0.0,2.90355,-0.0,-0.0,-0.0,0.0
1736847056.6148663,0.0,2.90366,-0.0,-0.0,-0.0,0.0
1736847056.6148663,0.0,2.90377,-0.0,-0.0,-0.0,0.0
1736847056.6158574,0.0,2.9039,-0.0,-0.0,-0.0,0.0
1736847056.6173344,0.0,2.90404,-0.0,-0.0,-0.0,0.0
1736847056.6183393,0.0,2.90418,-0.0,-0.0,-0.0,0.0
1736847056.6183393,0.0,2.90431,-0.0,-0.0,-0.0,0.0
1736847056.6193392,0.0,2.90443,-0.0,-0.0,-0.0,0.0
1736847056.6203384,0.0,2.90455,-0.0,-0.0,-0.0,0.0
1736847056.6213455,0.0,2.90466,-0.0,-0.0,-0.0,0.0
1736847056.6213455,0.0,2.90478,-0.0,-0.0,-0.0,0.0
1736847056.622504,0.0,2.90489,-0.0,-0.0,-0.0,0.0
1736847056.6235194,0.0,2.90502,-0.0,-0.0,-0.0,0.0
1736847056.6246896,0.0,2.90518,-0.0,-0.0,-0.0,0.0
1736847056.6255152,0.0,2.90531,-0.0,-0.0,-0.0,0.0
1736847056.6255152,0.0,2.90544,-0.0,-0.0,-0.0,0.0
1736847056.6265283,0.0,2.90556,-0.0,-0.0,-0.0,0.0
1736847056.6275253,0.0,2.90568,-0.0,-0.0,-0.0,0.0
1736847056.6285799,0.0,2.9058,-0.0,-0.0,-0.0,0.0
1736847056.6286643,0.0,2.90592,-0.0,-0.0,-0.0,0.0
1736847056.6296656,0.0,2.90606,-0.0,-0.0,-0.0,0.0
1736847056.631037,0.0,2.9062,-0.0,-0.0,-0.0,0.0
1736847056.6320722,0.0,2.90633,-0.0,-0.0,-0.0,0.0
1736847056.6320722,0.0,2.90647,-0.0,-0.0,-0.0,0.0
1736847056.6330733,0.0,2.90659,-0.0,-0.0,-0.0,0.0
1736847056.6344013,0.0,2.90671,-0.0,-0.0,-0.0,0.0
1736847056.6344984,0.0,2.90684,-0.0,-0.0,-0.0,0.0
1736847056.6355,0.0,2.90696,-0.0,-0.0,-0.0,0.0
1736847056.6364994,0.0,2.90708,-0.0,-0.0,-0.0,0.0
1736847056.6374998,0.0,2.9072,-0.0,-0.0,-0.0,0.0
1736847056.6379187,0.0,2.90735,-0.0,-0.0,-0.0,0.0
1736847056.639166,0.0,2.90749,-0.0,-0.0,-0.0,0.0
1736847056.640239,0.0,2.90762,-0.0,-0.0,-0.0,0.0
1736847056.640239,0.0,2.90775,-0.0,-0.0,-0.0,0.0
1736847056.640239,0.0,2.90787,-0.0,-0.0,-0.0,0.0
1736847056.640239,0.0,2.90798,-0.0,-0.0,-0.0,0.0
1736847056.643339,0.0,2.9081,-0.0,-0.0,-0.0,0.0
1736847056.6434047,0.0,2.90823,-0.0,-0.0,-0.0,0.0
1736847056.6450143,0.0,2.90839,-0.0,-0.0,-0.0,0.0
1736847056.6459022,0.0,2.90852,-0.0,-0.0,-0.0,0.0
1736847056.6459022,0.0,2.90866,-0.0,-0.0,-0.0,0.0
1736847056.6469147,0.0,2.90878,-0.0,-0.0,-0.0,0.0
1736847056.6479137,0.0,2.9089,-0.0,-0.0,-0.0,0.0
1736847056.6489246,0.0,2.90902,-0.0,-0.0,-0.0,0.0
1736847056.6489246,0.0,2.90913,-0.0,-0.0,-0.0,0.0
1736847056.6502776,0.0,2.90925,-0.0,-0.0,-0.0,0.0
1736847056.6512787,0.0,2.90938,-0.0,-0.0,-0.0,0.0
1736847056.6520362,0.0,2.90953,-0.0,-0.0,-0.0,0.0
1736847056.653096,0.0,2.90965,-0.0,-0.0,-0.0,0.0
1736847056.653096,0.0,2.90978,-0.0,-0.0,-0.0,0.0
1736847056.6540792,0.0,2.9099,-0.0,-0.0,-0.0,0.0
1736847056.6550794,0.0,2.91001,-0.0,-0.0,-0.0,0.0
1736847056.6560915,0.0,2.91013,-0.0,-0.0,-0.0,0.0
1736847056.6570275,0.0,2.91026,-0.0,-0.0,-0.0,0.0
1736847056.6571913,0.0,2.9104,-0.0,-0.0,-0.0,0.0
1736847056.6588311,0.0,2.91054,-0.0,-0.0,-0.0,0.0
1736847056.6588311,0.0,2.91069,-0.0,-0.0,-0.0,0.0
1736847056.6598709,0.0,2.91081,-0.0,-0.0,-0.0,0.0
1736847056.660871,0.0,2.91091,-0.0,-0.0,-0.0,0.0
1736847056.6618853,0.0,2.91103,-0.0,-0.0,-0.0,0.0
1736847056.662642,0.0,2.91115,-0.0,-0.0,-0.0,0.0
1736847056.662642,0.0,2.91127,-0.0,-0.0,-0.0,0.0
1736847056.663648,0.0,2.91139,-0.0,-0.0,-0.0,0.0
1736847056.664647,0.0,2.91152,-0.0,-0.0,-0.0,0.0
1736847056.665714,0.0,2.91166,-0.0,-0.0,-0.0,0.0
1736847056.6667528,0.0,2.91179,-0.0,-0.0,-0.0,0.0
1736847056.6667528,0.0,2.91191,-0.0,-0.0,-0.0,0.0
1736847056.6683276,0.0,2.91202,-0.0,-0.0,-0.0,0.0
1736847056.6683276,0.0,2.91215,-0.0,-0.0,-0.0,0.0
1736847056.6693323,0.0,2.91227,-0.0,-0.0,-0.0,0.0
1736847056.6703417,0.0,2.91238,-0.0,-0.0,-0.0,0.0
1736847056.6703417,0.0,2.9125,-0.0,-0.0,-0.0,0.0
1736847056.6713316,0.0,2.91262,-0.0,-0.0,-0.0,0.0
1736847056.6727464,0.0,2.91276,-0.0,-0.0,-0.0,0.0
1736847056.6737306,0.0,2.91289,-0.0,-0.0,-0.0,0.0
1736847056.674554,0.0,2.91303,-0.0,-0.0,-0.0,0.0
1736847056.6755598,0.0,2.91317,-0.0,-0.0,-0.0,0.0
1736847056.6755598,0.0,2.91328,-0.0,-0.0,-0.0,0.0
1736847056.6765583,0.0,2.9134,-0.0,-0.0,-0.0,0.0
1736847056.677568,0.0,2.91352,-0.0,-0.0,-0.0,0.0
1736847056.677568,0.0,2.91363,-0.0,-0.0,-0.0,0.0
1736847056.6794345,0.0,2.91376,-0.0,-0.0,-0.0,0.0
1736847056.6803257,0.0,2.91394,-0.0,-0.0,-0.0,0.0
1736847056.6812859,0.0,2.91409,-0.0,-0.0,-0.0,0.0
1736847056.6812859,0.0,2.91421,-0.0,-0.0,-0.0,0.0
1736847056.6822922,0.0,2.91433,-0.0,-0.0,-0.0,0.0
1736847056.68329,0.0,2.91446,-0.0,-0.0,-0.0,0.0
1736847056.6844647,0.0,2.91458,-0.0,-0.0,-0.0,0.0
1736847056.684561,0.0,2.91472,-0.0,-0.0,-0.0,0.0
1736847056.6855626,0.0,2.91485,-0.0,-0.0,-0.0,0.0
1736847056.6866217,0.0,2.915,-0.0,-0.0,-0.0,0.0
1736847056.687627,0.0,2.91514,-0.0,-0.0,-0.0,0.0
1736847056.6886368,0.0,2.91526,-0.0,-0.0,-0.0,0.0
1736847056.6890836,0.0,2.91537,-0.0,-0.0,-0.0,0.0
1736847056.6890836,0.0,2.9155,-0.0,-0.0,-0.0,0.0
1736847056.6890836,0.0,2.91563,-0.0,-0.0,-0.0,0.0
1736847056.6920257,0.0,2.91575,-0.0,-0.0,-0.0,0.0
1736847056.6920257,0.0,2.91588,-0.0,-0.0,-0.0,0.0
1736847056.6932802,0.0,2.91603,-0.0,-0.0,-0.0,0.0
1736847056.6932802,0.0,2.91617,-0.0,-0.0,-0.0,0.0
1736847056.6952238,0.0,2.9163,-0.0,-0.0,-0.0,0.0
1736847056.6962283,0.0,2.91642,-0.0,-0.0,-0.0,0.0
1736847056.6972284,0.0,2.91657,-0.0,-0.0,-0.0,0.0
1736847056.6982558,0.0,2.91672,-0.0,-0.0,-0.0,0.0
1736847056.6987743,0.0,2.91686,-0.0,-0.0,-0.0,0.0
1736847056.6997933,0.0,2.91699,-0.0,-0.0,-0.0,0.0
1736847056.700149,0.0,2.91715,-0.0,-0.0,-0.0,0.0
1736847056.700149,0.0,2.9173,-0.0,-0.0,-0.0,0.0
1736847056.700149,0.0,2.91743,-0.0,-0.0,-0.0,0.0
1736847056.700149,0.0,2.91755,-0.0,-0.0,-0.0,0.0
1736847056.700149,0.0,2.91767,-0.0,-0.0,-0.0,0.0
1736847056.700149,0.0,2.91778,-0.0,-0.0,-0.0,0.0
1736847056.700149,0.0,2.9179,-0.0,-0.0,-0.0,0.0
1736847056.70586,0.0,2.91803,-0.0,-0.0,-0.0,0.0
1736847056.706869,0.0,2.91816,-0.0,-0.0,-0.0,0.0
1736847056.7075474,0.0,2.91831,-0.0,-0.0,-0.0,0.0
1736847056.708598,0.0,2.91845,-0.0,-0.0,-0.0,0.0
1736847056.7095954,0.0,2.91857,-0.0,-0.0,-0.0,0.0
1736847056.7105963,0.0,2.91869,-0.0,-0.0,-0.0,0.0
1736847056.7112284,0.0,2.91882,-0.0,-0.0,-0.0,0.0
1736847056.712245,0.0,2.91895,-0.0,-0.0,-0.0,0.0
1736847056.7127807,0.0,2.91909,-0.0,-0.0,-0.0,0.0
1736847056.7140234,0.0,2.91922,-0.0,-0.0,-0.0,0.0
1736847056.7140234,0.0,2.91937,-0.0,-0.0,-0.0,0.0
1736847056.7140234,0.0,2.91952,-0.0,-0.0,-0.0,0.0
1736847056.7140234,0.0,2.91963,-0.0,-0.0,-0.0,0.0
1736847056.7174523,0.0,2.91975,-0.0,-0.0,-0.0,0.0
1736847056.7181354,0.0,2.91988,-0.0,-0.0,-0.0,0.0
1736847056.7181354,0.0,2.92,-0.0,-0.0,-0.0,0.0
1736847056.7191472,0.0,2.92012,-0.0,-0.0,-0.0,0.0
1736847056.7201464,0.0,2.92024,-0.0,-0.0,-0.0,0.0
1736847056.7214587,0.0,2.92038,-0.0,-0.0,-0.0,0.0
1736847056.722074,0.0,2.92052,-0.0,-0.0,-0.0,0.0
1736847056.7231622,0.0,2.92067,-0.0,-0.0,-0.0,0.0
1736847056.7231622,0.0,2.92079,-0.0,-0.0,-0.0,0.0
1736847056.7231622,0.0,2.92092,-0.0,-0.0,-0.0,0.0
1736847056.7231622,0.0,2.92103,-0.0,-0.0,-0.0,0.0
1736847056.7231622,0.0,2.92115,-0.0,-0.0,-0.0,0.0
1736847056.7266636,0.0,2.92127,-0.0,-0.0,-0.0,0.0
1736847056.7281947,0.0,2.92142,-0.0,-0.0,-0.0,0.0
1736847056.7285032,0.0,2.92159,-0.0,-0.0,-0.0,0.0
1736847056.7295058,0.0,2.92174,-0.0,-0.0,-0.0,0.0
1736847056.7305043,0.0,2.92185,-0.0,-0.0,-0.0,0.0
1736847056.7315037,0.0,2.92197,-0.0,-0.0,-0.0,0.0
1736847056.7315037,0.0,2.92209,-0.0,-0.0,-0.0,0.0
1736847056.7325044,0.0,2.92221,-0.0,-0.0,-0.0,0.0
1736847056.7336047,0.0,2.92233,-0.0,-0.0,-0.0,0.0
1736847056.7346256,0.0,2.92247,-0.0,-0.0,-0.0,0.0
1736847056.7354698,0.0,2.92263,-0.0,-0.0,-0.0,0.0
1736847056.7366247,0.0,2.92276,-0.0,-0.0,-0.0,0.0
1736847056.7366247,0.0,2.92289,-0.0,-0.0,-0.0,0.0
1736847056.7376392,0.0,2.92301,-0.0,-0.0,-0.0,0.0
1736847056.7387714,0.0,2.92313,-0.0,-0.0,-0.0,0.0
1736847056.739777,0.0,2.92326,-0.0,-0.0,-0.0,0.0
1736847056.7405994,0.0,2.92338,-0.0,-0.0,-0.0,0.0
1736847056.7405994,0.0,2.92352,-0.0,-0.0,-0.0,0.0
1736847056.741851,0.0,2.92365,-0.0,-0.0,-0.0,0.0
1736847056.741851,0.0,2.92379,-0.0,-0.0,-0.0,0.0
1736847056.741851,0.0,2.92392,-0.0,-0.0,-0.0,0.0
1736847056.7445345,0.0,2.92404,-0.0,-0.0,-0.0,0.0
1736847056.7455478,0.0,2.92417,-0.0,-0.0,-0.0,0.0
1736847056.7455478,0.0,2.92429,-0.0,-0.0,-0.0,0.0
1736847056.7465425,0.0,2.9244,-0.0,-0.0,-0.0,0.0
1736847056.7475398,0.0,2.92452,-0.0,-0.0,-0.0,0.0
1736847056.7485402,0.0,2.92464,-0.0,-0.0,-0.0,0.0
1736847056.749097,0.0,2.92479,-0.0,-0.0,-0.0,0.0
1736847056.7505484,0.0,2.92493,-0.0,-0.0,-0.0,0.0
1736847056.7505484,0.0,2.92509,-0.0,-0.0,-0.0,0.0
1736847056.751549,0.0,2.92521,-0.0,-0.0,-0.0,0.0
1736847056.7530396,0.0,2.92534,-0.0,-0.0,-0.0,0.0
1736847056.7530396,0.0,2.92546,-0.0,-0.0,-0.0,0.0
1736847056.754045,0.0,2.92558,-0.0,-0.0,-0.0,0.0
1736847056.755046,0.0,2.9257,-0.0,-0.0,-0.0,0.0
1736847056.7558954,0.0,2.92582,-0.0,-0.0,-0.0,0.0
1736847056.7567222,0.0,2.92597,-0.0,-0.0,-0.0,0.0
1736847056.757728,0.0,2.92611,-0.0,-0.0,-0.0,0.0
1736847056.758727,0.0,2.92623,-0.0,-0.0,-0.0,0.0
1736847056.758727,0.0,2.92635,-0.0,-0.0,-0.0,0.0
1736847056.759727,0.0,2.92647,-0.0,-0.0,-0.0,0.0
1736847056.8425608,0.0,2.94028,-0.0,-0.0,-0.0,0.0
1736847056.8425608,0.0,2.94053,-0.0,-0.0,-0.0,0.0
1736847056.8425608,0.0,2.9407,-0.0,-0.0,-0.0,0.0
1736847056.8425608,0.0,2.94086,-0.0,-0.0,-0.0,0.0
1736847056.8425608,0.0,2.94097,-0.0,-0.0,-0.0,0.0
1736847056.8425608,0.0,2.9411,-0.0,-0.0,-0.0,0.0
1736847056.8425608,0.0,2.94122,-0.0,-0.0,-0.0,0.0
1736847056.8547897,0.0,2.94134,-0.0,-0.0,-0.0,0.0
1736847056.8557763,0.0,2.94148,-0.0,-0.0,-0.0,0.0
1736847056.8566754,0.0,2.94162,-0.0,-0.0,-0.0,0.0
1736847056.8570373,0.0,2.94177,-0.0,-0.0,-0.0,0.0
1736847056.858088,0.0,2.9419,-0.0,-0.0,-0.0,0.0
1736847056.859087,0.0,2.94205,-0.0,-0.0,-0.0,0.0
1736847056.8600733,0.0,2.94218,-0.0,-0.0,-0.0,0.0
1736847056.8610263,0.0,2.94234,-0.0,-0.0,-0.0,0.0
1736847056.8620336,0.0,2.94248,-0.0,-0.0,-0.0,0.0
1736847056.8620336,0.0,2.9426,-0.0,-0.0,-0.0,0.0
1736847056.8630319,0.0,2.94272,-0.0,-0.0,-0.0,0.0
1736847056.8640318,0.0,2.94284,-0.0,-0.0,-0.0,0.0
1736847056.8650646,0.0,2.94296,-0.0,-0.0,-0.0,0.0
1736847056.8650646,0.0,2.94308,-0.0,-0.0,-0.0,0.0
1736847056.8660424,0.0,2.94321,-0.0,-0.0,-0.0,0.0
1736847056.8675218,0.0,2.94339,-0.0,-0.0,-0.0,0.0
1736847056.8687055,0.0,2.94353,-0.0,-0.0,-0.0,0.0
1736847056.869612,0.0,2.94366,-0.0,-0.0,-0.0,0.0
1736847056.869612,0.0,2.94378,-0.0,-0.0,-0.0,0.0
1736847056.8706257,0.0,2.94389,-0.0,-0.0,-0.0,0.0
1736847056.8716347,0.0,2.94401,-0.0,-0.0,-0.0,0.0
1736847056.8723397,0.0,2.94413,-0.0,-0.0,-0.0,0.0
1736847056.8733509,0.0,2.94426,-0.0,-0.0,-0.0,0.0
1736847056.8741283,0.0,2.94441,-0.0,-0.0,-0.0,0.0
1736847056.875179,0.0,2.94455,-0.0,-0.0,-0.0,0.0
1736847056.87617,0.0,2.94468,-0.0,-0.0,-0.0,0.0
1736847056.87617,0.0,2.94481,-0.0,-0.0,-0.0,0.0
1736847056.87717,0.0,2.94493,-0.0,-0.0,-0.0,0.0
1736847056.8784952,0.0,2.94504,-0.0,-0.0,-0.0,0.0
1736847056.8785946,0.0,2.94517,-0.0,-0.0,-0.0,0.0
1736847056.8795955,0.0,2.9453,-0.0,-0.0,-0.0,0.0
1736847056.8810704,0.0,2.94545,-0.0,-0.0,-0.0,0.0
1736847056.8816137,0.0,2.94559,-0.0,-0.0,-0.0,0.0
1736847056.8826308,0.0,2.94573,-0.0,-0.0,-0.0,0.0
1736847056.8833468,0.0,2.94584,-0.0,-0.0,-0.0,0.0
1736847056.8843508,0.0,2.94597,-0.0,-0.0,-0.0,0.0
1736847056.8843508,0.0,2.9461,-0.0,-0.0,-0.0,0.0
1736847056.8843508,0.0,2.94623,-0.0,-0.0,-0.0,0.0
1736847056.8863873,0.0,2.94635,-0.0,-0.0,-0.0,0.0
1736847056.8876195,0.0,2.94647,-0.0,-0.0,-0.0,0.0
1736847056.8876195,0.0,2.94662,-0.0,-0.0,-0.0,0.0
1736847056.889252,0.0,2.94676,-0.0,-0.0,-0.0,0.0
1736847056.8900247,0.0,2.94688,-0.0,-0.0,-0.0,0.0
1736847056.890899,0.0,2.947,-0.0,-0.0,-0.0,0.0
1736847056.890899,0.0,2.94712,-0.0,-0.0,-0.0,0.0
1736847056.8919122,0.0,2.94724,-0.0,-0.0,-0.0,0.0
1736847056.8929105,0.0,2.94736,-0.0,-0.0,-0.0,0.0
1736847056.8939118,0.0,2.94748,-0.0,-0.0,-0.0,0.0
1736847056.894954,0.0,2.94761,-0.0,-0.0,-0.0,0.0
1736847056.8950357,0.0,2.94778,-0.0,-0.0,-0.0,0.0
1736847056.8960726,0.0,2.94793,-0.0,-0.0,-0.0,0.0
1736847056.897072,0.0,2.94805,-0.0,-0.0,-0.0,0.0
1736847056.8980708,0.0,2.94817,-0.0,-0.0,-0.0,0.0
1736847056.8990736,0.0,2.94829,-0.0,-0.0,-0.0,0.0
1736847056.8990736,0.0,2.9484,-0.0,-0.0,-0.0,0.0
1736847056.90028,0.0,2.94852,-0.0,-0.0,-0.0,0.0
1736847056.901286,0.0,2.94865,-0.0,-0.0,-0.0,0.0
1736847056.902194,0.0,2.94879,-0.0,-0.0,-0.0,0.0
1736847056.9032383,0.0,2.94892,-0.0,-0.0,-0.0,0.0
1736847056.9032383,0.0,2.94906,-0.0,-0.0,-0.0,0.0
1736847056.9042363,0.0,2.94918,-0.0,-0.0,-0.0,0.0
1736847056.9052358,0.0,2.9493,-0.0,-0.0,-0.0,0.0
1736847056.9057684,0.0,2.94941,-0.0,-0.0,-0.0,0.0
1736847056.9069548,0.0,2.94954,-0.0,-0.0,-0.0,0.0
1736847056.9079804,0.0,2.9497,-0.0,-0.0,-0.0,0.0
1736847056.9089143,0.0,2.94988,-0.0,-0.0,-0.0,0.0
1736847056.9100573,0.0,2.95003,-0.0,-0.0,-0.0,0.0
1736847056.9109035,0.0,2.95016,-0.0,-0.0,-0.0,0.0
1736847056.9117641,0.0,2.95028,-0.0,-0.0,-0.0,0.0
1736847056.911856,0.0,2.9504,-0.0,-0.0,-0.0,0.0
1736847056.9128573,0.0,2.95052,-0.0,-0.0,-0.0,0.0
1736847056.9138563,0.0,2.95064,-0.0,-0.0,-0.0,0.0
1736847056.9148567,0.0,2.95077,-0.0,-0.0,-0.0,0.0
1736847056.915841,0.0,2.95091,-0.0,-0.0,-0.0,0.0
1736847056.916429,0.0,2.95104,-0.0,-0.0,-0.0,0.0
1736847056.9175043,0.0,2.95118,-0.0,-0.0,-0.0,0.0
1736847056.9175043,0.0,2.95131,-0.0,-0.0,-0.0,0.0
1736847056.9175043,0.0,2.95144,-0.0,-0.0,-0.0,0.0
1736847056.9175043,0.0,2.95155,-0.0,-0.0,-0.0,0.0
1736847056.9175043,0.0,2.95167,-0.0,-0.0,-0.0,0.0
1736847056.9211214,0.0,2.95179,-0.0,-0.0,-0.0,0.0
1736847056.922127,0.0,2.95191,-0.0,-0.0,-0.0,0.0
1736847056.9229326,0.0,2.95208,-0.0,-0.0,-0.0,0.0
1736847056.9239383,0.0,2.95223,-0.0,-0.0,-0.0,0.0
1736847056.924937,0.0,2.95235,-0.0,-0.0,-0.0,0.0
1736847056.924937,0.0,2.95247,-0.0,-0.0,-0.0,0.0
1736847056.9259372,0.0,2.95259,-0.0,-0.0,-0.0,0.0
1736847056.9269366,0.0,2.95271,-0.0,-0.0,-0.0,0.0
1736847056.9280074,0.0,2.95282,-0.0,-0.0,-0.0,0.0
1736847056.928094,0.0,2.95295,-0.0,-0.0,-0.0,0.0
1736847056.9294333,0.0,2.95309,-0.0,-0.0,-0.0,0.0
1736847056.9294333,0.0,2.95324,-0.0,-0.0,-0.0,0.0
1736847056.9294333,0.0,2.95348,-0.0,-0.0,-0.0,0.0
1736847056.9294333,0.0,2.95367,-0.0,-0.0,-0.0,0.0
1736847056.9294333,0.0,2.95386,-0.0,-0.0,-0.0,0.0
1736847056.9351192,0.0,2.95402,-0.0,-0.0,-0.0,0.0
1736847056.9361298,0.0,2.9542,-0.0,-0.0,-0.0,0.0
1736847056.9370058,0.0,2.95439,-0.0,-0.0,-0.0,0.0
1736847056.9370058,0.0,2.95459,-0.0,-0.0,-0.0,0.0
1736847056.9370058,0.0,2.95477,-0.0,-0.0,-0.0,0.0
1736847056.9370058,0.0,2.95491,-0.0,-0.0,-0.0,0.0
1736847056.9420211,0.0,2.95505,-0.0,-0.0,-0.0,0.0
1736847056.9430287,0.0,2.95521,-0.0,-0.0,-0.0,0.0
1736847056.9442158,0.0,2.95538,-0.0,-0.0,-0.0,0.0
1736847056.9442158,0.0,2.95563,-0.0,-0.0,-0.0,0.0
1736847056.9442158,0.0,2.95584,-0.0,-0.0,-0.0,0.0
1736847056.9442158,0.0,2.95599,-0.0,-0.0,-0.0,0.0
1736847056.9489727,0.0,2.95615,-0.0,-0.0,-0.0,0.0
1736847056.949996,0.0,2.9563,-0.0,-0.0,-0.0,0.0
1736847056.9512978,0.0,2.95648,-0.0,-0.0,-0.0,0.0
1736847056.9512978,0.0,2.95666,-0.0,-0.0,-0.0,0.0
1736847056.9512978,0.0,2.95691,-0.0,-0.0,-0.0,0.0
1736847056.9512978,0.0,2.95709,-0.0,-0.0,-0.0,0.0
1736847056.9559152,0.0,2.95724,-0.0,-0.0,-0.0,0.0
1736847056.9569247,0.0,2.9574,-0.0,-0.0,-0.0,0.0
1736847056.9582624,0.0,2.95766,-0.0,-0.0,-0.0,0.0
1736847056.9582624,0.0,2.95789,-0.0,-0.0,-0.0,0.0
1736847056.9582624,0.0,2.95808,-0.0,-0.0,-0.0,0.0
1736847056.9582624,0.0,2.95825,-0.0,-0.0,-0.0,0.0
1736847056.9628706,0.0,2.95841,-0.0,-0.0,-0.0,0.0
1736847056.9648788,0.0,2.95859,-0.0,-0.0,-0.0,0.0
1736847056.9658778,0.0,2.95876,-0.0,-0.0,-0.0,0.0
1736847056.9658778,0.0,2.9589,-0.0,-0.0,-0.0,0.0
1736847056.9674573,0.0,2.95906,-0.0,-0.0,-0.0,0.0
1736847056.9674573,0.0,2.95922,-0.0,-0.0,-0.0,0.0
1736847056.9697862,0.0,2.95942,-0.0,-0.0,-0.0,0.0
1736847056.9708035,0.0,2.95958,-0.0,-0.0,-0.0,0.0
1736847056.9723666,0.0,2.95974,-0.0,-0.0,-0.0,0.0
1736847056.973322,0.0,2.95995,-0.0,-0.0,-0.0,0.0
1736847056.9743757,0.0,2.96011,-0.0,-0.0,-0.0,0.0
1736847056.9749355,0.0,2.96024,-0.0,-0.0,-0.0,0.0
1736847056.9758894,0.0,2.96037,-0.0,-0.0,-0.0,0.0
1736847056.9758894,0.0,2.96049,-0.0,-0.0,-0.0,0.0
1736847056.9768958,0.0,2.96061,-0.0,-0.0,-0.0,0.0
1736847056.9783068,0.0,2.96074,-0.0,-0.0,-0.0,0.0
1736847056.9783068,0.0,2.96088,-0.0,-0.0,-0.0,0.0
1736847056.9793506,0.0,2.961,-0.0,-0.0,-0.0,0.0
1736847056.9808116,0.0,2.96112,-0.0,-0.0,-0.0,0.0
1736847056.9809165,0.0,2.96124,-0.0,-0.0,-0.0,0.0
1736847056.9819179,0.0,2.96137,-0.0,-0.0,-0.0,0.0
1736847056.9829264,0.0,2.96148,-0.0,-0.0,-0.0,0.0
1736847056.9829264,0.0,2.9616,-0.0,-0.0,-0.0,0.0
1736847056.9839177,0.0,2.96171,-0.0,-0.0,-0.0,0.0
1736847056.9852004,0.0,2.96186,-0.0,-0.0,-0.0,0.0
1736847056.9864633,0.0,2.96199,-0.0,-0.0,-0.0,0.0
1736847056.9864633,0.0,2.96214,-0.0,-0.0,-0.0,0.0
1736847056.987465,0.0,2.96227,-0.0,-0.0,-0.0,0.0
1736847056.9884636,0.0,2.96239,-0.0,-0.0,-0.0,0.0
1736847056.9894733,0.0,2.96251,-0.0,-0.0,-0.0,0.0
1736847056.9894733,0.0,2.96263,-0.0,-0.0,-0.0,0.0
1736847056.990464,0.0,2.96274,-0.0,-0.0,-0.0,0.0
1736847056.991958,0.0,2.96287,-0.0,-0.0,-0.0,0.0
1736847056.9929585,0.0,2.96305,-0.0,-0.0,-0.0,0.0
1736847056.9937155,0.0,2.96319,-0.0,-0.0,-0.0,0.0
1736847056.9947288,0.0,2.96331,-0.0,-0.0,-0.0,0.0
1736847056.9947288,0.0,2.96343,-0.0,-0.0,-0.0,0.0
1736847056.995727,0.0,2.96354,-0.0,-0.0,-0.0,0.0
1736847056.9967253,0.0,2.96366,-0.0,-0.0,-0.0,0.0
1736847056.9974933,0.0,2.96378,-0.0,-0.0,-0.0,0.0
1736847056.9985054,0.0,2.96391,-0.0,-0.0,-0.0,0.0
1736847056.9992309,0.0,2.96406,-0.0,-0.0,-0.0,0.0
1736847057.0002875,0.0,2.9642,-0.0,-0.0,-0.0,0.0
1736847057.0002875,0.0,2.96432,-0.0,-0.0,-0.0,0.0
1736847057.001275,0.0,2.96444,-0.0,-0.0,-0.0,0.0
1736847057.002511,0.0,2.96456,-0.0,-0.0,-0.0,0.0
1736847057.0035188,0.0,2.96468,-0.0,-0.0,-0.0,0.0
1736847057.0035188,0.0,2.9648,-0.0,-0.0,-0.0,0.0
1736847057.0044577,0.0,2.96492,-0.0,-0.0,-0.0,0.0
1736847057.005728,0.0,2.96506,-0.0,-0.0,-0.0,0.0
1736847057.005728,0.0,2.9652,-0.0,-0.0,-0.0,0.0
1736847057.005728,0.0,2.96534,-0.0,-0.0,-0.0,0.0
1736847057.0081677,0.0,2.96545,-0.0,-0.0,-0.0,0.0
1736847057.0091743,0.0,2.96557,-0.0,-0.0,-0.0,0.0
1736847057.0091743,0.0,2.96569,-0.0,-0.0,-0.0,0.0
1736847057.010549,0.0,2.96581,-0.0,-0.0,-0.0,0.0
1736847057.0112736,0.0,2.96593,-0.0,-0.0,-0.0,0.0
1736847057.0122957,0.0,2.96606,-0.0,-0.0,-0.0,0.0
1736847057.0130303,0.0,2.96619,-0.0,-0.0,-0.0,0.0
1736847057.0130303,0.0,2.96634,-0.0,-0.0,-0.0,0.0
1736847057.0130303,0.0,2.96648,-0.0,-0.0,-0.0,0.0
1736847057.0130303,0.0,2.9666,-0.0,-0.0,-0.0,0.0
1736847057.0130303,0.0,2.96672,-0.0,-0.0,-0.0,0.0
1736847057.0130303,0.0,2.96684,-0.0,-0.0,-0.0,0.0
1736847057.0130303,0.0,2.96695,-0.0,-0.0,-0.0,0.0
1736847057.018331,0.0,2.96707,-0.0,-0.0,-0.0,0.0
1736847057.019546,0.0,2.96723,-0.0,-0.0,-0.0,0.0
1736847057.0204654,0.0,2.96737,-0.0,-0.0,-0.0,0.0
1736847057.021171,0.0,2.9675,-0.0,-0.0,-0.0,0.0
1736847057.0221777,0.0,2.96761,-0.0,-0.0,-0.0,0.0
1736847057.0221777,0.0,2.96773,-0.0,-0.0,-0.0,0.0
1736847057.0231757,0.0,2.96785,-0.0,-0.0,-0.0,0.0
1736847057.0243773,0.0,2.96796,-0.0,-0.0,-0.0,0.0
1736847057.024458,0.0,2.96808,-0.0,-0.0,-0.0,0.0
1736847057.0254593,0.0,2.96823,-0.0,-0.0,-0.0,0.0
1736847057.026901,0.0,2.96836,-0.0,-0.0,-0.0,0.0
1736847057.026901,0.0,2.96849,-0.0,-0.0,-0.0,0.0
1736847057.0279386,0.0,2.96863,-0.0,-0.0,-0.0,0.0
1736847057.0290852,0.0,2.96874,-0.0,-0.0,-0.0,0.0
1736847057.0300894,0.0,2.96886,-0.0,-0.0,-0.0,0.0
1736847057.0300894,0.0,2.96899,-0.0,-0.0,-0.0,0.0
1736847057.0300894,0.0,2.96911,-0.0,-0.0,-0.0,0.0
1736847057.032229,0.0,2.96923,-0.0,-0.0,-0.0,0.0
1736847057.0332341,0.0,2.96935,-0.0,-0.0,-0.0,0.0
1736847057.033678,0.0,2.96949,-0.0,-0.0,-0.0,0.0
1736847057.034371,0.0,2.96964,-0.0,-0.0,-0.0,0.0
1736847057.0353768,0.0,2.96976,-0.0,-0.0,-0.0,0.0
1736847057.0363858,0.0,2.96987,-0.0,-0.0,-0.0,0.0
1736847057.0363858,0.0,2.96999,-0.0,-0.0,-0.0,0.0
1736847057.0379095,0.0,2.97011,-0.0,-0.0,-0.0,0.0
1736847057.0386534,0.0,2.97022,-0.0,-0.0,-0.0,0.0
1736847057.0391598,0.0,2.97034,-0.0,-0.0,-0.0,0.0
1736847057.0401652,0.0,2.97047,-0.0,-0.0,-0.0,0.0
1736847057.0405562,0.0,2.97063,-0.0,-0.0,-0.0,0.0
1736847057.0405562,0.0,2.97077,-0.0,-0.0,-0.0,0.0
1736847057.0405562,0.0,2.9709,-0.0,-0.0,-0.0,0.0
1736847057.0405562,0.0,2.97102,-0.0,-0.0,-0.0,0.0
1736847057.0405562,0.0,2.97114,-0.0,-0.0,-0.0,0.0
1736847057.045116,0.0,2.97125,-0.0,-0.0,-0.0,0.0
1736847057.0461223,0.0,2.97137,-0.0,-0.0,-0.0,0.0
1736847057.0461223,0.0,2.97151,-0.0,-0.0,-0.0,0.0
1736847057.0478625,0.0,2.97166,-0.0,-0.0,-0.0,0.0
1736847057.0488687,0.0,2.97181,-0.0,-0.0,-0.0,0.0
1736847057.0488687,0.0,2.97195,-0.0,-0.0,-0.0,0.0
1736847057.050656,0.0,2.97208,-0.0,-0.0,-0.0,0.0
1736847057.050656,0.0,2.97222,-0.0,-0.0,-0.0,0.0
1736847057.0516572,0.0,2.97234,-0.0,-0.0,-0.0,0.0
1736847057.0526567,0.0,2.97245,-0.0,-0.0,-0.0,0.0
1736847057.0536575,0.0,2.97258,-0.0,-0.0,-0.0,0.0
1736847057.0545464,0.0,2.97271,-0.0,-0.0,-0.0,0.0
1736847057.0555577,0.0,2.97286,-0.0,-0.0,-0.0,0.0
1736847057.056467,0.0,2.973,-0.0,-0.0,-0.0,0.0
1736847057.0565875,0.0,2.97314,-0.0,-0.0,-0.0,0.0
1736847057.0575898,0.0,2.97327,-0.0,-0.0,-0.0,0.0
1736847057.0585887,0.0,2.97338,-0.0,-0.0,-0.0,0.0
1736847057.0595882,0.0,2.9735,-0.0,-0.0,-0.0,0.0
1736847057.0595882,0.0,2.97361,-0.0,-0.0,-0.0,0.0
1736847057.06059,0.0,2.97374,-0.0,-0.0,-0.0,0.0
1736847057.0621705,0.0,2.97389,-0.0,-0.0,-0.0,0.0
1736847057.0631855,0.0,2.97408,-0.0,-0.0,-0.0,0.0
1736847057.0641718,0.0,2.97426,-0.0,-0.0,-0.0,0.0
1736847057.0651772,0.0,2.97439,-0.0,-0.0,-0.0,0.0
1736847057.0651772,0.0,2.97451,-0.0,-0.0,-0.0,0.0
1736847057.066172,0.0,2.97462,-0.0,-0.0,-0.0,0.0
1736847057.0671716,0.0,2.97474,-0.0,-0.0,-0.0,0.0
1736847057.0686111,0.0,2.97488,-0.0,-0.0,-0.0,0.0
1736847057.068978,0.0,2.97504,-0.0,-0.0,-0.0,0.0
1736847057.0700214,0.0,2.97518,-0.0,-0.0,-0.0,0.0
1736847057.0710263,0.0,2.9753,-0.0,-0.0,-0.0,0.0
1736847057.0710263,0.0,2.97542,-0.0,-0.0,-0.0,0.0
1736847057.0720217,0.0,2.97555,-0.0,-0.0,-0.0,0.0
1736847057.0729861,0.0,2.97569,-0.0,-0.0,-0.0,0.0
1736847057.0739043,0.0,2.97584,-0.0,-0.0,-0.0,0.0
1736847057.07516,0.0,2.97599,-0.0,-0.0,-0.0,0.0
1736847057.07516,0.0,2.97613,-0.0,-0.0,-0.0,0.0
1736847057.07516,0.0,2.97627,-0.0,-0.0,-0.0,0.0
1736847057.07516,0.0,2.97639,-0.0,-0.0,-0.0,0.0
1736847057.07516,0.0,2.97651,-0.0,-0.0,-0.0,0.0
1736847057.0793138,0.0,2.97662,-0.0,-0.0,-0.0,0.0
1736847057.0793138,0.0,2.97673,-0.0,-0.0,-0.0,0.0
1736847057.0803218,0.0,2.97685,-0.0,-0.0,-0.0,0.0
1736847057.0813212,0.0,2.97697,-0.0,-0.0,-0.0,0.0
1736847057.0825171,0.0,2.97711,-0.0,-0.0,-0.0,0.0
1736847057.0835629,0.0,2.97725,-0.0,-0.0,-0.0,0.0
1736847057.084168,0.0,2.97738,-0.0,-0.0,-0.0,0.0
1736847057.084168,0.0,2.9775,-0.0,-0.0,-0.0,0.0
1736847057.0851727,0.0,2.97762,-0.0,-0.0,-0.0,0.0
1736847057.0851727,0.0,2.97773,-0.0,-0.0,-0.0,0.0
1736847057.0851727,0.0,2.97785,-0.0,-0.0,-0.0,0.0
1736847057.0877755,0.0,2.97798,-0.0,-0.0,-0.0,0.0
1736847057.0890088,0.0,2.97811,-0.0,-0.0,-0.0,0.0
1736847057.089696,0.0,2.97827,-0.0,-0.0,-0.0,0.0
1736847057.0907016,0.0,2.97843,-0.0,-0.0,-0.0,0.0
1736847057.0916994,0.0,2.97855,-0.0,-0.0,-0.0,0.0
1736847057.0916994,0.0,2.97868,-0.0,-0.0,-0.0,0.0
1736847057.0927007,0.0,2.97879,-0.0,-0.0,-0.0,0.0
1736847057.0937004,0.0,2.97891,-0.0,-0.0,-0.0,0.0
1736847057.094752,0.0,2.97903,-0.0,-0.0,-0.0,0.0
1736847057.094752,0.0,2.97915,-0.0,-0.0,-0.0,0.0
1736847057.0966196,0.0,2.9793,-0.0,-0.0,-0.0,0.0
1736847057.0972955,0.0,2.97945,-0.0,-0.0,-0.0,0.0
1736847057.0982106,0.0,2.97958,-0.0,-0.0,-0.0,0.0
1736847057.0982106,0.0,2.9797,-0.0,-0.0,-0.0,0.0
1736847057.099216,0.0,2.97981,-0.0,-0.0,-0.0,0.0
1736847057.1002147,0.0,2.97993,-0.0,-0.0,-0.0,0.0
1736847057.10137,0.0,2.98005,-0.0,-0.0,-0.0,0.0
1736847057.10137,0.0,2.98018,-0.0,-0.0,-0.0,0.0
1736847057.1029494,0.0,2.98031,-0.0,-0.0,-0.0,0.0
1736847057.1033032,0.0,2.98046,-0.0,-0.0,-0.0,0.0
1736847057.1043391,0.0,2.98058,-0.0,-0.0,-0.0,0.0
1736847057.1053476,0.0,2.98071,-0.0,-0.0,-0.0,0.0
1736847057.1053476,0.0,2.98082,-0.0,-0.0,-0.0,0.0
1736847057.106772,0.0,2.98094,-0.0,-0.0,-0.0,0.0
1736847057.1077724,0.0,2.98106,-0.0,-0.0,-0.0,0.0
1736847057.1077724,0.0,2.98118,-0.0,-0.0,-0.0,0.0
1736847057.1087723,0.0,2.9813,-0.0,-0.0,-0.0,0.0
1736847057.1102228,0.0,2.98144,-0.0,-0.0,-0.0,0.0
1736847057.1102228,0.0,2.98159,-0.0,-0.0,-0.0,0.0
1736847057.1112642,0.0,2.98172,-0.0,-0.0,-0.0,0.0
1736847057.1127424,0.0,2.98184,-0.0,-0.0,-0.0,0.0
1736847057.1127424,0.0,2.98196,-0.0,-0.0,-0.0,0.0
1736847057.1137435,0.0,2.98209,-0.0,-0.0,-0.0,0.0
1736847057.1150858,0.0,2.98221,-0.0,-0.0,-0.0,0.0
1736847057.1155906,0.0,2.98232,-0.0,-0.0,-0.0,0.0
1736847057.1165984,0.0,2.98244,-0.0,-0.0,-0.0,0.0
1736847057.1171446,0.0,2.98262,-0.0,-0.0,-0.0,0.0
1736847057.1186447,0.0,2.98276,-0.0,-0.0,-0.0,0.0
1736847057.1186447,0.0,2.98289,-0.0,-0.0,-0.0,0.0
1736847057.1196475,0.0,2.98302,-0.0,-0.0,-0.0,0.0
1736847057.1206453,0.0,2.98315,-0.0,-0.0,-0.0,0.0
1736847057.121663,0.0,2.98326,-0.0,-0.0,-0.0,0.0
1736847057.121663,0.0,2.98338,-0.0,-0.0,-0.0,0.0
1736847057.1226466,0.0,2.98351,-0.0,-0.0,-0.0,0.0
1736847057.1237526,0.0,2.98367,-0.0,-0.0,-0.0,0.0
1736847057.1237526,0.0,2.98381,-0.0,-0.0,-0.0,0.0
1736847057.1237526,0.0,2.98393,-0.0,-0.0,-0.0,0.0
1736847057.1237526,0.0,2.98405,-0.0,-0.0,-0.0,0.0
1736847057.1237526,0.0,2.98417,-0.0,-0.0,-0.0,0.0
1736847057.1280203,0.0,2.98428,-0.0,-0.0,-0.0,0.0
1736847057.1290255,0.0,2.9844,-0.0,-0.0,-0.0,0.0
1736847057.1290255,0.0,2.98452,-0.0,-0.0,-0.0,0.0
1736847057.1300268,0.0,2.98464,-0.0,-0.0,-0.0,0.0
1736847057.131114,0.0,2.9848,-0.0,-0.0,-0.0,0.0
1736847057.1322412,0.0,2.98493,-0.0,-0.0,-0.0,0.0
1736847057.1331193,0.0,2.98505,-0.0,-0.0,-0.0,0.0
1736847057.1338496,0.0,2.98518,-0.0,-0.0,-0.0,0.0
1736847057.1347232,0.0,2.9853,-0.0,-0.0,-0.0,0.0
1736847057.1347232,0.0,2.98542,-0.0,-0.0,-0.0,0.0
1736847057.1357381,0.0,2.98554,-0.0,-0.0,-0.0,0.0
1736847057.1367354,0.0,2.98566,-0.0,-0.0,-0.0,0.0
1736847057.1377401,0.0,2.98578,-0.0,-0.0,-0.0,0.0
1736847057.138081,0.0,2.98593,-0.0,-0.0,-0.0,0.0
1736847057.1395557,0.0,2.98607,-0.0,-0.0,-0.0,0.0
1736847057.1395557,0.0,2.9862,-0.0,-0.0,-0.0,0.0
1736847057.1405547,0.0,2.98633,-0.0,-0.0,-0.0,0.0
1736847057.1415553,0.0,2.98644,-0.0,-0.0,-0.0,0.0
1736847057.1425664,0.0,2.98656,-0.0,-0.0,-0.0,0.0
1736847057.1425664,0.0,2.98667,-0.0,-0.0,-0.0,0.0
1736847057.1435578,0.0,2.98679,-0.0,-0.0,-0.0,0.0
1736847057.144557,0.0,2.98694,-0.0,-0.0,-0.0,0.0
1736847057.1454382,0.0,2.98709,-0.0,-0.0,-0.0,0.0
1736847057.1464467,0.0,2.98722,-0.0,-0.0,-0.0,0.0
1736847057.147444,0.0,2.98735,-0.0,-0.0,-0.0,0.0
1736847057.1484582,0.0,2.98747,-0.0,-0.0,-0.0,0.0
1736847057.1484582,0.0,2.98758,-0.0,-0.0,-0.0,0.0
1736847057.1494446,0.0,2.9877,-0.0,-0.0,-0.0,0.0
1736847057.1503303,0.0,2.98782,-0.0,-0.0,-0.0,0.0
1736847057.1513364,0.0,2.98795,-0.0,-0.0,-0.0,0.0
1736847057.1518543,0.0,2.98811,-0.0,-0.0,-0.0,0.0
1736847057.1518543,0.0,2.98824,-0.0,-0.0,-0.0,0.0
1736847057.1518543,0.0,2.98836,-0.0,-0.0,-0.0,0.0
1736847057.1518543,0.0,2.98848,-0.0,-0.0,-0.0,0.0
1736847057.1518543,0.0,2.9886,-0.0,-0.0,-0.0,0.0
1736847057.1565247,0.0,2.98872,-0.0,-0.0,-0.0,0.0
1736847057.157104,0.0,2.98884,-0.0,-0.0,-0.0,0.0
1736847057.1581166,0.0,2.98897,-0.0,-0.0,-0.0,0.0
1736847057.1589806,0.0,2.9891,-0.0,-0.0,-0.0,0.0
1736847057.16003,0.0,2.98927,-0.0,-0.0,-0.0,0.0
1736847057.16003,0.0,2.9894,-0.0,-0.0,-0.0,0.0
1736847057.1610298,0.0,2.98953,-0.0,-0.0,-0.0,0.0
1736847057.1625092,0.0,2.98965,-0.0,-0.0,-0.0,0.0
1736847057.1625092,0.0,2.98977,-0.0,-0.0,-0.0,0.0
1736847057.1635108,0.0,2.9899,-0.0,-0.0,-0.0,0.0
1736847057.1645114,0.0,2.99003,-0.0,-0.0,-0.0,0.0
1736847057.165446,0.0,2.99016,-0.0,-0.0,-0.0,0.0
1736847057.1657894,0.0,2.99029,-0.0,-0.0,-0.0,0.0
1736847057.1669748,0.0,2.99044,-0.0,-0.0,-0.0,0.0
1736847057.1669748,0.0,2.99056,-0.0,-0.0,-0.0,0.0
1736847057.1669748,0.0,2.99069,-0.0,-0.0,-0.0,0.0
1736847057.1669748,0.0,2.99081,-0.0,-0.0,-0.0,0.0
1736847057.1669748,0.0,2.99093,-0.0,-0.0,-0.0,0.0
1736847057.1711185,0.0,2.99105,-0.0,-0.0,-0.0,0.0
1736847057.1721244,0.0,2.99117,-0.0,-0.0,-0.0,0.0
1736847057.172876,0.0,2.99131,-0.0,-0.0,-0.0,0.0
1736847057.173906,0.0,2.99146,-0.0,-0.0,-0.0,0.0
1736847057.1744163,0.0,2.9916,-0.0,-0.0,-0.0,0.0
1736847057.1754336,0.0,2.99172,-0.0,-0.0,-0.0,0.0
1736847057.1754336,0.0,2.99183,-0.0,-0.0,-0.0,0.0
1736847057.1764212,0.0,2.99195,-0.0,-0.0,-0.0,0.0
1736847057.177421,0.0,2.99207,-0.0,-0.0,-0.0,0.0
1736847057.1784215,0.0,2.99219,-0.0,-0.0,-0.0,0.0
1736847057.179429,0.0,2.99232,-0.0,-0.0,-0.0,0.0
1736847057.1799543,0.0,2.99248,-0.0,-0.0,-0.0,0.0
1736847057.1809595,0.0,2.99261,-0.0,-0.0,-0.0,0.0
1736847057.1819594,0.0,2.99272,-0.0,-0.0,-0.0,0.0
1736847057.1819594,0.0,2.99284,-0.0,-0.0,-0.0,0.0
1736847057.1829598,0.0,2.99296,-0.0,-0.0,-0.0,0.0
1736847057.1838057,0.0,2.99308,-0.0,-0.0,-0.0,0.0
1736847057.1850584,0.0,2.99321,-0.0,-0.0,-0.0,0.0
1736847057.1850584,0.0,2.99333,-0.0,-0.0,-0.0,0.0
1736847057.186274,0.0,2.99349,-0.0,-0.0,-0.0,0.0
1736847057.186274,0.0,2.99363,-0.0,-0.0,-0.0,0.0
1736847057.186274,0.0,2.99376,-0.0,-0.0,-0.0,0.0
1736847057.189122,0.0,2.99388,-0.0,-0.0,-0.0,0.0
1736847057.1901684,0.0,2.994,-0.0,-0.0,-0.0,0.0
1736847057.1908422,0.0,2.99412,-0.0,-0.0,-0.0,0.0
1736847057.1908422,0.0,2.99424,-0.0,-0.0,-0.0,0.0
1736847057.1918552,0.0,2.99436,-0.0,-0.0,-0.0,0.0
1736847057.193145,0.0,2.99449,-0.0,-0.0,-0.0,0.0
1736847057.1936798,0.0,2.99465,-0.0,-0.0,-0.0,0.0
1736847057.195279,0.0,2.9948,-0.0,-0.0,-0.0,0.0
1736847057.195279,0.0,2.99493,-0.0,-0.0,-0.0,0.0
1736847057.1962836,0.0,2.99506,-0.0,-0.0,-0.0,0.0
1736847057.1972833,0.0,2.99518,-0.0,-0.0,-0.0,0.0
1736847057.198295,0.0,2.9953,-0.0,-0.0,-0.0,0.0
1736847057.198295,0.0,2.99541,-0.0,-0.0,-0.0,0.0
1736847057.1992874,0.0,2.99554,-0.0,-0.0,-0.0,0.0
1736847057.2006977,0.0,2.9957,-0.0,-0.0,-0.0,0.0
1736847057.2017162,0.0,2.99585,-0.0,-0.0,-0.0,0.0
1736847057.2027028,0.0,2.99597,-0.0,-0.0,-0.0,0.0
1736847057.2027028,0.0,2.99609,-0.0,-0.0,-0.0,0.0
1736847057.2037022,0.0,2.99621,-0.0,-0.0,-0.0,0.0
1736847057.2047048,0.0,2.99633,-0.0,-0.0,-0.0,0.0
1736847057.2057023,0.0,2.99644,-0.0,-0.0,-0.0,0.0
1736847057.2058616,0.0,2.99657,-0.0,-0.0,-0.0,0.0
1736847057.2075438,0.0,2.99672,-0.0,-0.0,-0.0,0.0
1736847057.2083728,0.0,2.99687,-0.0,-0.0,-0.0,0.0
1736847057.2087388,0.0,2.99701,-0.0,-0.0,-0.0,0.0
1736847057.2097447,0.0,2.99713,-0.0,-0.0,-0.0,0.0
1736847057.2107441,0.0,2.99724,-0.0,-0.0,-0.0,0.0
1736847057.2107441,0.0,2.99736,-0.0,-0.0,-0.0,0.0
1736847057.212302,0.0,2.99748,-0.0,-0.0,-0.0,0.0
1736847057.2124264,0.0,2.99761,-0.0,-0.0,-0.0,0.0
1736847057.2134314,0.0,2.99775,-0.0,-0.0,-0.0,0.0
1736847057.2144587,0.0,2.9979,-0.0,-0.0,-0.0,0.0
1736847057.215464,0.0,2.99802,-0.0,-0.0,-0.0,0.0
1736847057.2164633,0.0,2.99814,-0.0,-0.0,-0.0,0.0
1736847057.2170436,0.0,2.99826,-0.0,-0.0,-0.0,0.0
1736847057.218048,0.0,2.99838,-0.0,-0.0,-0.0,0.0
1736847057.218048,0.0,2.99852,-0.0,-0.0,-0.0,0.0
1736847057.219758,0.0,2.99864,-0.0,-0.0,-0.0,0.0
1736847057.219758,0.0,2.99878,-0.0,-0.0,-0.0,0.0
1736847057.2210248,0.0,2.99892,-0.0,-0.0,-0.0,0.0
1736847057.2220457,0.0,2.99906,-0.0,-0.0,-0.0,0.0
1736847057.2230518,0.0,2.9992,-0.0,-0.0,-0.0,0.0
1736847057.2230518,0.0,2.99932,-0.0,-0.0,-0.0,0.0
1736847057.2240515,0.0,2.99943,-0.0,-0.0,-0.0,0.0
1736847057.2255003,0.0,2.99955,-0.0,-0.0,-0.0,0.0
1736847057.2255003,0.0,2.99967,-0.0,-0.0,-0.0,0.0
1736847057.2265058,0.0,2.99979,-0.0,-0.0,-0.0,0.0
1736847057.2279134,0.0,2.99991,-0.0,-0.0,-0.0,0.0
1736847057.2283719,0.0,3.00008,-0.0,-0.0,-0.0,0.0
1736847057.2293746,0.0,3.00021,-0.0,-0.0,-0.0,0.0
1736847057.2303724,0.0,3.00033,-0.0,-0.0,-0.0,0.0
1736847057.2303724,0.0,3.00044,-0.0,-0.0,-0.0,0.0
1736847057.2313733,0.0,3.00056,-0.0,-0.0,-0.0,0.0
1736847057.2323725,0.0,3.00068,-0.0,-0.0,-0.0,0.0
1736847057.2334492,0.0,3.0008,-0.0,-0.0,-0.0,0.0
1736847057.2334492,0.0,3.00092,-0.0,-0.0,-0.0,0.0
1736847057.2351968,0.0,3.00106,-0.0,-0.0,-0.0,0.0
1736847057.2352571,0.0,3.00121,-0.0,-0.0,-0.0,0.0
1736847057.2362635,0.0,3.00135,-0.0,-0.0,-0.0,0.0
1736847057.2372613,0.0,3.00146,-0.0,-0.0,-0.0,0.0
1736847057.2382112,0.0,3.00158,-0.0,-0.0,-0.0,0.0
1736847057.2382112,0.0,3.0017,-0.0,-0.0,-0.0,0.0
1736847057.2392156,0.0,3.00181,-0.0,-0.0,-0.0,0.0
1736847057.2406178,0.0,3.00193,-0.0,-0.0,-0.0,0.0
1736847057.2406178,0.0,3.00206,-0.0,-0.0,-0.0,0.0
1736847057.2418158,0.0,3.00221,-0.0,-0.0,-0.0,0.0
1736847057.2431774,0.0,3.00235,-0.0,-0.0,-0.0,0.0
1736847057.244003,0.0,3.00248,-0.0,-0.0,-0.0,0.0
1736847057.244003,0.0,3.0026,-0.0,-0.0,-0.0,0.0
1736847057.2450159,0.0,3.00272,-0.0,-0.0,-0.0,0.0
1736847057.2460136,0.0,3.00284,-0.0,-0.0,-0.0,0.0
1736847057.247014,0.0,3.00295,-0.0,-0.0,-0.0,0.0
1736847057.247014,0.0,3.00306,-0.0,-0.0,-0.0,0.0
1736847057.2480133,0.0,3.00319,-0.0,-0.0,-0.0,0.0
1736847057.249201,0.0,3.00336,-0.0,-0.0,-0.0,0.0
1736847057.2502406,0.0,3.00349,-0.0,-0.0,-0.0,0.0
1736847057.2512448,0.0,3.00361,-0.0,-0.0,-0.0,0.0
1736847057.2512448,0.0,3.00373,-0.0,-0.0,-0.0,0.0
1736847057.252239,0.0,3.00385,-0.0,-0.0,-0.0,0.0
1736847057.2532382,0.0,3.00397,-0.0,-0.0,-0.0,0.0
1736847057.2543116,0.0,3.00408,-0.0,-0.0,-0.0,0.0
1736847057.254463,0.0,3.00421,-0.0,-0.0,-0.0,0.0
1736847057.2561815,0.0,3.00437,-0.0,-0.0,-0.0,0.0
1736847057.2561815,0.0,3.00452,-0.0,-0.0,-0.0,0.0
1736847057.2572272,0.0,3.00466,-0.0,-0.0,-0.0,0.0
1736847057.2582257,0.0,3.00478,-0.0,-0.0,-0.0,0.0
1736847057.2590282,0.0,3.0049,-0.0,-0.0,-0.0,0.0
1736847057.2590282,0.0,3.00502,-0.0,-0.0,-0.0,0.0
1736847057.2590282,0.0,3.00515,-0.0,-0.0,-0.0,0.0
1736847057.2613986,0.0,3.00527,-0.0,-0.0,-0.0,0.0
1736847057.2626452,0.0,3.00539,-0.0,-0.0,-0.0,0.0
1736847057.2626452,0.0,3.00554,-0.0,-0.0,-0.0,0.0
1736847057.2643,0.0,3.00567,-0.0,-0.0,-0.0,0.0
1736847057.2652504,0.0,3.0058,-0.0,-0.0,-0.0,0.0
1736847057.2652504,0.0,3.00592,-0.0,-0.0,-0.0,0.0
1736847057.2662568,0.0,3.00604,-0.0,-0.0,-0.0,0.0
1736847057.2672553,0.0,3.00616,-0.0,-0.0,-0.0,0.0
1736847057.2682548,0.0,3.00627,-0.0,-0.0,-0.0,0.0
1736847057.2682548,0.0,3.0064,-0.0,-0.0,-0.0,0.0
1736847057.2700558,0.0,3.00654,-0.0,-0.0,-0.0,0.0
1736847057.2700558,0.0,3.0067,-0.0,-0.0,-0.0,0.0
1736847057.271058,0.0,3.00683,-0.0,-0.0,-0.0,0.0
1736847057.2720563,0.0,3.00695,-0.0,-0.0,-0.0,0.0
1736847057.273056,0.0,3.00711,-0.0,-0.0,-0.0,0.0
1736847057.2740562,0.0,3.00723,-0.0,-0.0,-0.0,0.0
1736847057.275063,0.0,3.00735,-0.0,-0.0,-0.0,0.0
1736847057.275286,0.0,3.00749,-0.0,-0.0,-0.0,0.0
1736847057.2773824,0.0,3.00764,-0.0,-0.0,-0.0,0.0
1736847057.2776911,0.0,3.00785,-0.0,-0.0,-0.0,0.0
1736847057.2787328,0.0,3.00798,-0.0,-0.0,-0.0,0.0
1736847057.279742,0.0,3.00809,-0.0,-0.0,-0.0,0.0
1736847057.279742,0.0,3.00821,-0.0,-0.0,-0.0,0.0
1736847057.2810843,0.0,3.00833,-0.0,-0.0,-0.0,0.0
1736847057.2820852,0.0,3.00844,-0.0,-0.0,-0.0,0.0
1736847057.2822423,0.0,3.00858,-0.0,-0.0,-0.0,0.0
1736847057.2835054,0.0,3.00872,-0.0,-0.0,-0.0,0.0
1736847057.2835054,0.0,3.00886,-0.0,-0.0,-0.0,0.0
1736847057.2835054,0.0,3.00899,-0.0,-0.0,-0.0,0.0
1736847057.286169,0.0,3.0091,-0.0,-0.0,-0.0,0.0
1736847057.2869434,0.0,3.00922,-0.0,-0.0,-0.0,0.0
1736847057.2878103,0.0,3.00935,-0.0,-0.0,-0.0,0.0
1736847057.2878103,0.0,3.00947,-0.0,-0.0,-0.0,0.0
1736847057.288824,0.0,3.00958,-0.0,-0.0,-0.0,0.0
1736847057.2898347,0.0,3.0097,-0.0,-0.0,-0.0,0.0
1736847057.2907257,0.0,3.00983,-0.0,-0.0,-0.0,0.0
1736847057.2917671,0.0,3.00998,-0.0,-0.0,-0.0,0.0
1736847057.3608105,0.0,3.02243,-0.0,-0.0,-0.0,0.0
1736847057.3608105,0.0,3.02273,-0.0,-0.0,-0.0,0.0
1736847057.3608105,0.0,3.02293,-0.0,-0.0,-0.0,0.0
1736847057.3608105,0.0,3.02311,-0.0,-0.0,-0.0,0.0
1736847057.3763218,0.0,3.02324,-0.0,-0.0,-0.0,0.0
1736847057.3763218,0.0,3.02337,-0.0,-0.0,-0.0,0.0
1736847057.3779144,0.0,3.02349,-0.0,-0.0,-0.0,0.0
1736847057.378537,0.0,3.02366,-0.0,-0.0,-0.0,0.0
1736847057.3793495,0.0,3.02379,-0.0,-0.0,-0.0,0.0
1736847057.3806434,0.0,3.02394,-0.0,-0.0,-0.0,0.0
1736847057.3815467,0.0,3.02409,-0.0,-0.0,-0.0,0.0
1736847057.3815467,0.0,3.02421,-0.0,-0.0,-0.0,0.0
1736847057.3831341,0.0,3.02434,-0.0,-0.0,-0.0,0.0
1736847057.3831341,0.0,3.02446,-0.0,-0.0,-0.0,0.0
1736847057.38414,0.0,3.02457,-0.0,-0.0,-0.0,0.0
1736847057.3851392,0.0,3.02469,-0.0,-0.0,-0.0,0.0
1736847057.3861492,0.0,3.02481,-0.0,-0.0,-0.0,0.0
1736847057.3871412,0.0,3.02494,-0.0,-0.0,-0.0,0.0
1736847057.387992,0.0,3.02509,-0.0,-0.0,-0.0,0.0
1736847057.389169,0.0,3.02523,-0.0,-0.0,-0.0,0.0
1736847057.3892317,0.0,3.02539,-0.0,-0.0,-0.0,0.0
1736847057.3902338,0.0,3.02553,-0.0,-0.0,-0.0,0.0
1736847057.391232,0.0,3.02566,-0.0,-0.0,-0.0,0.0
1736847057.3922422,0.0,3.02578,-0.0,-0.0,-0.0,0.0
1736847057.3922422,0.0,3.02589,-0.0,-0.0,-0.0,0.0
1736847057.3932326,0.0,3.02601,-0.0,-0.0,-0.0,0.0
1736847057.3942332,0.0,3.02614,-0.0,-0.0,-0.0,0.0
1736847057.3951244,0.0,3.0263,-0.0,-0.0,-0.0,0.0
1736847057.396131,0.0,3.02644,-0.0,-0.0,-0.0,0.0
1736847057.3971283,0.0,3.02656,-0.0,-0.0,-0.0,0.0
1736847057.3981283,0.0,3.02668,-0.0,-0.0,-0.0,0.0
1736847057.3981283,0.0,3.02679,-0.0,-0.0,-0.0,0.0
1736847057.3991306,0.0,3.02691,-0.0,-0.0,-0.0,0.0
1736847057.4002607,0.0,3.02703,-0.0,-0.0,-0.0,0.0
1736847057.4012678,0.0,3.02716,-0.0,-0.0,-0.0,0.0
1736847057.4017909,0.0,3.02729,-0.0,-0.0,-0.0,0.0
1736847057.402856,0.0,3.02743,-0.0,-0.0,-0.0,0.0
1736847057.4036858,0.0,3.02756,-0.0,-0.0,-0.0,0.0
1736847057.4044557,0.0,3.02768,-0.0,-0.0,-0.0,0.0
1736847057.4051101,0.0,3.02781,-0.0,-0.0,-0.0,0.0
1736847057.4061148,0.0,3.02793,-0.0,-0.0,-0.0,0.0
1736847057.4061148,0.0,3.02806,-0.0,-0.0,-0.0,0.0
1736847057.4072342,0.0,3.02819,-0.0,-0.0,-0.0,0.0
1736847057.4084759,0.0,3.02832,-0.0,-0.0,-0.0,0.0
1736847057.4084759,0.0,3.02845,-0.0,-0.0,-0.0,0.0
1736847057.4100928,0.0,3.02858,-0.0,-0.0,-0.0,0.0
1736847057.4110985,0.0,3.0287,-0.0,-0.0,-0.0,0.0
1736847057.4110985,0.0,3.02883,-0.0,-0.0,-0.0,0.0
1736847057.4120977,0.0,3.02895,-0.0,-0.0,-0.0,0.0
1736847057.4130974,0.0,3.02907,-0.0,-0.0,-0.0,0.0
1736847057.414098,0.0,3.02918,-0.0,-0.0,-0.0,0.0
1736847057.414098,0.0,3.02931,-0.0,-0.0,-0.0,0.0
1736847057.4159374,0.0,3.02947,-0.0,-0.0,-0.0,0.0
1736847057.41695,0.0,3.02965,-0.0,-0.0,-0.0,0.0
1736847057.417952,0.0,3.0298,-0.0,-0.0,-0.0,0.0
1736847057.417952,0.0,3.02993,-0.0,-0.0,-0.0,0.0
1736847057.4189389,0.0,3.03004,-0.0,-0.0,-0.0,0.0
1736847057.4199378,0.0,3.03017,-0.0,-0.0,-0.0,0.0
1736847057.4211488,0.0,3.0303,-0.0,-0.0,-0.0,0.0
1736847057.4221509,0.0,3.03043,-0.0,-0.0,-0.0,0.0
1736847057.4231186,0.0,3.03058,-0.0,-0.0,-0.0,0.0
1736847057.423361,0.0,3.03074,-0.0,-0.0,-0.0,0.0
1736847057.4244056,0.0,3.03088,-0.0,-0.0,-0.0,0.0
1736847057.4254038,0.0,3.03101,-0.0,-0.0,-0.0,0.0
1736847057.4264038,0.0,3.03113,-0.0,-0.0,-0.0,0.0
1736847057.427148,0.0,3.03125,-0.0,-0.0,-0.0,0.0
1736847057.4278948,0.0,3.03138,-0.0,-0.0,-0.0,0.0
1736847057.4289012,0.0,3.03151,-0.0,-0.0,-0.0,0.0
1736847057.4295895,0.0,3.03166,-0.0,-0.0,-0.0,0.0
1736847057.4295895,0.0,3.0318,-0.0,-0.0,-0.0,0.0
1736847057.4295895,0.0,3.03193,-0.0,-0.0,-0.0,0.0
1736847057.4295895,0.0,3.03205,-0.0,-0.0,-0.0,0.0
1736847057.4295895,0.0,3.03217,-0.0,-0.0,-0.0,0.0
1736847057.4337857,0.0,3.03229,-0.0,-0.0,-0.0,0.0
1736847057.4346266,0.0,3.03241,-0.0,-0.0,-0.0,0.0
1736847057.4346266,0.0,3.03253,-0.0,-0.0,-0.0,0.0
1736847057.4362326,0.0,3.03266,-0.0,-0.0,-0.0,0.0
1736847057.4376507,0.0,3.03284,-0.0,-0.0,-0.0,0.0
1736847057.438668,0.0,3.03305,-0.0,-0.0,-0.0,0.0
1736847057.4392686,0.0,3.0332,-0.0,-0.0,-0.0,0.0
1736847057.4402738,0.0,3.03333,-0.0,-0.0,-0.0,0.0
1736847057.4412735,0.0,3.03345,-0.0,-0.0,-0.0,0.0
1736847057.4412735,0.0,3.03357,-0.0,-0.0,-0.0,0.0
1736847057.4422758,0.0,3.03369,-0.0,-0.0,-0.0,0.0
1736847057.4435759,0.0,3.03383,-0.0,-0.0,-0.0,0.0
1736847057.4446487,0.0,3.03398,-0.0,-0.0,-0.0,0.0
1736847057.445285,0.0,3.03412,-0.0,-0.0,-0.0,0.0
1736847057.446289,0.0,3.03424,-0.0,-0.0,-0.0,0.0
1736847057.446289,0.0,3.03436,-0.0,-0.0,-0.0,0.0
1736847057.4472907,0.0,3.03448,-0.0,-0.0,-0.0,0.0
1736847057.4482894,0.0,3.0346,-0.0,-0.0,-0.0,0.0
1736847057.4492931,0.0,3.03472,-0.0,-0.0,-0.0,0.0
1736847057.450293,0.0,3.03485,-0.0,-0.0,-0.0,0.0
1736847057.4511843,0.0,3.035,-0.0,-0.0,-0.0,0.0
1736847057.4519727,0.0,3.03515,-0.0,-0.0,-0.0,0.0
1736847057.452338,0.0,3.03528,-0.0,-0.0,-0.0,0.0
1736847057.453351,0.0,3.03541,-0.0,-0.0,-0.0,0.0
1736847057.4543574,0.0,3.03553,-0.0,-0.0,-0.0,0.0
1736847057.4543574,0.0,3.03564,-0.0,-0.0,-0.0,0.0
1736847057.455349,0.0,3.03576,-0.0,-0.0,-0.0,0.0
1736847057.4563508,0.0,3.03589,-0.0,-0.0,-0.0,0.0
1736847057.45754,0.0,3.03605,-0.0,-0.0,-0.0,0.0
1736847057.458554,0.0,3.03619,-0.0,-0.0,-0.0,0.0
1736847057.4595418,0.0,3.03631,-0.0,-0.0,-0.0,0.0
1736847057.4595418,0.0,3.03643,-0.0,-0.0,-0.0,0.0
1736847057.4605405,0.0,3.03655,-0.0,-0.0,-0.0,0.0
1736847057.4615548,0.0,3.03667,-0.0,-0.0,-0.0,0.0
1736847057.4625683,0.0,3.03679,-0.0,-0.0,-0.0,0.0
1736847057.4625683,0.0,3.03692,-0.0,-0.0,-0.0,0.0
1736847057.4640205,0.0,3.03705,-0.0,-0.0,-0.0,0.0
1736847057.4643412,0.0,3.0372,-0.0,-0.0,-0.0,0.0
1736847057.465394,0.0,3.03734,-0.0,-0.0,-0.0,0.0
1736847057.4663918,0.0,3.03745,-0.0,-0.0,-0.0,0.0
1736847057.4673107,0.0,3.03757,-0.0,-0.0,-0.0,0.0
1736847057.468315,0.0,3.03769,-0.0,-0.0,-0.0,0.0
1736847057.468315,0.0,3.03782,-0.0,-0.0,-0.0,0.0
1736847057.4697666,0.0,3.03793,-0.0,-0.0,-0.0,0.0
1736847057.4697666,0.0,3.03806,-0.0,-0.0,-0.0,0.0
1736847057.471011,0.0,3.03821,-0.0,-0.0,-0.0,0.0
1736847057.471011,0.0,3.03834,-0.0,-0.0,-0.0,0.0
1736847057.4732957,0.0,3.03848,-0.0,-0.0,-0.0,0.0
1736847057.4739604,0.0,3.0386,-0.0,-0.0,-0.0,0.0
1736847057.474755,0.0,3.03873,-0.0,-0.0,-0.0,0.0
1736847057.4755461,0.0,3.03885,-0.0,-0.0,-0.0,0.0
1736847057.4755461,0.0,3.03897,-0.0,-0.0,-0.0,0.0
1736847057.476558,0.0,3.03909,-0.0,-0.0,-0.0,0.0
1736847057.4775603,0.0,3.03922,-0.0,-0.0,-0.0,0.0
1736847057.478816,0.0,3.03936,-0.0,-0.0,-0.0,0.0
1736847057.4790902,0.0,3.03951,-0.0,-0.0,-0.0,0.0
1736847057.48009,0.0,3.03964,-0.0,-0.0,-0.0,0.0
1736847057.481087,0.0,3.03977,-0.0,-0.0,-0.0,0.0
1736847057.482097,0.0,3.03989,-0.0,-0.0,-0.0,0.0
1736847057.482097,0.0,3.04,-0.0,-0.0,-0.0,0.0
1736847057.4830875,0.0,3.04012,-0.0,-0.0,-0.0,0.0
1736847057.4840884,0.0,3.04025,-0.0,-0.0,-0.0,0.0
1736847057.4855454,0.0,3.0404,-0.0,-0.0,-0.0,0.0
1736847057.4865484,0.0,3.04055,-0.0,-0.0,-0.0,0.0
1736847057.4865484,0.0,3.04069,-0.0,-0.0,-0.0,0.0
1736847057.4875467,0.0,3.04081,-0.0,-0.0,-0.0,0.0
1736847057.4885464,0.0,3.04093,-0.0,-0.0,-0.0,0.0
1736847057.489557,0.0,3.04105,-0.0,-0.0,-0.0,0.0
1736847057.4903913,0.0,3.04116,-0.0,-0.0,-0.0,0.0
1736847057.4905531,0.0,3.04129,-0.0,-0.0,-0.0,0.0
1736847057.4920828,0.0,3.04142,-0.0,-0.0,-0.0,0.0
1736847057.492874,0.0,3.04157,-0.0,-0.0,-0.0,0.0
1736847057.493397,0.0,3.04171,-0.0,-0.0,-0.0,0.0
1736847057.4944222,0.0,3.04183,-0.0,-0.0,-0.0,0.0
1736847057.4951854,0.0,3.04194,-0.0,-0.0,-0.0,0.0
1736847057.4951854,0.0,3.04206,-0.0,-0.0,-0.0,0.0
1736847057.4961917,0.0,3.04218,-0.0,-0.0,-0.0,0.0
1736847057.4975436,0.0,3.0423,-0.0,-0.0,-0.0,0.0
1736847057.4975436,0.0,3.04243,-0.0,-0.0,-0.0,0.0
1736847057.498764,0.0,3.04257,-0.0,-0.0,-0.0,0.0
1736847057.498764,0.0,3.04271,-0.0,-0.0,-0.0,0.0
1736847057.5007887,0.0,3.04284,-0.0,-0.0,-0.0,0.0
1736847057.5017948,0.0,3.04296,-0.0,-0.0,-0.0,0.0
1736847057.5017948,0.0,3.04308,-0.0,-0.0,-0.0,0.0
1736847057.5027943,0.0,3.0432,-0.0,-0.0,-0.0,0.0
1736847057.5037935,0.0,3.04332,-0.0,-0.0,-0.0,0.0
1736847057.504801,0.0,3.04344,-0.0,-0.0,-0.0,0.0
1736847057.5056624,0.0,3.04357,-0.0,-0.0,-0.0,0.0
1736847057.5067127,0.0,3.04374,-0.0,-0.0,-0.0,0.0
1736847057.5077193,0.0,3.04389,-0.0,-0.0,-0.0,0.0
1736847057.5077193,0.0,3.04401,-0.0,-0.0,-0.0,0.0
1736847057.5087187,0.0,3.04413,-0.0,-0.0,-0.0,0.0
1736847057.5099213,0.0,3.04425,-0.0,-0.0,-0.0,0.0
1736847057.5106447,0.0,3.04437,-0.0,-0.0,-0.0,0.0
1736847057.5113559,0.0,3.04448,-0.0,-0.0,-0.0,0.0
1736847057.5123622,0.0,3.04461,-0.0,-0.0,-0.0,0.0
1736847057.5129163,0.0,3.04477,-0.0,-0.0,-0.0,0.0
1736847057.5129163,0.0,3.04491,-0.0,-0.0,-0.0,0.0
1736847057.5129163,0.0,3.04505,-0.0,-0.0,-0.0,0.0
1736847057.5129163,0.0,3.04517,-0.0,-0.0,-0.0,0.0
1736847057.5129163,0.0,3.04529,-0.0,-0.0,-0.0,0.0
1736847057.5172935,0.0,3.04541,-0.0,-0.0,-0.0,0.0
1736847057.5172935,0.0,3.04553,-0.0,-0.0,-0.0,0.0
1736847057.5182996,0.0,3.04565,-0.0,-0.0,-0.0,0.0
1736847057.5196893,0.0,3.04578,-0.0,-0.0,-0.0,0.0
1736847057.5200012,0.0,3.04593,-0.0,-0.0,-0.0,0.0
1736847057.5210528,0.0,3.04607,-0.0,-0.0,-0.0,0.0
1736847057.521894,0.0,3.04619,-0.0,-0.0,-0.0,0.0
1736847057.521894,0.0,3.04632,-0.0,-0.0,-0.0,0.0
1736847057.521894,0.0,3.04644,-0.0,-0.0,-0.0,0.0
1736847057.521894,0.0,3.04656,-0.0,-0.0,-0.0,0.0
1736847057.525268,0.0,3.04668,-0.0,-0.0,-0.0,0.0
1736847057.5262744,0.0,3.04681,-0.0,-0.0,-0.0,0.0
1736847057.52654,0.0,3.04696,-0.0,-0.0,-0.0,0.0
1736847057.5279322,0.0,3.0471,-0.0,-0.0,-0.0,0.0
1736847057.5289376,0.0,3.04722,-0.0,-0.0,-0.0,0.0
1736847057.5289376,0.0,3.04734,-0.0,-0.0,-0.0,0.0
1736847057.5299373,0.0,3.04746,-0.0,-0.0,-0.0,0.0
1736847057.5309362,0.0,3.04758,-0.0,-0.0,-0.0,0.0
1736847057.5319364,0.0,3.04769,-0.0,-0.0,-0.0,0.0
1736847057.5319364,0.0,3.04781,-0.0,-0.0,-0.0,0.0
1736847057.5329375,0.0,3.04794,-0.0,-0.0,-0.0,0.0
1736847057.5338676,0.0,3.0481,-0.0,-0.0,-0.0,0.0
1736847057.535308,0.0,3.04824,-0.0,-0.0,-0.0,0.0
1736847057.5356786,0.0,3.04836,-0.0,-0.0,-0.0,0.0
1736847057.5366838,0.0,3.04848,-0.0,-0.0,-0.0,0.0
1736847057.5376832,0.0,3.0486,-0.0,-0.0,-0.0,0.0
1736847057.5376832,0.0,3.04873,-0.0,-0.0,-0.0,0.0
1736847057.5391953,0.0,3.04885,-0.0,-0.0,-0.0,0.0
1736847057.540202,0.0,3.04898,-0.0,-0.0,-0.0,0.0
1736847057.5410156,0.0,3.04913,-0.0,-0.0,-0.0,0.0
1736847057.5420215,0.0,3.04927,-0.0,-0.0,-0.0,0.0
1736847057.5420215,0.0,3.04941,-0.0,-0.0,-0.0,0.0
1736847057.5430207,0.0,3.04954,-0.0,-0.0,-0.0,0.0
1736847057.5439818,0.0,3.04966,-0.0,-0.0,-0.0,0.0
1736847057.5439818,0.0,3.04978,-0.0,-0.0,-0.0,0.0
1736847057.5461135,0.0,3.0499,-0.0,-0.0,-0.0,0.0
1736847057.5461135,0.0,3.05004,-0.0,-0.0,-0.0,0.0
1736847057.5473866,0.0,3.05019,-0.0,-0.0,-0.0,0.0
1736847057.5473866,0.0,3.05032,-0.0,-0.0,-0.0,0.0
1736847057.5495536,0.0,3.05045,-0.0,-0.0,-0.0,0.0
1736847057.5496855,0.0,3.05058,-0.0,-0.0,-0.0,0.0
1736847057.5506868,0.0,3.05071,-0.0,-0.0,-0.0,0.0
1736847057.5519786,0.0,3.05083,-0.0,-0.0,-0.0,0.0
1736847057.5519786,0.0,3.05095,-0.0,-0.0,-0.0,0.0
1736847057.5529842,0.0,3.05107,-0.0,-0.0,-0.0,0.0
1736847057.5543303,0.0,3.0512,-0.0,-0.0,-0.0,0.0
1736847057.5543303,0.0,3.05136,-0.0,-0.0,-0.0,0.0
1736847057.5559068,0.0,3.0515,-0.0,-0.0,-0.0,0.0
1736847057.5569165,0.0,3.05163,-0.0,-0.0,-0.0,0.0
1736847057.5569165,0.0,3.05175,-0.0,-0.0,-0.0,0.0
1736847057.5579123,0.0,3.05187,-0.0,-0.0,-0.0,0.0
1736847057.5589113,0.0,3.05198,-0.0,-0.0,-0.0,0.0
1736847057.5599117,0.0,3.0521,-0.0,-0.0,-0.0,0.0
1736847057.5609114,0.0,3.05223,-0.0,-0.0,-0.0,0.0
1736847057.5617318,0.0,3.05237,-0.0,-0.0,-0.0,0.0
1736847057.561902,0.0,3.05253,-0.0,-0.0,-0.0,0.0
1736847057.5629046,0.0,3.05267,-0.0,-0.0,-0.0,0.0
1736847057.563904,0.0,3.05279,-0.0,-0.0,-0.0,0.0
1736847057.564902,0.0,3.05291,-0.0,-0.0,-0.0,0.0
1736847057.5659022,0.0,3.05303,-0.0,-0.0,-0.0,0.0
1736847057.566434,0.0,3.05315,-0.0,-0.0,-0.0,0.0
1736847057.5674398,0.0,3.05327,-0.0,-0.0,-0.0,0.0
1736847057.5682728,0.0,3.0534,-0.0,-0.0,-0.0,0.0
1736847057.5682728,0.0,3.05354,-0.0,-0.0,-0.0,0.0
1736847057.5682728,0.0,3.05367,-0.0,-0.0,-0.0,0.0
1736847057.5682728,0.0,3.0538,-0.0,-0.0,-0.0,0.0
1736847057.5682728,0.0,3.05392,-0.0,-0.0,-0.0,0.0
1736847057.5722027,0.0,3.05403,-0.0,-0.0,-0.0,0.0
1736847057.5730455,0.0,3.05415,-0.0,-0.0,-0.0,0.0
1736847057.5730455,0.0,3.05427,-0.0,-0.0,-0.0,0.0
1736847057.5740595,0.0,3.0544,-0.0,-0.0,-0.0,0.0
1736847057.5751996,0.0,3.05453,-0.0,-0.0,-0.0,0.0
1736847057.5756621,0.0,3.05468,-0.0,-0.0,-0.0,0.0
1736847057.5768113,0.0,3.05481,-0.0,-0.0,-0.0,0.0
1736847057.5768113,0.0,3.05494,-0.0,-0.0,-0.0,0.0
1736847057.5768113,0.0,3.05507,-0.0,-0.0,-0.0,0.0
1736847057.5768113,0.0,3.05519,-0.0,-0.0,-0.0,0.0
1736847057.5768113,0.0,3.05531,-0.0,-0.0,-0.0,0.0
1736847057.580821,0.0,3.05542,-0.0,-0.0,-0.0,0.0
1736847057.5818348,0.0,3.05554,-0.0,-0.0,-0.0,0.0
1736847057.58262,0.0,3.05571,-0.0,-0.0,-0.0,0.0
1736847057.583644,0.0,3.05585,-0.0,-0.0,-0.0,0.0
1736847057.584625,0.0,3.05597,-0.0,-0.0,-0.0,0.0
1736847057.584625,0.0,3.05609,-0.0,-0.0,-0.0,0.0
1736847057.5856268,0.0,3.0562,-0.0,-0.0,-0.0,0.0
1736847057.5866358,0.0,3.05632,-0.0,-0.0,-0.0,0.0
1736847057.587626,0.0,3.05643,-0.0,-0.0,-0.0,0.0
1736847057.5877712,0.0,3.05657,-0.0,-0.0,-0.0,0.0
1736847057.5892565,0.0,3.0567,-0.0,-0.0,-0.0,0.0
1736847057.5901823,0.0,3.05686,-0.0,-0.0,-0.0,0.0
1736847057.5910661,0.0,3.057,-0.0,-0.0,-0.0,0.0
1736847057.5914803,0.0,3.05713,-0.0,-0.0,-0.0,0.0
1736847057.5924933,0.0,3.05724,-0.0,-0.0,-0.0,0.0
1736847057.5933013,0.0,3.05736,-0.0,-0.0,-0.0,0.0
1736847057.5943067,0.0,3.05748,-0.0,-0.0,-0.0,0.0
1736847057.5947082,0.0,3.05759,-0.0,-0.0,-0.0,0.0
1736847057.5957127,0.0,3.05772,-0.0,-0.0,-0.0,0.0
1736847057.5959623,0.0,3.05787,-0.0,-0.0,-0.0,0.0
1736847057.5959623,0.0,3.058,-0.0,-0.0,-0.0,0.0
1736847057.5959623,0.0,3.05812,-0.0,-0.0,-0.0,0.0
1736847057.5959623,0.0,3.05824,-0.0,-0.0,-0.0,0.0
1736847057.599669,0.0,3.05836,-0.0,-0.0,-0.0,0.0
1736847057.6006749,0.0,3.05848,-0.0,-0.0,-0.0,0.0
1736847057.6006749,0.0,3.0586,-0.0,-0.0,-0.0,0.0
1736847057.6016734,0.0,3.05871,-0.0,-0.0,-0.0,0.0
1736847057.6026764,0.0,3.05885,-0.0,-0.0,-0.0,0.0
1736847057.6032517,0.0,3.05898,-0.0,-0.0,-0.0,0.0
1736847057.6042583,0.0,3.05911,-0.0,-0.0,-0.0,0.0
1736847057.6054866,0.0,3.05924,-0.0,-0.0,-0.0,0.0
1736847057.6056087,0.0,3.05937,-0.0,-0.0,-0.0,0.0
1736847057.6066084,0.0,3.05949,-0.0,-0.0,-0.0,0.0
1736847057.6078167,0.0,3.05961,-0.0,-0.0,-0.0,0.0
1736847057.6078167,0.0,3.05972,-0.0,-0.0,-0.0,0.0
1736847057.6088243,0.0,3.05984,-0.0,-0.0,-0.0,0.0
1736847057.6101527,0.0,3.05998,-0.0,-0.0,-0.0,0.0
1736847057.6101527,0.0,3.06012,-0.0,-0.0,-0.0,0.0
1736847057.6101527,0.0,3.06026,-0.0,-0.0,-0.0,0.0
1736847057.6101527,0.0,3.06037,-0.0,-0.0,-0.0,0.0
1736847057.6101527,0.0,3.0605,-0.0,-0.0,-0.0,0.0
1736847057.6101527,0.0,3.06061,-0.0,-0.0,-0.0,0.0
1736847057.6101527,0.0,3.06073,-0.0,-0.0,-0.0,0.0
1736847057.6154327,0.0,3.06085,-0.0,-0.0,-0.0,0.0
1736847057.616441,0.0,3.06097,-0.0,-0.0,-0.0,0.0
1736847057.6171608,0.0,3.06113,-0.0,-0.0,-0.0,0.0
1736847057.6182141,0.0,3.06126,-0.0,-0.0,-0.0,0.0
1736847057.6182141,0.0,3.06138,-0.0,-0.0,-0.0,0.0
1736847057.6192014,0.0,3.0615,-0.0,-0.0,-0.0,0.0
1736847057.6202002,0.0,3.06162,-0.0,-0.0,-0.0,0.0
1736847057.621345,0.0,3.06173,-0.0,-0.0,-0.0,0.0
1736847057.6214411,0.0,3.06186,-0.0,-0.0,-0.0,0.0
1736847057.622443,0.0,3.06199,-0.0,-0.0,-0.0,0.0
1736847057.6236672,0.0,3.06211,-0.0,-0.0,-0.0,0.0
1736847057.6240208,0.0,3.06226,-0.0,-0.0,-0.0,0.0
1736847057.625389,0.0,3.06239,-0.0,-0.0,-0.0,0.0
1736847057.626347,0.0,3.06251,-0.0,-0.0,-0.0,0.0
1736847057.626347,0.0,3.06265,-0.0,-0.0,-0.0,0.0
1736847057.626347,0.0,3.06276,-0.0,-0.0,-0.0,0.0
1736847057.626347,0.0,3.06288,-0.0,-0.0,-0.0,0.0
1736847057.629466,0.0,3.063,-0.0,-0.0,-0.0,0.0
1736847057.629466,0.0,3.06313,-0.0,-0.0,-0.0,0.0
1736847057.6312118,0.0,3.06327,-0.0,-0.0,-0.0,0.0
1736847057.632257,0.0,3.06347,-0.0,-0.0,-0.0,0.0
1736847057.6332724,0.0,3.0636,-0.0,-0.0,-0.0,0.0
1736847057.633583,0.0,3.06372,-0.0,-0.0,-0.0,0.0
1736847057.6346061,0.0,3.06383,-0.0,-0.0,-0.0,0.0
1736847057.6346061,0.0,3.06395,-0.0,-0.0,-0.0,0.0
1736847057.6355884,0.0,3.06407,-0.0,-0.0,-0.0,0.0
1736847057.6365886,0.0,3.06419,-0.0,-0.0,-0.0,0.0
1736847057.637589,0.0,3.06432,-0.0,-0.0,-0.0,0.0
1736847057.6383767,0.0,3.06447,-0.0,-0.0,-0.0,0.0
1736847057.639429,0.0,3.06459,-0.0,-0.0,-0.0,0.0
1736847057.639429,0.0,3.06472,-0.0,-0.0,-0.0,0.0
1736847057.6404169,0.0,3.06483,-0.0,-0.0,-0.0,0.0
1736847057.6414156,0.0,3.06495,-0.0,-0.0,-0.0,0.0
1736847057.6424153,0.0,3.06507,-0.0,-0.0,-0.0,0.0
1736847057.6434195,0.0,3.0652,-0.0,-0.0,-0.0,0.0
1736847057.6434195,0.0,3.06532,-0.0,-0.0,-0.0,0.0
1736847057.6446955,0.0,3.06545,-0.0,-0.0,-0.0,0.0
1736847057.6446955,0.0,3.0656,-0.0,-0.0,-0.0,0.0
1736847057.6446955,0.0,3.06573,-0.0,-0.0,-0.0,0.0
1736847057.647307,0.0,3.06584,-0.0,-0.0,-0.0,0.0
1736847057.647307,0.0,3.06596,-0.0,-0.0,-0.0,0.0
1736847057.6483126,0.0,3.06608,-0.0,-0.0,-0.0,0.0
1736847057.6497726,0.0,3.06619,-0.0,-0.0,-0.0,0.0
1736847057.6497726,0.0,3.06631,-0.0,-0.0,-0.0,0.0
1736847057.6507795,0.0,3.06643,-0.0,-0.0,-0.0,0.0
1736847057.6521034,0.0,3.06657,-0.0,-0.0,-0.0,0.0
1736847057.6521034,0.0,3.06671,-0.0,-0.0,-0.0,0.0
1736847057.6531103,0.0,3.06684,-0.0,-0.0,-0.0,0.0
1736847057.6531103,0.0,3.06695,-0.0,-0.0,-0.0,0.0
1736847057.6531103,0.0,3.06707,-0.0,-0.0,-0.0,0.0
1736847057.6531103,0.0,3.06719,-0.0,-0.0,-0.0,0.0
1736847057.6531103,0.0,3.06731,-0.0,-0.0,-0.0,0.0
1736847057.6572065,0.0,3.06743,-0.0,-0.0,-0.0,0.0
1736847057.6584365,0.0,3.06757,-0.0,-0.0,-0.0,0.0
1736847057.6587467,0.0,3.0677,-0.0,-0.0,-0.0,0.0
1736847057.659791,0.0,3.06783,-0.0,-0.0,-0.0,0.0
1736847057.6608021,0.0,3.06795,-0.0,-0.0,-0.0,0.0
1736847057.6608021,0.0,3.06807,-0.0,-0.0,-0.0,0.0
1736847057.661791,0.0,3.06819,-0.0,-0.0,-0.0,0.0
1736847057.6627896,0.0,3.0683,-0.0,-0.0,-0.0,0.0
1736847057.663678,0.0,3.06844,-0.0,-0.0,-0.0,0.0
1736847057.6646845,0.0,3.06856,-0.0,-0.0,-0.0,0.0
1736847057.6654797,0.0,3.06869,-0.0,-0.0,-0.0,0.0
1736847057.6666117,0.0,3.06886,-0.0,-0.0,-0.0,0.0
1736847057.6672122,0.0,3.06899,-0.0,-0.0,-0.0,0.0
1736847057.667718,0.0,3.06911,-0.0,-0.0,-0.0,0.0
1736847057.668722,0.0,3.06923,-0.0,-0.0,-0.0,0.0
1736847057.6698189,0.0,3.06934,-0.0,-0.0,-0.0,0.0
1736847057.6698189,0.0,3.06947,-0.0,-0.0,-0.0,0.0
1736847057.6708212,0.0,3.0696,-0.0,-0.0,-0.0,0.0
1736847057.6718204,0.0,3.06971,-0.0,-0.0,-0.0,0.0
1736847057.6726687,0.0,3.06987,-0.0,-0.0,-0.0,0.0
1736847057.6737132,0.0,3.07,-0.0,-0.0,-0.0,0.0
1736847057.6747115,0.0,3.07011,-0.0,-0.0,-0.0,0.0
1736847057.675259,0.0,3.07023,-0.0,-0.0,-0.0,0.0
1736847057.675259,0.0,3.07035,-0.0,-0.0,-0.0,0.0
1736847057.6762652,0.0,3.07047,-0.0,-0.0,-0.0,0.0
1736847057.677264,0.0,3.07059,-0.0,-0.0,-0.0,0.0
1736847057.678265,0.0,3.07071,-0.0,-0.0,-0.0,0.0
1736847057.6793787,0.0,3.07084,-0.0,-0.0,-0.0,0.0
1736847057.6800542,0.0,3.071,-0.0,-0.0,-0.0,0.0
1736847057.6810737,0.0,3.07113,-0.0,-0.0,-0.0,0.0
1736847057.6810737,0.0,3.07127,-0.0,-0.0,-0.0,0.0
1736847057.6810737,0.0,3.07139,-0.0,-0.0,-0.0,0.0
1736847057.6810737,0.0,3.07151,-0.0,-0.0,-0.0,0.0
1736847057.6810737,0.0,3.07163,-0.0,-0.0,-0.0,0.0
1736847057.685059,0.0,3.07174,-0.0,-0.0,-0.0,0.0
1736847057.685059,0.0,3.07187,-0.0,-0.0,-0.0,0.0
1736847057.6867535,0.0,3.07202,-0.0,-0.0,-0.0,0.0
1736847057.6876087,0.0,3.07216,-0.0,-0.0,-0.0,0.0
1736847057.68816,0.0,3.07229,-0.0,-0.0,-0.0,0.0
1736847057.688668,0.0,3.07241,-0.0,-0.0,-0.0,0.0
1736847057.689673,0.0,3.07253,-0.0,-0.0,-0.0,0.0
1736847057.6906898,0.0,3.07264,-0.0,-0.0,-0.0,0.0
1736847057.691355,0.0,3.07276,-0.0,-0.0,-0.0,0.0
1736847057.692363,0.0,3.07289,-0.0,-0.0,-0.0,0.0
1736847057.693288,0.0,3.07302,-0.0,-0.0,-0.0,0.0
1736847057.693288,0.0,3.07317,-0.0,-0.0,-0.0,0.0
1736847057.693288,0.0,3.07331,-0.0,-0.0,-0.0,0.0
1736847057.693288,0.0,3.07344,-0.0,-0.0,-0.0,0.0
1736847057.6964736,0.0,3.07357,-0.0,-0.0,-0.0,0.0
1736847057.6974928,0.0,3.07371,-0.0,-0.0,-0.0,0.0
1736847057.6984892,0.0,3.07387,-0.0,-0.0,-0.0,0.0
1736847057.6984892,0.0,3.07399,-0.0,-0.0,-0.0,0.0
1736847057.7000864,0.0,3.07412,-0.0,-0.0,-0.0,0.0
1736847057.7004526,0.0,3.07426,-0.0,-0.0,-0.0,0.0
1736847057.701486,0.0,3.07439,-0.0,-0.0,-0.0,0.0
1736847057.7026968,0.0,3.07452,-0.0,-0.0,-0.0,0.0
1736847057.7026968,0.0,3.07465,-0.0,-0.0,-0.0,0.0
1736847057.7036989,0.0,3.07478,-0.0,-0.0,-0.0,0.0
1736847057.7050538,0.0,3.0749,-0.0,-0.0,-0.0,0.0
1736847057.7057674,0.0,3.07501,-0.0,-0.0,-0.0,0.0
1736847057.7057674,0.0,3.07514,-0.0,-0.0,-0.0,0.0
1736847057.7073786,0.0,3.07527,-0.0,-0.0,-0.0,0.0
1736847057.7083745,0.0,3.07542,-0.0,-0.0,-0.0,0.0
1736847057.7093828,0.0,3.07556,-0.0,-0.0,-0.0,0.0
1736847057.7093828,0.0,3.07568,-0.0,-0.0,-0.0,0.0
1736847057.7103796,0.0,3.0758,-0.0,-0.0,-0.0,0.0
1736847057.7113793,0.0,3.07591,-0.0,-0.0,-0.0,0.0
1736847057.712379,0.0,3.07603,-0.0,-0.0,-0.0,0.0
1736847057.712379,0.0,3.07615,-0.0,-0.0,-0.0,0.0
1736847057.7140057,0.0,3.07629,-0.0,-0.0,-0.0,0.0
1736847057.7146084,0.0,3.07644,-0.0,-0.0,-0.0,0.0
1736847057.7156155,0.0,3.07657,-0.0,-0.0,-0.0,0.0
1736847057.7166126,0.0,3.0767,-0.0,-0.0,-0.0,0.0
1736847057.7166126,0.0,3.07682,-0.0,-0.0,-0.0,0.0
1736847057.7176127,0.0,3.07694,-0.0,-0.0,-0.0,0.0
1736847057.7186124,0.0,3.07705,-0.0,-0.0,-0.0,0.0
1736847057.7196126,0.0,3.07717,-0.0,-0.0,-0.0,0.0
1736847057.7197554,0.0,3.07731,-0.0,-0.0,-0.0,0.0
1736847057.7214663,0.0,3.07745,-0.0,-0.0,-0.0,0.0
1736847057.7214663,0.0,3.07759,-0.0,-0.0,-0.0,0.0
1736847057.7225182,0.0,3.07773,-0.0,-0.0,-0.0,0.0
1736847057.7235165,0.0,3.07785,-0.0,-0.0,-0.0,0.0
1736847057.7247076,0.0,3.07797,-0.0,-0.0,-0.0,0.0
1736847057.7247076,0.0,3.07808,-0.0,-0.0,-0.0,0.0
1736847057.725713,0.0,3.0782,-0.0,-0.0,-0.0,0.0
1736847057.7266548,0.0,3.07832,-0.0,-0.0,-0.0,0.0
1736847057.7276616,0.0,3.07846,-0.0,-0.0,-0.0,0.0
1736847057.7284715,0.0,3.0786,-0.0,-0.0,-0.0,0.0
1736847057.7295136,0.0,3.07873,-0.0,-0.0,-0.0,0.0
1736847057.7295136,0.0,3.07886,-0.0,-0.0,-0.0,0.0
1736847057.7305129,0.0,3.07899,-0.0,-0.0,-0.0,0.0
1736847057.7315128,0.0,3.07912,-0.0,-0.0,-0.0,0.0
1736847057.73282,0.0,3.07924,-0.0,-0.0,-0.0,0.0
1736847057.732931,0.0,3.07937,-0.0,-0.0,-0.0,0.0
1736847057.733933,0.0,3.0795,-0.0,-0.0,-0.0,0.0
1736847057.7352278,0.0,3.07964,-0.0,-0.0,-0.0,0.0
1736847057.7362711,0.0,3.07978,-0.0,-0.0,-0.0,0.0
1736847057.7362711,0.0,3.07991,-0.0,-0.0,-0.0,0.0
1736847057.737271,0.0,3.08003,-0.0,-0.0,-0.0,0.0
1736847057.7385826,0.0,3.08015,-0.0,-0.0,-0.0,0.0
1736847057.7386787,0.0,3.08027,-0.0,-0.0,-0.0,0.0
1736847057.7396805,0.0,3.08039,-0.0,-0.0,-0.0,0.0
1736847057.7406805,0.0,3.08052,-0.0,-0.0,-0.0,0.0
1736847057.7416806,0.0,3.08065,-0.0,-0.0,-0.0,0.0
1736847057.7425375,0.0,3.08079,-0.0,-0.0,-0.0,0.0
1736847057.7433329,0.0,3.08092,-0.0,-0.0,-0.0,0.0
1736847057.744338,0.0,3.08105,-0.0,-0.0,-0.0,0.0
1736847057.744338,0.0,3.08118,-0.0,-0.0,-0.0,0.0
1736847057.744338,0.0,3.08129,-0.0,-0.0,-0.0,0.0
1736847057.744338,0.0,3.08141,-0.0,-0.0,-0.0,0.0
1736847057.744338,0.0,3.08153,-0.0,-0.0,-0.0,0.0
1736847057.7475224,0.0,3.08166,-0.0,-0.0,-0.0,0.0
1736847057.7487917,0.0,3.08181,-0.0,-0.0,-0.0,0.0
1736847057.7500424,0.0,3.08195,-0.0,-0.0,-0.0,0.0
1736847057.7508998,0.0,3.08209,-0.0,-0.0,-0.0,0.0
1736847057.7508998,0.0,3.0822,-0.0,-0.0,-0.0,0.0
1736847057.7519042,0.0,3.08232,-0.0,-0.0,-0.0,0.0
1736847057.7529037,0.0,3.08244,-0.0,-0.0,-0.0,0.0
1736847057.7539127,0.0,3.08256,-0.0,-0.0,-0.0,0.0
1736847057.7544186,0.0,3.08268,-0.0,-0.0,-0.0,0.0
1736847057.7554247,0.0,3.08282,-0.0,-0.0,-0.0,0.0
1736847057.756207,0.0,3.08296,-0.0,-0.0,-0.0,0.0
1736847057.7572696,0.0,3.0831,-0.0,-0.0,-0.0,0.0
1736847057.7582562,0.0,3.08323,-0.0,-0.0,-0.0,0.0
1736847057.7582562,0.0,3.08336,-0.0,-0.0,-0.0,0.0
1736847057.7592556,0.0,3.08347,-0.0,-0.0,-0.0,0.0
1736847057.7605505,0.0,3.08359,-0.0,-0.0,-0.0,0.0
1736847057.7606387,0.0,3.08372,-0.0,-0.0,-0.0,0.0
1736847057.7616405,0.0,3.08385,-0.0,-0.0,-0.0,0.0
1736847057.7629666,0.0,3.084,-0.0,-0.0,-0.0,0.0
1736847057.7639995,0.0,3.08413,-0.0,-0.0,-0.0,0.0
1736847057.7639995,0.0,3.08426,-0.0,-0.0,-0.0,0.0
1736847057.7653487,0.0,3.08439,-0.0,-0.0,-0.0,0.0
1736847057.7663474,0.0,3.0845,-0.0,-0.0,-0.0,0.0
1736847057.7663474,0.0,3.08463,-0.0,-0.0,-0.0,0.0
1736847057.7673528,0.0,3.08474,-0.0,-0.0,-0.0,0.0
1736847057.7683103,0.0,3.08486,-0.0,-0.0,-0.0,0.0
1736847057.7693248,0.0,3.08498,-0.0,-0.0,-0.0,0.0
1736847057.769516,0.0,3.08513,-0.0,-0.0,-0.0,0.0
1736847057.769516,0.0,3.08526,-0.0,-0.0,-0.0,0.0
1736847057.7718613,0.0,3.0854,-0.0,-0.0,-0.0,0.0
1736847057.772634,0.0,3.08552,-0.0,-0.0,-0.0,0.0
1736847057.772634,0.0,3.08564,-0.0,-0.0,-0.0,0.0
1736847057.7736473,0.0,3.08575,-0.0,-0.0,-0.0,0.0
1736847057.7746456,0.0,3.08588,-0.0,-0.0,-0.0,0.0
1736847057.7756493,0.0,3.08599,-0.0,-0.0,-0.0,0.0
1736847057.7766454,0.0,3.08612,-0.0,-0.0,-0.0,0.0
1736847057.7773554,0.0,3.08627,-0.0,-0.0,-0.0,0.0
1736847057.7783608,0.0,3.08642,-0.0,-0.0,-0.0,0.0
1736847057.7783608,0.0,3.08654,-0.0,-0.0,-0.0,0.0
1736847057.7793608,0.0,3.08666,-0.0,-0.0,-0.0,0.0
1736847057.7803597,0.0,3.08678,-0.0,-0.0,-0.0,0.0
1736847057.7813706,0.0,3.0869,-0.0,-0.0,-0.0,0.0
1736847057.7813706,0.0,3.08701,-0.0,-0.0,-0.0,0.0
1736847057.782361,0.0,3.08714,-0.0,-0.0,-0.0,0.0
1736847057.7840545,0.0,3.08728,-0.0,-0.0,-0.0,0.0
1736847057.7842946,0.0,3.08742,-0.0,-0.0,-0.0,0.0
1736847057.7853243,0.0,3.08756,-0.0,-0.0,-0.0,0.0
1736847057.7863233,0.0,3.08768,-0.0,-0.0,-0.0,0.0
1736847057.7873235,0.0,3.0878,-0.0,-0.0,-0.0,0.0
1736847057.7873235,0.0,3.08793,-0.0,-0.0,-0.0,0.0
1736847057.7883232,0.0,3.08804,-0.0,-0.0,-0.0,0.0
1736847057.7891362,0.0,3.08816,-0.0,-0.0,-0.0,0.0
1736847057.7901807,0.0,3.08831,-0.0,-0.0,-0.0,0.0
1736847057.791072,0.0,3.08846,-0.0,-0.0,-0.0,0.0
1736847057.7923367,0.0,3.08859,-0.0,-0.0,-0.0,0.0
1736847057.7923367,0.0,3.08871,-0.0,-0.0,-0.0,0.0
1736847057.7933428,0.0,3.08883,-0.0,-0.0,-0.0,0.0
1736847057.7943413,0.0,3.08896,-0.0,-0.0,-0.0,0.0
1736847057.7949343,0.0,3.08908,-0.0,-0.0,-0.0,0.0
1736847057.796154,0.0,3.0892,-0.0,-0.0,-0.0,0.0
1736847057.796154,0.0,3.08932,-0.0,-0.0,-0.0,0.0
1736847057.7973824,0.0,3.08946,-0.0,-0.0,-0.0,0.0
1736847057.7973824,0.0,3.0896,-0.0,-0.0,-0.0,0.0
1736847057.7973824,0.0,3.08973,-0.0,-0.0,-0.0,0.0
1736847057.8001485,0.0,3.08986,-0.0,-0.0,-0.0,0.0
1736847057.801154,0.0,3.08998,-0.0,-0.0,-0.0,0.0
1736847057.801154,0.0,3.0901,-0.0,-0.0,-0.0,0.0
1736847057.802153,0.0,3.09022,-0.0,-0.0,-0.0,0.0
1736847057.803153,0.0,3.09034,-0.0,-0.0,-0.0,0.0
1736847057.8903651,0.0,3.1049,-0.0,-0.0,-0.0,0.0
1736847057.8903651,0.0,3.10522,-0.0,-0.0,-0.0,0.0
1736847057.8903651,0.0,3.10551,-0.0,-0.0,-0.0,0.0
1736847057.8903651,0.0,3.10569,-0.0,-0.0,-0.0,0.0
1736847057.9022682,0.0,3.10585,-0.0,-0.0,-0.0,0.0
1736847057.9035056,0.0,3.10603,-0.0,-0.0,-0.0,0.0
1736847057.9081185,0.0,3.10741,-0.0,-0.0,-0.0,0.0
1736847057.9128926,0.0,3.10757,-0.0,-0.0,-0.0,0.0
1736847057.9139092,0.0,3.1077,-0.0,-0.0,-0.0,0.0
1736847057.9139092,0.0,3.10782,-0.0,-0.0,-0.0,0.0
1736847057.915683,0.0,3.10797,-0.0,-0.0,-0.0,0.0
1736847057.9167278,0.0,3.10812,-0.0,-0.0,-0.0,0.0
1736847057.9167278,0.0,3.10826,-0.0,-0.0,-0.0,0.0
1736847057.9183345,0.0,3.10838,-0.0,-0.0,-0.0,0.0
1736847057.918426,0.0,3.10851,-0.0,-0.0,-0.0,0.0
1736847057.9194272,0.0,3.10863,-0.0,-0.0,-0.0,0.0
1736847057.9204261,0.0,3.10876,-0.0,-0.0,-0.0,0.0
1736847057.9214358,0.0,3.10888,-0.0,-0.0,-0.0,0.0
1736847057.9223535,0.0,3.10901,-0.0,-0.0,-0.0,0.0
1736847057.9227486,0.0,3.10916,-0.0,-0.0,-0.0,0.0
1736847057.9242306,0.0,3.10931,-0.0,-0.0,-0.0,0.0
1736847057.9250648,0.0,3.10944,-0.0,-0.0,-0.0,0.0
1736847057.9250648,0.0,3.10957,-0.0,-0.0,-0.0,0.0
1736847057.9260778,0.0,3.10969,-0.0,-0.0,-0.0,0.0
1736847057.9270754,0.0,3.10981,-0.0,-0.0,-0.0,0.0
1736847057.928075,0.0,3.10993,-0.0,-0.0,-0.0,0.0
1736847057.928075,0.0,3.11005,-0.0,-0.0,-0.0,0.0
1736847057.9297054,0.0,3.1102,-0.0,-0.0,-0.0,0.0
1736847057.9307106,0.0,3.11035,-0.0,-0.0,-0.0,0.0
1736847057.9307106,0.0,3.11047,-0.0,-0.0,-0.0,0.0
1736847057.9317098,0.0,3.11059,-0.0,-0.0,-0.0,0.0
1736847057.9327097,0.0,3.1107,-0.0,-0.0,-0.0,0.0
1736847057.933729,0.0,3.11082,-0.0,-0.0,-0.0,0.0
1736847057.933729,0.0,3.11093,-0.0,-0.0,-0.0,0.0
1736847057.9349842,0.0,3.11105,-0.0,-0.0,-0.0,0.0
1736847057.9359984,0.0,3.11118,-0.0,-0.0,-0.0,0.0
1736847057.9367158,0.0,3.11134,-0.0,-0.0,-0.0,0.0
1736847057.9377575,0.0,3.1115,-0.0,-0.0,-0.0,0.0
1736847057.9387553,0.0,3.11163,-0.0,-0.0,-0.0,0.0
1736847057.9397545,0.0,3.11174,-0.0,-0.0,-0.0,0.0
1736847057.9399836,0.0,3.11187,-0.0,-0.0,-0.0,0.0
1736847057.9399836,0.0,3.11199,-0.0,-0.0,-0.0,0.0
1736847057.941952,0.0,3.11212,-0.0,-0.0,-0.0,0.0
1736847057.9429574,0.0,3.11225,-0.0,-0.0,-0.0,0.0
1736847057.9432333,0.0,3.11241,-0.0,-0.0,-0.0,0.0
1736847057.9432333,0.0,3.11256,-0.0,-0.0,-0.0,0.0
1736847057.9455976,0.0,3.11268,-0.0,-0.0,-0.0,0.0
1736847057.9463775,0.0,3.11281,-0.0,-0.0,-0.0,0.0
1736847057.9471483,0.0,3.11293,-0.0,-0.0,-0.0,0.0
1736847057.9471483,0.0,3.11305,-0.0,-0.0,-0.0,0.0
1736847057.9481616,0.0,3.11317,-0.0,-0.0,-0.0,0.0
1736847057.94916,0.0,3.1133,-0.0,-0.0,-0.0,0.0
1736847057.950453,0.0,3.11344,-0.0,-0.0,-0.0,0.0
1736847057.951573,0.0,3.11358,-0.0,-0.0,-0.0,0.0
1736847057.951573,0.0,3.11373,-0.0,-0.0,-0.0,0.0
1736847057.9525797,0.0,3.11386,-0.0,-0.0,-0.0,0.0
1736847057.9535778,0.0,3.11398,-0.0,-0.0,-0.0,0.0
1736847057.9545908,0.0,3.1141,-0.0,-0.0,-0.0,0.0
1736847057.9545908,0.0,3.11421,-0.0,-0.0,-0.0,0.0
1736847057.9555779,0.0,3.11433,-0.0,-0.0,-0.0,0.0
1736847057.9570289,0.0,3.11445,-0.0,-0.0,-0.0,0.0
1736847057.957625,0.0,3.11461,-0.0,-0.0,-0.0,0.0
1736847057.9586298,0.0,3.1148,-0.0,-0.0,-0.0,0.0
1736847057.9596312,0.0,3.11492,-0.0,-0.0,-0.0,0.0
1736847057.9606297,0.0,3.11504,-0.0,-0.0,-0.0,0.0
1736847057.9606297,0.0,3.11516,-0.0,-0.0,-0.0,0.0
1736847057.96163,0.0,3.11527,-0.0,-0.0,-0.0,0.0
1736847057.9628253,0.0,3.11539,-0.0,-0.0,-0.0,0.0
1736847057.9638262,0.0,3.11552,-0.0,-0.0,-0.0,0.0
1736847057.9646895,0.0,3.11567,-0.0,-0.0,-0.0,0.0
1736847057.965513,0.0,3.11581,-0.0,-0.0,-0.0,0.0
1736847057.9664662,0.0,3.11595,-0.0,-0.0,-0.0,0.0
1736847057.9664662,0.0,3.11608,-0.0,-0.0,-0.0,0.0
1736847057.9674811,0.0,3.11619,-0.0,-0.0,-0.0,0.0
1736847057.9684787,0.0,3.11631,-0.0,-0.0,-0.0,0.0
1736847057.969613,0.0,3.11643,-0.0,-0.0,-0.0,0.0
1736847057.969613,0.0,3.11656,-0.0,-0.0,-0.0,0.0
1736847057.971229,0.0,3.11671,-0.0,-0.0,-0.0,0.0
1736847057.9722686,0.0,3.11685,-0.0,-0.0,-0.0,0.0
1736847057.9722686,0.0,3.11698,-0.0,-0.0,-0.0,0.0
1736847057.9732692,0.0,3.1171,-0.0,-0.0,-0.0,0.0
1736847057.974268,0.0,3.11722,-0.0,-0.0,-0.0,0.0
1736847057.9752953,0.0,3.11734,-0.0,-0.0,-0.0,0.0
1736847057.9753933,0.0,3.11746,-0.0,-0.0,-0.0,0.0
1736847057.9763956,0.0,3.11759,-0.0,-0.0,-0.0,0.0
1736847057.9773974,0.0,3.11771,-0.0,-0.0,-0.0,0.0
1736847057.978208,0.0,3.11785,-0.0,-0.0,-0.0,0.0
1736847057.979275,0.0,3.11797,-0.0,-0.0,-0.0,0.0
1736847057.979275,0.0,3.1181,-0.0,-0.0,-0.0,0.0
1736847057.980785,0.0,3.11824,-0.0,-0.0,-0.0,0.0
1736847057.9817915,0.0,3.11835,-0.0,-0.0,-0.0,0.0
1736847057.9817915,0.0,3.11848,-0.0,-0.0,-0.0,0.0
1736847057.983218,0.0,3.1186,-0.0,-0.0,-0.0,0.0
1736847057.983218,0.0,3.11871,-0.0,-0.0,-0.0,0.0
1736847057.984231,0.0,3.11884,-0.0,-0.0,-0.0,0.0
1736847057.9853187,0.0,3.11898,-0.0,-0.0,-0.0,0.0
1736847057.9867492,0.0,3.11912,-0.0,-0.0,-0.0,0.0
1736847057.9874222,0.0,3.11926,-0.0,-0.0,-0.0,0.0
1736847057.9874222,0.0,3.11939,-0.0,-0.0,-0.0,0.0
1736847057.9884343,0.0,3.1195,-0.0,-0.0,-0.0,0.0
1736847057.9894319,0.0,3.11962,-0.0,-0.0,-0.0,0.0
1736847057.9904537,0.0,3.11974,-0.0,-0.0,-0.0,0.0
1736847057.9914334,0.0,3.11986,-0.0,-0.0,-0.0,0.0
1736847057.9923854,0.0,3.12001,-0.0,-0.0,-0.0,0.0
1736847057.9933872,0.0,3.12016,-0.0,-0.0,-0.0,0.0
1736847057.9933872,0.0,3.1203,-0.0,-0.0,-0.0,0.0
1736847057.994386,0.0,3.12042,-0.0,-0.0,-0.0,0.0
1736847057.9953861,0.0,3.12054,-0.0,-0.0,-0.0,0.0
1736847057.996386,0.0,3.12065,-0.0,-0.0,-0.0,0.0
1736847057.996386,0.0,3.12077,-0.0,-0.0,-0.0,0.0
1736847057.9974844,0.0,3.12089,-0.0,-0.0,-0.0,0.0
1736847057.9984863,0.0,3.12102,-0.0,-0.0,-0.0,0.0
1736847057.9992807,0.0,3.12117,-0.0,-0.0,-0.0,0.0
1736847058.0002878,0.0,3.1213,-0.0,-0.0,-0.0,0.0
1736847058.0012848,0.0,3.12142,-0.0,-0.0,-0.0,0.0
1736847058.0012848,0.0,3.12154,-0.0,-0.0,-0.0,0.0
1736847058.0022857,0.0,3.12165,-0.0,-0.0,-0.0,0.0
1736847058.003077,0.0,3.12177,-0.0,-0.0,-0.0,0.0
1736847058.0044358,0.0,3.1219,-0.0,-0.0,-0.0,0.0
1736847058.0044358,0.0,3.12203,-0.0,-0.0,-0.0,0.0
1736847058.0056832,0.0,3.12216,-0.0,-0.0,-0.0,0.0
1736847058.0056832,0.0,3.12229,-0.0,-0.0,-0.0,0.0
1736847058.0056832,0.0,3.12243,-0.0,-0.0,-0.0,0.0
1736847058.0056832,0.0,3.12254,-0.0,-0.0,-0.0,0.0
1736847058.0090995,0.0,3.12266,-0.0,-0.0,-0.0,0.0
1736847058.0099516,0.0,3.12278,-0.0,-0.0,-0.0,0.0
1736847058.0099516,0.0,3.1229,-0.0,-0.0,-0.0,0.0
1736847058.0109656,0.0,3.12301,-0.0,-0.0,-0.0,0.0
1736847058.011968,0.0,3.12314,-0.0,-0.0,-0.0,0.0
1736847058.013178,0.0,3.12327,-0.0,-0.0,-0.0,0.0
1736847058.013248,0.0,3.12342,-0.0,-0.0,-0.0,0.0
1736847058.0147963,0.0,3.12356,-0.0,-0.0,-0.0,0.0
1736847058.0147963,0.0,3.12368,-0.0,-0.0,-0.0,0.0
1736847058.0158012,0.0,3.1238,-0.0,-0.0,-0.0,0.0
1736847058.0168016,0.0,3.12391,-0.0,-0.0,-0.0,0.0
1736847058.0178127,0.0,3.12403,-0.0,-0.0,-0.0,0.0
1736847058.0178127,0.0,3.12414,-0.0,-0.0,-0.0,0.0
1736847058.0188055,0.0,3.12426,-0.0,-0.0,-0.0,0.0
1736847058.0204399,0.0,3.12442,-0.0,-0.0,-0.0,0.0
1736847058.0204399,0.0,3.12456,-0.0,-0.0,-0.0,0.0
1736847058.0214415,0.0,3.12468,-0.0,-0.0,-0.0,0.0
1736847058.0224407,0.0,3.1248,-0.0,-0.0,-0.0,0.0
1736847058.0234525,0.0,3.12492,-0.0,-0.0,-0.0,0.0
1736847058.0234525,0.0,3.12503,-0.0,-0.0,-0.0,0.0
1736847058.0244403,0.0,3.12515,-0.0,-0.0,-0.0,0.0
1736847058.0254424,0.0,3.12527,-0.0,-0.0,-0.0,0.0
1736847058.0264485,0.0,3.1254,-0.0,-0.0,-0.0,0.0
1736847058.0272603,0.0,3.12556,-0.0,-0.0,-0.0,0.0
1736847058.0284448,0.0,3.1257,-0.0,-0.0,-0.0,0.0
1736847058.02937,0.0,3.12582,-0.0,-0.0,-0.0,0.0
1736847058.02937,0.0,3.12594,-0.0,-0.0,-0.0,0.0
1736847058.030377,0.0,3.12606,-0.0,-0.0,-0.0,0.0
1736847058.0311239,0.0,3.12618,-0.0,-0.0,-0.0,0.0
1736847058.0322597,0.0,3.12629,-0.0,-0.0,-0.0,0.0
1736847058.0322597,0.0,3.12641,-0.0,-0.0,-0.0,0.0
1736847058.033591,0.0,3.12655,-0.0,-0.0,-0.0,0.0
1736847058.033591,0.0,3.12669,-0.0,-0.0,-0.0,0.0
1736847058.033591,0.0,3.12683,-0.0,-0.0,-0.0,0.0
1736847058.033591,0.0,3.12694,-0.0,-0.0,-0.0,0.0
1736847058.0370648,0.0,3.12707,-0.0,-0.0,-0.0,0.0
1736847058.0380704,0.0,3.1272,-0.0,-0.0,-0.0,0.0
1736847058.0380704,0.0,3.12732,-0.0,-0.0,-0.0,0.0
1736847058.039071,0.0,3.12744,-0.0,-0.0,-0.0,0.0
1736847058.0404425,0.0,3.12756,-0.0,-0.0,-0.0,0.0
1736847058.0408459,0.0,3.12772,-0.0,-0.0,-0.0,0.0
1736847058.0418127,0.0,3.12786,-0.0,-0.0,-0.0,0.0
1736847058.0418127,0.0,3.128,-0.0,-0.0,-0.0,0.0
1736847058.0418127,0.0,3.12813,-0.0,-0.0,-0.0,0.0
1736847058.0418127,0.0,3.12825,-0.0,-0.0,-0.0,0.0
1736847058.0418127,0.0,3.12837,-0.0,-0.0,-0.0,0.0
1736847058.046091,0.0,3.12849,-0.0,-0.0,-0.0,0.0
1736847058.0470967,0.0,3.12861,-0.0,-0.0,-0.0,0.0
1736847058.0477467,0.0,3.12877,-0.0,-0.0,-0.0,0.0
1736847058.048766,0.0,3.12891,-0.0,-0.0,-0.0,0.0
1736847058.0497513,0.0,3.12903,-0.0,-0.0,-0.0,0.0
1736847058.0505245,0.0,3.12914,-0.0,-0.0,-0.0,0.0
1736847058.0507429,0.0,3.12926,-0.0,-0.0,-0.0,0.0
1736847058.0517519,0.0,3.12939,-0.0,-0.0,-0.0,0.0
1736847058.0528255,0.0,3.12951,-0.0,-0.0,-0.0,0.0
1736847058.0530705,0.0,3.12963,-0.0,-0.0,-0.0,0.0
1736847058.0544677,0.0,3.12976,-0.0,-0.0,-0.0,0.0
1736847058.0548658,0.0,3.12993,-0.0,-0.0,-0.0,0.0
1736847058.0559087,0.0,3.13007,-0.0,-0.0,-0.0,0.0
1736847058.0569067,0.0,3.13019,-0.0,-0.0,-0.0,0.0
1736847058.0579147,0.0,3.13032,-0.0,-0.0,-0.0,0.0
1736847058.0579147,0.0,3.13044,-0.0,-0.0,-0.0,0.0
1736847058.0593965,0.0,3.13056,-0.0,-0.0,-0.0,0.0
1736847058.059597,0.0,3.13067,-0.0,-0.0,-0.0,0.0
1736847058.0606022,0.0,3.1308,-0.0,-0.0,-0.0,0.0
1736847058.0615842,0.0,3.13095,-0.0,-0.0,-0.0,0.0
1736847058.0626352,0.0,3.13108,-0.0,-0.0,-0.0,0.0
1736847058.0636194,0.0,3.1312,-0.0,-0.0,-0.0,0.0
1736847058.064137,0.0,3.13132,-0.0,-0.0,-0.0,0.0
1736847058.0651414,0.0,3.13144,-0.0,-0.0,-0.0,0.0
1736847058.0651414,0.0,3.13156,-0.0,-0.0,-0.0,0.0
1736847058.0651414,0.0,3.13168,-0.0,-0.0,-0.0,0.0
1736847058.0669115,0.0,3.13179,-0.0,-0.0,-0.0,0.0
1736847058.067919,0.0,3.13193,-0.0,-0.0,-0.0,0.0
1736847058.0695102,0.0,3.13212,-0.0,-0.0,-0.0,0.0
1736847058.0702846,0.0,3.13227,-0.0,-0.0,-0.0,0.0
1736847058.0710769,0.0,3.1324,-0.0,-0.0,-0.0,0.0
1736847058.0719414,0.0,3.13252,-0.0,-0.0,-0.0,0.0
1736847058.0719414,0.0,3.13264,-0.0,-0.0,-0.0,0.0
1736847058.072955,0.0,3.13275,-0.0,-0.0,-0.0,0.0
1736847058.0739553,0.0,3.13287,-0.0,-0.0,-0.0,0.0
1736847058.0750425,0.0,3.13299,-0.0,-0.0,-0.0,0.0
1736847058.0758994,0.0,3.13316,-0.0,-0.0,-0.0,0.0
1736847058.0769298,0.0,3.13331,-0.0,-0.0,-0.0,0.0
1736847058.0769298,0.0,3.13343,-0.0,-0.0,-0.0,0.0
1736847058.077905,0.0,3.13355,-0.0,-0.0,-0.0,0.0
1736847058.0789044,0.0,3.13366,-0.0,-0.0,-0.0,0.0
1736847058.0799222,0.0,3.13378,-0.0,-0.0,-0.0,0.0
1736847058.0805116,0.0,3.1339,-0.0,-0.0,-0.0,0.0
1736847058.0815163,0.0,3.13403,-0.0,-0.0,-0.0,0.0
1736847058.0821695,0.0,3.13416,-0.0,-0.0,-0.0,0.0
1736847058.0821695,0.0,3.13431,-0.0,-0.0,-0.0,0.0
1736847058.0821695,0.0,3.13444,-0.0,-0.0,-0.0,0.0
1736847058.0821695,0.0,3.13455,-0.0,-0.0,-0.0,0.0
1736847058.0821695,0.0,3.13467,-0.0,-0.0,-0.0,0.0
1736847058.0861657,0.0,3.13478,-0.0,-0.0,-0.0,0.0
1736847058.0871732,0.0,3.1349,-0.0,-0.0,-0.0,0.0
1736847058.0871732,0.0,3.13502,-0.0,-0.0,-0.0,0.0
1736847058.0881755,0.0,3.13514,-0.0,-0.0,-0.0,0.0
1736847058.089418,0.0,3.13528,-0.0,-0.0,-0.0,0.0
1736847058.0903187,0.0,3.13542,-0.0,-0.0,-0.0,0.0
1736847058.0903187,0.0,3.13554,-0.0,-0.0,-0.0,0.0
1736847058.0918949,0.0,3.13566,-0.0,-0.0,-0.0,0.0
1736847058.0925963,0.0,3.13578,-0.0,-0.0,-0.0,0.0
1736847058.0925963,0.0,3.13589,-0.0,-0.0,-0.0,0.0
1736847058.0936098,0.0,3.13601,-0.0,-0.0,-0.0,0.0
1736847058.0946076,0.0,3.13613,-0.0,-0.0,-0.0,0.0
