0,0,1.5707963267948966,0,0,0,0
1736847123.7770722,0.0,1.5708,-0.0,-0.0,-0.0,0.0
1736847123.7770722,0.0,1.5708,-0.0,-0.0,-0.0,0.0
1736847123.7770722,0.0,1.5708,-0.0,-0.0,-0.0,0.0
1736847123.7770722,0.0,1.5708,-0.0,-0.0,-0.0,0.0
1736847123.7770722,0.0,1.5708,0.0,-0.0,-0.0,0.0
1736847123.7880073,0.0,1.5708,0.0,-0.0,-0.0,0.0
1736847123.788467,0.0,1.5708,1e-05,-0.0,-0.0,0.0
1736847123.789491,0.0,1.5708,2e-05,-0.0,-0.0,0.0
1736847123.7907183,0.0,1.5708,3e-05,-0.0,-0.0,0.0
1736847123.7913842,0.0,1.5708,4e-05,-0.0,-0.0,0.0
1736847123.7919114,0.0,1.5708,6e-05,-0.0,-0.0,0.0
1736847123.7934458,0.0,1.5708,8e-05,-0.0,-0.0,0.0
1736847123.794283,0.0,1.5708,0.0001,-0.0,-0.0,0.0
1736847123.7958016,0.0,1.5708,0.00015,-0.0,-0.0,0.0
1736847123.7970755,0.0,1.5708,0.00022,-0.0,-0.0,0.0
1736847123.7980807,0.0,1.5708,0.00027,-0.0,-0.0,0.0
1736847123.7984488,0.0,1.5708,0.00032,-0.0,-0.0,0.0
1736847123.7992733,0.0,1.5708,0.00038,-0.0,-0.0,0.0
1736847123.8002741,0.0,1.5708,0.00044,-0.0,-0.0,0.0
1736847123.801273,0.0,1.5708,0.00051,-0.0,-0.0,0.0
1736847123.801273,0.0,1.5708,0.00058,-0.0,-0.0,0.0
1736847123.8028846,0.0,1.5708,0.00067,-0.0,-0.0,0.0
1736847123.8032305,0.0,1.5708,0.00077,-0.0,-0.0,0.0
1736847123.804819,0.0,1.5708,0.00086,-0.0,-0.0,0.0
1736847123.804819,0.0,1.5708,0.00097,-0.0,-0.0,0.0
1736847123.8058212,0.0,1.5708,0.00108,-0.0,-0.0,0.0
1736847123.8068197,0.0,1.5708,0.00118,-0.0,-0.0,0.0
1736847123.8078296,0.0,1.5708,0.00128,-0.0,-0.0,0.0
1736847123.8078296,0.0,1.5708,0.00138,-0.0,-0.0,0.0
1736847123.8088205,0.0,1.5708,0.00149,-0.0,-0.0,0.0
1736847123.810334,0.0,1.5708,0.00165,-0.0,-0.0,0.0
1736847123.8113403,0.0,1.5708,0.00179,-0.0,-0.0,0.0
1736847123.8113403,0.0,1.5708,0.0019,-0.0,-0.0,0.0
1736847123.8123393,0.0,1.5708,0.00201,-0.0,-0.0,0.0
1736847123.8138087,0.0,1.5708,0.00213,-0.0,-0.0,0.0
1736847123.8138087,0.0,1.5708,0.00225,-0.0,-0.0,0.0
1736847123.8150094,0.0,1.5708,0.00237,-0.0,-0.0,0.0
1736847123.8160162,0.0,1.5708,0.00251,-0.0,-0.0,0.0
1736847123.816753,0.0,1.5708,0.00265,-0.0,-0.0,0.0
1736847123.816753,0.0,1.5708,0.00279,-0.0,-0.0,0.0
1736847123.816753,0.0,1.5708,0.00293,-0.0,-0.0,0.0
1736847123.816753,0.0,1.5708,0.00306,-0.0,-0.0,0.0
1736847123.8201702,0.0,1.5708,0.00318,-0.0,-0.0,0.0
1736847123.8211758,0.0,1.5708,0.0033,-0.0,-0.0,0.0
1736847123.8211758,0.0,1.5708,0.00342,-0.0,-0.0,0.0
1736847123.8221753,0.0,1.5708,0.00354,-0.0,-0.0,0.0
1736847123.8231776,0.0,1.5708,0.00368,-0.0,-0.0,0.0
1736847123.8239963,0.0,1.5708,0.00383,-0.0,-0.0,0.0
1736847123.825091,0.0,1.5708,0.004,-0.0,-0.0,0.0
1736847123.825091,0.0,1.5708,0.00413,-0.0,-0.0,0.0
1736847123.825091,0.0,1.5708,0.00426,-0.0,-0.0,0.0
1736847123.825091,0.0,1.5708,0.00438,-0.0,-0.0,0.0
1736847123.825091,0.0,1.5708,0.0045,-0.0,-0.0,0.0
1736847123.829288,0.0,1.5708,0.00461,-0.0,-0.0,0.0
1736847123.8302958,0.0,1.5708,0.00474,-0.0,-0.0,0.0
1736847123.8305678,0.0,1.5708,0.0049,-0.0,-0.0,0.0
1736847123.8305678,0.0,1.5708,0.00504,-0.0,-0.0,0.0
1736847123.832616,0.0,1.5708,0.00518,-0.0,-0.0,0.0
1736847123.8336234,0.0,1.5708,0.00531,-0.0,-0.0,0.0
1736847123.8346345,0.0,1.5708,0.00543,-0.0,-0.0,0.0
1736847123.8346345,0.0,1.5708,0.00555,-0.0,-0.0,0.0
1736847123.8361135,0.0,1.5708,0.00566,-0.0,-0.0,0.0
1736847123.8361135,0.0,1.5708,0.00579,-0.0,-0.0,0.0
1736847123.8378212,0.0,1.5708,0.00592,-0.0,-0.0,0.0
1736847123.8378212,0.0,1.5708,0.00607,-0.0,-0.0,0.0
1736847123.8378212,0.0,1.5708,0.00621,-0.0,-0.0,0.0
1736847123.8378212,0.0,1.5708,0.00632,-0.0,-0.0,0.0
1736847123.8378212,0.0,1.5708,0.00644,-0.0,-0.0,0.0
1736847123.8378212,0.0,1.5708,0.00656,-0.0,-0.0,0.0
1736847123.8378212,0.0,1.5708,0.00668,-0.0,-0.0,0.0
1736847123.8431635,0.0,1.5708,0.0068,-0.0,-0.0,0.0
1736847123.844396,0.0,1.5708,0.00693,-0.0,-0.0,0.0
1736847123.8448715,0.0,1.5708,0.00709,-0.0,-0.0,0.0
1736847123.8462448,0.0,1.5708,0.00725,-0.0,-0.0,0.0
1736847123.8462448,0.0,1.5708,0.00737,-0.0,-0.0,0.0
1736847123.84725,0.0,1.5708,0.00749,-0.0,-0.0,0.0
1736847123.848731,0.0,1.5708,0.00761,-0.0,-0.0,0.0
1736847123.8488398,0.0,1.5708,0.00774,-0.0,-0.0,0.0
1736847123.8498409,0.0,1.5708,0.00787,-0.0,-0.0,0.0
1736847123.8508413,0.0,1.5708,0.00799,-0.0,-0.0,0.0
1736847123.851847,0.0,1.5708,0.00815,-0.0,-0.0,0.0
1736847123.8528876,0.0,1.5708,0.00828,-0.0,-0.0,0.0
1736847123.8528876,0.0,1.5708,0.00842,-0.0,-0.0,0.0
1736847123.854329,0.0,1.5708,0.00854,-0.0,-0.0,0.0
1736847123.8553298,0.0,1.5708,0.00866,-0.0,-0.0,0.0
1736847123.8553298,0.0,1.5708,0.00878,-0.0,-0.0,0.0
1736847123.8563287,0.0,1.5708,0.0089,-0.0,-0.0,0.0
1736847123.8573298,0.0,1.5708,0.00902,-0.0,-0.0,0.0
1736847123.8584778,0.0,1.5708,0.00917,-0.0,-0.0,0.0
1736847123.8587658,0.0,1.5708,0.00931,-0.0,-0.0,0.0
1736847123.8604352,0.0,1.5708,0.00945,-0.0,-0.0,0.0
1736847123.8604352,0.0,1.5708,0.00958,-0.0,-0.0,0.0
1736847123.86144,0.0,1.5708,0.00971,-0.0,-0.0,0.0
1736847123.8627772,0.0,1.5708,0.00982,-0.0,-0.0,0.0
1736847123.8627772,0.0,1.5708,0.00994,-0.0,-0.0,0.0
1736847123.8637831,0.0,1.5708,0.01006,-0.0,-0.0,0.0
1736847123.8647966,0.0,1.5708,0.01018,-0.0,-0.0,0.0
1736847123.8652554,0.0,1.5708,0.01036,-0.0,-0.0,0.0
1736847123.8665972,0.0,1.5708,0.01054,-0.0,-0.0,0.0
1736847123.8675985,0.0,1.5708,0.01067,-0.0,-0.0,0.0
1736847123.8685973,0.0,1.5708,0.01079,-0.0,-0.0,0.0
1736847123.8695977,0.0,1.5708,0.01091,-0.0,-0.0,0.0
1736847123.8701127,0.0,1.5708,0.01104,-0.0,-0.0,0.0
1736847123.871118,0.0,1.5708,0.01116,-0.0,-0.0,0.0
1736847123.8721175,0.0,1.5708,0.01128,-0.0,-0.0,0.0
1736847123.872203,0.0,1.5708,0.01144,-0.0,-0.0,0.0
1736847123.872203,0.0,1.5708,0.01158,-0.0,-0.0,0.0
1736847123.872203,0.0,1.5708,0.0117,-0.0,-0.0,0.0
1736847123.8752315,0.0,1.5708,0.01182,-0.0,-0.0,0.0
1736847123.8762362,0.0,1.5708,0.01194,-0.0,-0.0,0.0
1736847123.8762362,0.0,1.5708,0.01206,-0.0,-0.0,0.0
1736847123.8772361,0.0,1.5708,0.01218,-0.0,-0.0,0.0
1736847123.8782368,0.0,1.5708,0.01232,-0.0,-0.0,0.0
1736847123.8794982,0.0,1.5708,0.01247,-0.0,-0.0,0.0
1736847123.87981,0.0,1.5708,0.01261,-0.0,-0.0,0.0
1736847123.87981,0.0,1.5708,0.01275,-0.0,-0.0,0.0
1736847123.87981,0.0,1.5708,0.01288,-0.0,-0.0,0.0
1736847123.87981,0.0,1.5708,0.013,-0.0,-0.0,0.0
1736847123.87981,0.0,1.5708,0.01311,-0.0,-0.0,0.0
1736847123.87981,0.0,1.5708,0.01323,-0.0,-0.0,0.0
1736847123.8848286,0.0,1.5708,0.01335,-0.0,-0.0,0.0
1736847123.8860695,0.0,1.5708,0.01351,-0.0,-0.0,0.0
1736847123.8871777,0.0,1.5708,0.01368,-0.0,-0.0,0.0
1736847123.8881207,0.0,1.5708,0.01383,-0.0,-0.0,0.0
1736847123.8881207,0.0,1.5708,0.01395,-0.0,-0.0,0.0
1736847123.8891335,0.0,1.5708,0.01407,-0.0,-0.0,0.0
1736847123.890132,0.0,1.5708,0.01419,-0.0,-0.0,0.0
1736847123.891054,0.0,1.5708,0.01431,-0.0,-0.0,0.0
1736847123.8920593,0.0,1.5708,0.01444,-0.0,-0.0,0.0
1736847123.8920593,0.0,1.5708,0.01456,-0.0,-0.0,0.0
1736847123.893059,0.0,1.5708,0.01471,-0.0,-0.0,0.0
1736847123.893059,0.0,1.5708,0.01485,-0.0,-0.0,0.0
1736847123.893059,0.0,1.5708,0.01497,-0.0,-0.0,0.0
1736847123.8960955,0.0,1.5708,0.01509,-0.0,-0.0,0.0
1736847123.8971004,0.0,1.5708,0.01522,-0.0,-0.0,0.0
1736847123.8971004,0.0,1.5708,0.01534,-0.0,-0.0,0.0
1736847123.8981001,0.0,1.5708,0.01546,-0.0,-0.0,0.0
1736847123.8991,0.0,1.5708,0.01559,-0.0,-0.0,0.0
1736847123.9002998,0.0,1.5708,0.01574,-0.0,-0.0,0.0
1736847123.9013424,0.0,1.5708,0.01587,-0.0,-0.0,0.0
1736847123.9019,0.0,1.5708,0.01601,-0.0,-0.0,0.0
1736847123.902904,0.0,1.5708,0.01613,-0.0,-0.0,0.0
1736847123.902904,0.0,1.5708,0.01625,-0.0,-0.0,0.0
1736847123.9044244,0.0,1.5708,0.01637,-0.0,-0.0,0.0
1736847123.9044244,0.0,1.5708,0.01649,-0.0,-0.0,0.0
1736847123.9054303,0.0,1.5708,0.01661,-0.0,-0.0,0.0
1736847123.9064405,0.0,1.5708,0.01672,-0.0,-0.0,0.0
1736847123.9073606,0.0,1.5708,0.01686,-0.0,-0.0,0.0
1736847123.908388,0.0,1.5708,0.01701,-0.0,-0.0,0.0
1736847123.908388,0.0,1.5708,0.01713,-0.0,-0.0,0.0
1736847123.9093664,0.0,1.5708,0.01726,-0.0,-0.0,0.0
1736847123.910365,0.0,1.5708,0.01738,-0.0,-0.0,0.0
1736847123.911365,0.0,1.5708,0.0175,-0.0,-0.0,0.0
1736847123.912367,0.0,1.5708,0.01762,-0.0,-0.0,0.0
1736847123.912367,0.0,1.5708,0.01774,-0.0,-0.0,0.0
1736847123.9137933,0.0,1.5708,0.01788,-0.0,-0.0,0.0
1736847123.9148107,0.0,1.5708,0.01803,-0.0,-0.0,0.0
1736847123.9158669,0.0,1.5708,0.01818,-0.0,-0.0,0.0
1736847123.9168518,0.0,1.5708,0.01832,-0.0,-0.0,0.0
1736847123.9168518,0.0,1.5708,0.01845,-0.0,-0.0,0.0
1736847123.9178522,0.0,1.5708,0.01858,-0.0,-0.0,0.0
1736847123.9188516,0.0,1.5708,0.0187,-0.0,-0.0,0.0
1736847123.9188516,0.0,1.5708,0.01883,-0.0,-0.0,0.0
1736847123.9206817,0.0,1.5708,0.01899,-0.0,-0.0,0.0
1736847123.9219458,0.0,1.5708,0.01914,-0.0,-0.0,0.0
1736847123.9228194,0.0,1.5708,0.01928,-0.0,-0.0,0.0
1736847123.9233303,0.0,1.5708,0.0194,-0.0,-0.0,0.0
1736847123.9243453,0.0,1.5708,0.01953,-0.0,-0.0,0.0
1736847123.9252486,0.0,1.5708,0.01964,-0.0,-0.0,0.0
1736847123.9253452,0.0,1.5708,0.01976,-0.0,-0.0,0.0
1736847123.9263468,0.0,1.5708,0.01989,-0.0,-0.0,0.0
1736847123.9273598,0.0,1.5708,0.02001,-0.0,-0.0,0.0
1736847123.92804,0.0,1.5708,0.02015,-0.0,-0.0,0.0
1736847123.9290924,0.0,1.5708,0.02029,-0.0,-0.0,0.0
1736847123.9301,0.0,1.5708,0.02042,-0.0,-0.0,0.0
1736847123.9310575,0.0,1.5708,0.02055,-0.0,-0.0,0.0
1736847123.9310575,0.0,1.5708,0.02068,-0.0,-0.0,0.0
1736847123.9320588,0.0,1.5708,0.0208,-0.0,-0.0,0.0
1736847123.9330676,0.0,1.5708,0.02092,-0.0,-0.0,0.0
1736847123.9340637,0.0,1.5708,0.02104,-0.0,-0.0,0.0
1736847123.9350872,0.0,1.5708,0.02118,-0.0,-0.0,0.0
1736847123.9350872,0.0,1.5708,0.02131,-0.0,-0.0,0.0
1736847123.9365947,0.0,1.5708,0.02144,-0.0,-0.0,0.0
1736847123.9365947,0.0,1.5708,0.02157,-0.0,-0.0,0.0
1736847123.9375954,0.0,1.5708,0.02169,-0.0,-0.0,0.0
1736847123.9389224,0.0,1.5708,0.02181,-0.0,-0.0,0.0
1736847123.9396834,0.0,1.5708,0.02193,-0.0,-0.0,0.0
1736847123.9402716,0.0,1.5708,0.02205,-0.0,-0.0,0.0
1736847123.9402716,0.0,1.5708,0.02217,-0.0,-0.0,0.0
1736847123.9416795,0.0,1.5708,0.02232,-0.0,-0.0,0.0
1736847123.9428606,0.0,1.5708,0.02246,-0.0,-0.0,0.0
1736847123.9438787,0.0,1.5708,0.02259,-0.0,-0.0,0.0
1736847123.9438787,0.0,1.5708,0.02271,-0.0,-0.0,0.0
1736847123.9448664,0.0,1.5708,0.02283,-0.0,-0.0,0.0
1736847123.9458647,0.0,1.5708,0.02295,-0.0,-0.0,0.0
1736847123.9468741,0.0,1.5708,0.02307,-0.0,-0.0,0.0
1736847123.9468741,0.0,1.5708,0.02318,-0.0,-0.0,0.0
1736847123.9489217,0.0,1.5708,0.02332,-0.0,-0.0,0.0
1736847123.9493992,0.0,1.5708,0.02351,-0.0,-0.0,0.0
1736847123.950401,0.0,1.5708,0.02366,-0.0,-0.0,0.0
1736847123.9514108,0.0,1.5708,0.02378,-0.0,-0.0,0.0
1736847123.9514108,0.0,1.5708,0.02389,-0.0,-0.0,0.0
1736847123.952401,0.0,1.5708,0.02401,-0.0,-0.0,0.0
1736847123.9534,0.0,1.5708,0.02413,-0.0,-0.0,0.0
1736847123.9542587,0.0,1.5708,0.02425,-0.0,-0.0,0.0
1736847123.955263,0.0,1.5708,0.02437,-0.0,-0.0,0.0
1736847123.9559202,0.0,1.5708,0.02451,-0.0,-0.0,0.0
1736847123.957039,0.0,1.5708,0.02465,-0.0,-0.0,0.0
1736847123.957889,0.0,1.5708,0.02479,-0.0,-0.0,0.0
1736847123.9586556,0.0,1.5708,0.02491,-0.0,-0.0,0.0
1736847123.9586556,0.0,1.5708,0.02503,-0.0,-0.0,0.0
1736847123.9604237,0.0,1.5708,0.02517,-0.0,-0.0,0.0
1736847123.9604237,0.0,1.5708,0.0253,-0.0,-0.0,0.0
1736847123.961426,0.0,1.5708,0.02543,-0.0,-0.0,0.0
1736847123.962827,0.0,1.5708,0.02557,-0.0,-0.0,0.0
1736847123.9638631,0.0,1.5708,0.02571,-0.0,-0.0,0.0
1736847123.9638631,0.0,1.5708,0.02584,-0.0,-0.0,0.0
1736847123.964975,0.0,1.5708,0.02596,-0.0,-0.0,0.0
1736847123.964975,0.0,1.5708,0.02609,-0.0,-0.0,0.0
1736847123.964975,0.0,1.5708,0.02621,-0.0,-0.0,0.0
1736847123.964975,0.0,1.5708,0.02633,-0.0,-0.0,0.0
1736847123.9681613,0.0,1.5708,0.02644,-0.0,-0.0,0.0
1736847123.9693809,0.0,1.5708,0.02658,-0.0,-0.0,0.0
1736847123.9693809,0.0,1.5708,0.02675,-0.0,-0.0,0.0
1736847123.971186,0.0,1.5708,0.02689,-0.0,-0.0,0.0
1736847123.9721913,0.0,1.5708,0.02702,-0.0,-0.0,0.0
1736847123.9721913,0.0,1.5708,0.02714,-0.0,-0.0,0.0
1736847123.9731905,0.0,1.5708,0.02726,-0.0,-0.0,0.0
1736847123.9741902,0.0,1.5708,0.02738,-0.0,-0.0,0.0
1736847123.9751897,0.0,1.5708,0.0275,-0.0,-0.0,0.0
1736847123.9751897,0.0,1.5708,0.02762,-0.0,-0.0,0.0
1736847123.9769006,0.0,1.5708,0.02778,-0.0,-0.0,0.0
1736847123.97784,0.0,1.5708,0.02792,-0.0,-0.0,0.0
1736847123.9787252,0.0,1.5708,0.02806,-0.0,-0.0,0.0
1736847123.9787252,0.0,1.5708,0.02818,-0.0,-0.0,0.0
1736847123.979737,0.0,1.5708,0.02831,-0.0,-0.0,0.0
1736847123.9807358,0.0,1.5708,0.02843,-0.0,-0.0,0.0
1736847123.9817398,0.0,1.5708,0.02855,-0.0,-0.0,0.0
1736847123.9827356,0.0,1.5708,0.02866,-0.0,-0.0,0.0
1736847123.9836771,0.0,1.5708,0.02881,-0.0,-0.0,0.0
1736847123.9840338,0.0,1.5708,0.02896,-0.0,-0.0,0.0
1736847123.9850364,0.0,1.5708,0.02909,-0.0,-0.0,0.0
1736847123.9860454,0.0,1.5708,0.02921,-0.0,-0.0,0.0
1736847123.9860454,0.0,1.5708,0.02933,-0.0,-0.0,0.0
1736847123.9870358,0.0,1.5708,0.02945,-0.0,-0.0,0.0
1736847123.9882553,0.0,1.5708,0.02957,-0.0,-0.0,0.0
1736847123.9882553,0.0,1.5708,0.02969,-0.0,-0.0,0.0
1736847123.9892614,0.0,1.5708,0.02982,-0.0,-0.0,0.0
1736847123.990413,0.0,1.5708,0.02998,-0.0,-0.0,0.0
1736847123.990413,0.0,1.5708,0.03013,-0.0,-0.0,0.0
1736847123.990413,0.0,1.5708,0.03026,-0.0,-0.0,0.0
1736847123.993401,0.0,1.5708,0.03039,-0.0,-0.0,0.0
1736847123.9944062,0.0,1.5708,0.03051,-0.0,-0.0,0.0
1736847123.9952343,0.0,1.5708,0.03063,-0.0,-0.0,0.0
1736847123.9952343,0.0,1.5708,0.03075,-0.0,-0.0,0.0
1736847123.9962409,0.0,1.5708,0.03088,-0.0,-0.0,0.0
1736847123.997663,0.0,1.5708,0.03103,-0.0,-0.0,0.0
1736847123.997663,0.0,1.5708,0.03117,-0.0,-0.0,0.0
1736847123.9992492,0.0,1.5708,0.0313,-0.0,-0.0,0.0
1736847124.0002542,0.0,1.5708,0.03143,-0.0,-0.0,0.0
1736847124.0002542,0.0,1.5708,0.03155,-0.0,-0.0,0.0
1736847124.0012538,0.0,1.5708,0.03167,-0.0,-0.0,0.0
1736847124.0022533,0.0,1.5708,0.03179,-0.0,-0.0,0.0
1736847124.003255,0.0,1.5708,0.0319,-0.0,-0.0,0.0
1736847124.0042064,0.0,1.5708,0.03204,-0.0,-0.0,0.0
1736847124.0042064,0.0,1.5708,0.03224,-0.0,-0.0,0.0
1736847124.0061142,0.0,1.5708,0.03239,-0.0,-0.0,0.0
1736847124.0071414,0.0,1.5708,0.03252,-0.0,-0.0,0.0
1736847124.0071414,0.0,1.5708,0.03264,-0.0,-0.0,0.0
1736847124.0081189,0.0,1.5708,0.03276,-0.0,-0.0,0.0
1736847124.009119,0.0,1.5708,0.03288,-0.0,-0.0,0.0
1736847124.0101323,0.0,1.5708,0.03301,-0.0,-0.0,0.0
1736847124.0111203,0.0,1.5708,0.03313,-0.0,-0.0,0.0
1736847124.0119278,0.0,1.5708,0.03328,-0.0,-0.0,0.0
1736847124.0128217,0.0,1.5708,0.03342,-0.0,-0.0,0.0
1736847124.0135987,0.0,1.5708,0.03354,-0.0,-0.0,0.0
1736847124.0135987,0.0,1.5708,0.03366,-0.0,-0.0,0.0
1736847124.0146105,0.0,1.5708,0.03378,-0.0,-0.0,0.0
1736847124.0156083,0.0,1.5708,0.0339,-0.0,-0.0,0.0
1736847124.01655,0.0,1.5708,0.03402,-0.0,-0.0,0.0
1736847124.0175695,0.0,1.5708,0.03418,-0.0,-0.0,0.0
1736847124.0182357,0.0,1.5708,0.03433,-0.0,-0.0,0.0
1736847124.0182357,0.0,1.5708,0.03447,-0.0,-0.0,0.0
1736847124.0182357,0.0,1.5708,0.03461,-0.0,-0.0,0.0
1736847124.0182357,0.0,1.5708,0.03474,-0.0,-0.0,0.0
1736847124.0182357,0.0,1.5708,0.03486,-0.0,-0.0,0.0
1736847124.022683,0.0,1.5708,0.03498,-0.0,-0.0,0.0
1736847124.02369,0.0,1.5708,0.0351,-0.0,-0.0,0.0
1736847124.02369,0.0,1.5708,0.03523,-0.0,-0.0,0.0
1736847124.0253363,0.0,1.5708,0.03536,-0.0,-0.0,0.0
1736847124.0263433,0.0,1.5708,0.03551,-0.0,-0.0,0.0
1736847124.0263433,0.0,1.5708,0.03564,-0.0,-0.0,0.0
1736847124.0273411,0.0,1.5708,0.03576,-0.0,-0.0,0.0
1736847124.0286767,0.0,1.5708,0.03588,-0.0,-0.0,0.0
1736847124.0287876,0.0,1.5708,0.03601,-0.0,-0.0,0.0
1736847124.030304,0.0,1.5708,0.03614,-0.0,-0.0,0.0
1736847124.030304,0.0,1.5708,0.03626,-0.0,-0.0,0.0
1736847124.03131,0.0,1.5708,0.03638,-0.0,-0.0,0.0
1736847124.0330021,0.0,1.5708,0.03653,-0.0,-0.0,0.0
1736847124.0340073,0.0,1.5708,0.03672,-0.0,-0.0,0.0
1736847124.0345514,0.0,1.5708,0.03684,-0.0,-0.0,0.0
1736847124.0355582,0.0,1.5708,0.03698,-0.0,-0.0,0.0
1736847124.0355582,0.0,1.5708,0.03711,-0.0,-0.0,0.0
1736847124.0365558,0.0,1.5708,0.03723,-0.0,-0.0,0.0
1736847124.0375557,0.0,1.5708,0.03735,-0.0,-0.0,0.0
1736847124.0388558,0.0,1.5708,0.03746,-0.0,-0.0,0.0
1736847124.0392075,0.0,1.5708,0.03762,-0.0,-0.0,0.0
1736847124.0406628,0.0,1.5708,0.03776,-0.0,-0.0,0.0
1736847124.0407727,0.0,1.5708,0.0379,-0.0,-0.0,0.0
1736847124.041774,0.0,1.5708,0.03804,-0.0,-0.0,0.0
1736847124.0427728,0.0,1.5708,0.03816,-0.0,-0.0,0.0
1736847124.04379,0.0,1.5708,0.03828,-0.0,-0.0,0.0
1736847124.04379,0.0,1.5708,0.0384,-0.0,-0.0,0.0
1736847124.044775,0.0,1.5708,0.03852,-0.0,-0.0,0.0
1736847124.0459893,0.0,1.5708,0.03865,-0.0,-0.0,0.0
1736847124.0459893,0.0,1.5708,0.0388,-0.0,-0.0,0.0
1736847124.0459893,0.0,1.5708,0.03894,-0.0,-0.0,0.0
1736847124.0459893,0.0,1.5708,0.03906,-0.0,-0.0,0.0
1736847124.0459893,0.0,1.5708,0.03918,-0.0,-0.0,0.0
1736847124.050396,0.0,1.5708,0.03931,-0.0,-0.0,0.0
1736847124.0512304,0.0,1.5708,0.03945,-0.0,-0.0,0.0
1736847124.0512304,0.0,1.5708,0.03957,-0.0,-0.0,0.0
1736847124.0522463,0.0,1.5708,0.03971,-0.0,-0.0,0.0
1736847124.0538917,0.0,1.5708,0.03987,-0.0,-0.0,0.0
1736847124.0538917,0.0,1.5708,0.04001,-0.0,-0.0,0.0
1736847124.055246,0.0,1.5708,0.04014,-0.0,-0.0,0.0
1736847124.0562005,0.0,1.5708,0.04027,-0.0,-0.0,0.0
1736847124.0572193,0.0,1.5708,0.04039,-0.0,-0.0,0.0
1736847124.0572193,0.0,1.5708,0.04051,-0.0,-0.0,0.0
1736847124.0582054,0.0,1.5708,0.04064,-0.0,-0.0,0.0
1736847124.0598223,0.0,1.5708,0.04077,-0.0,-0.0,0.0
1736847124.060226,0.0,1.5708,0.04092,-0.0,-0.0,0.0
1736847124.0612695,0.0,1.5708,0.04106,-0.0,-0.0,0.0
1736847124.0620778,0.0,1.5708,0.04119,-0.0,-0.0,0.0
1736847124.063094,0.0,1.5708,0.04132,-0.0,-0.0,0.0
1736847124.063094,0.0,1.5708,0.04143,-0.0,-0.0,0.0
1736847124.0640824,0.0,1.5708,0.04156,-0.0,-0.0,0.0
1736847124.0650818,0.0,1.5708,0.04169,-0.0,-0.0,0.0
1736847124.066083,0.0,1.5708,0.04181,-0.0,-0.0,0.0
1736847124.067117,0.0,1.5708,0.04196,-0.0,-0.0,0.0
1736847124.0676918,0.0,1.5708,0.0421,-0.0,-0.0,0.0
1736847124.068698,0.0,1.5708,0.04224,-0.0,-0.0,0.0
1736847124.0698545,0.0,1.5708,0.04236,-0.0,-0.0,0.0
1736847124.0698545,0.0,1.5708,0.04247,-0.0,-0.0,0.0
1736847124.0708594,0.0,1.5708,0.04259,-0.0,-0.0,0.0
1736847124.0718586,0.0,1.5708,0.04271,-0.0,-0.0,0.0
1736847124.0728602,0.0,1.5708,0.04283,-0.0,-0.0,0.0
1736847124.0737407,0.0,1.5708,0.04297,-0.0,-0.0,0.0
1736847124.0737407,0.0,1.5708,0.04312,-0.0,-0.0,0.0
1736847124.0737407,0.0,1.5708,0.04327,-0.0,-0.0,0.0
1736847124.0737407,0.0,1.5708,0.04339,-0.0,-0.0,0.0
1736847124.0737407,0.0,1.5708,0.04351,-0.0,-0.0,0.0
1736847124.0737407,0.0,1.5708,0.04363,-0.0,-0.0,0.0
1736847124.0784416,0.0,1.5708,0.04375,-0.0,-0.0,0.0
1736847124.079448,0.0,1.5708,0.04387,-0.0,-0.0,0.0
1736847124.079448,0.0,1.5708,0.04399,-0.0,-0.0,0.0
1736847124.0809963,0.0,1.5708,0.04413,-0.0,-0.0,0.0
1736847124.0820508,0.0,1.5708,0.04428,-0.0,-0.0,0.0
1736847124.0820508,0.0,1.5708,0.04442,-0.0,-0.0,0.0
1736847124.08305,0.0,1.5708,0.04454,-0.0,-0.0,0.0
1736847124.0845401,0.0,1.5708,0.04466,-0.0,-0.0,0.0
1736847124.084638,0.0,1.5708,0.04479,-0.0,-0.0,0.0
1736847124.0860155,0.0,1.5708,0.04491,-0.0,-0.0,0.0
1736847124.0860155,0.0,1.5708,0.04503,-0.0,-0.0,0.0
1736847124.0875297,0.0,1.5708,0.04516,-0.0,-0.0,0.0
1736847124.0885558,0.0,1.5708,0.04531,-0.0,-0.0,0.0
1736847124.0885558,0.0,1.5708,0.04545,-0.0,-0.0,0.0
1736847124.090354,0.0,1.5708,0.04557,-0.0,-0.0,0.0
1736847124.0905735,0.0,1.5708,0.0457,-0.0,-0.0,0.0
1736847124.0915794,0.0,1.5708,0.04582,-0.0,-0.0,0.0
1736847124.092588,0.0,1.5708,0.04595,-0.0,-0.0,0.0
1736847124.092588,0.0,1.5708,0.04606,-0.0,-0.0,0.0
1736847124.0935807,0.0,1.5708,0.04619,-0.0,-0.0,0.0
1736847124.0949569,0.0,1.5708,0.04634,-0.0,-0.0,0.0
1736847124.0949569,0.0,1.5708,0.04648,-0.0,-0.0,0.0
1736847124.0949569,0.0,1.5708,0.04661,-0.0,-0.0,0.0
1736847124.0949569,0.0,1.5708,0.04673,-0.0,-0.0,0.0
1736847124.0949569,0.0,1.5708,0.04685,-0.0,-0.0,0.0
1736847124.0949569,0.0,1.5708,0.04697,-0.0,-0.0,0.0
1736847124.0949569,0.0,1.5708,0.04708,-0.0,-0.0,0.0
1736847124.10016,0.0,1.5708,0.0472,-0.0,-0.0,0.0
1736847124.1011674,0.0,1.5708,0.04734,-0.0,-0.0,0.0
1736847124.1019511,0.0,1.5708,0.04748,-0.0,-0.0,0.0
1736847124.1029568,0.0,1.5708,0.04762,-0.0,-0.0,0.0
1736847124.103956,0.0,1.5708,0.04775,-0.0,-0.0,0.0
1736847124.1049562,0.0,1.5708,0.04787,-0.0,-0.0,0.0
1736847124.1049562,0.0,1.5708,0.04799,-0.0,-0.0,0.0
1736847124.105955,0.0,1.5708,0.04811,-0.0,-0.0,0.0
1736847124.1070426,0.0,1.5708,0.04824,-0.0,-0.0,0.0
1736847124.1080804,0.0,1.5708,0.04836,-0.0,-0.0,0.0
1736847124.1083755,0.0,1.5708,0.04852,-0.0,-0.0,0.0
1736847124.1083755,0.0,1.5708,0.04866,-0.0,-0.0,0.0
1736847124.1083755,0.0,1.5708,0.04878,-0.0,-0.0,0.0
1736847124.1114643,0.0,1.5708,0.04891,-0.0,-0.0,0.0
1736847124.1122506,0.0,1.5708,0.04903,-0.0,-0.0,0.0
1736847124.1130471,0.0,1.5708,0.04916,-0.0,-0.0,0.0
1736847124.1130471,0.0,1.5708,0.04928,-0.0,-0.0,0.0
1736847124.1140594,0.0,1.5708,0.0494,-0.0,-0.0,0.0
1736847124.1153827,0.0,1.5708,0.04954,-0.0,-0.0,0.0
1736847124.115696,0.0,1.5708,0.04968,-0.0,-0.0,0.0
1736847124.117305,0.0,1.5708,0.04982,-0.0,-0.0,0.0
1736847124.117305,0.0,1.5708,0.04994,-0.0,-0.0,0.0
1736847124.118309,0.0,1.5708,0.05006,-0.0,-0.0,0.0
1736847124.1193094,0.0,1.5708,0.05018,-0.0,-0.0,0.0
1736847124.1203084,0.0,1.5708,0.0503,-0.0,-0.0,0.0
1736847124.1203084,0.0,1.5708,0.05041,-0.0,-0.0,0.0
1736847124.12131,0.0,1.5708,0.05053,-0.0,-0.0,0.0
1736847124.1229317,0.0,1.5708,0.05068,-0.0,-0.0,0.0
1736847124.1239338,0.0,1.5708,0.05085,-0.0,-0.0,0.0
1736847124.1239338,0.0,1.5708,0.05098,-0.0,-0.0,0.0
1736847124.1249328,0.0,1.5708,0.05111,-0.0,-0.0,0.0
1736847124.1259322,0.0,1.5708,0.05123,-0.0,-0.0,0.0
1736847124.1269426,0.0,1.5708,0.05135,-0.0,-0.0,0.0
1736847124.127933,0.0,1.5708,0.05147,-0.0,-0.0,0.0
1736847124.127933,0.0,1.5708,0.05161,-0.0,-0.0,0.0
1736847124.129871,0.0,1.5708,0.05177,-0.0,-0.0,0.0
1736847124.129871,0.0,1.5708,0.05192,-0.0,-0.0,0.0
1736847124.131397,0.0,1.5708,0.05204,-0.0,-0.0,0.0
1736847124.131731,0.0,1.5708,0.05216,-0.0,-0.0,0.0
1736847124.1327431,0.0,1.5708,0.05228,-0.0,-0.0,0.0
1736847124.133753,0.0,1.5708,0.0524,-0.0,-0.0,0.0
1736847124.134042,0.0,1.5708,0.05252,-0.0,-0.0,0.0
1736847124.1348386,0.0,1.5708,0.05265,-0.0,-0.0,0.0
1736847124.1361146,0.0,1.5708,0.05279,-0.0,-0.0,0.0
1736847124.1361146,0.0,1.5708,0.05296,-0.0,-0.0,0.0
1736847124.1361146,0.0,1.5708,0.05309,-0.0,-0.0,0.0
1736847124.1361146,0.0,1.5708,0.05321,-0.0,-0.0,0.0
1736847124.1361146,0.0,1.5708,0.05333,-0.0,-0.0,0.0
1736847124.1402729,0.0,1.5708,0.05345,-0.0,-0.0,0.0
1736847124.1412783,0.0,1.5708,0.05357,-0.0,-0.0,0.0
1736847124.1412783,0.0,1.5708,0.05369,-0.0,-0.0,0.0
1736847124.1422794,0.0,1.5708,0.05381,-0.0,-0.0,0.0
1736847124.1434565,0.0,1.5708,0.05397,-0.0,-0.0,0.0
1736847124.1445003,0.0,1.5708,0.0541,-0.0,-0.0,0.0
1736847124.1449437,0.0,1.5708,0.05422,-0.0,-0.0,0.0
1736847124.1449437,0.0,1.5708,0.05436,-0.0,-0.0,0.0
1736847124.1449437,0.0,1.5708,0.05449,-0.0,-0.0,0.0
1736847124.1449437,0.0,1.5708,0.05461,-0.0,-0.0,0.0
1736847124.1449437,0.0,1.5708,0.05473,-0.0,-0.0,0.0
1736847124.148739,0.0,1.5708,0.05485,-0.0,-0.0,0.0
1736847124.1502364,0.0,1.5708,0.055,-0.0,-0.0,0.0
1736847124.1513238,0.0,1.5708,0.05514,-0.0,-0.0,0.0
1736847124.1518886,0.0,1.5708,0.05528,-0.0,-0.0,0.0
1736847124.1528943,0.0,1.5708,0.0554,-0.0,-0.0,0.0
1736847124.1528943,0.0,1.5708,0.05552,-0.0,-0.0,0.0
1736847124.1538928,0.0,1.5708,0.05564,-0.0,-0.0,0.0
1736847124.1548927,0.0,1.5708,0.05576,-0.0,-0.0,0.0
1736847124.1556587,0.0,1.5708,0.05588,-0.0,-0.0,0.0
1736847124.156666,0.0,1.5708,0.05602,-0.0,-0.0,0.0
1736847124.1574748,0.0,1.5708,0.05617,-0.0,-0.0,0.0
1736847124.1585348,0.0,1.5708,0.05631,-0.0,-0.0,0.0
1736847124.1595228,0.0,1.5708,0.05644,-0.0,-0.0,0.0
1736847124.160093,0.0,1.5708,0.05656,-0.0,-0.0,0.0
1736847124.1610985,0.0,1.5708,0.05669,-0.0,-0.0,0.0
1736847124.1610985,0.0,1.5708,0.05681,-0.0,-0.0,0.0
1736847124.162677,0.0,1.5708,0.05693,-0.0,-0.0,0.0
1736847124.162677,0.0,1.5708,0.05707,-0.0,-0.0,0.0
1736847124.1639128,0.0,1.5708,0.05721,-0.0,-0.0,0.0
1736847124.1639128,0.0,1.5708,0.05735,-0.0,-0.0,0.0
1736847124.1659067,0.0,1.5708,0.05749,-0.0,-0.0,0.0
1736847124.1669116,0.0,1.5708,0.05761,-0.0,-0.0,0.0
1736847124.1669116,0.0,1.5708,0.05774,-0.0,-0.0,0.0
1736847124.1686127,0.0,1.5708,0.05786,-0.0,-0.0,0.0
1736847124.1691346,0.0,1.5708,0.05798,-0.0,-0.0,0.0
1736847124.1701512,0.0,1.5708,0.0581,-0.0,-0.0,0.0
1736847124.1708527,0.0,1.5708,0.05826,-0.0,-0.0,0.0
1736847124.1716835,0.0,1.5708,0.05841,-0.0,-0.0,0.0
1736847124.1726892,0.0,1.5708,0.05856,-0.0,-0.0,0.0
1736847124.1737003,0.0,1.5708,0.05868,-0.0,-0.0,0.0
1736847124.1737003,0.0,1.5708,0.0588,-0.0,-0.0,0.0
1736847124.1746883,0.0,1.5708,0.05892,-0.0,-0.0,0.0
1736847124.1756878,0.0,1.5708,0.05904,-0.0,-0.0,0.0
1736847124.176689,0.0,1.5708,0.05915,-0.0,-0.0,0.0
1736847124.1776953,0.0,1.5708,0.05928,-0.0,-0.0,0.0
1736847124.1783574,0.0,1.5708,0.05946,-0.0,-0.0,0.0
1736847124.1793587,0.0,1.5708,0.0596,-0.0,-0.0,0.0
1736847124.1803584,0.0,1.5708,0.05972,-0.0,-0.0,0.0
1736847124.1803584,0.0,1.5708,0.05984,-0.0,-0.0,0.0
1736847124.1813586,0.0,1.5708,0.05996,-0.0,-0.0,0.0
1736847124.1823583,0.0,1.5708,0.06008,-0.0,-0.0,0.0
1736847124.1834223,0.0,1.5708,0.06021,-0.0,-0.0,0.0
1736847124.1844728,0.0,1.5708,0.06034,-0.0,-0.0,0.0
1736847124.1856124,0.0,1.5708,0.06053,-0.0,-0.0,0.0
1736847124.1864324,0.0,1.5708,0.0607,-0.0,-0.0,0.0
1736847124.186943,0.0,1.5708,0.06082,-0.0,-0.0,0.0
1736847124.1879575,0.0,1.5708,0.06094,-0.0,-0.0,0.0
1736847124.1879575,0.0,1.5708,0.06105,-0.0,-0.0,0.0
1736847124.1896856,0.0,1.5708,0.06117,-0.0,-0.0,0.0
1736847124.1897748,0.0,1.5708,0.06131,-0.0,-0.0,0.0
1736847124.1907778,0.0,1.5708,0.06144,-0.0,-0.0,0.0
1736847124.1919858,0.0,1.5708,0.0616,-0.0,-0.0,0.0
1736847124.1930459,0.0,1.5708,0.06174,-0.0,-0.0,0.0
1736847124.1940439,0.0,1.5708,0.06187,-0.0,-0.0,0.0
1736847124.1944091,0.0,1.5708,0.062,-0.0,-0.0,0.0
1736847124.1944091,0.0,1.5708,0.06213,-0.0,-0.0,0.0
1736847124.1944091,0.0,1.5708,0.06226,-0.0,-0.0,0.0
1736847124.1973655,0.0,1.5708,0.06237,-0.0,-0.0,0.0
1736847124.1973655,0.0,1.5708,0.06251,-0.0,-0.0,0.0
1736847124.1985655,0.0,1.5708,0.06265,-0.0,-0.0,0.0
1736847124.1985655,0.0,1.5708,0.06278,-0.0,-0.0,0.0
1736847124.2004876,0.0,1.5708,0.06296,-0.0,-0.0,0.0
1736847124.2014935,0.0,1.5708,0.0631,-0.0,-0.0,0.0
1736847124.2026966,0.0,1.5708,0.06322,-0.0,-0.0,0.0
1736847124.2026966,0.0,1.5708,0.06334,-0.0,-0.0,0.0
1736847124.203702,0.0,1.5708,0.06346,-0.0,-0.0,0.0
1736847124.204703,0.0,1.5708,0.06359,-0.0,-0.0,0.0
1736847124.2055612,0.0,1.5708,0.06372,-0.0,-0.0,0.0
1736847124.2469442,0.0,1.5708,0.07171,-0.0,-0.0,0.0
1736847124.2469442,0.0,1.5708,0.07199,-0.0,-0.0,0.0
1736847124.2469442,0.0,1.5708,0.07221,-0.0,-0.0,0.0
1736847124.2469442,0.0,1.5708,0.07241,-0.0,-0.0,0.0
1736847124.2625704,0.0,1.5708,0.0726,-0.0,-0.0,0.0
1736847124.263516,0.0,1.5708,0.07278,-0.0,-0.0,0.0
1736847124.264203,0.0,1.5708,0.07296,-0.0,-0.0,0.0
1736847124.2656164,0.0,1.5708,0.07311,-0.0,-0.0,0.0
1736847124.2656164,0.0,1.5708,0.07324,-0.0,-0.0,0.0
1736847124.2666292,0.0,1.5708,0.07337,-0.0,-0.0,0.0
1736847124.268241,0.0,1.5708,0.07351,-0.0,-0.0,0.0
1736847124.268241,0.0,1.5708,0.07366,-0.0,-0.0,0.0
1736847124.2697988,0.0,1.5708,0.0738,-0.0,-0.0,0.0
1736847124.270818,0.0,1.5708,0.07394,-0.0,-0.0,0.0
1736847124.2718036,0.0,1.5708,0.07407,-0.0,-0.0,0.0
1736847124.2718036,0.0,1.5708,0.07419,-0.0,-0.0,0.0
1736847124.272804,0.0,1.5708,0.07432,-0.0,-0.0,0.0
1736847124.273805,0.0,1.5708,0.07444,-0.0,-0.0,0.0
1736847124.2750065,0.0,1.5708,0.07459,-0.0,-0.0,0.0
1736847124.2756486,0.0,1.5708,0.07476,-0.0,-0.0,0.0
1736847124.2766535,0.0,1.5708,0.07493,-0.0,-0.0,0.0
1736847124.277654,0.0,1.5708,0.07506,-0.0,-0.0,0.0
1736847124.278665,0.0,1.5708,0.07518,-0.0,-0.0,0.0
1736847124.2796538,0.0,1.5708,0.07531,-0.0,-0.0,0.0
1736847124.2796538,0.0,1.5708,0.07543,-0.0,-0.0,0.0
1736847124.2806551,0.0,1.5708,0.07555,-0.0,-0.0,0.0
1736847124.2820683,0.0,1.5708,0.07568,-0.0,-0.0,0.0
1736847124.2832363,0.0,1.5708,0.07586,-0.0,-0.0,0.0
1736847124.2840657,0.0,1.5708,0.07601,-0.0,-0.0,0.0
1736847124.2840657,0.0,1.5708,0.07614,-0.0,-0.0,0.0
1736847124.2850702,0.0,1.5708,0.07627,-0.0,-0.0,0.0
1736847124.2860692,0.0,1.5708,0.07639,-0.0,-0.0,0.0
1736847124.2872665,0.0,1.5708,0.07651,-0.0,-0.0,0.0
1736847124.2873578,0.0,1.5708,0.07663,-0.0,-0.0,0.0
1736847124.2883627,0.0,1.5708,0.07676,-0.0,-0.0,0.0
1736847124.289162,0.0,1.5708,0.07691,-0.0,-0.0,0.0
1736847124.291213,0.0,1.5708,0.07711,-0.0,-0.0,0.0
1736847124.291213,0.0,1.5708,0.07725,-0.0,-0.0,0.0
1736847124.2926695,0.0,1.5708,0.07737,-0.0,-0.0,0.0
1736847124.2926695,0.0,1.5708,0.07749,-0.0,-0.0,0.0
1736847124.2936692,0.0,1.5708,0.07761,-0.0,-0.0,0.0
1736847124.2946682,0.0,1.5708,0.07773,-0.0,-0.0,0.0
1736847124.2956703,0.0,1.5708,0.07786,-0.0,-0.0,0.0
1736847124.296486,0.0,1.5708,0.078,-0.0,-0.0,0.0
1736847124.2975056,0.0,1.5708,0.07814,-0.0,-0.0,0.0
1736847124.298535,0.0,1.5708,0.07827,-0.0,-0.0,0.0
1736847124.298535,0.0,1.5708,0.0784,-0.0,-0.0,0.0
1736847124.3001292,0.0,1.5708,0.07852,-0.0,-0.0,0.0
1736847124.3001292,0.0,1.5708,0.07864,-0.0,-0.0,0.0
1736847124.3011353,0.0,1.5708,0.07877,-0.0,-0.0,0.0
1736847124.302137,0.0,1.5708,0.07889,-0.0,-0.0,0.0
1736847124.3031883,0.0,1.5708,0.07904,-0.0,-0.0,0.0
1736847124.3044355,0.0,1.5708,0.07919,-0.0,-0.0,0.0
1736847124.3054378,0.0,1.5708,0.07934,-0.0,-0.0,0.0
1736847124.306436,0.0,1.5708,0.07952,-0.0,-0.0,0.0
1736847124.306436,0.0,1.5708,0.07964,-0.0,-0.0,0.0
1736847124.3074365,0.0,1.5708,0.07977,-0.0,-0.0,0.0
1736847124.3084364,0.0,1.5708,0.0799,-0.0,-0.0,0.0
1736847124.309773,0.0,1.5708,0.08003,-0.0,-0.0,0.0
1736847124.3101022,0.0,1.5708,0.08019,-0.0,-0.0,0.0
1736847124.3111455,0.0,1.5708,0.08033,-0.0,-0.0,0.0
1736847124.312145,0.0,1.5708,0.08046,-0.0,-0.0,0.0
1736847124.3131452,0.0,1.5708,0.08058,-0.0,-0.0,0.0
1736847124.3131452,0.0,1.5708,0.0807,-0.0,-0.0,0.0
1736847124.3141453,0.0,1.5708,0.08082,-0.0,-0.0,0.0
1736847124.3153872,0.0,1.5708,0.08094,-0.0,-0.0,0.0
1736847124.3163927,0.0,1.5708,0.08107,-0.0,-0.0,0.0
1736847124.3170009,0.0,1.5708,0.08122,-0.0,-0.0,0.0
1736847124.3182542,0.0,1.5708,0.08136,-0.0,-0.0,0.0
1736847124.3182542,0.0,1.5708,0.0815,-0.0,-0.0,0.0
1736847124.3192606,0.0,1.5708,0.08162,-0.0,-0.0,0.0
1736847124.3200636,0.0,1.5708,0.08175,-0.0,-0.0,0.0
1736847124.3200636,0.0,1.5708,0.08188,-0.0,-0.0,0.0
1736847124.322378,0.0,1.5708,0.08201,-0.0,-0.0,0.0
1736847124.322378,0.0,1.5708,0.08215,-0.0,-0.0,0.0
1736847124.3236012,0.0,1.5708,0.0823,-0.0,-0.0,0.0
1736847124.3236012,0.0,1.5708,0.08244,-0.0,-0.0,0.0
1736847124.3236012,0.0,1.5708,0.08258,-0.0,-0.0,0.0
1736847124.3265634,0.0,1.5708,0.08271,-0.0,-0.0,0.0
1736847124.3265634,0.0,1.5708,0.08283,-0.0,-0.0,0.0
1736847124.3275683,0.0,1.5708,0.08295,-0.0,-0.0,0.0
1736847124.328568,0.0,1.5708,0.08307,-0.0,-0.0,0.0
1736847124.329581,0.0,1.5708,0.08319,-0.0,-0.0,0.0
1736847124.3305724,0.0,1.5708,0.08331,-0.0,-0.0,0.0
1736847124.331004,0.0,1.5708,0.08345,-0.0,-0.0,0.0
1736847124.332419,0.0,1.5708,0.08358,-0.0,-0.0,0.0
1736847124.332419,0.0,1.5708,0.08373,-0.0,-0.0,0.0
1736847124.3334208,0.0,1.5708,0.08386,-0.0,-0.0,0.0
1736847124.3348463,0.0,1.5708,0.08398,-0.0,-0.0,0.0
1736847124.3348463,0.0,1.5708,0.08409,-0.0,-0.0,0.0
1736847124.335851,0.0,1.5708,0.08421,-0.0,-0.0,0.0
1736847124.3368638,0.0,1.5708,0.08434,-0.0,-0.0,0.0
1736847124.3381207,0.0,1.5708,0.08448,-0.0,-0.0,0.0
1736847124.3381207,0.0,1.5708,0.08463,-0.0,-0.0,0.0
1736847124.3391244,0.0,1.5708,0.08476,-0.0,-0.0,0.0
1736847124.3401213,0.0,1.5708,0.08488,-0.0,-0.0,0.0
1736847124.3411312,0.0,1.5708,0.085,-0.0,-0.0,0.0
1736847124.3411312,0.0,1.5708,0.08511,-0.0,-0.0,0.0
1736847124.3421218,0.0,1.5708,0.08523,-0.0,-0.0,0.0
1736847124.3431745,0.0,1.5708,0.08535,-0.0,-0.0,0.0
1736847124.3441815,0.0,1.5708,0.08549,-0.0,-0.0,0.0
1736847124.3450563,0.0,1.5708,0.08566,-0.0,-0.0,0.0
1736847124.3461022,0.0,1.5708,0.0858,-0.0,-0.0,0.0
1736847124.3471074,0.0,1.5708,0.08592,-0.0,-0.0,0.0
1736847124.3471074,0.0,1.5708,0.08604,-0.0,-0.0,0.0
1736847124.3485014,0.0,1.5708,0.08616,-0.0,-0.0,0.0
1736847124.3495014,0.0,1.5708,0.08628,-0.0,-0.0,0.0
1736847124.3495014,0.0,1.5708,0.0864,-0.0,-0.0,0.0
1736847124.3505023,0.0,1.5708,0.08653,-0.0,-0.0,0.0
1736847124.3514905,0.0,1.5708,0.08668,-0.0,-0.0,0.0
1736847124.3514905,0.0,1.5708,0.08682,-0.0,-0.0,0.0
1736847124.3514905,0.0,1.5708,0.08696,-0.0,-0.0,0.0
1736847124.3545058,0.0,1.5708,0.08708,-0.0,-0.0,0.0
1736847124.3552084,0.0,1.5708,0.0872,-0.0,-0.0,0.0
1736847124.3552084,0.0,1.5708,0.08732,-0.0,-0.0,0.0
1736847124.356221,0.0,1.5708,0.08744,-0.0,-0.0,0.0
1736847124.3572202,0.0,1.5708,0.08756,-0.0,-0.0,0.0
1736847124.358671,0.0,1.5708,0.08771,-0.0,-0.0,0.0
1736847124.358671,0.0,1.5708,0.08786,-0.0,-0.0,0.0
1736847124.3602839,0.0,1.5708,0.088,-0.0,-0.0,0.0
1736847124.3612888,0.0,1.5708,0.08813,-0.0,-0.0,0.0
1736847124.3612888,0.0,1.5708,0.08825,-0.0,-0.0,0.0
1736847124.3622892,0.0,1.5708,0.08838,-0.0,-0.0,0.0
1736847124.3632884,0.0,1.5708,0.0885,-0.0,-0.0,0.0
1736847124.3642895,0.0,1.5708,0.08862,-0.0,-0.0,0.0
1736847124.3651803,0.0,1.5708,0.08876,-0.0,-0.0,0.0
1736847124.3651803,0.0,1.5708,0.08893,-0.0,-0.0,0.0
1736847124.3667972,0.0,1.5708,0.08911,-0.0,-0.0,0.0
1736847124.3678026,0.0,1.5708,0.08923,-0.0,-0.0,0.0
1736847124.3688023,0.0,1.5708,0.08936,-0.0,-0.0,0.0
1736847124.3698025,0.0,1.5708,0.08948,-0.0,-0.0,0.0
1736847124.3698025,0.0,1.5708,0.0896,-0.0,-0.0,0.0
1736847124.3709645,0.0,1.5708,0.08973,-0.0,-0.0,0.0
1736847124.3722901,0.0,1.5708,0.08988,-0.0,-0.0,0.0
1736847124.3722901,0.0,1.5708,0.09004,-0.0,-0.0,0.0
1736847124.3722901,0.0,1.5708,0.0902,-0.0,-0.0,0.0
1736847124.3722901,0.0,1.5708,0.09032,-0.0,-0.0,0.0
1736847124.3722901,0.0,1.5708,0.09044,-0.0,-0.0,0.0
1736847124.3767877,0.0,1.5708,0.09057,-0.0,-0.0,0.0
1736847124.3767877,0.0,1.5708,0.09069,-0.0,-0.0,0.0
1736847124.377794,0.0,1.5708,0.09081,-0.0,-0.0,0.0
1736847124.379185,0.0,1.5708,0.09094,-0.0,-0.0,0.0
1736847124.3794925,0.0,1.5708,0.0911,-0.0,-0.0,0.0
1736847124.3805375,0.0,1.5708,0.09124,-0.0,-0.0,0.0
1736847124.3815367,0.0,1.5708,0.09137,-0.0,-0.0,0.0
1736847124.3822918,0.0,1.5708,0.0915,-0.0,-0.0,0.0
1736847124.3833075,0.0,1.5708,0.09162,-0.0,-0.0,0.0
1736847124.3833075,0.0,1.5708,0.09173,-0.0,-0.0,0.0
1736847124.384296,0.0,1.5708,0.09185,-0.0,-0.0,0.0
1736847124.3852968,0.0,1.5708,0.09198,-0.0,-0.0,0.0
1736847124.3865485,0.0,1.5708,0.09213,-0.0,-0.0,0.0
1736847124.3875945,0.0,1.5708,0.09228,-0.0,-0.0,0.0
1736847124.3883607,0.0,1.5708,0.09241,-0.0,-0.0,0.0
1736847124.389365,0.0,1.5708,0.09254,-0.0,-0.0,0.0
1736847124.389365,0.0,1.5708,0.09266,-0.0,-0.0,0.0
1736847124.390365,0.0,1.5708,0.09278,-0.0,-0.0,0.0
1736847124.3913648,0.0,1.5708,0.0929,-0.0,-0.0,0.0
1736847124.3923666,0.0,1.5708,0.09302,-0.0,-0.0,0.0
1736847124.392997,0.0,1.5708,0.09315,-0.0,-0.0,0.0
1736847124.3933847,0.0,1.5708,0.09329,-0.0,-0.0,0.0
1736847124.3949966,0.0,1.5708,0.09344,-0.0,-0.0,0.0
1736847124.3949966,0.0,1.5708,0.09356,-0.0,-0.0,0.0
1736847124.3960078,0.0,1.5708,0.09369,-0.0,-0.0,0.0
1736847124.3970065,0.0,1.5708,0.09382,-0.0,-0.0,0.0
1736847124.3980064,0.0,1.5708,0.09394,-0.0,-0.0,0.0
1736847124.3990097,0.0,1.5708,0.09406,-0.0,-0.0,0.0
1736847124.3999271,0.0,1.5708,0.09419,-0.0,-0.0,0.0
1736847124.400554,0.0,1.5708,0.09435,-0.0,-0.0,0.0
1736847124.4015806,0.0,1.5708,0.09449,-0.0,-0.0,0.0
1736847124.4025753,0.0,1.5708,0.09463,-0.0,-0.0,0.0
1736847124.4025753,0.0,1.5708,0.09475,-0.0,-0.0,0.0
1736847124.4035592,0.0,1.5708,0.09487,-0.0,-0.0,0.0
1736847124.4045591,0.0,1.5708,0.09499,-0.0,-0.0,0.0
1736847124.4057205,0.0,1.5708,0.09511,-0.0,-0.0,0.0
1736847124.4057205,0.0,1.5708,0.09524,-0.0,-0.0,0.0
1736847124.4074066,0.0,1.5708,0.0954,-0.0,-0.0,0.0
1736847124.4084265,0.0,1.5708,0.09554,-0.0,-0.0,0.0
1736847124.4084265,0.0,1.5708,0.09567,-0.0,-0.0,0.0
1736847124.4094114,0.0,1.5708,0.0958,-0.0,-0.0,0.0
1736847124.4104116,0.0,1.5708,0.09592,-0.0,-0.0,0.0
1736847124.411423,0.0,1.5708,0.09604,-0.0,-0.0,0.0
1736847124.412395,0.0,1.5708,0.09615,-0.0,-0.0,0.0
1736847124.412395,0.0,1.5708,0.09628,-0.0,-0.0,0.0
1736847124.4141958,0.0,1.5708,0.09643,-0.0,-0.0,0.0
1736847124.4149952,0.0,1.5708,0.09658,-0.0,-0.0,0.0
1736847124.4149952,0.0,1.5708,0.09672,-0.0,-0.0,0.0
1736847124.416008,0.0,1.5708,0.09684,-0.0,-0.0,0.0
1736847124.4169605,0.0,1.5708,0.09696,-0.0,-0.0,0.0
1736847124.4169605,0.0,1.5708,0.09709,-0.0,-0.0,0.0
1736847124.4169605,0.0,1.5708,0.09721,-0.0,-0.0,0.0
1736847124.4195442,0.0,1.5708,0.09734,-0.0,-0.0,0.0
1736847124.4205534,0.0,1.5708,0.09746,-0.0,-0.0,0.0
1736847124.420806,0.0,1.5708,0.09762,-0.0,-0.0,0.0
1736847124.422279,0.0,1.5708,0.09776,-0.0,-0.0,0.0
1736847124.423313,0.0,1.5708,0.0979,-0.0,-0.0,0.0
1736847124.423313,0.0,1.5708,0.09802,-0.0,-0.0,0.0
1736847124.4242845,0.0,1.5708,0.09814,-0.0,-0.0,0.0
1736847124.4252846,0.0,1.5708,0.09827,-0.0,-0.0,0.0
1736847124.4262846,0.0,1.5708,0.09839,-0.0,-0.0,0.0
1736847124.4272888,0.0,1.5708,0.09852,-0.0,-0.0,0.0
1736847124.4284987,0.0,1.5708,0.09868,-0.0,-0.0,0.0
1736847124.4284987,0.0,1.5708,0.09883,-0.0,-0.0,0.0
1736847124.429499,0.0,1.5708,0.09897,-0.0,-0.0,0.0
1736847124.4304988,0.0,1.5708,0.0991,-0.0,-0.0,0.0
1736847124.4318902,0.0,1.5708,0.09922,-0.0,-0.0,0.0
1736847124.4318902,0.0,1.5708,0.09934,-0.0,-0.0,0.0
1736847124.4334354,0.0,1.5708,0.09946,-0.0,-0.0,0.0
1736847124.4334354,0.0,1.5708,0.0996,-0.0,-0.0,0.0
1736847124.4347286,0.0,1.5708,0.09975,-0.0,-0.0,0.0
1736847124.4347286,0.0,1.5708,0.09989,-0.0,-0.0,0.0
1736847124.4347286,0.0,1.5708,0.10002,-0.0,-0.0,0.0
1736847124.4347286,0.0,1.5708,0.10015,-0.0,-0.0,0.0
1736847124.4383068,0.0,1.5708,0.10027,-0.0,-0.0,0.0
1736847124.4393182,0.0,1.5708,0.10039,-0.0,-0.0,0.0
1736847124.4393182,0.0,1.5708,0.10052,-0.0,-0.0,0.0
1736847124.440317,0.0,1.5708,0.10064,-0.0,-0.0,0.0
1736847124.4416885,0.0,1.5708,0.10078,-0.0,-0.0,0.0
1736847124.44208,0.0,1.5708,0.10093,-0.0,-0.0,0.0
1736847124.4430857,0.0,1.5708,0.10106,-0.0,-0.0,0.0
1736847124.444426,0.0,1.5708,0.10119,-0.0,-0.0,0.0
1736847124.4445274,0.0,1.5708,0.10132,-0.0,-0.0,0.0
1736847124.4455283,0.0,1.5708,0.10145,-0.0,-0.0,0.0
1736847124.4465277,0.0,1.5708,0.10157,-0.0,-0.0,0.0
1736847124.4475286,0.0,1.5708,0.10169,-0.0,-0.0,0.0
1736847124.4475286,0.0,1.5708,0.10182,-0.0,-0.0,0.0
1736847124.4488945,0.0,1.5708,0.10196,-0.0,-0.0,0.0
1736847124.4501019,0.0,1.5708,0.10209,-0.0,-0.0,0.0
1736847124.451035,0.0,1.5708,0.10223,-0.0,-0.0,0.0
1736847124.451035,0.0,1.5708,0.10237,-0.0,-0.0,0.0
1736847124.4520476,0.0,1.5708,0.10249,-0.0,-0.0,0.0
1736847124.4530458,0.0,1.5708,0.10261,-0.0,-0.0,0.0
1736847124.454055,0.0,1.5708,0.10273,-0.0,-0.0,0.0
1736847124.4550474,0.0,1.5708,0.10286,-0.0,-0.0,0.0
1736847124.4561093,0.0,1.5708,0.10304,-0.0,-0.0,0.0
1736847124.4571583,0.0,1.5708,0.1032,-0.0,-0.0,0.0
1736847124.4581454,0.0,1.5708,0.10334,-0.0,-0.0,0.0
1736847124.4581454,0.0,1.5708,0.10348,-0.0,-0.0,0.0
1736847124.459146,0.0,1.5708,0.10361,-0.0,-0.0,0.0
1736847124.4601452,0.0,1.5708,0.10373,-0.0,-0.0,0.0
1736847124.4611886,0.0,1.5708,0.10385,-0.0,-0.0,0.0
1736847124.4621947,0.0,1.5708,0.10399,-0.0,-0.0,0.0
1736847124.4629917,0.0,1.5708,0.10414,-0.0,-0.0,0.0
1736847124.464009,0.0,1.5708,0.10429,-0.0,-0.0,0.0
1736847124.4650066,0.0,1.5708,0.10444,-0.0,-0.0,0.0
1736847124.4659963,0.0,1.5708,0.10457,-0.0,-0.0,0.0
1736847124.4667037,0.0,1.5708,0.10469,-0.0,-0.0,0.0
1736847124.4674976,0.0,1.5708,0.10482,-0.0,-0.0,0.0
1736847124.4674976,0.0,1.5708,0.10494,-0.0,-0.0,0.0
1736847124.4685097,0.0,1.5708,0.10506,-0.0,-0.0,0.0
1736847124.4698448,0.0,1.5708,0.10521,-0.0,-0.0,0.0
1736847124.4708977,0.0,1.5708,0.10537,-0.0,-0.0,0.0
1736847124.4718845,0.0,1.5708,0.10551,-0.0,-0.0,0.0
1736847124.4724987,0.0,1.5708,0.10564,-0.0,-0.0,0.0
1736847124.4735045,0.0,1.5708,0.10576,-0.0,-0.0,0.0
1736847124.4735045,0.0,1.5708,0.10588,-0.0,-0.0,0.0
1736847124.4745033,0.0,1.5708,0.106,-0.0,-0.0,0.0
1736847124.4755044,0.0,1.5708,0.10615,-0.0,-0.0,0.0
1736847124.4766586,0.0,1.5708,0.10629,-0.0,-0.0,0.0
1736847124.4777133,0.0,1.5708,0.10643,-0.0,-0.0,0.0
1736847124.478389,0.0,1.5708,0.10656,-0.0,-0.0,0.0
1736847124.4793937,0.0,1.5708,0.10669,-0.0,-0.0,0.0
1736847124.4793937,0.0,1.5708,0.10681,-0.0,-0.0,0.0
1736847124.480393,0.0,1.5708,0.10692,-0.0,-0.0,0.0
1736847124.481393,0.0,1.5708,0.10704,-0.0,-0.0,0.0
1736847124.4823942,0.0,1.5708,0.10715,-0.0,-0.0,0.0
1736847124.4823942,0.0,1.5708,0.10728,-0.0,-0.0,0.0
1736847124.4841285,0.0,1.5708,0.10743,-0.0,-0.0,0.0
1736847124.4849522,0.0,1.5708,0.10757,-0.0,-0.0,0.0
1736847124.4854069,0.0,1.5708,0.10772,-0.0,-0.0,0.0
1736847124.4864128,0.0,1.5708,0.10784,-0.0,-0.0,0.0
1736847124.4874291,0.0,1.5708,0.10796,-0.0,-0.0,0.0
1736847124.4874291,0.0,1.5708,0.10808,-0.0,-0.0,0.0
1736847124.4884124,0.0,1.5708,0.1082,-0.0,-0.0,0.0
1736847124.489414,0.0,1.5708,0.10833,-0.0,-0.0,0.0
1736847124.4908977,0.0,1.5708,0.10847,-0.0,-0.0,0.0
1736847124.4914527,0.0,1.5708,0.10863,-0.0,-0.0,0.0
1736847124.4924572,0.0,1.5708,0.10876,-0.0,-0.0,0.0
1736847124.4924572,0.0,1.5708,0.10888,-0.0,-0.0,0.0
1736847124.493458,0.0,1.5708,0.109,-0.0,-0.0,0.0
1736847124.4944565,0.0,1.5708,0.10912,-0.0,-0.0,0.0
1736847124.4954517,0.0,1.5708,0.10924,-0.0,-0.0,0.0
1736847124.4964654,0.0,1.5708,0.10936,-0.0,-0.0,0.0
1736847124.4974663,0.0,1.5708,0.10951,-0.0,-0.0,0.0
1736847124.4975667,0.0,1.5708,0.10968,-0.0,-0.0,0.0
1736847124.4975667,0.0,1.5708,0.10982,-0.0,-0.0,0.0
1736847124.4975667,0.0,1.5708,0.10995,-0.0,-0.0,0.0
1736847124.5007324,0.0,1.5708,0.11007,-0.0,-0.0,0.0
1736847124.501739,0.0,1.5708,0.11019,-0.0,-0.0,0.0
1736847124.5025425,0.0,1.5708,0.11031,-0.0,-0.0,0.0
1736847124.5025425,0.0,1.5708,0.11044,-0.0,-0.0,0.0
1736847124.503549,0.0,1.5708,0.11057,-0.0,-0.0,0.0
1736847124.5045223,0.0,1.5708,0.11071,-0.0,-0.0,0.0
1736847124.5055277,0.0,1.5708,0.11084,-0.0,-0.0,0.0
1736847124.506623,0.0,1.5708,0.11096,-0.0,-0.0,0.0
1736847124.5067375,0.0,1.5708,0.1111,-0.0,-0.0,0.0
1736847124.5077388,0.0,1.5708,0.11123,-0.0,-0.0,0.0
1736847124.508738,0.0,1.5708,0.11135,-0.0,-0.0,0.0
1736847124.509739,0.0,1.5708,0.11147,-0.0,-0.0,0.0
1736847124.5107384,0.0,1.5708,0.1116,-0.0,-0.0,0.0
1736847124.5115051,0.0,1.5708,0.11174,-0.0,-0.0,0.0
1736847124.5126204,0.0,1.5708,0.1119,-0.0,-0.0,0.0
1736847124.5126204,0.0,1.5708,0.11205,-0.0,-0.0,0.0
1736847124.5136223,0.0,1.5708,0.11217,-0.0,-0.0,0.0
1736847124.5146213,0.0,1.5708,0.11229,-0.0,-0.0,0.0
1736847124.5156305,0.0,1.5708,0.11241,-0.0,-0.0,0.0
1736847124.5166216,0.0,1.5708,0.11253,-0.0,-0.0,0.0
1736847124.5166216,0.0,1.5708,0.11265,-0.0,-0.0,0.0
1736847124.518081,0.0,1.5708,0.11279,-0.0,-0.0,0.0
1736847124.5192766,0.0,1.5708,0.11294,-0.0,-0.0,0.0
1736847124.5198438,0.0,1.5708,0.11309,-0.0,-0.0,0.0
1736847124.52085,0.0,1.5708,0.1132,-0.0,-0.0,0.0
1736847124.52085,0.0,1.5708,0.11332,-0.0,-0.0,0.0
1736847124.521849,0.0,1.5708,0.11345,-0.0,-0.0,0.0
1736847124.5228486,0.0,1.5708,0.11357,-0.0,-0.0,0.0
1736847124.5238495,0.0,1.5708,0.11368,-0.0,-0.0,0.0
1736847124.5238495,0.0,1.5708,0.11381,-0.0,-0.0,0.0
1736847124.5256624,0.0,1.5708,0.11398,-0.0,-0.0,0.0
1736847124.5266943,0.0,1.5708,0.11413,-0.0,-0.0,0.0
1736847124.5276954,0.0,1.5708,0.11427,-0.0,-0.0,0.0
1736847124.5276954,0.0,1.5708,0.11439,-0.0,-0.0,0.0
1736847124.5286942,0.0,1.5708,0.11452,-0.0,-0.0,0.0
1736847124.5296943,0.0,1.5708,0.11465,-0.0,-0.0,0.0
1736847124.5306478,0.0,1.5708,0.11477,-0.0,-0.0,0.0
1736847124.5316527,0.0,1.5708,0.1149,-0.0,-0.0,0.0
1736847124.5324893,0.0,1.5708,0.11506,-0.0,-0.0,0.0
1736847124.533532,0.0,1.5708,0.1152,-0.0,-0.0,0.0
1736847124.533532,0.0,1.5708,0.11533,-0.0,-0.0,0.0
1736847124.534531,0.0,1.5708,0.11546,-0.0,-0.0,0.0
1736847124.5355303,0.0,1.5708,0.11558,-0.0,-0.0,0.0
1736847124.536763,0.0,1.5708,0.1157,-0.0,-0.0,0.0
1736847124.5374396,0.0,1.5708,0.11582,-0.0,-0.0,0.0
1736847124.5384533,0.0,1.5708,0.11596,-0.0,-0.0,0.0
1736847124.5393162,0.0,1.5708,0.11611,-0.0,-0.0,0.0
1736847124.5401456,0.0,1.5708,0.11625,-0.0,-0.0,0.0
1736847124.5411508,0.0,1.5708,0.11638,-0.0,-0.0,0.0
1736847124.5414405,0.0,1.5708,0.11651,-0.0,-0.0,0.0
1736847124.5414405,0.0,1.5708,0.11664,-0.0,-0.0,0.0
1736847124.5414405,0.0,1.5708,0.11676,-0.0,-0.0,0.0
1736847124.5414405,0.0,1.5708,0.11689,-0.0,-0.0,0.0
1736847124.5445542,0.0,1.5708,0.11701,-0.0,-0.0,0.0
1736847124.545743,0.0,1.5708,0.11715,-0.0,-0.0,0.0
1736847124.545743,0.0,1.5708,0.11729,-0.0,-0.0,0.0
1736847124.5475774,0.0,1.5708,0.11743,-0.0,-0.0,0.0
1736847124.548583,0.0,1.5708,0.11756,-0.0,-0.0,0.0
1736847124.548583,0.0,1.5708,0.11769,-0.0,-0.0,0.0
1736847124.5495832,0.0,1.5708,0.11781,-0.0,-0.0,0.0
1736847124.550582,0.0,1.5708,0.11793,-0.0,-0.0,0.0
1736847124.5515816,0.0,1.5708,0.11804,-0.0,-0.0,0.0
1736847124.5525837,0.0,1.5708,0.11817,-0.0,-0.0,0.0
1736847124.553352,0.0,1.5708,0.11833,-0.0,-0.0,0.0
1736847124.5543656,0.0,1.5708,0.11848,-0.0,-0.0,0.0
1736847124.5553563,0.0,1.5708,0.11861,-0.0,-0.0,0.0
1736847124.5553563,0.0,1.5708,0.11874,-0.0,-0.0,0.0
1736847124.556896,0.0,1.5708,0.11886,-0.0,-0.0,0.0
1736847124.556896,0.0,1.5708,0.11898,-0.0,-0.0,0.0
1736847124.5579011,0.0,1.5708,0.1191,-0.0,-0.0,0.0
1736847124.5589023,0.0,1.5708,0.11924,-0.0,-0.0,0.0
1736847124.5602565,0.0,1.5708,0.11939,-0.0,-0.0,0.0
1736847124.5613003,0.0,1.5708,0.11955,-0.0,-0.0,0.0
1736847124.5613003,0.0,1.5708,0.11968,-0.0,-0.0,0.0
1736847124.5623,0.0,1.5708,0.11981,-0.0,-0.0,0.0
1736847124.5632997,0.0,1.5708,0.11993,-0.0,-0.0,0.0
1736847124.5643382,0.0,1.5708,0.12006,-0.0,-0.0,0.0
1736847124.5653498,0.0,1.5708,0.12018,-0.0,-0.0,0.0
1736847124.5654037,0.0,1.5708,0.12032,-0.0,-0.0,0.0
1736847124.566714,0.0,1.5708,0.12046,-0.0,-0.0,0.0
1736847124.566714,0.0,1.5708,0.1206,-0.0,-0.0,0.0
1736847124.566714,0.0,1.5708,0.12073,-0.0,-0.0,0.0
1736847124.5693517,0.0,1.5708,0.12085,-0.0,-0.0,0.0
1736847124.570357,0.0,1.5708,0.12097,-0.0,-0.0,0.0
1736847124.570357,0.0,1.5708,0.12109,-0.0,-0.0,0.0
1736847124.571356,0.0,1.5708,0.12121,-0.0,-0.0,0.0
1736847124.5723567,0.0,1.5708,0.12133,-0.0,-0.0,0.0
1736847124.5733597,0.0,1.5708,0.12145,-0.0,-0.0,0.0
1736847124.573926,0.0,1.5708,0.1216,-0.0,-0.0,0.0
1736847124.575023,0.0,1.5708,0.12174,-0.0,-0.0,0.0
1736847124.576116,0.0,1.5708,0.12187,-0.0,-0.0,0.0
1736847124.576116,0.0,1.5708,0.122,-0.0,-0.0,0.0
1736847124.5771205,0.0,1.5708,0.12212,-0.0,-0.0,0.0
1736847124.5781202,0.0,1.5708,0.12225,-0.0,-0.0,0.0
1736847124.5791209,0.0,1.5708,0.12236,-0.0,-0.0,0.0
1736847124.5801227,0.0,1.5708,0.1225,-0.0,-0.0,0.0
1736847124.5808134,0.0,1.5708,0.12265,-0.0,-0.0,0.0
1736847124.5815127,0.0,1.5708,0.1228,-0.0,-0.0,0.0
1736847124.5825198,0.0,1.5708,0.12294,-0.0,-0.0,0.0
1736847124.5835178,0.0,1.5708,0.12307,-0.0,-0.0,0.0
1736847124.5835178,0.0,1.5708,0.12319,-0.0,-0.0,0.0
1736847124.5845175,0.0,1.5708,0.1233,-0.0,-0.0,0.0
1736847124.5855172,0.0,1.5708,0.1234,-0.0,-0.0,0.0
1736847124.5855172,0.0,1.5708,0.1235,-0.0,-0.0,0.0
1736847124.5875957,0.0,1.5708,0.1239,-0.0,-0.0,0.0
1736847124.589679,0.0,1.5708,0.12407,-0.0,-0.0,0.0
1736847124.5906954,0.0,1.5708,0.1242,-0.0,-0.0,0.0
1736847124.591684,0.0,1.5708,0.12432,-0.0,-0.0,0.0
1736847124.591684,0.0,1.5708,0.12444,-0.0,-0.0,0.0
1736847124.5930407,0.0,1.5708,0.12456,-0.0,-0.0,0.0
1736847124.5940533,0.0,1.5708,0.12469,-0.0,-0.0,0.0
1736847124.5947678,0.0,1.5708,0.12485,-0.0,-0.0,0.0
1736847124.5960739,0.0,1.5708,0.125,-0.0,-0.0,0.0
1736847124.5970914,0.0,1.5708,0.12517,-0.0,-0.0,0.0
1736847124.5970914,0.0,1.5708,0.1253,-0.0,-0.0,0.0
1736847124.5980985,0.0,1.5708,0.12542,-0.0,-0.0,0.0
1736847124.599096,0.0,1.5708,0.12555,-0.0,-0.0,0.0
1736847124.6000962,0.0,1.5708,0.12567,-0.0,-0.0,0.0
1736847124.6010985,0.0,1.5708,0.12579,-0.0,-0.0,0.0
1736847124.6019006,0.0,1.5708,0.12595,-0.0,-0.0,0.0
1736847124.6029139,0.0,1.5708,0.1261,-0.0,-0.0,0.0
1736847124.603901,0.0,1.5708,0.12623,-0.0,-0.0,0.0
1736847124.603901,0.0,1.5708,0.12635,-0.0,-0.0,0.0
1736847124.6049013,0.0,1.5708,0.1265,-0.0,-0.0,0.0
1736847124.6059012,0.0,1.5708,0.12663,-0.0,-0.0,0.0
1736847124.6070855,0.0,1.5708,0.12675,-0.0,-0.0,0.0
1736847124.6070855,0.0,1.5708,0.12688,-0.0,-0.0,0.0
1736847124.6090167,0.0,1.5708,0.12703,-0.0,-0.0,0.0
1736847124.6100218,0.0,1.5708,0.12719,-0.0,-0.0,0.0
1736847124.6100218,0.0,1.5708,0.12733,-0.0,-0.0,0.0
1736847124.611022,0.0,1.5708,0.12747,-0.0,-0.0,0.0
1736847124.612021,0.0,1.5708,0.1276,-0.0,-0.0,0.0
1736847124.6131282,0.0,1.5708,0.12772,-0.0,-0.0,0.0
1736847124.6131282,0.0,1.5708,0.12785,-0.0,-0.0,0.0
1736847124.6141322,0.0,1.5708,0.12797,-0.0,-0.0,0.0
1736847124.6155221,0.0,1.5708,0.1281,-0.0,-0.0,0.0
1736847124.6155221,0.0,1.5708,0.12825,-0.0,-0.0,0.0
1736847124.6155221,0.0,1.5708,0.12838,-0.0,-0.0,0.0
1736847124.6155221,0.0,1.5708,0.12849,-0.0,-0.0,0.0
1736847124.6189957,0.0,1.5708,0.12861,-0.0,-0.0,0.0
1736847124.6189957,0.0,1.5708,0.12873,-0.0,-0.0,0.0
1736847124.6200023,0.0,1.5708,0.12889,-0.0,-0.0,0.0
1736847124.6210012,0.0,1.5708,0.12904,-0.0,-0.0,0.0
1736847124.6225202,0.0,1.5708,0.1292,-0.0,-0.0,0.0
1736847124.6235313,0.0,1.5708,0.12935,-0.0,-0.0,0.0
1736847124.6245487,0.0,1.5708,0.12949,-0.0,-0.0,0.0
1736847124.62467,0.0,1.5708,0.12962,-0.0,-0.0,0.0
1736847124.6256716,0.0,1.5708,0.12975,-0.0,-0.0,0.0
1736847124.6266706,0.0,1.5708,0.12987,-0.0,-0.0,0.0
1736847124.6276712,0.0,1.5708,0.12999,-0.0,-0.0,0.0
1736847124.6276712,0.0,1.5708,0.13011,-0.0,-0.0,0.0
1736847124.628672,0.0,1.5708,0.13024,-0.0,-0.0,0.0
1736847124.6295516,0.0,1.5708,0.13039,-0.0,-0.0,0.0
1736847124.630919,0.0,1.5708,0.13053,-0.0,-0.0,0.0
1736847124.6319244,0.0,1.5708,0.13065,-0.0,-0.0,0.0
1736847124.6319244,0.0,1.5708,0.13078,-0.0,-0.0,0.0
1736847124.6329246,0.0,1.5708,0.13089,-0.0,-0.0,0.0
1736847124.633923,0.0,1.5708,0.13101,-0.0,-0.0,0.0
1736847124.6349237,0.0,1.5708,0.13114,-0.0,-0.0,0.0
1736847124.6359236,0.0,1.5708,0.13126,-0.0,-0.0,0.0
1736847124.6373765,0.0,1.5708,0.13156,-0.0,-0.0,0.0
1736847124.6387148,0.0,1.5708,0.1317,-0.0,-0.0,0.0
1736847124.6387148,0.0,1.5708,0.13183,-0.0,-0.0,0.0
1736847124.639721,0.0,1.5708,0.13196,-0.0,-0.0,0.0
1736847124.64072,0.0,1.5708,0.13208,-0.0,-0.0,0.0
1736847124.641721,0.0,1.5708,0.13219,-0.0,-0.0,0.0
1736847124.64272,0.0,1.5708,0.13233,-0.0,-0.0,0.0
1736847124.6434827,0.0,1.5708,0.1325,-0.0,-0.0,0.0
1736847124.644539,0.0,1.5708,0.13265,-0.0,-0.0,0.0
1736847124.6455264,0.0,1.5708,0.13277,-0.0,-0.0,0.0
1736847124.6455264,0.0,1.5708,0.13289,-0.0,-0.0,0.0
1736847124.6465266,0.0,1.5708,0.13301,-0.0,-0.0,0.0
1736847124.647541,0.0,1.5708,0.13313,-0.0,-0.0,0.0
1736847124.648554,0.0,1.5708,0.13325,-0.0,-0.0,0.0
1736847124.648554,0.0,1.5708,0.13338,-0.0,-0.0,0.0
1736847124.6503263,0.0,1.5708,0.13352,-0.0,-0.0,0.0
1736847124.6503263,0.0,1.5708,0.13367,-0.0,-0.0,0.0
1736847124.6513717,0.0,1.5708,0.13381,-0.0,-0.0,0.0
1736847124.65237,0.0,1.5708,0.13393,-0.0,-0.0,0.0
1736847124.6530774,0.0,1.5708,0.13405,-0.0,-0.0,0.0
1736847124.6530774,0.0,1.5708,0.13417,-0.0,-0.0,0.0
1736847124.6530774,0.0,1.5708,0.1343,-0.0,-0.0,0.0
1736847124.6556506,0.0,1.5708,0.13442,-0.0,-0.0,0.0
1736847124.6566577,0.0,1.5708,0.13454,-0.0,-0.0,0.0
1736847124.6569548,0.0,1.5708,0.13469,-0.0,-0.0,0.0
1736847124.6569548,0.0,1.5708,0.13482,-0.0,-0.0,0.0
1736847124.6592994,0.0,1.5708,0.13494,-0.0,-0.0,0.0
1736847124.6599514,0.0,1.5708,0.13507,-0.0,-0.0,0.0
1736847124.6599514,0.0,1.5708,0.13519,-0.0,-0.0,0.0
1736847124.6609638,0.0,1.5708,0.13531,-0.0,-0.0,0.0
1736847124.6619618,0.0,1.5708,0.13543,-0.0,-0.0,0.0
1736847124.6629739,0.0,1.5708,0.13555,-0.0,-0.0,0.0
1736847124.6639626,0.0,1.5708,0.13568,-0.0,-0.0,0.0
1736847124.6647274,0.0,1.5708,0.13582,-0.0,-0.0,0.0
1736847124.6657317,0.0,1.5708,0.13596,-0.0,-0.0,0.0
1736847124.6657317,0.0,1.5708,0.13609,-0.0,-0.0,0.0
1736847124.6667323,0.0,1.5708,0.13621,-0.0,-0.0,0.0
1736847124.6677318,0.0,1.5708,0.13633,-0.0,-0.0,0.0
1736847124.668742,0.0,1.5708,0.13645,-0.0,-0.0,0.0
1736847124.6693535,0.0,1.5708,0.13657,-0.0,-0.0,0.0
1736847124.670369,0.0,1.5708,0.13671,-0.0,-0.0,0.0
1736847124.6707792,0.0,1.5708,0.13687,-0.0,-0.0,0.0
1736847124.6707792,0.0,1.5708,0.13701,-0.0,-0.0,0.0
1736847124.6707792,0.0,1.5708,0.13714,-0.0,-0.0,0.0
1736847124.6707792,0.0,1.5708,0.13726,-0.0,-0.0,0.0
1736847124.6707792,0.0,1.5708,0.13738,-0.0,-0.0,0.0
1736847124.6756234,0.0,1.5708,0.1375,-0.0,-0.0,0.0
1736847124.6763387,0.0,1.5708,0.13763,-0.0,-0.0,0.0
1736847124.6773558,0.0,1.5708,0.13777,-0.0,-0.0,0.0
1736847124.6781616,0.0,1.5708,0.13791,-0.0,-0.0,0.0
1736847124.6781616,0.0,1.5708,0.13804,-0.0,-0.0,0.0
1736847124.6794355,0.0,1.5708,0.13818,-0.0,-0.0,0.0
1736847124.6804538,0.0,1.5708,0.1383,-0.0,-0.0,0.0
1736847124.680901,0.0,1.5708,0.13842,-0.0,-0.0,0.0
1736847124.680901,0.0,1.5708,0.13854,-0.0,-0.0,0.0
1736847124.680901,0.0,1.5708,0.13866,-0.0,-0.0,0.0
1736847124.683441,0.0,1.5708,0.1388,-0.0,-0.0,0.0
1736847124.6844492,0.0,1.5708,0.13894,-0.0,-0.0,0.0
1736847124.6854556,0.0,1.5708,0.13908,-0.0,-0.0,0.0
1736847124.6864462,0.0,1.5708,0.1392,-0.0,-0.0,0.0
1736847124.6864462,0.0,1.5708,0.13933,-0.0,-0.0,0.0
1736847124.6874454,0.0,1.5708,0.13946,-0.0,-0.0,0.0
1736847124.688445,0.0,1.5708,0.13958,-0.0,-0.0,0.0
1736847124.689448,0.0,1.5708,0.1397,-0.0,-0.0,0.0
1736847124.689448,0.0,1.5708,0.13982,-0.0,-0.0,0.0
1736847124.690595,0.0,1.5708,0.13995,-0.0,-0.0,0.0
1736847124.691624,0.0,1.5708,0.14007,-0.0,-0.0,0.0
1736847124.6926236,0.0,1.5708,0.14018,-0.0,-0.0,0.0
1736847124.6926236,0.0,1.5708,0.1403,-0.0,-0.0,0.0
1736847124.6936238,0.0,1.5708,0.14042,-0.0,-0.0,0.0
1736847124.6946235,0.0,1.5708,0.14054,-0.0,-0.0,0.0
1736847124.695624,0.0,1.5708,0.14066,-0.0,-0.0,0.0
1736847124.696624,0.0,1.5708,0.1408,-0.0,-0.0,0.0
1736847124.697439,0.0,1.5708,0.14094,-0.0,-0.0,0.0
1736847124.697439,0.0,1.5708,0.14106,-0.0,-0.0,0.0
1736847124.6984446,0.0,1.5708,0.1412,-0.0,-0.0,0.0
1736847124.699443,0.0,1.5708,0.14132,-0.0,-0.0,0.0
1736847124.7004526,0.0,1.5708,0.14143,-0.0,-0.0,0.0
1736847124.7004526,0.0,1.5708,0.14155,-0.0,-0.0,0.0
1736847124.7014441,0.0,1.5708,0.14167,-0.0,-0.0,0.0
1736847124.7024436,0.0,1.5708,0.14178,-0.0,-0.0,0.0
1736847124.7036955,0.0,1.5708,0.14191,-0.0,-0.0,0.0
1736847124.7042117,0.0,1.5708,0.14204,-0.0,-0.0,0.0
1736847124.705273,0.0,1.5708,0.14221,-0.0,-0.0,0.0
1736847124.7066727,0.0,1.5708,0.1424,-0.0,-0.0,0.0
1736847124.7066727,0.0,1.5708,0.14252,-0.0,-0.0,0.0
1736847124.7084188,0.0,1.5708,0.14265,-0.0,-0.0,0.0
1736847124.7085536,0.0,1.5708,0.14279,-0.0,-0.0,0.0
1736847124.709553,0.0,1.5708,0.14291,-0.0,-0.0,0.0
1736847124.710553,0.0,1.5708,0.14303,-0.0,-0.0,0.0
1736847124.7115579,0.0,1.5708,0.14315,-0.0,-0.0,0.0
1736847124.712245,0.0,1.5708,0.14328,-0.0,-0.0,0.0
1736847124.7130997,0.0,1.5708,0.14344,-0.0,-0.0,0.0
1736847124.7141066,0.0,1.5708,0.1436,-0.0,-0.0,0.0
1736847124.7141066,0.0,1.5708,0.14373,-0.0,-0.0,0.0
1736847124.7141066,0.0,1.5708,0.14386,-0.0,-0.0,0.0
1736847124.7141066,0.0,1.5708,0.14398,-0.0,-0.0,0.0
1736847124.7141066,0.0,1.5708,0.1441,-0.0,-0.0,0.0
1736847124.718176,0.0,1.5708,0.14422,-0.0,-0.0,0.0
1736847124.7186387,0.0,1.5708,0.14434,-0.0,-0.0,0.0
1736847124.7193732,0.0,1.5708,0.14448,-0.0,-0.0,0.0
1736847124.7203817,0.0,1.5708,0.14462,-0.0,-0.0,0.0
1736847124.7213793,0.0,1.5708,0.14474,-0.0,-0.0,0.0
1736847124.7224367,0.0,1.5708,0.14486,-0.0,-0.0,0.0
1736847124.7231135,0.0,1.5708,0.14498,-0.0,-0.0,0.0
1736847124.7231135,0.0,1.5708,0.1451,-0.0,-0.0,0.0
1736847124.724205,0.0,1.5708,0.14522,-0.0,-0.0,0.0
1736847124.7250986,0.0,1.5708,0.14534,-0.0,-0.0,0.0
1736847124.725554,0.0,1.5708,0.14546,-0.0,-0.0,0.0
1736847124.725554,0.0,1.5708,0.14561,-0.0,-0.0,0.0
1736847124.725554,0.0,1.5708,0.14574,-0.0,-0.0,0.0
1736847124.725554,0.0,1.5708,0.14587,-0.0,-0.0,0.0
1736847124.725554,0.0,1.5708,0.146,-0.0,-0.0,0.0
1736847124.7302327,0.0,1.5708,0.14612,-0.0,-0.0,0.0
1736847124.7312388,0.0,1.5708,0.14623,-0.0,-0.0,0.0
1736847124.7312388,0.0,1.5708,0.14635,-0.0,-0.0,0.0
1736847124.7325053,0.0,1.5708,0.14649,-0.0,-0.0,0.0
1736847124.7330823,0.0,1.5708,0.14662,-0.0,-0.0,0.0
1736847124.7340858,0.0,1.5708,0.14678,-0.0,-0.0,0.0
1736847124.7350116,0.0,1.5708,0.14691,-0.0,-0.0,0.0
1736847124.7350116,0.0,1.5708,0.14704,-0.0,-0.0,0.0
1736847124.7350116,0.0,1.5708,0.14717,-0.0,-0.0,0.0
1736847124.7350116,0.0,1.5708,0.1473,-0.0,-0.0,0.0
1736847124.7350116,0.0,1.5708,0.14742,-0.0,-0.0,0.0
1736847124.7394035,0.0,1.5708,0.14753,-0.0,-0.0,0.0
1736847124.7394035,0.0,1.5708,0.14767,-0.0,-0.0,0.0
1736847124.7411332,0.0,1.5708,0.14782,-0.0,-0.0,0.0
1736847124.7417784,0.0,1.5708,0.14796,-0.0,-0.0,0.0
1736847124.7428102,0.0,1.5708,0.14807,-0.0,-0.0,0.0
1736847124.7437844,0.0,1.5708,0.14821,-0.0,-0.0,0.0
1736847124.7437844,0.0,1.5708,0.14833,-0.0,-0.0,0.0
1736847124.7447836,0.0,1.5708,0.14844,-0.0,-0.0,0.0
1736847124.7458138,0.0,1.5708,0.14856,-0.0,-0.0,0.0
1736847124.7464027,0.0,1.5708,0.14869,-0.0,-0.0,0.0
1736847124.7464027,0.0,1.5708,0.14884,-0.0,-0.0,0.0
1736847124.7464027,0.0,1.5708,0.14901,-0.0,-0.0,0.0
1736847124.7464027,0.0,1.5708,0.14919,-0.0,-0.0,0.0
1736847124.7464027,0.0,1.5708,0.14954,-0.0,-0.0,0.0
1736847124.7464027,0.0,1.5708,0.14971,-0.0,-0.0,0.0
1736847124.7464027,0.0,1.5708,0.14989,-0.0,-0.0,0.0
1736847124.7551072,0.0,1.5708,0.15008,-0.0,-0.0,0.0
1736847124.7551072,0.0,1.5708,0.15027,-0.0,-0.0,0.0
1736847124.7551072,0.0,1.5708,0.15048,-0.0,-0.0,0.0
1736847124.7551072,0.0,1.5708,0.15065,-0.0,-0.0,0.0
1736847124.7599006,0.0,1.5708,0.15081,-0.0,-0.0,0.0
1736847124.7605276,0.0,1.5708,0.15097,-0.0,-0.0,0.0
1736847124.7605276,0.0,1.5708,0.15114,-0.0,-0.0,0.0
1736847124.7605276,0.0,1.5708,0.15132,-0.0,-0.0,0.0
1736847124.7605276,0.0,1.5708,0.1515,-0.0,-0.0,0.0
1736847124.7605276,0.0,1.5708,0.15166,-0.0,-0.0,0.0
1736847124.766857,0.0,1.5708,0.15182,-0.0,-0.0,0.0
1736847124.7677393,0.0,1.5708,0.152,-0.0,-0.0,0.0
1736847124.7677393,0.0,1.5708,0.15217,-0.0,-0.0,0.0
1736847124.7677393,0.0,1.5708,0.15241,-0.0,-0.0,0.0
1736847124.7677393,0.0,1.5708,0.1526,-0.0,-0.0,0.0
1736847124.7677393,0.0,1.5708,0.15278,-0.0,-0.0,0.0
1736847124.7738006,0.0,1.5708,0.15293,-0.0,-0.0,0.0
1736847124.7744694,0.0,1.5708,0.1531,-0.0,-0.0,0.0
1736847124.7744694,0.0,1.5708,0.1533,-0.0,-0.0,0.0
1736847124.7744694,0.0,1.5708,0.15361,-0.0,-0.0,0.0
1736847124.7744694,0.0,1.5708,0.15383,-0.0,-0.0,0.0
1736847124.780757,0.0,1.5708,0.154,-0.0,-0.0,0.0
1736847124.7813118,0.0,1.5708,0.15416,-0.0,-0.0,0.0
1736847124.7813118,0.0,1.5708,0.15435,-0.0,-0.0,0.0
1736847124.7813118,0.0,1.5708,0.1546,-0.0,-0.0,0.0
1736847124.7813118,0.0,1.5708,0.15479,-0.0,-0.0,0.0
1736847124.7813118,0.0,1.5708,0.15498,-0.0,-0.0,0.0
1736847124.787786,0.0,1.5708,0.15514,-0.0,-0.0,0.0
1736847124.7889373,0.0,1.5708,0.15535,-0.0,-0.0,0.0
1736847124.7889373,0.0,1.5708,0.15555,-0.0,-0.0,0.0
1736847124.7921915,0.0,1.5708,0.15581,-0.0,-0.0,0.0
1736847124.7933364,0.0,1.5708,0.15599,-0.0,-0.0,0.0
1736847124.7933364,0.0,1.5708,0.15613,-0.0,-0.0,0.0
1736847124.7951539,0.0,1.5708,0.15626,-0.0,-0.0,0.0
1736847124.7951539,0.0,1.5708,0.15643,-0.0,-0.0,0.0
1736847124.7951539,0.0,1.5708,0.1566,-0.0,-0.0,0.0
1736847124.797828,0.0,1.5708,0.15674,-0.0,-0.0,0.0
1736847124.7987306,0.0,1.5708,0.15687,-0.0,-0.0,0.0
1736847124.7987306,0.0,1.5708,0.15699,-0.0,-0.0,0.0
1736847124.8003712,0.0,1.5708,0.15711,-0.0,-0.0,0.0
1736847124.8003712,0.0,1.5708,0.15723,-0.0,-0.0,0.0
1736847124.8020294,0.0,1.5708,0.15736,-0.0,-0.0,0.0
1736847124.8026526,0.0,1.5708,0.1575,-0.0,-0.0,0.0
1736847124.8039489,0.0,1.5708,0.15766,-0.0,-0.0,0.0
1736847124.8049517,0.0,1.5708,0.15781,-0.0,-0.0,0.0
1736847124.8049517,0.0,1.5708,0.15795,-0.0,-0.0,0.0
1736847124.8059497,0.0,1.5708,0.15808,-0.0,-0.0,0.0
1736847124.8069499,0.0,1.5708,0.15821,-0.0,-0.0,0.0
1736847124.8079793,0.0,1.5708,0.15833,-0.0,-0.0,0.0
1736847124.8089247,0.0,1.5708,0.15845,-0.0,-0.0,0.0
1736847124.809774,0.0,1.5708,0.1586,-0.0,-0.0,0.0
1736847124.8108,0.0,1.5708,0.15875,-0.0,-0.0,0.0
1736847124.8117745,0.0,1.5708,0.15888,-0.0,-0.0,0.0
1736847124.8117745,0.0,1.5708,0.15901,-0.0,-0.0,0.0
1736847124.8127737,0.0,1.5708,0.15913,-0.0,-0.0,0.0
1736847124.8137734,0.0,1.5708,0.15925,-0.0,-0.0,0.0
1736847124.814774,0.0,1.5708,0.15937,-0.0,-0.0,0.0
1736847124.8153455,0.0,1.5708,0.1595,-0.0,-0.0,0.0
1736847124.8165507,0.0,1.5708,0.15965,-0.0,-0.0,0.0
1736847124.8176816,0.0,1.5708,0.15982,-0.0,-0.0,0.0
1736847124.8181992,0.0,1.5708,0.15995,-0.0,-0.0,0.0
1736847124.8192048,0.0,1.5708,0.16007,-0.0,-0.0,0.0
1736847124.8192048,0.0,1.5708,0.1602,-0.0,-0.0,0.0
1736847124.8202045,0.0,1.5708,0.16032,-0.0,-0.0,0.0
1736847124.8215854,0.0,1.5708,0.16044,-0.0,-0.0,0.0
1736847124.8216674,0.0,1.5708,0.16057,-0.0,-0.0,0.0
1736847124.8232186,0.0,1.5708,0.1607,-0.0,-0.0,0.0
1736847124.8242574,0.0,1.5708,0.16085,-0.0,-0.0,0.0
1736847124.8242574,0.0,1.5708,0.16099,-0.0,-0.0,0.0
1736847124.8252563,0.0,1.5708,0.16111,-0.0,-0.0,0.0
1736847124.8262556,0.0,1.5708,0.16124,-0.0,-0.0,0.0
1736847124.827648,0.0,1.5708,0.16137,-0.0,-0.0,0.0
1736847124.827648,0.0,1.5708,0.16152,-0.0,-0.0,0.0
1736847124.8286502,0.0,1.5708,0.16166,-0.0,-0.0,0.0
1736847124.8301399,0.0,1.5708,0.16179,-0.0,-0.0,0.0
1736847124.8306804,0.0,1.5708,0.16194,-0.0,-0.0,0.0
1736847124.8316846,0.0,1.5708,0.16208,-0.0,-0.0,0.0
1736847124.832314,0.0,1.5708,0.1622,-0.0,-0.0,0.0
1736847124.832314,0.0,1.5708,0.16234,-0.0,-0.0,0.0
1736847124.832314,0.0,1.5708,0.16246,-0.0,-0.0,0.0
1736847124.832314,0.0,1.5708,0.16258,-0.0,-0.0,0.0
1736847124.832314,0.0,1.5708,0.1627,-0.0,-0.0,0.0
1736847124.8366773,0.0,1.5708,0.16282,-0.0,-0.0,0.0
1736847124.8366773,0.0,1.5708,0.16297,-0.0,-0.0,0.0
1736847124.8385878,0.0,1.5708,0.16313,-0.0,-0.0,0.0
1736847124.8393352,0.0,1.5708,0.16327,-0.0,-0.0,0.0
1736847124.8403597,0.0,1.5708,0.16339,-0.0,-0.0,0.0
1736847124.8403597,0.0,1.5708,0.16351,-0.0,-0.0,0.0
1736847124.8413467,0.0,1.5708,0.16363,-0.0,-0.0,0.0
1736847124.8423455,0.0,1.5708,0.16375,-0.0,-0.0,0.0
1736847124.843346,0.0,1.5708,0.16387,-0.0,-0.0,0.0
1736847124.8436308,0.0,1.5708,0.16401,-0.0,-0.0,0.0
1736847124.8449643,0.0,1.5708,0.16421,-0.0,-0.0,0.0
1736847124.8459723,0.0,1.5708,0.16439,-0.0,-0.0,0.0
1736847124.8469698,0.0,1.5708,0.1645,-0.0,-0.0,0.0
1736847124.8479688,0.0,1.5708,0.16462,-0.0,-0.0,0.0
1736847124.8489792,0.0,1.5708,0.16474,-0.0,-0.0,0.0
1736847124.8489792,0.0,1.5708,0.16486,-0.0,-0.0,0.0
1736847124.8505666,0.0,1.5708,0.16498,-0.0,-0.0,0.0
1736847124.8514552,0.0,1.5708,0.16512,-0.0,-0.0,0.0
1736847124.8524618,0.0,1.5708,0.16528,-0.0,-0.0,0.0
1736847124.8524618,0.0,1.5708,0.16542,-0.0,-0.0,0.0
1736847124.8534617,0.0,1.5708,0.16555,-0.0,-0.0,0.0
1736847124.85446,0.0,1.5708,0.16567,-0.0,-0.0,0.0
1736847124.85547,0.0,1.5708,0.16579,-0.0,-0.0,0.0
1736847124.85547,0.0,1.5708,0.1659,-0.0,-0.0,0.0
1736847124.8570595,0.0,1.5708,0.16602,-0.0,-0.0,0.0
1736847124.8575304,0.0,1.5708,0.16615,-0.0,-0.0,0.0
1736847124.8587542,0.0,1.5708,0.16631,-0.0,-0.0,0.0
1736847124.8597577,0.0,1.5708,0.16651,-0.0,-0.0,0.0
1736847124.8607554,0.0,1.5708,0.16666,-0.0,-0.0,0.0
1736847124.8617668,0.0,1.5708,0.16679,-0.0,-0.0,0.0
1736847124.862768,0.0,1.5708,0.16691,-0.0,-0.0,0.0
1736847124.863096,0.0,1.5708,0.16703,-0.0,-0.0,0.0
1736847124.864457,0.0,1.5708,0.16716,-0.0,-0.0,0.0
1736847124.864457,0.0,1.5708,0.16732,-0.0,-0.0,0.0
1736847124.864457,0.0,1.5708,0.16748,-0.0,-0.0,0.0
1736847124.864457,0.0,1.5708,0.1676,-0.0,-0.0,0.0
1736847124.864457,0.0,1.5708,0.16773,-0.0,-0.0,0.0
1736847124.864457,0.0,1.5708,0.16785,-0.0,-0.0,0.0
1736847124.8693566,0.0,1.5708,0.16797,-0.0,-0.0,0.0
1736847124.8693566,0.0,1.5708,0.16809,-0.0,-0.0,0.0
1736847124.870365,0.0,1.5708,0.16821,-0.0,-0.0,0.0
1736847124.8720126,0.0,1.5708,0.16835,-0.0,-0.0,0.0
1736847124.8730583,0.0,1.5708,0.16852,-0.0,-0.0,0.0
1736847124.8740587,0.0,1.5708,0.1687,-0.0,-0.0,0.0
1736847124.875115,0.0,1.5708,0.16886,-0.0,-0.0,0.0
1736847124.8758295,0.0,1.5708,0.16899,-0.0,-0.0,0.0
1736847124.876836,0.0,1.5708,0.16911,-0.0,-0.0,0.0
1736847124.876836,0.0,1.5708,0.16923,-0.0,-0.0,0.0
1736847124.878326,0.0,1.5708,0.16935,-0.0,-0.0,0.0
1736847124.8787858,0.0,1.5708,0.16949,-0.0,-0.0,0.0
1736847124.8798213,0.0,1.5708,0.16964,-0.0,-0.0,0.0
1736847124.8809035,0.0,1.5708,0.16977,-0.0,-0.0,0.0
1736847124.881733,0.0,1.5708,0.16993,-0.0,-0.0,0.0
1736847124.8827503,0.0,1.5708,0.17006,-0.0,-0.0,0.0
1736847124.8827503,0.0,1.5708,0.17018,-0.0,-0.0,0.0
1736847124.8837385,0.0,1.5708,0.1703,-0.0,-0.0,0.0
1736847124.8847377,0.0,1.5708,0.17042,-0.0,-0.0,0.0
1736847124.8862164,0.0,1.5708,0.17057,-0.0,-0.0,0.0
1736847124.8872256,0.0,1.5708,0.17074,-0.0,-0.0,0.0
1736847124.8879259,0.0,1.5708,0.17089,-0.0,-0.0,0.0
1736847124.8889437,0.0,1.5708,0.17102,-0.0,-0.0,0.0
1736847124.8889437,0.0,1.5708,0.17115,-0.0,-0.0,0.0
1736847124.8899317,0.0,1.5708,0.17127,-0.0,-0.0,0.0
1736847124.8909307,0.0,1.5708,0.17139,-0.0,-0.0,0.0
1736847124.8919315,0.0,1.5708,0.17151,-0.0,-0.0,0.0
1736847124.8927155,0.0,1.5708,0.17164,-0.0,-0.0,0.0
1736847124.894035,0.0,1.5708,0.1718,-0.0,-0.0,0.0
1736847124.895039,0.0,1.5708,0.17196,-0.0,-0.0,0.0
1736847124.895039,0.0,1.5708,0.17209,-0.0,-0.0,0.0
1736847124.8960369,0.0,1.5708,0.17221,-0.0,-0.0,0.0
1736847124.897048,0.0,1.5708,0.17233,-0.0,-0.0,0.0
1736847124.8980508,0.0,1.5708,0.17245,-0.0,-0.0,0.0
1736847124.8980508,0.0,1.5708,0.17257,-0.0,-0.0,0.0
1736847124.8992188,0.0,1.5708,0.17269,-0.0,-0.0,0.0
1736847124.9001343,0.0,1.5708,0.17285,-0.0,-0.0,0.0
1736847124.9011447,0.0,1.5708,0.173,-0.0,-0.0,0.0
1736847124.90215,0.0,1.5708,0.17313,-0.0,-0.0,0.0
1736847124.903154,0.0,1.5708,0.17325,-0.0,-0.0,0.0
1736847124.903154,0.0,1.5708,0.17338,-0.0,-0.0,0.0
1736847124.9041414,0.0,1.5708,0.17349,-0.0,-0.0,0.0
1736847124.9055073,0.0,1.5708,0.17361,-0.0,-0.0,0.0
1736847124.9064045,0.0,1.5708,0.17374,-0.0,-0.0,0.0
1736847124.907601,0.0,1.5708,0.1739,-0.0,-0.0,0.0
1736847124.907601,0.0,1.5708,0.17408,-0.0,-0.0,0.0
1736847124.9085991,0.0,1.5708,0.17421,-0.0,-0.0,0.0
1736847124.9095967,0.0,1.5708,0.17435,-0.0,-0.0,0.0
1736847124.9109123,0.0,1.5708,0.17447,-0.0,-0.0,0.0
1736847124.9119303,0.0,1.5708,0.17462,-0.0,-0.0,0.0
1736847124.9119303,0.0,1.5708,0.17475,-0.0,-0.0,0.0
1736847124.9135063,0.0,1.5708,0.17487,-0.0,-0.0,0.0
1736847124.9145582,0.0,1.5708,0.17502,-0.0,-0.0,0.0
1736847124.9145582,0.0,1.5708,0.17517,-0.0,-0.0,0.0
1736847124.9155574,0.0,1.5708,0.1753,-0.0,-0.0,0.0
1736847124.9169643,0.0,1.5708,0.17542,-0.0,-0.0,0.0
1736847124.917067,0.0,1.5708,0.17555,-0.0,-0.0,0.0
1736847124.9180684,0.0,1.5708,0.17568,-0.0,-0.0,0.0
1736847124.9190676,0.0,1.5708,0.1758,-0.0,-0.0,0.0
1736847124.9199615,0.0,1.5708,0.17592,-0.0,-0.0,0.0
1736847124.9207332,0.0,1.5708,0.17606,-0.0,-0.0,0.0
1736847124.9217393,0.0,1.5708,0.17621,-0.0,-0.0,0.0
1736847124.922827,0.0,1.5708,0.17633,-0.0,-0.0,0.0
1736847124.9229307,0.0,1.5708,0.17647,-0.0,-0.0,0.0
1736847124.923932,0.0,1.5708,0.1766,-0.0,-0.0,0.0
1736847124.9249315,0.0,1.5708,0.17672,-0.0,-0.0,0.0
1736847124.9259317,0.0,1.5708,0.17684,-0.0,-0.0,0.0
1736847124.9259317,0.0,1.5708,0.17696,-0.0,-0.0,0.0
1736847124.927511,0.0,1.5708,0.17709,-0.0,-0.0,0.0
1736847124.9287097,0.0,1.5708,0.17725,-0.0,-0.0,0.0
1736847124.9297123,0.0,1.5708,0.17743,-0.0,-0.0,0.0
1736847124.9297123,0.0,1.5708,0.17755,-0.0,-0.0,0.0
1736847124.9312956,0.0,1.5708,0.17767,-0.0,-0.0,0.0
1736847124.9312956,0.0,1.5708,0.17779,-0.0,-0.0,0.0
1736847124.9323077,0.0,1.5708,0.17791,-0.0,-0.0,0.0
1736847124.933316,0.0,1.5708,0.17803,-0.0,-0.0,0.0
1736847124.9339137,0.0,1.5708,0.17816,-0.0,-0.0,0.0
1736847124.9347486,0.0,1.5708,0.17833,-0.0,-0.0,0.0
1736847124.9357548,0.0,1.5708,0.17847,-0.0,-0.0,0.0
1736847124.936753,0.0,1.5708,0.17859,-0.0,-0.0,0.0
1736847124.9377632,0.0,1.5708,0.17871,-0.0,-0.0,0.0
1736847124.9377632,0.0,1.5708,0.17883,-0.0,-0.0,0.0
1736847124.939466,0.0,1.5708,0.17895,-0.0,-0.0,0.0
1736847124.9395356,0.0,1.5708,0.17908,-0.0,-0.0,0.0
1736847124.9405377,0.0,1.5708,0.17921,-0.0,-0.0,0.0
1736847124.9416058,0.0,1.5708,0.17935,-0.0,-0.0,0.0
1736847124.9416058,0.0,1.5708,0.17948,-0.0,-0.0,0.0
1736847124.9416058,0.0,1.5708,0.17962,-0.0,-0.0,0.0
1736847124.9442785,0.0,1.5708,0.17974,-0.0,-0.0,0.0
1736847124.9452865,0.0,1.5708,0.17987,-0.0,-0.0,0.0
1736847124.9452865,0.0,1.5708,0.17999,-0.0,-0.0,0.0
1736847124.9462836,0.0,1.5708,0.18011,-0.0,-0.0,0.0
1736847124.9472828,0.0,1.5708,0.18022,-0.0,-0.0,0.0
1736847124.9483027,0.0,1.5708,0.18036,-0.0,-0.0,0.0
1736847124.9493392,0.0,1.5708,0.18052,-0.0,-0.0,0.0
1736847124.950238,0.0,1.5708,0.18067,-0.0,-0.0,0.0
1736847124.951163,0.0,1.5708,0.1808,-0.0,-0.0,0.0
1736847124.951163,0.0,1.5708,0.18092,-0.0,-0.0,0.0
1736847124.952176,0.0,1.5708,0.18105,-0.0,-0.0,0.0
1736847124.9531763,0.0,1.5708,0.18117,-0.0,-0.0,0.0
1736847124.9541857,0.0,1.5708,0.18128,-0.0,-0.0,0.0
1736847124.9547765,0.0,1.5708,0.18141,-0.0,-0.0,0.0
1736847124.9559708,0.0,1.5708,0.18157,-0.0,-0.0,0.0
1736847124.9569778,0.0,1.5708,0.18175,-0.0,-0.0,0.0
1736847124.957988,0.0,1.5708,0.18187,-0.0,-0.0,0.0
1736847124.957988,0.0,1.5708,0.18199,-0.0,-0.0,0.0
1736847124.9589765,0.0,1.5708,0.18212,-0.0,-0.0,0.0
1736847124.9599764,0.0,1.5708,0.18224,-0.0,-0.0,0.0
1736847124.9612336,0.0,1.5708,0.18236,-0.0,-0.0,0.0
1736847124.9617105,0.0,1.5708,0.1825,-0.0,-0.0,0.0
1736847124.9625974,0.0,1.5708,0.18266,-0.0,-0.0,0.0
1736847124.9636052,0.0,1.5708,0.18281,-0.0,-0.0,0.0
1736847124.9646175,0.0,1.5708,0.18294,-0.0,-0.0,0.0
1736847124.9656034,0.0,1.5708,0.18306,-0.0,-0.0,0.0
1736847124.9656034,0.0,1.5708,0.18317,-0.0,-0.0,0.0
1736847124.966603,0.0,1.5708,0.18329,-0.0,-0.0,0.0
1736847124.967941,0.0,1.5708,0.18342,-0.0,-0.0,0.0
1736847124.968596,0.0,1.5708,0.18356,-0.0,-0.0,0.0
1736847124.9691315,0.0,1.5708,0.18371,-0.0,-0.0,0.0
1736847124.9707177,0.0,1.5708,0.18385,-0.0,-0.0,0.0
1736847124.9707177,0.0,1.5708,0.18399,-0.0,-0.0,0.0
1736847124.9720984,0.0,1.5708,0.18411,-0.0,-0.0,0.0
1736847124.9730983,0.0,1.5708,0.18424,-0.0,-0.0,0.0
1736847124.9730983,0.0,1.5708,0.18437,-0.0,-0.0,0.0
1736847124.9730983,0.0,1.5708,0.18449,-0.0,-0.0,0.0
1736847124.9755223,0.0,1.5708,0.18461,-0.0,-0.0,0.0
1736847124.9755223,0.0,1.5708,0.18475,-0.0,-0.0,0.0
1736847124.9755223,0.0,1.5708,0.1849,-0.0,-0.0,0.0
1736847124.978008,0.0,1.5708,0.18503,-0.0,-0.0,0.0
1736847124.9790154,0.0,1.5708,0.18516,-0.0,-0.0,0.0
1736847124.9790154,0.0,1.5708,0.18528,-0.0,-0.0,0.0
1736847124.980015,0.0,1.5708,0.1854,-0.0,-0.0,0.0
1736847124.9810147,0.0,1.5708,0.18552,-0.0,-0.0,0.0
1736847124.9820154,0.0,1.5708,0.18564,-0.0,-0.0,0.0
1736847124.9828994,0.0,1.5708,0.18578,-0.0,-0.0,0.0
1736847124.983613,0.0,1.5708,0.18593,-0.0,-0.0,0.0
1736847124.984631,0.0,1.5708,0.18608,-0.0,-0.0,0.0
1736847124.9856186,0.0,1.5708,0.18621,-0.0,-0.0,0.0
1736847124.9856186,0.0,1.5708,0.18633,-0.0,-0.0,0.0
1736847124.987232,0.0,1.5708,0.18645,-0.0,-0.0,0.0
1736847124.987232,0.0,1.5708,0.18658,-0.0,-0.0,0.0
1736847124.988694,0.0,1.5708,0.1867,-0.0,-0.0,0.0
1736847124.9894454,0.0,1.5708,0.18683,-0.0,-0.0,0.0
1736847124.990461,0.0,1.5708,0.18698,-0.0,-0.0,0.0
1736847124.991488,0.0,1.5708,0.18714,-0.0,-0.0,0.0
1736847124.9924662,0.0,1.5708,0.18728,-0.0,-0.0,0.0
1736847124.9924662,0.0,1.5708,0.1874,-0.0,-0.0,0.0
1736847124.9934669,0.0,1.5708,0.18752,-0.0,-0.0,0.0
1736847124.994466,0.0,1.5708,0.18765,-0.0,-0.0,0.0
1736847124.9956496,0.0,1.5708,0.18778,-0.0,-0.0,0.0
1736847124.9963799,0.0,1.5708,0.18791,-0.0,-0.0,0.0
1736847124.996769,0.0,1.5708,0.18807,-0.0,-0.0,0.0
1736847124.997814,0.0,1.5708,0.18822,-0.0,-0.0,0.0
1736847124.9988096,0.0,1.5708,0.18834,-0.0,-0.0,0.0
1736847124.9998202,0.0,1.5708,0.18847,-0.0,-0.0,0.0
1736847125.0003083,0.0,1.5708,0.18859,-0.0,-0.0,0.0
1736847125.0003083,0.0,1.5708,0.18872,-0.0,-0.0,0.0
1736847125.0003083,0.0,1.5708,0.18885,-0.0,-0.0,0.0
1736847125.0032718,0.0,1.5708,0.18897,-0.0,-0.0,0.0
1736847125.0032718,0.0,1.5708,0.18912,-0.0,-0.0,0.0
1736847125.0032718,0.0,1.5708,0.18927,-0.0,-0.0,0.0
1736847125.0032718,0.0,1.5708,0.18941,-0.0,-0.0,0.0
1736847125.0067532,0.0,1.5708,0.18953,-0.0,-0.0,0.0
1736847125.0074606,0.0,1.5708,0.18965,-0.0,-0.0,0.0
1736847125.0074606,0.0,1.5708,0.18978,-0.0,-0.0,0.0
1736847125.0084734,0.0,1.5708,0.1899,-0.0,-0.0,0.0
1736847125.0094707,0.0,1.5708,0.19002,-0.0,-0.0,0.0
1736847125.0107303,0.0,1.5708,0.19017,-0.0,-0.0,0.0
1736847125.011862,0.0,1.5708,0.19036,-0.0,-0.0,0.0
1736847125.0127575,0.0,1.5708,0.19052,-0.0,-0.0,0.0
1736847125.0137746,0.0,1.5708,0.19065,-0.0,-0.0,0.0
1736847125.0147638,0.0,1.5708,0.19077,-0.0,-0.0,0.0
1736847125.0147638,0.0,1.5708,0.19089,-0.0,-0.0,0.0
1736847125.0157619,0.0,1.5708,0.19101,-0.0,-0.0,0.0
1736847125.0167623,0.0,1.5708,0.19113,-0.0,-0.0,0.0
1736847125.0175695,0.0,1.5708,0.19126,-0.0,-0.0,0.0
1736847125.018175,0.0,1.5708,0.1914,-0.0,-0.0,0.0
1736847125.019251,0.0,1.5708,0.19157,-0.0,-0.0,0.0
1736847125.0202541,0.0,1.5708,0.19169,-0.0,-0.0,0.0
1736847125.021252,0.0,1.5708,0.19181,-0.0,-0.0,0.0
1736847125.021252,0.0,1.5708,0.19193,-0.0,-0.0,0.0
1736847125.0222516,0.0,1.5708,0.19205,-0.0,-0.0,0.0
1736847125.023252,0.0,1.5708,0.19217,-0.0,-0.0,0.0
1736847125.024171,0.0,1.5708,0.1923,-0.0,-0.0,0.0
1736847125.0253086,0.0,1.5708,0.19246,-0.0,-0.0,0.0
1736847125.026516,0.0,1.5708,0.19263,-0.0,-0.0,0.0
1736847125.026516,0.0,1.5708,0.19277,-0.0,-0.0,0.0
1736847125.0275295,0.0,1.5708,0.19289,-0.0,-0.0,0.0
1736847125.028529,0.0,1.5708,0.19302,-0.0,-0.0,0.0
1736847125.029539,0.0,1.5708,0.19314,-0.0,-0.0,0.0
1736847125.0300474,0.0,1.5708,0.19326,-0.0,-0.0,0.0
1736847125.0311427,0.0,1.5708,0.1934,-0.0,-0.0,0.0
1736847125.0311427,0.0,1.5708,0.19354,-0.0,-0.0,0.0
1736847125.0311427,0.0,1.5708,0.19368,-0.0,-0.0,0.0
1736847125.0311427,0.0,1.5708,0.19381,-0.0,-0.0,0.0
1736847125.0311427,0.0,1.5708,0.19392,-0.0,-0.0,0.0
1736847125.0352566,0.0,1.5708,0.19404,-0.0,-0.0,0.0
1736847125.0362637,0.0,1.5708,0.19416,-0.0,-0.0,0.0
1736847125.0362637,0.0,1.5708,0.19428,-0.0,-0.0,0.0
1736847125.037263,0.0,1.5708,0.1944,-0.0,-0.0,0.0
1736847125.0385463,0.0,1.5708,0.19452,-0.0,-0.0,0.0
1736847125.0395925,0.0,1.5708,0.19468,-0.0,-0.0,0.0
1736847125.0405927,0.0,1.5708,0.19483,-0.0,-0.0,0.0
1736847125.0411913,0.0,1.5708,0.19497,-0.0,-0.0,0.0
1736847125.0422962,0.0,1.5708,0.1951,-0.0,-0.0,0.0
1736847125.0429246,0.0,1.5708,0.19522,-0.0,-0.0,0.0
1736847125.0436916,0.0,1.5708,0.19534,-0.0,-0.0,0.0
1736847125.0436916,0.0,1.5708,0.19546,-0.0,-0.0,0.0
1736847125.0453792,0.0,1.5708,0.19558,-0.0,-0.0,0.0
1736847125.0454803,0.0,1.5708,0.19573,-0.0,-0.0,0.0
1736847125.0471203,0.0,1.5708,0.19587,-0.0,-0.0,0.0
1736847125.0471203,0.0,1.5708,0.196,-0.0,-0.0,0.0
1736847125.0481243,0.0,1.5708,0.19612,-0.0,-0.0,0.0
1736847125.0491252,0.0,1.5708,0.19623,-0.0,-0.0,0.0
1736847125.050124,0.0,1.5708,0.19635,-0.0,-0.0,0.0
1736847125.050124,0.0,1.5708,0.19647,-0.0,-0.0,0.0
1736847125.051125,0.0,1.5708,0.19659,-0.0,-0.0,0.0
1736847125.0525987,0.0,1.5708,0.19672,-0.0,-0.0,0.0
1736847125.0529132,0.0,1.5708,0.19689,-0.0,-0.0,0.0
1736847125.0539167,0.0,1.5708,0.19703,-0.0,-0.0,0.0
1736847125.054914,0.0,1.5708,0.19715,-0.0,-0.0,0.0
1736847125.0559242,0.0,1.5708,0.19728,-0.0,-0.0,0.0
1736847125.0559242,0.0,1.5708,0.19739,-0.0,-0.0,0.0
1736847125.057344,0.0,1.5708,0.19751,-0.0,-0.0,0.0
1736847125.058446,0.0,1.5708,0.19763,-0.0,-0.0,0.0
1736847125.0588963,0.0,1.5708,0.19777,-0.0,-0.0,0.0
1736847125.0588963,0.0,1.5708,0.19793,-0.0,-0.0,0.0
1736847125.0588963,0.0,1.5708,0.19808,-0.0,-0.0,0.0
1736847125.0588963,0.0,1.5708,0.1982,-0.0,-0.0,0.0
1736847125.0588963,0.0,1.5708,0.19833,-0.0,-0.0,0.0
1736847125.0635679,0.0,1.5708,0.19845,-0.0,-0.0,0.0
1736847125.0641856,0.0,1.5708,0.19856,-0.0,-0.0,0.0
1736847125.0641856,0.0,1.5708,0.19868,-0.0,-0.0,0.0
1736847125.0658073,0.0,1.5708,0.1988,-0.0,-0.0,0.0
1736847125.0663807,0.0,1.5708,0.19895,-0.0,-0.0,0.0
1736847125.0674205,0.0,1.5708,0.1991,-0.0,-0.0,0.0
1736847125.0685263,0.0,1.5708,0.19924,-0.0,-0.0,0.0
1736847125.0692036,0.0,1.5708,0.19937,-0.0,-0.0,0.0
1736847125.070209,0.0,1.5708,0.19949,-0.0,-0.0,0.0
1736847125.070209,0.0,1.5708,0.19962,-0.0,-0.0,0.0
1736847125.0712082,0.0,1.5708,0.19974,-0.0,-0.0,0.0
1736847125.0722072,0.0,1.5708,0.19986,-0.0,-0.0,0.0
1736847125.0732367,0.0,1.5708,0.19998,-0.0,-0.0,0.0
1736847125.0743473,0.0,1.5708,0.20013,-0.0,-0.0,0.0
1736847125.0750186,0.0,1.5708,0.20027,-0.0,-0.0,0.0
1736847125.0760233,0.0,1.5708,0.2004,-0.0,-0.0,0.0
1736847125.0760233,0.0,1.5708,0.20053,-0.0,-0.0,0.0
1736847125.0770233,0.0,1.5708,0.20065,-0.0,-0.0,0.0
1736847125.078023,0.0,1.5708,0.20077,-0.0,-0.0,0.0
1736847125.0790224,0.0,1.5708,0.20089,-0.0,-0.0,0.0
1736847125.079713,0.0,1.5708,0.20101,-0.0,-0.0,0.0
1736847125.0807605,0.0,1.5708,0.20116,-0.0,-0.0,0.0
1736847125.0817618,0.0,1.5708,0.20131,-0.0,-0.0,0.0
1736847125.082581,0.0,1.5708,0.20144,-0.0,-0.0,0.0
1736847125.082581,0.0,1.5708,0.20157,-0.0,-0.0,0.0
1736847125.0835938,0.0,1.5708,0.20169,-0.0,-0.0,0.0
1736847125.0845928,0.0,1.5708,0.2018,-0.0,-0.0,0.0
1736847125.085222,0.0,1.5708,0.20192,-0.0,-0.0,0.0
1736847125.0861986,0.0,1.5708,0.20205,-0.0,-0.0,0.0
1736847125.0866454,0.0,1.5708,0.20218,-0.0,-0.0,0.0
1736847125.0866454,0.0,1.5708,0.20233,-0.0,-0.0,0.0
1736847125.0866454,0.0,1.5708,0.20247,-0.0,-0.0,0.0
1736847125.0866454,0.0,1.5708,0.20259,-0.0,-0.0,0.0
1736847125.0866454,0.0,1.5708,0.20271,-0.0,-0.0,0.0
1736847125.0913014,0.0,1.5708,0.20283,-0.0,-0.0,0.0
1736847125.0913014,0.0,1.5708,0.20295,-0.0,-0.0,0.0
1736847125.092307,0.0,1.5708,0.20307,-0.0,-0.0,0.0
1736847125.0936062,0.0,1.5708,0.20319,-0.0,-0.0,0.0
1736847125.0942938,0.0,1.5708,0.20333,-0.0,-0.0,0.0
1736847125.0953002,0.0,1.5708,0.20347,-0.0,-0.0,0.0
1736847125.096175,0.0,1.5708,0.2036,-0.0,-0.0,0.0
1736847125.0971801,0.0,1.5708,0.20372,-0.0,-0.0,0.0
1736847125.0971801,0.0,1.5708,0.20385,-0.0,-0.0,0.0
1736847125.0971801,0.0,1.5708,0.20398,-0.0,-0.0,0.0
1736847125.0971801,0.0,1.5708,0.2041,-0.0,-0.0,0.0
1736847125.1001058,0.0,1.5708,0.20422,-0.0,-0.0,0.0
1736847125.1005259,0.0,1.5708,0.20435,-0.0,-0.0,0.0
1736847125.1021938,0.0,1.5708,0.2045,-0.0,-0.0,0.0
1736847125.103123,0.0,1.5708,0.20466,-0.0,-0.0,0.0
1736847125.1037893,0.0,1.5708,0.20478,-0.0,-0.0,0.0
1736847125.1037893,0.0,1.5708,0.20491,-0.0,-0.0,0.0
1736847125.1048012,0.0,1.5708,0.20503,-0.0,-0.0,0.0
1736847125.1058,0.0,1.5708,0.20515,-0.0,-0.0,0.0
1736847125.1068106,0.0,1.5708,0.20527,-0.0,-0.0,0.0
1736847125.1075318,0.0,1.5708,0.20539,-0.0,-0.0,0.0
1736847125.1082945,0.0,1.5708,0.20553,-0.0,-0.0,0.0
1736847125.1093009,0.0,1.5708,0.20568,-0.0,-0.0,0.0
1736847125.110314,0.0,1.5708,0.20582,-0.0,-0.0,0.0
1736847125.1113,0.0,1.5708,0.20594,-0.0,-0.0,0.0
1736847125.1113,0.0,1.5708,0.20606,-0.0,-0.0,0.0
1736847125.112299,0.0,1.5708,0.20618,-0.0,-0.0,0.0
1736847125.113569,0.0,1.5708,0.2063,-0.0,-0.0,0.0
1736847125.1136742,0.0,1.5708,0.20642,-0.0,-0.0,0.0
1736847125.1144543,0.0,1.5708,0.20656,-0.0,-0.0,0.0
1736847125.1144543,0.0,1.5708,0.20674,-0.0,-0.0,0.0
1736847125.1170838,0.0,1.5708,0.2069,-0.0,-0.0,0.0
1736847125.118091,0.0,1.5708,0.20702,-0.0,-0.0,0.0
1736847125.1185029,0.0,1.5708,0.20715,-0.0,-0.0,0.0
1736847125.1191313,0.0,1.5708,0.20729,-0.0,-0.0,0.0
1736847125.1201367,0.0,1.5708,0.20741,-0.0,-0.0,0.0
1736847125.1214504,0.0,1.5708,0.20754,-0.0,-0.0,0.0
1736847125.1218615,0.0,1.5708,0.2077,-0.0,-0.0,0.0
1736847125.1232343,0.0,1.5708,0.20784,-0.0,-0.0,0.0
1736847125.1237311,0.0,1.5708,0.20797,-0.0,-0.0,0.0
1736847125.1249948,0.0,1.5708,0.2081,-0.0,-0.0,0.0
1736847125.1251023,0.0,1.5708,0.20823,-0.0,-0.0,0.0
1736847125.126105,0.0,1.5708,0.20836,-0.0,-0.0,0.0
1736847125.1271036,0.0,1.5708,0.20848,-0.0,-0.0,0.0
1736847125.128104,0.0,1.5708,0.20859,-0.0,-0.0,0.0
1736847125.1289804,0.0,1.5708,0.20872,-0.0,-0.0,0.0
1736847125.1299875,0.0,1.5708,0.20889,-0.0,-0.0,0.0
1736847125.1308038,0.0,1.5708,0.20905,-0.0,-0.0,0.0
1736847125.1318116,0.0,1.5708,0.20918,-0.0,-0.0,0.0
1736847125.1318116,0.0,1.5708,0.20929,-0.0,-0.0,0.0
1736847125.1328092,0.0,1.5708,0.20941,-0.0,-0.0,0.0
1736847125.1338081,0.0,1.5708,0.20953,-0.0,-0.0,0.0
1736847125.1348085,0.0,1.5708,0.20965,-0.0,-0.0,0.0
1736847125.1357613,0.0,1.5708,0.20979,-0.0,-0.0,0.0
1736847125.1366806,0.0,1.5708,0.20997,-0.0,-0.0,0.0
1736847125.1377008,0.0,1.5708,0.21012,-0.0,-0.0,0.0
1736847125.138686,0.0,1.5708,0.21024,-0.0,-0.0,0.0
1736847125.138686,0.0,1.5708,0.21037,-0.0,-0.0,0.0
1736847125.1401536,0.0,1.5708,0.21049,-0.0,-0.0,0.0
1736847125.1409888,0.0,1.5708,0.21062,-0.0,-0.0,0.0
1736847125.141824,0.0,1.5708,0.21075,-0.0,-0.0,0.0
1736847125.1429045,0.0,1.5708,0.21089,-0.0,-0.0,0.0
1736847125.1438434,0.0,1.5708,0.21106,-0.0,-0.0,0.0
1736847125.2359252,0.0,1.5708,0.22588,-0.0,-0.0,0.0
1736847125.2359252,0.0,1.5708,0.2261,-0.0,-0.0,0.0
1736847125.2359252,0.0,1.5708,0.22627,-0.0,-0.0,0.0
1736847125.2359252,0.0,1.5708,0.2264,-0.0,-0.0,0.0
1736847125.2359252,0.0,1.5708,0.22653,-0.0,-0.0,0.0
1736847125.2359252,0.0,1.5708,0.22665,-0.0,-0.0,0.0
1736847125.2359252,0.0,1.5708,0.22677,-0.0,-0.0,0.0
1736847125.2447462,0.0,1.5708,0.2269,-0.0,-0.0,0.0
1736847125.245905,0.0,1.5708,0.22705,-0.0,-0.0,0.0
1736847125.2466643,0.0,1.5708,0.22722,-0.0,-0.0,0.0
1736847125.2473414,0.0,1.5708,0.22739,-0.0,-0.0,0.0
1736847125.248373,0.0,1.5708,0.22753,-0.0,-0.0,0.0
1736847125.2493808,0.0,1.5708,0.22765,-0.0,-0.0,0.0
1736847125.250273,0.0,1.5708,0.22778,-0.0,-0.0,0.0
1736847125.2503686,0.0,1.5708,0.22791,-0.0,-0.0,0.0
1736847125.2513695,0.0,1.5708,0.22803,-0.0,-0.0,0.0
1736847125.252372,0.0,1.5708,0.22815,-0.0,-0.0,0.0
1736847125.253328,0.0,1.5708,0.22826,-0.0,-0.0,0.0
1736847125.253859,0.0,1.5708,0.22843,-0.0,-0.0,0.0
1736847125.2548027,0.0,1.5708,0.22857,-0.0,-0.0,0.0
1736847125.2548027,0.0,1.5708,0.22871,-0.0,-0.0,0.0
1736847125.2548027,0.0,1.5708,0.22884,-0.0,-0.0,0.0
1736847125.2548027,0.0,1.5708,0.22896,-0.0,-0.0,0.0
1736847125.2548027,0.0,1.5708,0.22908,-0.0,-0.0,0.0
1736847125.2548027,0.0,1.5708,0.2292,-0.0,-0.0,0.0
1736847125.2598207,0.0,1.5708,0.22932,-0.0,-0.0,0.0
1736847125.2609534,0.0,1.5708,0.22945,-0.0,-0.0,0.0
1736847125.2619643,0.0,1.5708,0.22961,-0.0,-0.0,0.0
1736847125.2629726,0.0,1.5708,0.22976,-0.0,-0.0,0.0
1736847125.2629726,0.0,1.5708,0.22989,-0.0,-0.0,0.0
1736847125.263959,0.0,1.5708,0.23001,-0.0,-0.0,0.0
1736847125.2651155,0.0,1.5708,0.23013,-0.0,-0.0,0.0
1736847125.2651155,0.0,1.5708,0.23025,-0.0,-0.0,0.0
1736847125.2667766,0.0,1.5708,0.23037,-0.0,-0.0,0.0
1736847125.2672346,0.0,1.5708,0.2305,-0.0,-0.0,0.0
1736847125.2672346,0.0,1.5708,0.23066,-0.0,-0.0,0.0
1736847125.2672346,0.0,1.5708,0.23081,-0.0,-0.0,0.0
1736847125.2702866,0.0,1.5708,0.23095,-0.0,-0.0,0.0
1736847125.271306,0.0,1.5708,0.23107,-0.0,-0.0,0.0
1736847125.271306,0.0,1.5708,0.23119,-0.0,-0.0,0.0
1736847125.2722926,0.0,1.5708,0.23131,-0.0,-0.0,0.0
1736847125.2732928,0.0,1.5708,0.23143,-0.0,-0.0,0.0
1736847125.2741997,0.0,1.5708,0.23154,-0.0,-0.0,0.0
1736847125.2751234,0.0,1.5708,0.23171,-0.0,-0.0,0.0
1736847125.2761476,0.0,1.5708,0.23189,-0.0,-0.0,0.0
1736847125.277155,0.0,1.5708,0.23204,-0.0,-0.0,0.0
1736847125.2781622,0.0,1.5708,0.23216,-0.0,-0.0,0.0
1736847125.2781622,0.0,1.5708,0.23229,-0.0,-0.0,0.0
1736847125.2791584,0.0,1.5708,0.2324,-0.0,-0.0,0.0
1736847125.280153,0.0,1.5708,0.23252,-0.0,-0.0,0.0
1736847125.2811525,0.0,1.5708,0.23264,-0.0,-0.0,0.0
1736847125.2811525,0.0,1.5708,0.2328,-0.0,-0.0,0.0
1736847125.283284,0.0,1.5708,0.23295,-0.0,-0.0,0.0
1736847125.2833858,0.0,1.5708,0.2331,-0.0,-0.0,0.0
1736847125.2843893,0.0,1.5708,0.23323,-0.0,-0.0,0.0
1736847125.2853866,0.0,1.5708,0.23335,-0.0,-0.0,0.0
1736847125.2863991,0.0,1.5708,0.23347,-0.0,-0.0,0.0
1736847125.2863991,0.0,1.5708,0.23359,-0.0,-0.0,0.0
1736847125.2880733,0.0,1.5708,0.23371,-0.0,-0.0,0.0
1736847125.2890286,0.0,1.5708,0.23387,-0.0,-0.0,0.0
1736847125.2900295,0.0,1.5708,0.23403,-0.0,-0.0,0.0
1736847125.2900295,0.0,1.5708,0.23417,-0.0,-0.0,0.0
1736847125.2910268,0.0,1.5708,0.23428,-0.0,-0.0,0.0
1736847125.2920263,0.0,1.5708,0.2344,-0.0,-0.0,0.0
1736847125.2930262,0.0,1.5708,0.23452,-0.0,-0.0,0.0
1736847125.2940257,0.0,1.5708,0.23464,-0.0,-0.0,0.0
1736847125.2945306,0.0,1.5708,0.23476,-0.0,-0.0,0.0
1736847125.2956328,0.0,1.5708,0.23491,-0.0,-0.0,0.0
1736847125.2966552,0.0,1.5708,0.23507,-0.0,-0.0,0.0
1736847125.2976496,0.0,1.5708,0.23521,-0.0,-0.0,0.0
1736847125.2976496,0.0,1.5708,0.23534,-0.0,-0.0,0.0
1736847125.2986374,0.0,1.5708,0.23545,-0.0,-0.0,0.0
1736847125.2994378,0.0,1.5708,0.23557,-0.0,-0.0,0.0
1736847125.2994378,0.0,1.5708,0.23569,-0.0,-0.0,0.0
1736847125.3015196,0.0,1.5708,0.23581,-0.0,-0.0,0.0
1736847125.3019364,0.0,1.5708,0.23595,-0.0,-0.0,0.0
1736847125.3019364,0.0,1.5708,0.23609,-0.0,-0.0,0.0
1736847125.3019364,0.0,1.5708,0.23623,-0.0,-0.0,0.0
1736847125.3019364,0.0,1.5708,0.23635,-0.0,-0.0,0.0
1736847125.3056016,0.0,1.5708,0.23648,-0.0,-0.0,0.0
1736847125.3063772,0.0,1.5708,0.23661,-0.0,-0.0,0.0
1736847125.3063772,0.0,1.5708,0.23672,-0.0,-0.0,0.0
1736847125.307383,0.0,1.5708,0.23684,-0.0,-0.0,0.0
1736847125.3083827,0.0,1.5708,0.23696,-0.0,-0.0,0.0
1736847125.3089035,0.0,1.5708,0.23709,-0.0,-0.0,0.0
1736847125.309955,0.0,1.5708,0.23724,-0.0,-0.0,0.0
1736847125.3115456,0.0,1.5708,0.23739,-0.0,-0.0,0.0
1736847125.3116608,0.0,1.5708,0.23753,-0.0,-0.0,0.0
1736847125.3126624,0.0,1.5708,0.23765,-0.0,-0.0,0.0
1736847125.3136618,0.0,1.5708,0.23777,-0.0,-0.0,0.0
1736847125.314662,0.0,1.5708,0.23789,-0.0,-0.0,0.0
1736847125.314662,0.0,1.5708,0.23801,-0.0,-0.0,0.0
1736847125.3162782,0.0,1.5708,0.23813,-0.0,-0.0,0.0
1736847125.3173418,0.0,1.5708,0.23828,-0.0,-0.0,0.0
1736847125.3181758,0.0,1.5708,0.23846,-0.0,-0.0,0.0
1736847125.3191817,0.0,1.5708,0.23859,-0.0,-0.0,0.0
1736847125.3191817,0.0,1.5708,0.23871,-0.0,-0.0,0.0
1736847125.3201804,0.0,1.5708,0.23883,-0.0,-0.0,0.0
1736847125.3211899,0.0,1.5708,0.23895,-0.0,-0.0,0.0
1736847125.3221815,0.0,1.5708,0.23907,-0.0,-0.0,0.0
1736847125.3227985,0.0,1.5708,0.23918,-0.0,-0.0,0.0
1736847125.3238537,0.0,1.5708,0.23935,-0.0,-0.0,0.0
1736847125.3248615,0.0,1.5708,0.23953,-0.0,-0.0,0.0
1736847125.3258586,0.0,1.5708,0.23967,-0.0,-0.0,0.0
1736847125.3268583,0.0,1.5708,0.23981,-0.0,-0.0,0.0
1736847125.3268583,0.0,1.5708,0.23993,-0.0,-0.0,0.0
1736847125.3283021,0.0,1.5708,0.24005,-0.0,-0.0,0.0
1736847125.329303,0.0,1.5708,0.24018,-0.0,-0.0,0.0
1736847125.3297842,0.0,1.5708,0.24032,-0.0,-0.0,0.0
1736847125.3297842,0.0,1.5708,0.24047,-0.0,-0.0,0.0
1736847125.3297842,0.0,1.5708,0.24064,-0.0,-0.0,0.0
1736847125.3297842,0.0,1.5708,0.24076,-0.0,-0.0,0.0
1736847125.333521,0.0,1.5708,0.24088,-0.0,-0.0,0.0
1736847125.3345284,0.0,1.5708,0.241,-0.0,-0.0,0.0
1736847125.3345284,0.0,1.5708,0.24112,-0.0,-0.0,0.0
1736847125.335527,0.0,1.5708,0.24124,-0.0,-0.0,0.0
1736847125.336527,0.0,1.5708,0.24136,-0.0,-0.0,0.0
1736847125.337578,0.0,1.5708,0.24149,-0.0,-0.0,0.0
1736847125.338063,0.0,1.5708,0.24165,-0.0,-0.0,0.0
1736847125.339069,0.0,1.5708,0.2418,-0.0,-0.0,0.0
1736847125.3402197,0.0,1.5708,0.24196,-0.0,-0.0,0.0
1736847125.3412218,0.0,1.5708,0.2421,-0.0,-0.0,0.0
1736847125.3422196,0.0,1.5708,0.24223,-0.0,-0.0,0.0
1736847125.3422196,0.0,1.5708,0.24235,-0.0,-0.0,0.0
1736847125.343717,0.0,1.5708,0.24248,-0.0,-0.0,0.0
1736847125.3442018,0.0,1.5708,0.24263,-0.0,-0.0,0.0
1736847125.3459244,0.0,1.5708,0.24278,-0.0,-0.0,0.0
1736847125.3462012,0.0,1.5708,0.24293,-0.0,-0.0,0.0
1736847125.3472023,0.0,1.5708,0.24306,-0.0,-0.0,0.0
1736847125.3482118,0.0,1.5708,0.24319,-0.0,-0.0,0.0
1736847125.3492029,0.0,1.5708,0.2433,-0.0,-0.0,0.0
1736847125.3492029,0.0,1.5708,0.24343,-0.0,-0.0,0.0
1736847125.3505805,0.0,1.5708,0.24356,-0.0,-0.0,0.0
1736847125.3518653,0.0,1.5708,0.24371,-0.0,-0.0,0.0
1736847125.3528674,0.0,1.5708,0.24388,-0.0,-0.0,0.0
1736847125.3528674,0.0,1.5708,0.24401,-0.0,-0.0,0.0
1736847125.353866,0.0,1.5708,0.24414,-0.0,-0.0,0.0
1736847125.3548653,0.0,1.5708,0.24426,-0.0,-0.0,0.0
1736847125.3558712,0.0,1.5708,0.24438,-0.0,-0.0,0.0
1736847125.356248,0.0,1.5708,0.2445,-0.0,-0.0,0.0
1736847125.357561,0.0,1.5708,0.24464,-0.0,-0.0,0.0
1736847125.357561,0.0,1.5708,0.24481,-0.0,-0.0,0.0
1736847125.357561,0.0,1.5708,0.24499,-0.0,-0.0,0.0
1736847125.357561,0.0,1.5708,0.24513,-0.0,-0.0,0.0
1736847125.361899,0.0,1.5708,0.24527,-0.0,-0.0,0.0
1736847125.3620317,0.0,1.5708,0.24543,-0.0,-0.0,0.0
1736847125.3630333,0.0,1.5708,0.24557,-0.0,-0.0,0.0
1736847125.3640327,0.0,1.5708,0.24569,-0.0,-0.0,0.0
1736847125.3649704,0.0,1.5708,0.24583,-0.0,-0.0,0.0
1736847125.3660057,0.0,1.5708,0.246,-0.0,-0.0,0.0
1736847125.367079,0.0,1.5708,0.24614,-0.0,-0.0,0.0
1736847125.3680012,0.0,1.5708,0.24626,-0.0,-0.0,0.0
1736847125.3680012,0.0,1.5708,0.24639,-0.0,-0.0,0.0
1736847125.3690178,0.0,1.5708,0.24651,-0.0,-0.0,0.0
1736847125.3700063,0.0,1.5708,0.24662,-0.0,-0.0,0.0
1736847125.3710067,0.0,1.5708,0.24674,-0.0,-0.0,0.0
1736847125.3715823,0.0,1.5708,0.24686,-0.0,-0.0,0.0
1736847125.3722568,0.0,1.5708,0.24702,-0.0,-0.0,0.0
1736847125.373987,0.0,1.5708,0.24718,-0.0,-0.0,0.0
1736847125.3741245,0.0,1.5708,0.24734,-0.0,-0.0,0.0
1736847125.3751254,0.0,1.5708,0.24746,-0.0,-0.0,0.0
1736847125.376135,0.0,1.5708,0.24758,-0.0,-0.0,0.0
1736847125.377126,0.0,1.5708,0.2477,-0.0,-0.0,0.0
1736847125.377126,0.0,1.5708,0.24782,-0.0,-0.0,0.0
1736847125.378702,0.0,1.5708,0.24795,-0.0,-0.0,0.0
1736847125.379437,0.0,1.5708,0.24809,-0.0,-0.0,0.0
1736847125.3804383,0.0,1.5708,0.24824,-0.0,-0.0,0.0
1736847125.3804383,0.0,1.5708,0.24837,-0.0,-0.0,0.0
1736847125.3814387,0.0,1.5708,0.24848,-0.0,-0.0,0.0
1736847125.382438,0.0,1.5708,0.2486,-0.0,-0.0,0.0
1736847125.3834481,0.0,1.5708,0.24872,-0.0,-0.0,0.0
1736847125.3834481,0.0,1.5708,0.24883,-0.0,-0.0,0.0
1736847125.3848135,0.0,1.5708,0.24895,-0.0,-0.0,0.0
1736847125.3862367,0.0,1.5708,0.2491,-0.0,-0.0,0.0
1736847125.3872445,0.0,1.5708,0.24928,-0.0,-0.0,0.0
1736847125.3872445,0.0,1.5708,0.24942,-0.0,-0.0,0.0
1736847125.3882418,0.0,1.5708,0.24954,-0.0,-0.0,0.0
1736847125.3892415,0.0,1.5708,0.24966,-0.0,-0.0,0.0
1736847125.3902404,0.0,1.5708,0.24977,-0.0,-0.0,0.0
1736847125.3902404,0.0,1.5708,0.24989,-0.0,-0.0,0.0
1736847125.3917637,0.0,1.5708,0.25001,-0.0,-0.0,0.0
1736847125.3929343,0.0,1.5708,0.25017,-0.0,-0.0,0.0
1736847125.3939905,0.0,1.5708,0.25034,-0.0,-0.0,0.0
1736847125.3939905,0.0,1.5708,0.25047,-0.0,-0.0,0.0
1736847125.3953655,0.0,1.5708,0.2506,-0.0,-0.0,0.0
1736847125.3953655,0.0,1.5708,0.25071,-0.0,-0.0,0.0
1736847125.396372,0.0,1.5708,0.25083,-0.0,-0.0,0.0
1736847125.3977895,0.0,1.5708,0.25095,-0.0,-0.0,0.0
1736847125.3980777,0.0,1.5708,0.25108,-0.0,-0.0,0.0
1736847125.3992655,0.0,1.5708,0.25121,-0.0,-0.0,0.0
1736847125.399981,0.0,1.5708,0.25136,-0.0,-0.0,0.0
1736847125.4009871,0.0,1.5708,0.25152,-0.0,-0.0,0.0
1736847125.4019866,0.0,1.5708,0.25165,-0.0,-0.0,0.0
1736847125.4030428,0.0,1.5708,0.25177,-0.0,-0.0,0.0
1736847125.4036956,0.0,1.5708,0.25189,-0.0,-0.0,0.0
1736847125.4036956,0.0,1.5708,0.25202,-0.0,-0.0,0.0
1736847125.4048016,0.0,1.5708,0.25214,-0.0,-0.0,0.0
1736847125.4062667,0.0,1.5708,0.25226,-0.0,-0.0,0.0
1736847125.406808,0.0,1.5708,0.25241,-0.0,-0.0,0.0
1736847125.4078581,0.0,1.5708,0.25258,-0.0,-0.0,0.0
1736847125.4089262,0.0,1.5708,0.25273,-0.0,-0.0,0.0
1736847125.4096875,0.0,1.5708,0.25286,-0.0,-0.0,0.0
1736847125.4107049,0.0,1.5708,0.25299,-0.0,-0.0,0.0
1736847125.4107049,0.0,1.5708,0.2531,-0.0,-0.0,0.0
1736847125.4116924,0.0,1.5708,0.25322,-0.0,-0.0,0.0
1736847125.4130476,0.0,1.5708,0.25334,-0.0,-0.0,0.0
1736847125.4135406,0.0,1.5708,0.25349,-0.0,-0.0,0.0
1736847125.414576,0.0,1.5708,0.25366,-0.0,-0.0,0.0
1736847125.4159563,0.0,1.5708,0.25379,-0.0,-0.0,0.0
1736847125.416093,0.0,1.5708,0.25393,-0.0,-0.0,0.0
1736847125.4170942,0.0,1.5708,0.25405,-0.0,-0.0,0.0
1736847125.4181035,0.0,1.5708,0.25417,-0.0,-0.0,0.0
1736847125.4181035,0.0,1.5708,0.25428,-0.0,-0.0,0.0
1736847125.419094,0.0,1.5708,0.2544,-0.0,-0.0,0.0
1736847125.4204795,0.0,1.5708,0.25453,-0.0,-0.0,0.0
1736847125.4216237,0.0,1.5708,0.25468,-0.0,-0.0,0.0
1736847125.422625,0.0,1.5708,0.25485,-0.0,-0.0,0.0
1736847125.422625,0.0,1.5708,0.25497,-0.0,-0.0,0.0
1736847125.4236248,0.0,1.5708,0.25509,-0.0,-0.0,0.0
1736847125.424625,0.0,1.5708,0.25521,-0.0,-0.0,0.0
1736847125.4256365,0.0,1.5708,0.25532,-0.0,-0.0,0.0
1736847125.4256365,0.0,1.5708,0.25545,-0.0,-0.0,0.0
1736847125.4270477,0.0,1.5708,0.25559,-0.0,-0.0,0.0
1736847125.4286325,0.0,1.5708,0.2558,-0.0,-0.0,0.0
1736847125.4296396,0.0,1.5708,0.25603,-0.0,-0.0,0.0
1736847125.4306371,0.0,1.5708,0.25619,-0.0,-0.0,0.0
1736847125.4316368,0.0,1.5708,0.25631,-0.0,-0.0,0.0
1736847125.4326456,0.0,1.5708,0.25643,-0.0,-0.0,0.0
1736847125.4334295,0.0,1.5708,0.25655,-0.0,-0.0,0.0
1736847125.4339156,0.0,1.5708,0.25669,-0.0,-0.0,0.0
1736847125.4339156,0.0,1.5708,0.25684,-0.0,-0.0,0.0
1736847125.4339156,0.0,1.5708,0.25699,-0.0,-0.0,0.0
1736847125.4339156,0.0,1.5708,0.25713,-0.0,-0.0,0.0
1736847125.4339156,0.0,1.5708,0.25727,-0.0,-0.0,0.0
1736847125.4386232,0.0,1.5708,0.25739,-0.0,-0.0,0.0
1736847125.4386232,0.0,1.5708,0.25751,-0.0,-0.0,0.0
1736847125.4396422,0.0,1.5708,0.25763,-0.0,-0.0,0.0
1736847125.4413745,0.0,1.5708,0.25777,-0.0,-0.0,0.0
1736847125.4413745,0.0,1.5708,0.25793,-0.0,-0.0,0.0
1736847125.4423761,0.0,1.5708,0.25808,-0.0,-0.0,0.0
1736847125.4433742,0.0,1.5708,0.25821,-0.0,-0.0,0.0
1736847125.4447987,0.0,1.5708,0.25833,-0.0,-0.0,0.0
1736847125.4450297,0.0,1.5708,0.25849,-0.0,-0.0,0.0
1736847125.4460306,0.0,1.5708,0.25866,-0.0,-0.0,0.0
1736847125.447762,0.0,1.5708,0.25879,-0.0,-0.0,0.0
1736847125.448284,0.0,1.5708,0.25893,-0.0,-0.0,0.0
1736847125.4492874,0.0,1.5708,0.25909,-0.0,-0.0,0.0
1736847125.4505517,0.0,1.5708,0.25923,-0.0,-0.0,0.0
1736847125.4506466,0.0,1.5708,0.25937,-0.0,-0.0,0.0
1736847125.451648,0.0,1.5708,0.25949,-0.0,-0.0,0.0
1736847125.4526463,0.0,1.5708,0.25961,-0.0,-0.0,0.0
1736847125.4536548,0.0,1.5708,0.25973,-0.0,-0.0,0.0
1736847125.4536548,0.0,1.5708,0.25985,-0.0,-0.0,0.0
1736847125.4553514,0.0,1.5708,0.25998,-0.0,-0.0,0.0
1736847125.4553514,0.0,1.5708,0.26013,-0.0,-0.0,0.0
1736847125.4571128,0.0,1.5708,0.2603,-0.0,-0.0,0.0
1736847125.45813,0.0,1.5708,0.26044,-0.0,-0.0,0.0
1736847125.4591167,0.0,1.5708,0.26057,-0.0,-0.0,0.0
1736847125.4591167,0.0,1.5708,0.2607,-0.0,-0.0,0.0
1736847125.4601176,0.0,1.5708,0.26083,-0.0,-0.0,0.0
1736847125.4611168,0.0,1.5708,0.26095,-0.0,-0.0,0.0
1736847125.461629,0.0,1.5708,0.26108,-0.0,-0.0,0.0
1736847125.461629,0.0,1.5708,0.26125,-0.0,-0.0,0.0
1736847125.461629,0.0,1.5708,0.2614,-0.0,-0.0,0.0
1736847125.461629,0.0,1.5708,0.26152,-0.0,-0.0,0.0
1736847125.461629,0.0,1.5708,0.26164,-0.0,-0.0,0.0
1736847125.461629,0.0,1.5708,0.26176,-0.0,-0.0,0.0
1736847125.4671082,0.0,1.5708,0.26188,-0.0,-0.0,0.0
1736847125.4681146,0.0,1.5708,0.26199,-0.0,-0.0,0.0
1736847125.4686766,0.0,1.5708,0.26213,-0.0,-0.0,0.0
1736847125.4693975,0.0,1.5708,0.26229,-0.0,-0.0,0.0
1736847125.4704053,0.0,1.5708,0.26245,-0.0,-0.0,0.0
1736847125.4714031,0.0,1.5708,0.26258,-0.0,-0.0,0.0
1736847125.4726086,0.0,1.5708,0.2627,-0.0,-0.0,0.0
1736847125.4728215,0.0,1.5708,0.26284,-0.0,-0.0,0.0
1736847125.4738224,0.0,1.5708,0.26297,-0.0,-0.0,0.0
1736847125.474822,0.0,1.5708,0.26309,-0.0,-0.0,0.0
1736847125.4760287,0.0,1.5708,0.26322,-0.0,-0.0,0.0
1736847125.4760287,0.0,1.5708,0.26338,-0.0,-0.0,0.0
1736847125.47707,0.0,1.5708,0.26352,-0.0,-0.0,0.0
1736847125.4785328,0.0,1.5708,0.26366,-0.0,-0.0,0.0
1736847125.479546,0.0,1.5708,0.26379,-0.0,-0.0,0.0
1736847125.479546,0.0,1.5708,0.26391,-0.0,-0.0,0.0
1736847125.4805326,0.0,1.5708,0.26403,-0.0,-0.0,0.0
1736847125.4815323,0.0,1.5708,0.26415,-0.0,-0.0,0.0
1736847125.4825344,0.0,1.5708,0.26426,-0.0,-0.0,0.0
1736847125.4832673,0.0,1.5708,0.2644,-0.0,-0.0,0.0
1736847125.4841383,0.0,1.5708,0.26455,-0.0,-0.0,0.0
1736847125.4851522,0.0,1.5708,0.26469,-0.0,-0.0,0.0
1736847125.4851522,0.0,1.5708,0.26481,-0.0,-0.0,0.0
1736847125.4861395,0.0,1.5708,0.26494,-0.0,-0.0,0.0
1736847125.4871387,0.0,1.5708,0.26505,-0.0,-0.0,0.0
1736847125.4881485,0.0,1.5708,0.26517,-0.0,-0.0,0.0
1736847125.4891388,0.0,1.5708,0.26529,-0.0,-0.0,0.0
1736847125.4895573,0.0,1.5708,0.26541,-0.0,-0.0,0.0
1736847125.4904428,0.0,1.5708,0.26557,-0.0,-0.0,0.0
1736847125.4914494,0.0,1.5708,0.26572,-0.0,-0.0,0.0
1736847125.4924574,0.0,1.5708,0.26584,-0.0,-0.0,0.0
1736847125.4924574,0.0,1.5708,0.26595,-0.0,-0.0,0.0
1736847125.493448,0.0,1.5708,0.26607,-0.0,-0.0,0.0
1736847125.4944475,0.0,1.5708,0.26619,-0.0,-0.0,0.0
1736847125.4951017,0.0,1.5708,0.26631,-0.0,-0.0,0.0
1736847125.496383,0.0,1.5708,0.26644,-0.0,-0.0,0.0
1736847125.496383,0.0,1.5708,0.26659,-0.0,-0.0,0.0
1736847125.496383,0.0,1.5708,0.26674,-0.0,-0.0,0.0
1736847125.496383,0.0,1.5708,0.26688,-0.0,-0.0,0.0
1736847125.496383,0.0,1.5708,0.267,-0.0,-0.0,0.0
1736847125.5005393,0.0,1.5708,0.26712,-0.0,-0.0,0.0
1736847125.5015461,0.0,1.5708,0.26724,-0.0,-0.0,0.0
1736847125.5015461,0.0,1.5708,0.26736,-0.0,-0.0,0.0
1736847125.5025442,0.0,1.5708,0.26748,-0.0,-0.0,0.0
1736847125.5040152,0.0,1.5708,0.2676,-0.0,-0.0,0.0
1736847125.505017,0.0,1.5708,0.26783,-0.0,-0.0,0.0
1736847125.5062866,0.0,1.5708,0.26799,-0.0,-0.0,0.0
1736847125.5063744,0.0,1.5708,0.26812,-0.0,-0.0,0.0
1736847125.5073762,0.0,1.5708,0.26824,-0.0,-0.0,0.0
1736847125.5083745,0.0,1.5708,0.26836,-0.0,-0.0,0.0
1736847125.5093842,0.0,1.5708,0.26848,-0.0,-0.0,0.0
1736847125.5102086,0.0,1.5708,0.2686,-0.0,-0.0,0.0
1736847125.5107467,0.0,1.5708,0.26874,-0.0,-0.0,0.0
1736847125.5119998,0.0,1.5708,0.26889,-0.0,-0.0,0.0
1736847125.5119998,0.0,1.5708,0.26903,-0.0,-0.0,0.0
1736847125.5130022,0.0,1.5708,0.26915,-0.0,-0.0,0.0
1736847125.5140002,0.0,1.5708,0.26927,-0.0,-0.0,0.0
1736847125.5150087,0.0,1.5708,0.26939,-0.0,-0.0,0.0
1736847125.5160093,0.0,1.5708,0.26951,-0.0,-0.0,0.0
1736847125.5164168,0.0,1.5708,0.26963,-0.0,-0.0,0.0
1736847125.5172238,0.0,1.5708,0.26977,-0.0,-0.0,0.0
1736847125.5172238,0.0,1.5708,0.26994,-0.0,-0.0,0.0
1736847125.5172238,0.0,1.5708,0.27009,-0.0,-0.0,0.0
1736847125.5172238,0.0,1.5708,0.27022,-0.0,-0.0,0.0
1736847125.5172238,0.0,1.5708,0.27034,-0.0,-0.0,0.0
1736847125.5172238,0.0,1.5708,0.27046,-0.0,-0.0,0.0
1736847125.5225658,0.0,1.5708,0.27058,-0.0,-0.0,0.0
1736847125.5225658,0.0,1.5708,0.2707,-0.0,-0.0,0.0
1736847125.524118,0.0,1.5708,0.27082,-0.0,-0.0,0.0
1736847125.524782,0.0,1.5708,0.27096,-0.0,-0.0,0.0
1736847125.5257857,0.0,1.5708,0.27113,-0.0,-0.0,0.0
1736847125.5267828,0.0,1.5708,0.27127,-0.0,-0.0,0.0
1736847125.5278451,0.0,1.5708,0.27139,-0.0,-0.0,0.0
1736847125.5289023,0.0,1.5708,0.27151,-0.0,-0.0,0.0
1736847125.5289023,0.0,1.5708,0.27167,-0.0,-0.0,0.0
1736847125.529905,0.0,1.5708,0.27179,-0.0,-0.0,0.0
1736847125.5314238,0.0,1.5708,0.27193,-0.0,-0.0,0.0
1736847125.5315533,0.0,1.5708,0.27208,-0.0,-0.0,0.0
1736847125.5326,0.0,1.5708,0.27221,-0.0,-0.0,0.0
1736847125.5335982,0.0,1.5708,0.27234,-0.0,-0.0,0.0
1736847125.5343878,0.0,1.5708,0.27246,-0.0,-0.0,0.0
1736847125.535403,0.0,1.5708,0.27259,-0.0,-0.0,0.0
1736847125.5363984,0.0,1.5708,0.27271,-0.0,-0.0,0.0
1736847125.5363984,0.0,1.5708,0.27284,-0.0,-0.0,0.0
1736847125.538016,0.0,1.5708,0.27296,-0.0,-0.0,0.0
1736847125.5389173,0.0,1.5708,0.27311,-0.0,-0.0,0.0
1736847125.5399384,0.0,1.5708,0.27328,-0.0,-0.0,0.0
1736847125.540771,0.0,1.5708,0.27344,-0.0,-0.0,0.0
1736847125.5417893,0.0,1.5708,0.27357,-0.0,-0.0,0.0
1736847125.5417893,0.0,1.5708,0.2737,-0.0,-0.0,0.0
1736847125.5427759,0.0,1.5708,0.27382,-0.0,-0.0,0.0
1736847125.5437763,0.0,1.5708,0.27394,-0.0,-0.0,0.0
1736847125.544967,0.0,1.5708,0.27406,-0.0,-0.0,0.0
1736847125.5454752,0.0,1.5708,0.2742,-0.0,-0.0,0.0
1736847125.54683,0.0,1.5708,0.27435,-0.0,-0.0,0.0
1736847125.54683,0.0,1.5708,0.2745,-0.0,-0.0,0.0
1736847125.547831,0.0,1.5708,0.27462,-0.0,-0.0,0.0
1736847125.5488305,0.0,1.5708,0.27473,-0.0,-0.0,0.0
1736847125.54984,0.0,1.5708,0.27486,-0.0,-0.0,0.0
1736847125.5508456,0.0,1.5708,0.27499,-0.0,-0.0,0.0
1736847125.5513294,0.0,1.5708,0.27511,-0.0,-0.0,0.0
1736847125.5519557,0.0,1.5708,0.27525,-0.0,-0.0,0.0
1736847125.5519557,0.0,1.5708,0.27541,-0.0,-0.0,0.0
1736847125.5519557,0.0,1.5708,0.27555,-0.0,-0.0,0.0
1736847125.5519557,0.0,1.5708,0.27568,-0.0,-0.0,0.0
1736847125.5519557,0.0,1.5708,0.2758,-0.0,-0.0,0.0
1736847125.5519557,0.0,1.5708,0.27593,-0.0,-0.0,0.0
1736847125.5573633,0.0,1.5708,0.27606,-0.0,-0.0,0.0
1736847125.5583777,0.0,1.5708,0.27618,-0.0,-0.0,0.0
1736847125.559368,0.0,1.5708,0.27632,-0.0,-0.0,0.0
1736847125.560412,0.0,1.5708,0.27647,-0.0,-0.0,0.0
1736847125.560412,0.0,1.5708,0.27662,-0.0,-0.0,0.0
1736847125.561411,0.0,1.5708,0.27676,-0.0,-0.0,0.0
1736847125.5624118,0.0,1.5708,0.27689,-0.0,-0.0,0.0
1736847125.563418,0.0,1.5708,0.27701,-0.0,-0.0,0.0
1736847125.5644336,0.0,1.5708,0.27714,-0.0,-0.0,0.0
1736847125.5654242,0.0,1.5708,0.27726,-0.0,-0.0,0.0
1736847125.5662198,0.0,1.5708,0.2774,-0.0,-0.0,0.0
1736847125.5663464,0.0,1.5708,0.27755,-0.0,-0.0,0.0
1736847125.5673866,0.0,1.5708,0.27769,-0.0,-0.0,0.0
1736847125.5683851,0.0,1.5708,0.27782,-0.0,-0.0,0.0
1736847125.5693276,0.0,1.5708,0.27795,-0.0,-0.0,0.0
1736847125.5703418,0.0,1.5708,0.27807,-0.0,-0.0,0.0
1736847125.5713482,0.0,1.5708,0.2782,-0.0,-0.0,0.0
1736847125.5713482,0.0,1.5708,0.27833,-0.0,-0.0,0.0
1736847125.5727577,0.0,1.5708,0.27844,-0.0,-0.0,0.0
1736847125.5735807,0.0,1.5708,0.27864,-0.0,-0.0,0.0
1736847125.574723,0.0,1.5708,0.27881,-0.0,-0.0,0.0
1736847125.575762,0.0,1.5708,0.27895,-0.0,-0.0,0.0
1736847125.5767677,0.0,1.5708,0.27912,-0.0,-0.0,0.0
1736847125.577767,0.0,1.5708,0.27928,-0.0,-0.0,0.0
1736847125.5787663,0.0,1.5708,0.27943,-0.0,-0.0,0.0
1736847125.5797167,0.0,1.5708,0.27955,-0.0,-0.0,0.0
1736847125.5802042,0.0,1.5708,0.2797,-0.0,-0.0,0.0
1736847125.5818572,0.0,1.5708,0.27984,-0.0,-0.0,0.0
1736847125.5818572,0.0,1.5708,0.27999,-0.0,-0.0,0.0
1736847125.582859,0.0,1.5708,0.28011,-0.0,-0.0,0.0
1736847125.5838573,0.0,1.5708,0.28023,-0.0,-0.0,0.0
1736847125.584869,0.0,1.5708,0.28034,-0.0,-0.0,0.0
1736847125.584869,0.0,1.5708,0.28046,-0.0,-0.0,0.0
1736847125.5858574,0.0,1.5708,0.28058,-0.0,-0.0,0.0
1736847125.5866132,0.0,1.5708,0.28072,-0.0,-0.0,0.0
1736847125.587751,0.0,1.5708,0.2809,-0.0,-0.0,0.0
1736847125.588786,0.0,1.5708,0.28105,-0.0,-0.0,0.0
1736847125.5897517,0.0,1.5708,0.28118,-0.0,-0.0,0.0
1736847125.5907512,0.0,1.5708,0.28131,-0.0,-0.0,0.0
1736847125.5917609,0.0,1.5708,0.28143,-0.0,-0.0,0.0
1736847125.5921695,0.0,1.5708,0.28156,-0.0,-0.0,0.0
1736847125.5931387,0.0,1.5708,0.28169,-0.0,-0.0,0.0
1736847125.5936155,0.0,1.5708,0.28183,-0.0,-0.0,0.0
1736847125.5936155,0.0,1.5708,0.28199,-0.0,-0.0,0.0
1736847125.5936155,0.0,1.5708,0.28212,-0.0,-0.0,0.0
1736847125.5936155,0.0,1.5708,0.28225,-0.0,-0.0,0.0
1736847125.5936155,0.0,1.5708,0.28237,-0.0,-0.0,0.0
1736847125.5985317,0.0,1.5708,0.2825,-0.0,-0.0,0.0
1736847125.5985317,0.0,1.5708,0.28262,-0.0,-0.0,0.0
1736847125.5995502,0.0,1.5708,0.28274,-0.0,-0.0,0.0
1736847125.6009798,0.0,1.5708,0.28286,-0.0,-0.0,0.0
1736847125.6011145,0.0,1.5708,0.28301,-0.0,-0.0,0.0
1736847125.6021686,0.0,1.5708,0.28316,-0.0,-0.0,0.0
1736847125.6031563,0.0,1.5708,0.2833,-0.0,-0.0,0.0
1736847125.6046057,0.0,1.5708,0.28343,-0.0,-0.0,0.0
1736847125.6047208,0.0,1.5708,0.28356,-0.0,-0.0,0.0
1736847125.6057227,0.0,1.5708,0.28368,-0.0,-0.0,0.0
1736847125.6067295,0.0,1.5708,0.2838,-0.0,-0.0,0.0
1736847125.60752,0.0,1.5708,0.28393,-0.0,-0.0,0.0
1736847125.6083903,0.0,1.5708,0.28406,-0.0,-0.0,0.0
1736847125.6094112,0.0,1.5708,0.28422,-0.0,-0.0,0.0
1736847125.61062,0.0,1.5708,0.28436,-0.0,-0.0,0.0
1736847125.61062,0.0,1.5708,0.2845,-0.0,-0.0,0.0
1736847125.6116328,0.0,1.5708,0.28463,-0.0,-0.0,0.0
1736847125.6126204,0.0,1.5708,0.28475,-0.0,-0.0,0.0
1736847125.6136284,0.0,1.5708,0.28487,-0.0,-0.0,0.0
1736847125.6144187,0.0,1.5708,0.28499,-0.0,-0.0,0.0
1736847125.614944,0.0,1.5708,0.28515,-0.0,-0.0,0.0
1736847125.6166265,0.0,1.5708,0.28531,-0.0,-0.0,0.0
1736847125.6167505,0.0,1.5708,0.28546,-0.0,-0.0,0.0
1736847125.6177657,0.0,1.5708,0.28558,-0.0,-0.0,0.0
1736847125.618751,0.0,1.5708,0.28571,-0.0,-0.0,0.0
1736847125.6197596,0.0,1.5708,0.28582,-0.0,-0.0,0.0
1736847125.6197596,0.0,1.5708,0.28594,-0.0,-0.0,0.0
1736847125.6213336,0.0,1.5708,0.28606,-0.0,-0.0,0.0
1736847125.6213336,0.0,1.5708,0.2862,-0.0,-0.0,0.0
1736847125.6228697,0.0,1.5708,0.28636,-0.0,-0.0,0.0
1736847125.6238763,0.0,1.5708,0.2865,-0.0,-0.0,0.0
1736847125.6248827,0.0,1.5708,0.28663,-0.0,-0.0,0.0
1736847125.6258833,0.0,1.5708,0.28678,-0.0,-0.0,0.0
1736847125.626883,0.0,1.5708,0.28693,-0.0,-0.0,0.0
1736847125.626883,0.0,1.5708,0.28706,-0.0,-0.0,0.0
1736847125.628388,0.0,1.5708,0.28718,-0.0,-0.0,0.0
1736847125.629208,0.0,1.5708,0.28734,-0.0,-0.0,0.0
1736847125.6302264,0.0,1.5708,0.28748,-0.0,-0.0,0.0
1736847125.631222,0.0,1.5708,0.28762,-0.0,-0.0,0.0
1736847125.631222,0.0,1.5708,0.28773,-0.0,-0.0,0.0
1736847125.6322129,0.0,1.5708,0.28785,-0.0,-0.0,0.0
1736847125.6332123,0.0,1.5708,0.28797,-0.0,-0.0,0.0
1736847125.6338153,0.0,1.5708,0.28809,-0.0,-0.0,0.0
1736847125.6348214,0.0,1.5708,0.28822,-0.0,-0.0,0.0
1736847125.635248,0.0,1.5708,0.28836,-0.0,-0.0,0.0
1736847125.635248,0.0,1.5708,0.28852,-0.0,-0.0,0.0
1736847125.635248,0.0,1.5708,0.28867,-0.0,-0.0,0.0
1736847125.635248,0.0,1.5708,0.2888,-0.0,-0.0,0.0
1736847125.6393566,0.0,1.5708,0.28892,-0.0,-0.0,0.0
1736847125.6403744,0.0,1.5708,0.28905,-0.0,-0.0,0.0
1736847125.6403744,0.0,1.5708,0.28917,-0.0,-0.0,0.0
1736847125.6413724,0.0,1.5708,0.28929,-0.0,-0.0,0.0
1736847125.6427472,0.0,1.5708,0.28942,-0.0,-0.0,0.0
1736847125.6437888,0.0,1.5708,0.28957,-0.0,-0.0,0.0
1736847125.6437888,0.0,1.5708,0.28972,-0.0,-0.0,0.0
1736847125.6452496,0.0,1.5708,0.28984,-0.0,-0.0,0.0
1736847125.6462617,0.0,1.5708,0.28996,-0.0,-0.0,0.0
1736847125.6462617,0.0,1.5708,0.29009,-0.0,-0.0,0.0
1736847125.6472487,0.0,1.5708,0.29021,-0.0,-0.0,0.0
1736847125.6482532,0.0,1.5708,0.29033,-0.0,-0.0,0.0
1736847125.6491256,0.0,1.5708,0.29044,-0.0,-0.0,0.0
1736847125.6496599,0.0,1.5708,0.2906,-0.0,-0.0,0.0
1736847125.651326,0.0,1.5708,0.29076,-0.0,-0.0,0.0
1736847125.651326,0.0,1.5708,0.29091,-0.0,-0.0,0.0
1736847125.6523438,0.0,1.5708,0.29103,-0.0,-0.0,0.0
1736847125.6533298,0.0,1.5708,0.29115,-0.0,-0.0,0.0
1736847125.654244,0.0,1.5708,0.29127,-0.0,-0.0,0.0
1736847125.6552515,0.0,1.5708,0.29139,-0.0,-0.0,0.0
1736847125.6552515,0.0,1.5708,0.2915,-0.0,-0.0,0.0
1736847125.6570826,0.0,1.5708,0.29165,-0.0,-0.0,0.0
1736847125.6575117,0.0,1.5708,0.29183,-0.0,-0.0,0.0
1736847125.6585202,0.0,1.5708,0.29199,-0.0,-0.0,0.0
1736847125.6595156,0.0,1.5708,0.29213,-0.0,-0.0,0.0
1736847125.6605613,0.0,1.5708,0.29226,-0.0,-0.0,0.0
1736847125.6613767,0.0,1.5708,0.29238,-0.0,-0.0,0.0
1736847125.6613767,0.0,1.5708,0.29249,-0.0,-0.0,0.0
1736847125.6630678,0.0,1.5708,0.29261,-0.0,-0.0,0.0
1736847125.6630678,0.0,1.5708,0.29275,-0.0,-0.0,0.0
1736847125.6630678,0.0,1.5708,0.2929,-0.0,-0.0,0.0
1736847125.6630678,0.0,1.5708,0.29303,-0.0,-0.0,0.0
1736847125.6630678,0.0,1.5708,0.29316,-0.0,-0.0,0.0
1736847125.6670814,0.0,1.5708,0.29327,-0.0,-0.0,0.0
1736847125.6670814,0.0,1.5708,0.29339,-0.0,-0.0,0.0
1736847125.6681013,0.0,1.5708,0.29351,-0.0,-0.0,0.0
1736847125.6690867,0.0,1.5708,0.29363,-0.0,-0.0,0.0
1736847125.6704664,0.0,1.5708,0.29376,-0.0,-0.0,0.0
1736847125.6704664,0.0,1.5708,0.29391,-0.0,-0.0,0.0
1736847125.6715145,0.0,1.5708,0.29406,-0.0,-0.0,0.0
1736847125.6731553,0.0,1.5708,0.29419,-0.0,-0.0,0.0
1736847125.6731553,0.0,1.5708,0.29432,-0.0,-0.0,0.0
1736847125.6741605,0.0,1.5708,0.29444,-0.0,-0.0,0.0
1736847125.6751714,0.0,1.5708,0.29456,-0.0,-0.0,0.0
1736847125.6761694,0.0,1.5708,0.29468,-0.0,-0.0,0.0
1736847125.676917,0.0,1.5708,0.29479,-0.0,-0.0,0.0
1736847125.677846,0.0,1.5708,0.29496,-0.0,-0.0,0.0
1736847125.6790593,0.0,1.5708,0.29513,-0.0,-0.0,0.0
1736847125.679352,0.0,1.5708,0.29527,-0.0,-0.0,0.0
1736847125.681047,0.0,1.5708,0.29543,-0.0,-0.0,0.0
1736847125.681047,0.0,1.5708,0.29556,-0.0,-0.0,0.0
1736847125.6820543,0.0,1.5708,0.29568,-0.0,-0.0,0.0
1736847125.6830523,0.0,1.5708,0.2958,-0.0,-0.0,0.0
1736847125.6838756,0.0,1.5708,0.29592,-0.0,-0.0,0.0
1736847125.7707407,0.0,1.5708,0.30973,-0.0,-0.0,0.0
1736847125.7707407,0.0,1.5708,0.31,-0.0,-0.0,0.0
1736847125.7707407,0.0,1.5708,0.31016,-0.0,-0.0,0.0
1736847125.7707407,0.0,1.5708,0.31031,-0.0,-0.0,0.0
1736847125.7707407,0.0,1.5708,0.31044,-0.0,-0.0,0.0
1736847125.7707407,0.0,1.5708,0.31057,-0.0,-0.0,0.0
1736847125.7707407,0.0,1.5708,0.31068,-0.0,-0.0,0.0
1736847125.7790067,0.0,1.5708,0.31079,-0.0,-0.0,0.0
1736847125.7798998,0.0,1.5708,0.31096,-0.0,-0.0,0.0
1736847125.7805583,0.0,1.5708,0.3111,-0.0,-0.0,0.0
1736847125.7815518,0.0,1.5708,0.31125,-0.0,-0.0,0.0
1736847125.782597,0.0,1.5708,0.3114,-0.0,-0.0,0.0
1736847125.782597,0.0,1.5708,0.31153,-0.0,-0.0,0.0
1736847125.7843723,0.0,1.5708,0.31166,-0.0,-0.0,0.0
1736847125.7843723,0.0,1.5708,0.3118,-0.0,-0.0,0.0
1736847125.7853734,0.0,1.5708,0.31194,-0.0,-0.0,0.0
1736847125.7863739,0.0,1.5708,0.31206,-0.0,-0.0,0.0
1736847125.7873733,0.0,1.5708,0.31218,-0.0,-0.0,0.0
1736847125.7886965,0.0,1.5708,0.31232,-0.0,-0.0,0.0
1736847125.7889228,0.0,1.5708,0.31248,-0.0,-0.0,0.0
1736847125.7889228,0.0,1.5708,0.31263,-0.0,-0.0,0.0
1736847125.7889228,0.0,1.5708,0.31276,-0.0,-0.0,0.0
1736847125.7889228,0.0,1.5708,0.31288,-0.0,-0.0,0.0
1736847125.7889228,0.0,1.5708,0.31299,-0.0,-0.0,0.0
1736847125.7889228,0.0,1.5708,0.31312,-0.0,-0.0,0.0
1736847125.7889228,0.0,1.5708,0.31323,-0.0,-0.0,0.0
1736847125.7945344,0.0,1.5708,0.31335,-0.0,-0.0,0.0
1736847125.796132,0.0,1.5708,0.3135,-0.0,-0.0,0.0
1736847125.796132,0.0,1.5708,0.31365,-0.0,-0.0,0.0
1736847125.7971756,0.0,1.5708,0.31378,-0.0,-0.0,0.0
1736847125.7981744,0.0,1.5708,0.31389,-0.0,-0.0,0.0
1736847125.7991865,0.0,1.5708,0.31401,-0.0,-0.0,0.0
1736847125.7991865,0.0,1.5708,0.31413,-0.0,-0.0,0.0
1736847125.800174,0.0,1.5708,0.31425,-0.0,-0.0,0.0
1736847125.8014624,0.0,1.5708,0.31437,-0.0,-0.0,0.0
1736847125.8024678,0.0,1.5708,0.3145,-0.0,-0.0,0.0
1736847125.8032289,0.0,1.5708,0.31465,-0.0,-0.0,0.0
1736847125.804281,0.0,1.5708,0.31479,-0.0,-0.0,0.0
1736847125.804281,0.0,1.5708,0.31493,-0.0,-0.0,0.0
1736847125.8052876,0.0,1.5708,0.31509,-0.0,-0.0,0.0
1736847125.8062863,0.0,1.5708,0.31524,-0.0,-0.0,0.0
1736847125.8077488,0.0,1.5708,0.31536,-0.0,-0.0,0.0
1736847125.8077488,0.0,1.5708,0.31549,-0.0,-0.0,0.0
1736847125.8087502,0.0,1.5708,0.31562,-0.0,-0.0,0.0
1736847125.8100946,0.0,1.5708,0.31577,-0.0,-0.0,0.0
1736847125.8111446,0.0,1.5708,0.3159,-0.0,-0.0,0.0
1736847125.812132,0.0,1.5708,0.31602,-0.0,-0.0,0.0
1736847125.812132,0.0,1.5708,0.31614,-0.0,-0.0,0.0
1736847125.813719,0.0,1.5708,0.31627,-0.0,-0.0,0.0
1736847125.813719,0.0,1.5708,0.31641,-0.0,-0.0,0.0
1736847125.8147242,0.0,1.5708,0.31653,-0.0,-0.0,0.0
1736847125.8157241,0.0,1.5708,0.31667,-0.0,-0.0,0.0
1736847125.8169274,0.0,1.5708,0.31682,-0.0,-0.0,0.0
1736847125.8179843,0.0,1.5708,0.31696,-0.0,-0.0,0.0
1736847125.818965,0.0,1.5708,0.31709,-0.0,-0.0,0.0
1736847125.818965,0.0,1.5708,0.31722,-0.0,-0.0,0.0
1736847125.818965,0.0,1.5708,0.31736,-0.0,-0.0,0.0
1736847125.818965,0.0,1.5708,0.31753,-0.0,-0.0,0.0
1736847125.8224635,0.0,1.5708,0.31772,-0.0,-0.0,0.0
1736847125.8234751,0.0,1.5708,0.31792,-0.0,-0.0,0.0
1736847125.825608,0.0,1.5708,0.31811,-0.0,-0.0,0.0
1736847125.825608,0.0,1.5708,0.3183,-0.0,-0.0,0.0
1736847125.825608,0.0,1.5708,0.3185,-0.0,-0.0,0.0
1736847125.825608,0.0,1.5708,0.31867,-0.0,-0.0,0.0
1736847125.8293123,0.0,1.5708,0.31882,-0.0,-0.0,0.0
1736847125.830322,0.0,1.5708,0.31898,-0.0,-0.0,0.0
1736847125.831488,0.0,1.5708,0.31919,-0.0,-0.0,0.0
1736847125.831488,0.0,1.5708,0.31941,-0.0,-0.0,0.0
1736847125.831488,0.0,1.5708,0.31958,-0.0,-0.0,0.0
1736847125.831488,0.0,1.5708,0.31974,-0.0,-0.0,0.0
1736847125.836275,0.0,1.5708,0.3199,-0.0,-0.0,0.0
1736847125.8372881,0.0,1.5708,0.32008,-0.0,-0.0,0.0
1736847125.8383756,0.0,1.5708,0.32033,-0.0,-0.0,0.0
1736847125.8383756,0.0,1.5708,0.32058,-0.0,-0.0,0.0
1736847125.8383756,0.0,1.5708,0.32078,-0.0,-0.0,0.0
1736847125.8432262,0.0,1.5708,0.32096,-0.0,-0.0,0.0
1736847125.8442357,0.0,1.5708,0.32113,-0.0,-0.0,0.0
1736847125.845464,0.0,1.5708,0.3213,-0.0,-0.0,0.0
1736847125.845464,0.0,1.5708,0.32159,-0.0,-0.0,0.0
1736847125.845464,0.0,1.5708,0.32185,-0.0,-0.0,0.0
1736847125.8501272,0.0,1.5708,0.32207,-0.0,-0.0,0.0
1736847125.852136,0.0,1.5708,0.32228,-0.0,-0.0,0.0
1736847125.8531342,0.0,1.5708,0.32247,-0.0,-0.0,0.0
1736847125.8531342,0.0,1.5708,0.32262,-0.0,-0.0,0.0
1736847125.8541338,0.0,1.5708,0.32275,-0.0,-0.0,0.0
1736847125.8551357,0.0,1.5708,0.32291,-0.0,-0.0,0.0
1736847125.8572059,0.0,1.5708,0.32307,-0.0,-0.0,0.0
1736847125.8582249,0.0,1.5708,0.32327,-0.0,-0.0,0.0
1736847125.8598747,0.0,1.5708,0.32348,-0.0,-0.0,0.0
1736847125.860994,0.0,1.5708,0.32376,-0.0,-0.0,0.0
1736847125.8629613,0.0,1.5708,0.32398,-0.0,-0.0,0.0
1736847125.8638377,0.0,1.5708,0.32415,-0.0,-0.0,0.0
1736847125.8650718,0.0,1.5708,0.32434,-0.0,-0.0,0.0
1736847125.8655267,0.0,1.5708,0.32459,-0.0,-0.0,0.0
1736847125.8655267,0.0,1.5708,0.32478,-0.0,-0.0,0.0
1736847125.8685179,0.0,1.5708,0.32493,-0.0,-0.0,0.0
1736847125.8695362,0.0,1.5708,0.32508,-0.0,-0.0,0.0
1736847125.870523,0.0,1.5708,0.32519,-0.0,-0.0,0.0
1736847125.871264,0.0,1.5708,0.32532,-0.0,-0.0,0.0
1736847125.8724105,0.0,1.5708,0.32547,-0.0,-0.0,0.0
1736847125.8734167,0.0,1.5708,0.32566,-0.0,-0.0,0.0
1736847125.8743718,0.0,1.5708,0.3258,-0.0,-0.0,0.0
1736847125.8744614,0.0,1.5708,0.32593,-0.0,-0.0,0.0
1736847125.875462,0.0,1.5708,0.32605,-0.0,-0.0,0.0
1736847125.876471,0.0,1.5708,0.32617,-0.0,-0.0,0.0
1736847125.877462,0.0,1.5708,0.32629,-0.0,-0.0,0.0
1736847125.8781855,0.0,1.5708,0.32641,-0.0,-0.0,0.0
1736847125.8792334,0.0,1.5708,0.32655,-0.0,-0.0,0.0
1736847125.8804264,0.0,1.5708,0.32675,-0.0,-0.0,0.0
1736847125.880733,0.0,1.5708,0.32689,-0.0,-0.0,0.0
1736847125.8817742,0.0,1.5708,0.327,-0.0,-0.0,0.0
1736847125.8827426,0.0,1.5708,0.32712,-0.0,-0.0,0.0
1736847125.8827426,0.0,1.5708,0.32724,-0.0,-0.0,0.0
1736847125.883742,0.0,1.5708,0.32736,-0.0,-0.0,0.0
1736847125.8850734,0.0,1.5708,0.32748,-0.0,-0.0,0.0
1736847125.885885,0.0,1.5708,0.32762,-0.0,-0.0,0.0
1736847125.8869505,0.0,1.5708,0.32786,-0.0,-0.0,0.0
1736847125.8879528,0.0,1.5708,0.328,-0.0,-0.0,0.0
1736847125.8889592,0.0,1.5708,0.32813,-0.0,-0.0,0.0
1736847125.8899508,0.0,1.5708,0.32825,-0.0,-0.0,0.0
1736847125.8903797,0.0,1.5708,0.32837,-0.0,-0.0,0.0
1736847125.8913984,0.0,1.5708,0.3285,-0.0,-0.0,0.0
1736847125.8921535,0.0,1.5708,0.32863,-0.0,-0.0,0.0
1736847125.8927374,0.0,1.5708,0.32878,-0.0,-0.0,0.0
1736847125.8927374,0.0,1.5708,0.32893,-0.0,-0.0,0.0
1736847125.8927374,0.0,1.5708,0.32907,-0.0,-0.0,0.0
1736847125.8927374,0.0,1.5708,0.32919,-0.0,-0.0,0.0
1736847125.8967397,0.0,1.5708,0.32932,-0.0,-0.0,0.0
1736847125.8967397,0.0,1.5708,0.32944,-0.0,-0.0,0.0
1736847125.8977454,0.0,1.5708,0.32956,-0.0,-0.0,0.0
1736847125.8990896,0.0,1.5708,0.32968,-0.0,-0.0,0.0
1736847125.9001327,0.0,1.5708,0.32982,-0.0,-0.0,0.0
1736847125.9011848,0.0,1.5708,0.33,-0.0,-0.0,0.0
1736847125.9011848,0.0,1.5708,0.33014,-0.0,-0.0,0.0
1736847125.9025955,0.0,1.5708,0.33026,-0.0,-0.0,0.0
1736847125.9025955,0.0,1.5708,0.33038,-0.0,-0.0,0.0
1736847125.9035947,0.0,1.5708,0.3305,-0.0,-0.0,0.0
1736847125.9045942,0.0,1.5708,0.33063,-0.0,-0.0,0.0
1736847125.9057078,0.0,1.5708,0.33074,-0.0,-0.0,0.0
1736847125.906471,0.0,1.5708,0.33087,-0.0,-0.0,0.0
1736847125.907186,0.0,1.5708,0.33106,-0.0,-0.0,0.0
1736847125.9086819,0.0,1.5708,0.33119,-0.0,-0.0,0.0
1736847125.9086819,0.0,1.5708,0.33132,-0.0,-0.0,0.0
1736847125.9096837,0.0,1.5708,0.33144,-0.0,-0.0,0.0
1736847125.9106827,0.0,1.5708,0.33156,-0.0,-0.0,0.0
1736847125.911683,0.0,1.5708,0.33168,-0.0,-0.0,0.0
1736847125.911683,0.0,1.5708,0.3318,-0.0,-0.0,0.0
1736847125.9134004,0.0,1.5708,0.33193,-0.0,-0.0,0.0
1736847125.9146302,0.0,1.5708,0.33211,-0.0,-0.0,0.0
1736847125.9155338,0.0,1.5708,0.33226,-0.0,-0.0,0.0
1736847125.9155338,0.0,1.5708,0.33241,-0.0,-0.0,0.0
1736847125.91654,0.0,1.5708,0.33253,-0.0,-0.0,0.0
1736847125.917539,0.0,1.5708,0.33265,-0.0,-0.0,0.0
1736847125.9185495,0.0,1.5708,0.33277,-0.0,-0.0,0.0
1736847125.9195402,0.0,1.5708,0.33289,-0.0,-0.0,0.0
1736847125.9201193,0.0,1.5708,0.33303,-0.0,-0.0,0.0
1736847125.9208252,0.0,1.5708,0.33319,-0.0,-0.0,0.0
1736847125.922011,0.0,1.5708,0.33335,-0.0,-0.0,0.0
1736847125.9230273,0.0,1.5708,0.33349,-0.0,-0.0,0.0
1736847125.9240155,0.0,1.5708,0.33361,-0.0,-0.0,0.0
1736847125.9240155,0.0,1.5708,0.33373,-0.0,-0.0,0.0
1736847125.9252782,0.0,1.5708,0.33385,-0.0,-0.0,0.0
1736847125.926498,0.0,1.5708,0.33398,-0.0,-0.0,0.0
1736847125.9274015,0.0,1.5708,0.33411,-0.0,-0.0,0.0
1736847125.9274015,0.0,1.5708,0.33431,-0.0,-0.0,0.0
1736847125.9274015,0.0,1.5708,0.33445,-0.0,-0.0,0.0
1736847125.9274015,0.0,1.5708,0.33458,-0.0,-0.0,0.0
1736847125.9274015,0.0,1.5708,0.3347,-0.0,-0.0,0.0
1736847125.9317756,0.0,1.5708,0.33482,-0.0,-0.0,0.0
1736847125.9324214,0.0,1.5708,0.33494,-0.0,-0.0,0.0
1736847125.9324214,0.0,1.5708,0.33506,-0.0,-0.0,0.0
1736847125.934184,0.0,1.5708,0.3352,-0.0,-0.0,0.0
1736847125.9349391,0.0,1.5708,0.33538,-0.0,-0.0,0.0
1736847125.935989,0.0,1.5708,0.33553,-0.0,-0.0,0.0
1736847125.9369884,0.0,1.5708,0.33565,-0.0,-0.0,0.0
1736847125.9376187,0.0,1.5708,0.33578,-0.0,-0.0,0.0
1736847125.938624,0.0,1.5708,0.3359,-0.0,-0.0,0.0
1736847125.938624,0.0,1.5708,0.33602,-0.0,-0.0,0.0
1736847125.9396224,0.0,1.5708,0.33615,-0.0,-0.0,0.0
1736847125.9408133,0.0,1.5708,0.33628,-0.0,-0.0,0.0
1736847125.9420462,0.0,1.5708,0.33643,-0.0,-0.0,0.0
1736847125.9430513,0.0,1.5708,0.33659,-0.0,-0.0,0.0
1736847125.9436324,0.0,1.5708,0.33672,-0.0,-0.0,0.0
1736847125.9446385,0.0,1.5708,0.33685,-0.0,-0.0,0.0
1736847125.9446385,0.0,1.5708,0.33697,-0.0,-0.0,0.0
1736847125.9456367,0.0,1.5708,0.33709,-0.0,-0.0,0.0
1736847125.9466364,0.0,1.5708,0.33721,-0.0,-0.0,0.0
1736847125.9476833,0.0,1.5708,0.33733,-0.0,-0.0,0.0
1736847125.9488115,0.0,1.5708,0.33748,-0.0,-0.0,0.0
1736847125.94989,0.0,1.5708,0.33767,-0.0,-0.0,0.0
1736847125.950395,0.0,1.5708,0.3378,-0.0,-0.0,0.0
1736847125.9514215,0.0,1.5708,0.33793,-0.0,-0.0,0.0
1736847125.9514215,0.0,1.5708,0.33805,-0.0,-0.0,0.0
1736847125.9524,0.0,1.5708,0.33817,-0.0,-0.0,0.0
1736847125.953399,0.0,1.5708,0.33828,-0.0,-0.0,0.0
1736847125.9546473,0.0,1.5708,0.33841,-0.0,-0.0,0.0
1736847125.9552453,0.0,1.5708,0.33858,-0.0,-0.0,0.0
1736847125.9552453,0.0,1.5708,0.33876,-0.0,-0.0,0.0
1736847125.9552453,0.0,1.5708,0.33889,-0.0,-0.0,0.0
1736847125.9552453,0.0,1.5708,0.33901,-0.0,-0.0,0.0
1736847125.9552453,0.0,1.5708,0.33913,-0.0,-0.0,0.0
1736847125.9597075,0.0,1.5708,0.33926,-0.0,-0.0,0.0
1736847125.960726,0.0,1.5708,0.33939,-0.0,-0.0,0.0
1736847125.9615538,0.0,1.5708,0.33952,-0.0,-0.0,0.0
1736847125.9626052,0.0,1.5708,0.33967,-0.0,-0.0,0.0
1736847125.9636104,0.0,1.5708,0.33982,-0.0,-0.0,0.0
1736847125.9636104,0.0,1.5708,0.33995,-0.0,-0.0,0.0
1736847125.9646106,0.0,1.5708,0.34007,-0.0,-0.0,0.0
1736847125.9660091,0.0,1.5708,0.34019,-0.0,-0.0,0.0
1736847125.9667804,0.0,1.5708,0.34032,-0.0,-0.0,0.0
1736847125.9667804,0.0,1.5708,0.34045,-0.0,-0.0,0.0
1736847125.9683523,0.0,1.5708,0.34057,-0.0,-0.0,0.0
1736847125.9691074,0.0,1.5708,0.34071,-0.0,-0.0,0.0
1736847125.9698548,0.0,1.5708,0.34091,-0.0,-0.0,0.0
1736847125.971446,0.0,1.5708,0.34105,-0.0,-0.0,0.0
1736847125.971446,0.0,1.5708,0.34118,-0.0,-0.0,0.0
1736847125.972452,0.0,1.5708,0.34131,-0.0,-0.0,0.0
1736847125.9734502,0.0,1.5708,0.34143,-0.0,-0.0,0.0
1736847125.97446,0.0,1.5708,0.34155,-0.0,-0.0,0.0
1736847125.9752817,0.0,1.5708,0.34167,-0.0,-0.0,0.0
1736847125.9758494,0.0,1.5708,0.3418,-0.0,-0.0,0.0
1736847125.9770517,0.0,1.5708,0.34199,-0.0,-0.0,0.0
1736847125.9780576,0.0,1.5708,0.34213,-0.0,-0.0,0.0
1736847125.9790723,0.0,1.5708,0.34226,-0.0,-0.0,0.0
1736847125.9790723,0.0,1.5708,0.34238,-0.0,-0.0,0.0
1736847125.9800563,0.0,1.5708,0.3425,-0.0,-0.0,0.0
1736847125.9810557,0.0,1.5708,0.34261,-0.0,-0.0,0.0
1736847125.9821663,0.0,1.5708,0.34273,-0.0,-0.0,0.0
1736847125.9828863,0.0,1.5708,0.34286,-0.0,-0.0,0.0
1736847125.984092,0.0,1.5708,0.34312,-0.0,-0.0,0.0
1736847125.985138,0.0,1.5708,0.3433,-0.0,-0.0,0.0
1736847125.9861376,0.0,1.5708,0.34346,-0.0,-0.0,0.0
1736847125.9871373,0.0,1.5708,0.3436,-0.0,-0.0,0.0
1736847125.9881094,0.0,1.5708,0.34372,-0.0,-0.0,0.0
1736847125.9891822,0.0,1.5708,0.34384,-0.0,-0.0,0.0
1736847125.989991,0.0,1.5708,0.34398,-0.0,-0.0,0.0
1736847125.989991,0.0,1.5708,0.3442,-0.0,-0.0,0.0
1736847125.989991,0.0,1.5708,0.34434,-0.0,-0.0,0.0
1736847125.989991,0.0,1.5708,0.34447,-0.0,-0.0,0.0
1736847125.9938097,0.0,1.5708,0.34458,-0.0,-0.0,0.0
1736847125.994563,0.0,1.5708,0.3447,-0.0,-0.0,0.0
1736847125.9953246,0.0,1.5708,0.34482,-0.0,-0.0,0.0
1736847125.9961314,0.0,1.5708,0.34494,-0.0,-0.0,0.0
1736847125.9966629,0.0,1.5708,0.34507,-0.0,-0.0,0.0
1736847125.9973881,0.0,1.5708,0.34526,-0.0,-0.0,0.0
1736847125.998393,0.0,1.5708,0.34538,-0.0,-0.0,0.0
1736847125.9997845,0.0,1.5708,0.34551,-0.0,-0.0,0.0
1736847125.9998708,0.0,1.5708,0.34564,-0.0,-0.0,0.0
1736847126.0008721,0.0,1.5708,0.34577,-0.0,-0.0,0.0
1736847126.0018713,0.0,1.5708,0.34589,-0.0,-0.0,0.0
1736847126.002989,0.0,1.5708,0.346,-0.0,-0.0,0.0
1736847126.0039117,0.0,1.5708,0.34614,-0.0,-0.0,0.0
1736847126.0046375,0.0,1.5708,0.34631,-0.0,-0.0,0.0
1736847126.0056522,0.0,1.5708,0.3465,-0.0,-0.0,0.0
1736847126.0066571,0.0,1.5708,0.34663,-0.0,-0.0,0.0
1736847126.007656,0.0,1.5708,0.34675,-0.0,-0.0,0.0
1736847126.007656,0.0,1.5708,0.34687,-0.0,-0.0,0.0
1736847126.008657,0.0,1.5708,0.34699,-0.0,-0.0,0.0
1736847126.0099258,0.0,1.5708,0.34711,-0.0,-0.0,0.0
1736847126.0108218,0.0,1.5708,0.34724,-0.0,-0.0,0.0
1736847126.0114794,0.0,1.5708,0.34742,-0.0,-0.0,0.0
1736847126.01299,0.0,1.5708,0.34757,-0.0,-0.0,0.0
1736847126.01299,0.0,1.5708,0.3477,-0.0,-0.0,0.0
1736847126.0139973,0.0,1.5708,0.34782,-0.0,-0.0,0.0
1736847126.0150216,0.0,1.5708,0.34794,-0.0,-0.0,0.0
1736847126.0160267,0.0,1.5708,0.34806,-0.0,-0.0,0.0
1736847126.0168648,0.0,1.5708,0.34818,-0.0,-0.0,0.0
1736847126.0176985,0.0,1.5708,0.34831,-0.0,-0.0,0.0
1736847126.0176985,0.0,1.5708,0.34848,-0.0,-0.0,0.0
1736847126.0176985,0.0,1.5708,0.34862,-0.0,-0.0,0.0
1736847126.0201843,0.0,1.5708,0.34874,-0.0,-0.0,0.0
1736847126.0211961,0.0,1.5708,0.34886,-0.0,-0.0,0.0
1736847126.0211961,0.0,1.5708,0.34898,-0.0,-0.0,0.0
1736847126.0221958,0.0,1.5708,0.34911,-0.0,-0.0,0.0
1736847126.023195,0.0,1.5708,0.34923,-0.0,-0.0,0.0
1736847126.0240624,0.0,1.5708,0.34934,-0.0,-0.0,0.0
1736847126.025167,0.0,1.5708,0.3495,-0.0,-0.0,0.0
1736847126.0258098,0.0,1.5708,0.34966,-0.0,-0.0,0.0
1736847126.0268154,0.0,1.5708,0.34979,-0.0,-0.0,0.0
1736847126.0278144,0.0,1.5708,0.34991,-0.0,-0.0,0.0
1736847126.0278144,0.0,1.5708,0.35003,-0.0,-0.0,0.0
1736847126.029249,0.0,1.5708,0.35015,-0.0,-0.0,0.0
1736847126.030001,0.0,1.5708,0.35027,-0.0,-0.0,0.0
1736847126.0308425,0.0,1.5708,0.35039,-0.0,-0.0,0.0
1736847126.031635,0.0,1.5708,0.35053,-0.0,-0.0,0.0
1736847126.031635,0.0,1.5708,0.35074,-0.0,-0.0,0.0
1736847126.031635,0.0,1.5708,0.35087,-0.0,-0.0,0.0
1736847126.031635,0.0,1.5708,0.351,-0.0,-0.0,0.0
1736847126.031635,0.0,1.5708,0.35113,-0.0,-0.0,0.0
1736847126.03618,0.0,1.5708,0.35124,-0.0,-0.0,0.0
1736847126.03618,0.0,1.5708,0.35136,-0.0,-0.0,0.0
1736847126.0378206,0.0,1.5708,0.35148,-0.0,-0.0,0.0
1736847126.0384629,0.0,1.5708,0.35162,-0.0,-0.0,0.0
1736847126.0392036,0.0,1.5708,0.35181,-0.0,-0.0,0.0
1736847126.0402098,0.0,1.5708,0.35194,-0.0,-0.0,0.0
1736847126.041537,0.0,1.5708,0.35206,-0.0,-0.0,0.0
1736847126.041537,0.0,1.5708,0.35218,-0.0,-0.0,0.0
1736847126.0425384,0.0,1.5708,0.35231,-0.0,-0.0,0.0
1736847126.0435374,0.0,1.5708,0.35243,-0.0,-0.0,0.0
1736847126.0446062,0.0,1.5708,0.35254,-0.0,-0.0,0.0
1736847126.045377,0.0,1.5708,0.35267,-0.0,-0.0,0.0
1736847126.0459864,0.0,1.5708,0.35287,-0.0,-0.0,0.0
1736847126.0459864,0.0,1.5708,0.35303,-0.0,-0.0,0.0
1736847126.0459864,0.0,1.5708,0.35315,-0.0,-0.0,0.0
1736847126.0459864,0.0,1.5708,0.35327,-0.0,-0.0,0.0
1736847126.0459864,0.0,1.5708,0.35339,-0.0,-0.0,0.0
1736847126.0459864,0.0,1.5708,0.35351,-0.0,-0.0,0.0
1736847126.0515938,0.0,1.5708,0.35363,-0.0,-0.0,0.0
1736847126.0525124,0.0,1.5708,0.35377,-0.0,-0.0,0.0
1736847126.0536518,0.0,1.5708,0.35399,-0.0,-0.0,0.0
1736847126.0544994,0.0,1.5708,0.35412,-0.0,-0.0,0.0
1736847126.0544994,0.0,1.5708,0.35424,-0.0,-0.0,0.0
1736847126.0555127,0.0,1.5708,0.35437,-0.0,-0.0,0.0
1736847126.0565107,0.0,1.5708,0.35448,-0.0,-0.0,0.0
1736847126.057357,0.0,1.5708,0.35461,-0.0,-0.0,0.0
1736847126.0584772,0.0,1.5708,0.35473,-0.0,-0.0,0.0
1736847126.0592127,0.0,1.5708,0.35485,-0.0,-0.0,0.0
1736847126.0594797,0.0,1.5708,0.35503,-0.0,-0.0,0.0
1736847126.0606663,0.0,1.5708,0.35519,-0.0,-0.0,0.0
1736847126.0616724,0.0,1.5708,0.35532,-0.0,-0.0,0.0
1736847126.0626714,0.0,1.5708,0.35544,-0.0,-0.0,0.0
1736847126.0634537,0.0,1.5708,0.35556,-0.0,-0.0,0.0
1736847126.06447,0.0,1.5708,0.35569,-0.0,-0.0,0.0
1736847126.0654778,0.0,1.5708,0.3558,-0.0,-0.0,0.0
1736847126.0663006,0.0,1.5708,0.35595,-0.0,-0.0,0.0
1736847126.0670073,0.0,1.5708,0.35615,-0.0,-0.0,0.0
1736847126.0680137,0.0,1.5708,0.35629,-0.0,-0.0,0.0
1736847126.0692213,0.0,1.5708,0.35642,-0.0,-0.0,0.0
1736847126.069311,0.0,1.5708,0.35655,-0.0,-0.0,0.0
1736847126.070758,0.0,1.5708,0.35667,-0.0,-0.0,0.0
1736847126.0716605,0.0,1.5708,0.35679,-0.0,-0.0,0.0
1736847126.0723884,0.0,1.5708,0.35691,-0.0,-0.0,0.0
1736847126.0730994,0.0,1.5708,0.35704,-0.0,-0.0,0.0
1736847126.0737915,0.0,1.5708,0.35719,-0.0,-0.0,0.0
1736847126.0750518,0.0,1.5708,0.35733,-0.0,-0.0,0.0
1736847126.0750518,0.0,1.5708,0.35746,-0.0,-0.0,0.0
1736847126.076054,0.0,1.5708,0.35758,-0.0,-0.0,0.0
1736847126.0770524,0.0,1.5708,0.3577,-0.0,-0.0,0.0
1736847126.078063,0.0,1.5708,0.35782,-0.0,-0.0,0.0
1736847126.078063,0.0,1.5708,0.35794,-0.0,-0.0,0.0
1736847126.0796285,0.0,1.5708,0.35805,-0.0,-0.0,0.0
1736847126.0807488,0.0,1.5708,0.3582,-0.0,-0.0,0.0
1736847126.080973,0.0,1.5708,0.35839,-0.0,-0.0,0.0
1736847126.0819788,0.0,1.5708,0.35851,-0.0,-0.0,0.0
1736847126.082977,0.0,1.5708,0.35864,-0.0,-0.0,0.0
1736847126.0839877,0.0,1.5708,0.35875,-0.0,-0.0,0.0
1736847126.0839877,0.0,1.5708,0.35887,-0.0,-0.0,0.0
1736847126.0849774,0.0,1.5708,0.35898,-0.0,-0.0,0.0
1736847126.0862768,0.0,1.5708,0.3591,-0.0,-0.0,0.0
1736847126.0872343,0.0,1.5708,0.35926,-0.0,-0.0,0.0
1736847126.0885139,0.0,1.5708,0.35946,-0.0,-0.0,0.0
1736847126.0893087,0.0,1.5708,0.35959,-0.0,-0.0,0.0
1736847126.0893087,0.0,1.5708,0.35971,-0.0,-0.0,0.0
1736847126.0903213,0.0,1.5708,0.35983,-0.0,-0.0,0.0
1736847126.0918202,0.0,1.5708,0.35995,-0.0,-0.0,0.0
1736847126.0918202,0.0,1.5708,0.36008,-0.0,-0.0,0.0
1736847126.0933368,0.0,1.5708,0.36021,-0.0,-0.0,0.0
1736847126.0939252,0.0,1.5708,0.36035,-0.0,-0.0,0.0
1736847126.0945423,0.0,1.5708,0.36053,-0.0,-0.0,0.0
1736847126.0955935,0.0,1.5708,0.36065,-0.0,-0.0,0.0
1736847126.0965915,0.0,1.5708,0.36077,-0.0,-0.0,0.0
1736847126.097447,0.0,1.5708,0.3609,-0.0,-0.0,0.0
1736847126.098465,0.0,1.5708,0.36102,-0.0,-0.0,0.0
1736847126.098465,0.0,1.5708,0.36114,-0.0,-0.0,0.0
1736847126.1001546,0.0,1.5708,0.36126,-0.0,-0.0,0.0
1736847126.100986,0.0,1.5708,0.36139,-0.0,-0.0,0.0
1736847126.1017685,0.0,1.5708,0.36155,-0.0,-0.0,0.0
1736847126.1027732,0.0,1.5708,0.36169,-0.0,-0.0,0.0
1736847126.1033514,0.0,1.5708,0.3618,-0.0,-0.0,0.0
1736847126.104357,0.0,1.5708,0.36193,-0.0,-0.0,0.0
1736847126.104357,0.0,1.5708,0.36205,-0.0,-0.0,0.0
1736847126.1057193,0.0,1.5708,0.36217,-0.0,-0.0,0.0
1736847126.1065578,0.0,1.5708,0.36228,-0.0,-0.0,0.0
1736847126.107275,0.0,1.5708,0.3624,-0.0,-0.0,0.0
1736847126.1079638,0.0,1.5708,0.36255,-0.0,-0.0,0.0
1736847126.1093633,0.0,1.5708,0.36276,-0.0,-0.0,0.0
1736847126.110391,0.0,1.5708,0.36289,-0.0,-0.0,0.0
1736847126.110391,0.0,1.5708,0.36301,-0.0,-0.0,0.0
1736847126.1113677,0.0,1.5708,0.36313,-0.0,-0.0,0.0
1736847126.1123679,0.0,1.5708,0.36325,-0.0,-0.0,0.0
1736847126.1133823,0.0,1.5708,0.36336,-0.0,-0.0,0.0
1736847126.1142488,0.0,1.5708,0.36348,-0.0,-0.0,0.0
1736847126.1151302,0.0,1.5708,0.36362,-0.0,-0.0,0.0
1736847126.1159356,0.0,1.5708,0.36383,-0.0,-0.0,0.0
1736847126.1169384,0.0,1.5708,0.36397,-0.0,-0.0,0.0
1736847126.1179488,0.0,1.5708,0.36409,-0.0,-0.0,0.0
1736847126.1179488,0.0,1.5708,0.3642,-0.0,-0.0,0.0
1736847126.1189368,0.0,1.5708,0.36432,-0.0,-0.0,0.0
1736847126.1200502,0.0,1.5708,0.36444,-0.0,-0.0,0.0
1736847126.1210196,0.0,1.5708,0.36455,-0.0,-0.0,0.0
1736847126.1218076,0.0,1.5708,0.36468,-0.0,-0.0,0.0
1736847126.1221986,0.0,1.5708,0.36486,-0.0,-0.0,0.0
1736847126.1221986,0.0,1.5708,0.36501,-0.0,-0.0,0.0
1736847126.1221986,0.0,1.5708,0.36514,-0.0,-0.0,0.0
1736847126.1253421,0.0,1.5708,0.36525,-0.0,-0.0,0.0
1736847126.12635,0.0,1.5708,0.36538,-0.0,-0.0,0.0
1736847126.12635,0.0,1.5708,0.3655,-0.0,-0.0,0.0
1736847126.1273482,0.0,1.5708,0.36562,-0.0,-0.0,0.0
1736847126.1285484,0.0,1.5708,0.36576,-0.0,-0.0,0.0
1736847126.1302006,0.0,1.5708,0.36597,-0.0,-0.0,0.0
1736847126.1311135,0.0,1.5708,0.36617,-0.0,-0.0,0.0
1736847126.132133,0.0,1.5708,0.3663,-0.0,-0.0,0.0
1736847126.1331298,0.0,1.5708,0.36645,-0.0,-0.0,0.0
1736847126.1338367,0.0,1.5708,0.36658,-0.0,-0.0,0.0
1736847126.1345828,0.0,1.5708,0.3667,-0.0,-0.0,0.0
1736847126.135307,0.0,1.5708,0.36682,-0.0,-0.0,0.0
1736847126.1361713,0.0,1.5708,0.36699,-0.0,-0.0,0.0
1736847126.1361713,0.0,1.5708,0.36717,-0.0,-0.0,0.0
1736847126.1361713,0.0,1.5708,0.3673,-0.0,-0.0,0.0
1736847126.1361713,0.0,1.5708,0.36742,-0.0,-0.0,0.0
1736847126.1361713,0.0,1.5708,0.36754,-0.0,-0.0,0.0
1736847126.1361713,0.0,1.5708,0.36765,-0.0,-0.0,0.0
1736847126.1413918,0.0,1.5708,0.36777,-0.0,-0.0,0.0
1736847126.142137,0.0,1.5708,0.36789,-0.0,-0.0,0.0
1736847126.143319,0.0,1.5708,0.36804,-0.0,-0.0,0.0
1736847126.143319,0.0,1.5708,0.36818,-0.0,-0.0,0.0
1736847126.1443238,0.0,1.5708,0.3683,-0.0,-0.0,0.0
1736847126.145323,0.0,1.5708,0.36842,-0.0,-0.0,0.0
1736847126.1463227,0.0,1.5708,0.36853,-0.0,-0.0,0.0
1736847126.1463227,0.0,1.5708,0.36866,-0.0,-0.0,0.0
1736847126.1476882,0.0,1.5708,0.36879,-0.0,-0.0,0.0
1736847126.1488197,0.0,1.5708,0.36891,-0.0,-0.0,0.0
1736847126.1496155,0.0,1.5708,0.36904,-0.0,-0.0,0.0
1736847126.1503053,0.0,1.5708,0.36921,-0.0,-0.0,0.0
1736847126.1513493,0.0,1.5708,0.36935,-0.0,-0.0,0.0
1736847126.152348,0.0,1.5708,0.36948,-0.0,-0.0,0.0
1736847126.152348,0.0,1.5708,0.3696,-0.0,-0.0,0.0
1736847126.15379,0.0,1.5708,0.36972,-0.0,-0.0,0.0
1736847126.1547909,0.0,1.5708,0.36985,-0.0,-0.0,0.0
1736847126.1547909,0.0,1.5708,0.36996,-0.0,-0.0,0.0
1736847126.1564584,0.0,1.5708,0.3701,-0.0,-0.0,0.0
1736847126.1573806,0.0,1.5708,0.37028,-0.0,-0.0,0.0
1736847126.1582608,0.0,1.5708,0.37042,-0.0,-0.0,0.0
1736847126.1591735,0.0,1.5708,0.37053,-0.0,-0.0,0.0
1736847126.1597085,0.0,1.5708,0.37067,-0.0,-0.0,0.0
1736847126.1607132,0.0,1.5708,0.37079,-0.0,-0.0,0.0
1736847126.1607132,0.0,1.5708,0.37091,-0.0,-0.0,0.0
1736847126.1617136,0.0,1.5708,0.37103,-0.0,-0.0,0.0
1736847126.1630297,0.0,1.5708,0.37115,-0.0,-0.0,0.0
1736847126.164156,0.0,1.5708,0.37131,-0.0,-0.0,0.0
1736847126.164156,0.0,1.5708,0.37147,-0.0,-0.0,0.0
1736847126.165707,0.0,1.5708,0.3716,-0.0,-0.0,0.0
1736847126.1667116,0.0,1.5708,0.37172,-0.0,-0.0,0.0
1736847126.1667116,0.0,1.5708,0.37184,-0.0,-0.0,0.0
1736847126.1677113,0.0,1.5708,0.37196,-0.0,-0.0,0.0
1736847126.1687112,0.0,1.5708,0.37208,-0.0,-0.0,0.0
1736847126.1696413,0.0,1.5708,0.37219,-0.0,-0.0,0.0
1736847126.1704092,0.0,1.5708,0.37233,-0.0,-0.0,0.0
1736847126.171908,0.0,1.5708,0.37253,-0.0,-0.0,0.0
1736847126.172072,0.0,1.5708,0.37268,-0.0,-0.0,0.0
1736847126.173074,0.0,1.5708,0.37282,-0.0,-0.0,0.0
1736847126.1744719,0.0,1.5708,0.37294,-0.0,-0.0,0.0
1736847126.1744719,0.0,1.5708,0.37306,-0.0,-0.0,0.0
1736847126.175477,0.0,1.5708,0.37319,-0.0,-0.0,0.0
1736847126.17666,0.0,1.5708,0.37331,-0.0,-0.0,0.0
1736847126.1778016,0.0,1.5708,0.37345,-0.0,-0.0,0.0
1736847126.1788032,0.0,1.5708,0.37369,-0.0,-0.0,0.0
1736847126.1798022,0.0,1.5708,0.37383,-0.0,-0.0,0.0
1736847126.180814,0.0,1.5708,0.37396,-0.0,-0.0,0.0
1736847126.180814,0.0,1.5708,0.37408,-0.0,-0.0,0.0
1736847126.1818004,0.0,1.5708,0.3742,-0.0,-0.0,0.0
1736847126.1828015,0.0,1.5708,0.37433,-0.0,-0.0,0.0
1736847126.1838026,0.0,1.5708,0.37447,-0.0,-0.0,0.0
1736847126.1848147,0.0,1.5708,0.37464,-0.0,-0.0,0.0
1736847126.1858032,0.0,1.5708,0.37481,-0.0,-0.0,0.0
1736847126.186803,0.0,1.5708,0.37495,-0.0,-0.0,0.0
1736847126.1878116,0.0,1.5708,0.37507,-0.0,-0.0,0.0
1736847126.1888008,0.0,1.5708,0.37519,-0.0,-0.0,0.0
1736847126.1888008,0.0,1.5708,0.37531,-0.0,-0.0,0.0
1736847126.1898005,0.0,1.5708,0.37543,-0.0,-0.0,0.0
1736847126.190803,0.0,1.5708,0.37557,-0.0,-0.0,0.0
1736847126.1920524,0.0,1.5708,0.37576,-0.0,-0.0,0.0
1736847126.1920524,0.0,1.5708,0.37593,-0.0,-0.0,0.0
1736847126.1920524,0.0,1.5708,0.37605,-0.0,-0.0,0.0
1736847126.1920524,0.0,1.5708,0.37618,-0.0,-0.0,0.0
1736847126.1956055,0.0,1.5708,0.3763,-0.0,-0.0,0.0
1736847126.19667,0.0,1.5708,0.37643,-0.0,-0.0,0.0
1736847126.1975448,0.0,1.5708,0.37657,-0.0,-0.0,0.0
1736847126.1985457,0.0,1.5708,0.3767,-0.0,-0.0,0.0
1736847126.199868,0.0,1.5708,0.37692,-0.0,-0.0,0.0
1736847126.199868,0.0,1.5708,0.37707,-0.0,-0.0,0.0
1736847126.2013133,0.0,1.5708,0.37721,-0.0,-0.0,0.0
1736847126.202329,0.0,1.5708,0.37734,-0.0,-0.0,0.0
1736847126.202329,0.0,1.5708,0.37745,-0.0,-0.0,0.0
1736847126.203313,0.0,1.5708,0.37756,-0.0,-0.0,0.0
1736847126.2046702,0.0,1.5708,0.37768,-0.0,-0.0,0.0
1736847126.205934,0.0,1.5708,0.37785,-0.0,-0.0,0.0
1736847126.2060015,0.0,1.5708,0.37802,-0.0,-0.0,0.0
1736847126.207452,0.0,1.5708,0.37815,-0.0,-0.0,0.0
1736847126.207452,0.0,1.5708,0.37827,-0.0,-0.0,0.0
1736847126.2084525,0.0,1.5708,0.3784,-0.0,-0.0,0.0
1736847126.2094512,0.0,1.5708,0.37852,-0.0,-0.0,0.0
1736847126.2104607,0.0,1.5708,0.37864,-0.0,-0.0,0.0
1736847126.2113984,0.0,1.5708,0.37875,-0.0,-0.0,0.0
1736847126.211995,0.0,1.5708,0.37889,-0.0,-0.0,0.0
1736847126.2133775,0.0,1.5708,0.37908,-0.0,-0.0,0.0
1736847126.2143729,0.0,1.5708,0.37922,-0.0,-0.0,0.0
1736847126.2143729,0.0,1.5708,0.37934,-0.0,-0.0,0.0
1736847126.2153847,0.0,1.5708,0.37946,-0.0,-0.0,0.0
1736847126.216383,0.0,1.5708,0.37958,-0.0,-0.0,0.0
1736847126.2173939,0.0,1.5708,0.37969,-0.0,-0.0,0.0
1736847126.218224,0.0,1.5708,0.37981,-0.0,-0.0,0.0
1736847126.2190208,0.0,1.5708,0.37995,-0.0,-0.0,0.0
1736847126.2202039,0.0,1.5708,0.38017,-0.0,-0.0,0.0
1736847126.2212186,0.0,1.5708,0.38031,-0.0,-0.0,0.0
1736847126.2212186,0.0,1.5708,0.38043,-0.0,-0.0,0.0
1736847126.222204,0.0,1.5708,0.38055,-0.0,-0.0,0.0
1736847126.2232044,0.0,1.5708,0.38067,-0.0,-0.0,0.0
1736847126.2240968,0.0,1.5708,0.38079,-0.0,-0.0,0.0
1736847126.2251832,0.0,1.5708,0.38092,-0.0,-0.0,0.0
1736847126.2261093,0.0,1.5708,0.38109,-0.0,-0.0,0.0
1736847126.2261093,0.0,1.5708,0.3813,-0.0,-0.0,0.0
1736847126.2261093,0.0,1.5708,0.38143,-0.0,-0.0,0.0
1736847126.2290037,0.0,1.5708,0.38155,-0.0,-0.0,0.0
1736847126.2300649,0.0,1.5708,0.38167,-0.0,-0.0,0.0
1736847126.2307856,0.0,1.5708,0.38179,-0.0,-0.0,0.0
1736847126.2307856,0.0,1.5708,0.38191,-0.0,-0.0,0.0
1736847126.2322333,0.0,1.5708,0.38203,-0.0,-0.0,0.0
1736847126.232809,0.0,1.5708,0.38217,-0.0,-0.0,0.0
1736847126.2337906,0.0,1.5708,0.38235,-0.0,-0.0,0.0
1736847126.2879467,0.0,1.5708,0.3927,-0.0,-0.0,0.0
1736847126.2879467,0.0,1.5708,0.39293,-0.0,-0.0,0.0
1736847126.2879467,0.0,1.5708,0.3931,-0.0,-0.0,0.0
1736847126.3035736,0.0,1.5708,0.39326,-0.0,-0.0,0.0
1736847126.3035736,0.0,1.5708,0.39348,-0.0,-0.0,0.0
1736847126.3035736,0.0,1.5708,0.39362,-0.0,-0.0,0.0
1736847126.3066502,0.0,1.5708,0.39375,-0.0,-0.0,0.0
1736847126.307435,0.0,1.5708,0.39388,-0.0,-0.0,0.0
1736847126.3087907,0.0,1.5708,0.39404,-0.0,-0.0,0.0
1736847126.3096735,0.0,1.5708,0.39422,-0.0,-0.0,0.0
1736847126.3106666,0.0,1.5708,0.39435,-0.0,-0.0,0.0
1736847126.3106666,0.0,1.5708,0.39448,-0.0,-0.0,0.0
1736847126.3122256,0.0,1.5708,0.3946,-0.0,-0.0,0.0
1736847126.3122256,0.0,1.5708,0.39472,-0.0,-0.0,0.0
1736847126.313231,0.0,1.5708,0.39484,-0.0,-0.0,0.0
1736847126.31423,0.0,1.5708,0.39496,-0.0,-0.0,0.0
1736847126.3152394,0.0,1.5708,0.39508,-0.0,-0.0,0.0
1736847126.3162322,0.0,1.5708,0.39521,-0.0,-0.0,0.0
1736847126.316908,0.0,1.5708,0.39536,-0.0,-0.0,0.0
1736847126.3181973,0.0,1.5708,0.3955,-0.0,-0.0,0.0
1736847126.3181973,0.0,1.5708,0.39565,-0.0,-0.0,0.0
1736847126.3191998,0.0,1.5708,0.39578,-0.0,-0.0,0.0
1736847126.3201973,0.0,1.5708,0.3959,-0.0,-0.0,0.0
1736847126.321207,0.0,1.5708,0.39602,-0.0,-0.0,0.0
1736847126.321207,0.0,1.5708,0.39613,-0.0,-0.0,0.0
1736847126.3221977,0.0,1.5708,0.39625,-0.0,-0.0,0.0
1736847126.3236666,0.0,1.5708,0.39639,-0.0,-0.0,0.0
1736847126.3239932,0.0,1.5708,0.39654,-0.0,-0.0,0.0
1736847126.3250344,0.0,1.5708,0.39667,-0.0,-0.0,0.0
1736847126.3260505,0.0,1.5708,0.39679,-0.0,-0.0,0.0
1736847126.3270345,0.0,1.5708,0.3969,-0.0,-0.0,0.0
1736847126.3270345,0.0,1.5708,0.39702,-0.0,-0.0,0.0
1736847126.3280332,0.0,1.5708,0.39714,-0.0,-0.0,0.0
1736847126.3292315,0.0,1.5708,0.39725,-0.0,-0.0,0.0
1736847126.3292315,0.0,1.5708,0.39739,-0.0,-0.0,0.0
1736847126.3307927,0.0,1.5708,0.39754,-0.0,-0.0,0.0
1736847126.3317647,0.0,1.5708,0.39767,-0.0,-0.0,0.0
1736847126.332616,0.0,1.5708,0.39781,-0.0,-0.0,0.0
1736847126.332616,0.0,1.5708,0.39793,-0.0,-0.0,0.0
1736847126.333846,0.0,1.5708,0.39805,-0.0,-0.0,0.0
1736847126.333846,0.0,1.5708,0.39817,-0.0,-0.0,0.0
1736847126.333846,0.0,1.5708,0.3983,-0.0,-0.0,0.0
1736847126.336168,0.0,1.5708,0.39842,-0.0,-0.0,0.0
1736847126.3374088,0.0,1.5708,0.39855,-0.0,-0.0,0.0
1736847126.3374088,0.0,1.5708,0.39869,-0.0,-0.0,0.0
1736847126.3374088,0.0,1.5708,0.39882,-0.0,-0.0,0.0
1736847126.3397691,0.0,1.5708,0.39894,-0.0,-0.0,0.0
1736847126.3407757,0.0,1.5708,0.39906,-0.0,-0.0,0.0
1736847126.3407757,0.0,1.5708,0.39918,-0.0,-0.0,0.0
1736847126.3417733,0.0,1.5708,0.3993,-0.0,-0.0,0.0
1736847126.3427896,0.0,1.5708,0.39942,-0.0,-0.0,0.0
1736847126.3437757,0.0,1.5708,0.39953,-0.0,-0.0,0.0
1736847126.3446248,0.0,1.5708,0.39967,-0.0,-0.0,0.0
1736847126.345479,0.0,1.5708,0.39982,-0.0,-0.0,0.0
1736847126.3464804,0.0,1.5708,0.39996,-0.0,-0.0,0.0
1736847126.3464804,0.0,1.5708,0.40009,-0.0,-0.0,0.0
1736847126.3474803,0.0,1.5708,0.40021,-0.0,-0.0,0.0
1736847126.348792,0.0,1.5708,0.40033,-0.0,-0.0,0.0
1736847126.348792,0.0,1.5708,0.40044,-0.0,-0.0,0.0
1736847126.3500302,0.0,1.5708,0.40056,-0.0,-0.0,0.0
1736847126.3510377,0.0,1.5708,0.40068,-0.0,-0.0,0.0
1736847126.3512688,0.0,1.5708,0.40084,-0.0,-0.0,0.0
1736847126.3512688,0.0,1.5708,0.40097,-0.0,-0.0,0.0
1736847126.3512688,0.0,1.5708,0.40109,-0.0,-0.0,0.0
1736847126.3512688,0.0,1.5708,0.40121,-0.0,-0.0,0.0
1736847126.3512688,0.0,1.5708,0.40133,-0.0,-0.0,0.0
1736847126.3556848,0.0,1.5708,0.40145,-0.0,-0.0,0.0
1736847126.3566911,0.0,1.5708,0.40157,-0.0,-0.0,0.0
1736847126.3566911,0.0,1.5708,0.40169,-0.0,-0.0,0.0
1736847126.3576925,0.0,1.5708,0.40181,-0.0,-0.0,0.0
1736847126.358584,0.0,1.5708,0.40195,-0.0,-0.0,0.0
1736847126.3595898,0.0,1.5708,0.40208,-0.0,-0.0,0.0
1736847126.3605988,0.0,1.5708,0.40219,-0.0,-0.0,0.0
1736847126.3614342,0.0,1.5708,0.40231,-0.0,-0.0,0.0
1736847126.3615215,0.0,1.5708,0.40243,-0.0,-0.0,0.0
1736847126.3625221,0.0,1.5708,0.40255,-0.0,-0.0,0.0
1736847126.3635318,0.0,1.5708,0.40267,-0.0,-0.0,0.0
1736847126.3635318,0.0,1.5708,0.40279,-0.0,-0.0,0.0
1736847126.3651125,0.0,1.5708,0.40292,-0.0,-0.0,0.0
1736847126.3654761,0.0,1.5708,0.40307,-0.0,-0.0,0.0
1736847126.3672795,0.0,1.5708,0.40322,-0.0,-0.0,0.0
1736847126.3679428,0.0,1.5708,0.40336,-0.0,-0.0,0.0
1736847126.3688953,0.0,1.5708,0.40348,-0.0,-0.0,0.0
1736847126.3688953,0.0,1.5708,0.4036,-0.0,-0.0,0.0
1736847126.3699007,0.0,1.5708,0.40372,-0.0,-0.0,0.0
1736847126.3709,0.0,1.5708,0.40384,-0.0,-0.0,0.0
1736847126.3719006,0.0,1.5708,0.40395,-0.0,-0.0,0.0
1736847126.3726757,0.0,1.5708,0.4041,-0.0,-0.0,0.0
1736847126.3736784,0.0,1.5708,0.40424,-0.0,-0.0,0.0
1736847126.3736784,0.0,1.5708,0.40437,-0.0,-0.0,0.0
1736847126.3746765,0.0,1.5708,0.40449,-0.0,-0.0,0.0
1736847126.375676,0.0,1.5708,0.40461,-0.0,-0.0,0.0
1736847126.3766866,0.0,1.5708,0.40473,-0.0,-0.0,0.0
1736847126.3766866,0.0,1.5708,0.40484,-0.0,-0.0,0.0
1736847126.3778417,0.0,1.5708,0.40496,-0.0,-0.0,0.0
1736847126.379261,0.0,1.5708,0.40509,-0.0,-0.0,0.0
1736847126.3798769,0.0,1.5708,0.40525,-0.0,-0.0,0.0
1736847126.3807857,0.0,1.5708,0.40539,-0.0,-0.0,0.0
1736847126.3817918,0.0,1.5708,0.40552,-0.0,-0.0,0.0
1736847126.3817918,0.0,1.5708,0.40563,-0.0,-0.0,0.0
1736847126.383063,0.0,1.5708,0.40575,-0.0,-0.0,0.0
1736847126.384064,0.0,1.5708,0.40587,-0.0,-0.0,0.0
1736847126.384836,0.0,1.5708,0.406,-0.0,-0.0,0.0
1736847126.384836,0.0,1.5708,0.40613,-0.0,-0.0,0.0
1736847126.3860636,0.0,1.5708,0.40626,-0.0,-0.0,0.0
1736847126.3860636,0.0,1.5708,0.4064,-0.0,-0.0,0.0
1736847126.3884125,0.0,1.5708,0.40654,-0.0,-0.0,0.0
1736847126.3891356,0.0,1.5708,0.40668,-0.0,-0.0,0.0
1736847126.3899758,0.0,1.5708,0.40682,-0.0,-0.0,0.0
1736847126.3907661,0.0,1.5708,0.40694,-0.0,-0.0,0.0
1736847126.3907661,0.0,1.5708,0.40706,-0.0,-0.0,0.0
1736847126.3917782,0.0,1.5708,0.40718,-0.0,-0.0,0.0
1736847126.3932457,0.0,1.5708,0.40732,-0.0,-0.0,0.0
1736847126.394009,0.0,1.5708,0.40747,-0.0,-0.0,0.0
1736847126.3950243,0.0,1.5708,0.4076,-0.0,-0.0,0.0
1736847126.3950243,0.0,1.5708,0.40773,-0.0,-0.0,0.0
1736847126.3960104,0.0,1.5708,0.40785,-0.0,-0.0,0.0
1736847126.3970094,0.0,1.5708,0.40797,-0.0,-0.0,0.0
1736847126.3979425,0.0,1.5708,0.40809,-0.0,-0.0,0.0
1736847126.398947,0.0,1.5708,0.40821,-0.0,-0.0,0.0
1736847126.398947,0.0,1.5708,0.40835,-0.0,-0.0,0.0
1736847126.39995,0.0,1.5708,0.40849,-0.0,-0.0,0.0
1736847126.39995,0.0,1.5708,0.40861,-0.0,-0.0,0.0
1736847126.39995,0.0,1.5708,0.40874,-0.0,-0.0,0.0
1736847126.39995,0.0,1.5708,0.40887,-0.0,-0.0,0.0
1736847126.4037466,0.0,1.5708,0.40899,-0.0,-0.0,0.0
1736847126.4037466,0.0,1.5708,0.40911,-0.0,-0.0,0.0
1736847126.404753,0.0,1.5708,0.40922,-0.0,-0.0,0.0
1736847126.4057512,0.0,1.5708,0.40934,-0.0,-0.0,0.0
1736847126.407117,0.0,1.5708,0.40948,-0.0,-0.0,0.0
1736847126.4078555,0.0,1.5708,0.40962,-0.0,-0.0,0.0
1736847126.4078555,0.0,1.5708,0.40975,-0.0,-0.0,0.0
1736847126.4095862,0.0,1.5708,0.40988,-0.0,-0.0,0.0
1736847126.4102962,0.0,1.5708,0.41001,-0.0,-0.0,0.0
1736847126.4113097,0.0,1.5708,0.41014,-0.0,-0.0,0.0
1736847126.4113097,0.0,1.5708,0.41026,-0.0,-0.0,0.0
1736847126.4123077,0.0,1.5708,0.41038,-0.0,-0.0,0.0
1736847126.413319,0.0,1.5708,0.4105,-0.0,-0.0,0.0
1736847126.414267,0.0,1.5708,0.41063,-0.0,-0.0,0.0
1736847126.4152718,0.0,1.5708,0.41078,-0.0,-0.0,0.0
1736847126.4152718,0.0,1.5708,0.41091,-0.0,-0.0,0.0
1736847126.4152718,0.0,1.5708,0.41104,-0.0,-0.0,0.0
1736847126.4152718,0.0,1.5708,0.41116,-0.0,-0.0,0.0
1736847126.4152718,0.0,1.5708,0.41128,-0.0,-0.0,0.0
1736847126.4189496,0.0,1.5708,0.41139,-0.0,-0.0,0.0
1736847126.419955,0.0,1.5708,0.41152,-0.0,-0.0,0.0
1736847126.4211476,0.0,1.5708,0.41168,-0.0,-0.0,0.0
1736847126.4221637,0.0,1.5708,0.41186,-0.0,-0.0,0.0
1736847126.423149,0.0,1.5708,0.41201,-0.0,-0.0,0.0
1736847126.423149,0.0,1.5708,0.41214,-0.0,-0.0,0.0
1736847126.4245906,0.0,1.5708,0.41226,-0.0,-0.0,0.0
1736847126.4245906,0.0,1.5708,0.41238,-0.0,-0.0,0.0
1736847126.425591,0.0,1.5708,0.4125,-0.0,-0.0,0.0
1736847126.4265907,0.0,1.5708,0.41262,-0.0,-0.0,0.0
1736847126.4276783,0.0,1.5708,0.41275,-0.0,-0.0,0.0
1736847126.4286098,0.0,1.5708,0.41289,-0.0,-0.0,0.0
1736847126.4286098,0.0,1.5708,0.41301,-0.0,-0.0,0.0
1736847126.4303355,0.0,1.5708,0.41314,-0.0,-0.0,0.0
1736847126.4310634,0.0,1.5708,0.41327,-0.0,-0.0,0.0
1736847126.431887,0.0,1.5708,0.4134,-0.0,-0.0,0.0
1736847126.431887,0.0,1.5708,0.41352,-0.0,-0.0,0.0
1736847126.4328983,0.0,1.5708,0.41364,-0.0,-0.0,0.0
1736847126.4338977,0.0,1.5708,0.41376,-0.0,-0.0,0.0
1736847126.4352067,0.0,1.5708,0.41391,-0.0,-0.0,0.0
1736847126.435788,0.0,1.5708,0.41406,-0.0,-0.0,0.0
1736847126.4368005,0.0,1.5708,0.41419,-0.0,-0.0,0.0
1736847126.437789,0.0,1.5708,0.41431,-0.0,-0.0,0.0
1736847126.437789,0.0,1.5708,0.41443,-0.0,-0.0,0.0
1736847126.4387882,0.0,1.5708,0.41455,-0.0,-0.0,0.0
1736847126.4397886,0.0,1.5708,0.41467,-0.0,-0.0,0.0
1736847126.440335,0.0,1.5708,0.41478,-0.0,-0.0,0.0
1736847126.4413693,0.0,1.5708,0.41491,-0.0,-0.0,0.0
1736847126.4420137,0.0,1.5708,0.41506,-0.0,-0.0,0.0
1736847126.4420137,0.0,1.5708,0.4152,-0.0,-0.0,0.0
1736847126.4420137,0.0,1.5708,0.41533,-0.0,-0.0,0.0
1736847126.4420137,0.0,1.5708,0.41546,-0.0,-0.0,0.0
1736847126.4457154,0.0,1.5708,0.41558,-0.0,-0.0,0.0
1736847126.4457154,0.0,1.5708,0.4157,-0.0,-0.0,0.0
1736847126.446722,0.0,1.5708,0.41582,-0.0,-0.0,0.0
1736847126.447721,0.0,1.5708,0.41594,-0.0,-0.0,0.0
1736847126.4489212,0.0,1.5708,0.41609,-0.0,-0.0,0.0
1736847126.4499283,0.0,1.5708,0.41623,-0.0,-0.0,0.0
1736847126.450925,0.0,1.5708,0.41637,-0.0,-0.0,0.0
1736847126.4516041,0.0,1.5708,0.41649,-0.0,-0.0,0.0
1736847126.4524102,0.0,1.5708,0.41661,-0.0,-0.0,0.0
1736847126.4531107,0.0,1.5708,0.41673,-0.0,-0.0,0.0
1736847126.4531107,0.0,1.5708,0.41685,-0.0,-0.0,0.0
1736847126.4541225,0.0,1.5708,0.41697,-0.0,-0.0,0.0
1736847126.4554977,0.0,1.5708,0.4171,-0.0,-0.0,0.0
1736847126.4558568,0.0,1.5708,0.41725,-0.0,-0.0,0.0
1736847126.4575043,0.0,1.5708,0.4174,-0.0,-0.0,0.0
1736847126.4575043,0.0,1.5708,0.41753,-0.0,-0.0,0.0
1736847126.4585092,0.0,1.5708,0.41766,-0.0,-0.0,0.0
1736847126.459508,0.0,1.5708,0.41778,-0.0,-0.0,0.0
1736847126.4605174,0.0,1.5708,0.4179,-0.0,-0.0,0.0
1736847126.4605174,0.0,1.5708,0.41801,-0.0,-0.0,0.0
1736847126.4615097,0.0,1.5708,0.41813,-0.0,-0.0,0.0
1736847126.4629793,0.0,1.5708,0.41828,-0.0,-0.0,0.0
1736847126.4639869,0.0,1.5708,0.41842,-0.0,-0.0,0.0
1736847126.4639869,0.0,1.5708,0.41855,-0.0,-0.0,0.0
1736847126.4649847,0.0,1.5708,0.41868,-0.0,-0.0,0.0
1736847126.465993,0.0,1.5708,0.4188,-0.0,-0.0,0.0
1736847126.4669948,0.0,1.5708,0.41891,-0.0,-0.0,0.0
1736847126.4669948,0.0,1.5708,0.41903,-0.0,-0.0,0.0
1736847126.468154,0.0,1.5708,0.41914,-0.0,-0.0,0.0
1736847126.4691563,0.0,1.5708,0.41928,-0.0,-0.0,0.0
1736847126.4700365,0.0,1.5708,0.41943,-0.0,-0.0,0.0
1736847126.4711492,0.0,1.5708,0.41957,-0.0,-0.0,0.0
1736847126.4719906,0.0,1.5708,0.4197,-0.0,-0.0,0.0
1736847126.4728334,0.0,1.5708,0.41982,-0.0,-0.0,0.0
1736847126.4728334,0.0,1.5708,0.41994,-0.0,-0.0,0.0
1736847126.4738493,0.0,1.5708,0.42005,-0.0,-0.0,0.0
1736847126.4751282,0.0,1.5708,0.42018,-0.0,-0.0,0.0
1736847126.4751282,0.0,1.5708,0.42031,-0.0,-0.0,0.0
1736847126.4763923,0.0,1.5708,0.42046,-0.0,-0.0,0.0
1736847126.4763923,0.0,1.5708,0.4206,-0.0,-0.0,0.0
1736847126.4763923,0.0,1.5708,0.42072,-0.0,-0.0,0.0
1736847126.4791715,0.0,1.5708,0.42084,-0.0,-0.0,0.0
1736847126.4801764,0.0,1.5708,0.42097,-0.0,-0.0,0.0
1736847126.4801764,0.0,1.5708,0.42109,-0.0,-0.0,0.0
1736847126.4811778,0.0,1.5708,0.4212,-0.0,-0.0,0.0
1736847126.4821796,0.0,1.5708,0.42132,-0.0,-0.0,0.0
1736847126.4831452,0.0,1.5708,0.42146,-0.0,-0.0,0.0
1736847126.4835684,0.0,1.5708,0.4216,-0.0,-0.0,0.0
1736847126.4850702,0.0,1.5708,0.42174,-0.0,-0.0,0.0
1736847126.485193,0.0,1.5708,0.42187,-0.0,-0.0,0.0
1736847126.4861948,0.0,1.5708,0.422,-0.0,-0.0,0.0
1736847126.487194,0.0,1.5708,0.42212,-0.0,-0.0,0.0
1736847126.4882083,0.0,1.5708,0.42224,-0.0,-0.0,0.0
1736847126.4882083,0.0,1.5708,0.42235,-0.0,-0.0,0.0
1736847126.4891942,0.0,1.5708,0.42247,-0.0,-0.0,0.0
1736847126.4908297,0.0,1.5708,0.42262,-0.0,-0.0,0.0
1736847126.491603,0.0,1.5708,0.42278,-0.0,-0.0,0.0
1736847126.4921439,0.0,1.5708,0.42292,-0.0,-0.0,0.0
1736847126.4931674,0.0,1.5708,0.42304,-0.0,-0.0,0.0
1736847126.49415,0.0,1.5708,0.42316,-0.0,-0.0,0.0
1736847126.49415,0.0,1.5708,0.42327,-0.0,-0.0,0.0
1736847126.495149,0.0,1.5708,0.42339,-0.0,-0.0,0.0
1736847126.4961524,0.0,1.5708,0.42351,-0.0,-0.0,0.0
1736847126.497321,0.0,1.5708,0.42364,-0.0,-0.0,0.0
1736847126.4977515,0.0,1.5708,0.4238,-0.0,-0.0,0.0
1736847126.4987957,0.0,1.5708,0.42393,-0.0,-0.0,0.0
1736847126.4997947,0.0,1.5708,0.42405,-0.0,-0.0,0.0
1736847126.4997947,0.0,1.5708,0.42417,-0.0,-0.0,0.0
1736847126.501081,0.0,1.5708,0.42428,-0.0,-0.0,0.0
1736847126.5020816,0.0,1.5708,0.4244,-0.0,-0.0,0.0
1736847126.5028813,0.0,1.5708,0.42454,-0.0,-0.0,0.0
1736847126.5028813,0.0,1.5708,0.42467,-0.0,-0.0,0.0
1736847126.5041234,0.0,1.5708,0.42482,-0.0,-0.0,0.0
1736847126.5041234,0.0,1.5708,0.42495,-0.0,-0.0,0.0
1736847126.506128,0.0,1.5708,0.42508,-0.0,-0.0,0.0
1736847126.5071342,0.0,1.5708,0.4252,-0.0,-0.0,0.0
1736847126.5071342,0.0,1.5708,0.42532,-0.0,-0.0,0.0
1736847126.50854,0.0,1.5708,0.42544,-0.0,-0.0,0.0
1736847126.5094283,0.0,1.5708,0.42556,-0.0,-0.0,0.0
1736847126.5094283,0.0,1.5708,0.42568,-0.0,-0.0,0.0
1736847126.5109656,0.0,1.5708,0.42581,-0.0,-0.0,0.0
1736847126.5120926,0.0,1.5708,0.42597,-0.0,-0.0,0.0
1736847126.5120926,0.0,1.5708,0.4261,-0.0,-0.0,0.0
1736847126.5131018,0.0,1.5708,0.42623,-0.0,-0.0,0.0
1736847126.5140986,0.0,1.5708,0.42636,-0.0,-0.0,0.0
1736847126.515111,0.0,1.5708,0.42649,-0.0,-0.0,0.0
1736847126.5160987,0.0,1.5708,0.42661,-0.0,-0.0,0.0
1736847126.5165827,0.0,1.5708,0.42673,-0.0,-0.0,0.0
1736847126.5175831,0.0,1.5708,0.42686,-0.0,-0.0,0.0
1736847126.5181067,0.0,1.5708,0.42702,-0.0,-0.0,0.0
1736847126.5181067,0.0,1.5708,0.42717,-0.0,-0.0,0.0
1736847126.5181067,0.0,1.5708,0.4273,-0.0,-0.0,0.0
1736847126.5181067,0.0,1.5708,0.42742,-0.0,-0.0,0.0
1736847126.5181067,0.0,1.5708,0.42753,-0.0,-0.0,0.0
1736847126.5224862,0.0,1.5708,0.42765,-0.0,-0.0,0.0
1736847126.5234916,0.0,1.5708,0.42777,-0.0,-0.0,0.0
1736847126.5234916,0.0,1.5708,0.42789,-0.0,-0.0,0.0
1736847126.5252602,0.0,1.5708,0.42802,-0.0,-0.0,0.0
1736847126.5260665,0.0,1.5708,0.42818,-0.0,-0.0,0.0
1736847126.5260665,0.0,1.5708,0.42831,-0.0,-0.0,0.0
1736847126.5270798,0.0,1.5708,0.42843,-0.0,-0.0,0.0
1736847126.5284781,0.0,1.5708,0.42855,-0.0,-0.0,0.0
1736847126.5287051,0.0,1.5708,0.42868,-0.0,-0.0,0.0
1736847126.5297067,0.0,1.5708,0.42881,-0.0,-0.0,0.0
1736847126.5307062,0.0,1.5708,0.42893,-0.0,-0.0,0.0
1736847126.5317056,0.0,1.5708,0.42905,-0.0,-0.0,0.0
1736847126.5322301,0.0,1.5708,0.42921,-0.0,-0.0,0.0
1736847126.5333464,0.0,1.5708,0.42936,-0.0,-0.0,0.0
1736847126.5343747,0.0,1.5708,0.42949,-0.0,-0.0,0.0
1736847126.5343747,0.0,1.5708,0.42963,-0.0,-0.0,0.0
1736847126.5343747,0.0,1.5708,0.42975,-0.0,-0.0,0.0
1736847126.5343747,0.0,1.5708,0.42986,-0.0,-0.0,0.0
1736847126.5376203,0.0,1.5708,0.42998,-0.0,-0.0,0.0
1736847126.5376203,0.0,1.5708,0.43011,-0.0,-0.0,0.0
1736847126.5393815,0.0,1.5708,0.43026,-0.0,-0.0,0.0
1736847126.5393815,0.0,1.5708,0.43041,-0.0,-0.0,0.0
1736847126.540387,0.0,1.5708,0.43055,-0.0,-0.0,0.0
1736847126.5413857,0.0,1.5708,0.43067,-0.0,-0.0,0.0
1736847126.5427673,0.0,1.5708,0.43079,-0.0,-0.0,0.0
1736847126.5433002,0.0,1.5708,0.43091,-0.0,-0.0,0.0
1736847126.5441992,0.0,1.5708,0.43103,-0.0,-0.0,0.0
1736847126.5441992,0.0,1.5708,0.43116,-0.0,-0.0,0.0
1736847126.5458405,0.0,1.5708,0.43131,-0.0,-0.0,0.0
1736847126.5458405,0.0,1.5708,0.43145,-0.0,-0.0,0.0
1736847126.5458405,0.0,1.5708,0.43159,-0.0,-0.0,0.0
1736847126.5458405,0.0,1.5708,0.43171,-0.0,-0.0,0.0
1736847126.5491023,0.0,1.5708,0.43183,-0.0,-0.0,0.0
1736847126.5501087,0.0,1.5708,0.43195,-0.0,-0.0,0.0
1736847126.5501087,0.0,1.5708,0.43207,-0.0,-0.0,0.0
1736847126.551108,0.0,1.5708,0.43219,-0.0,-0.0,0.0
1736847126.552109,0.0,1.5708,0.43232,-0.0,-0.0,0.0
1736847126.5531101,0.0,1.5708,0.43248,-0.0,-0.0,0.0
1736847126.5538445,0.0,1.5708,0.43263,-0.0,-0.0,0.0
1736847126.5538445,0.0,1.5708,0.43278,-0.0,-0.0,0.0
1736847126.5538445,0.0,1.5708,0.43292,-0.0,-0.0,0.0
1736847126.5538445,0.0,1.5708,0.43304,-0.0,-0.0,0.0
1736847126.5538445,0.0,1.5708,0.43316,-0.0,-0.0,0.0
1736847126.5584116,0.0,1.5708,0.43328,-0.0,-0.0,0.0
1736847126.5584116,0.0,1.5708,0.4334,-0.0,-0.0,0.0
1736847126.5596735,0.0,1.5708,0.43353,-0.0,-0.0,0.0
1736847126.5611408,0.0,1.5708,0.43367,-0.0,-0.0,0.0
1736847126.5611408,0.0,1.5708,0.43381,-0.0,-0.0,0.0
1736847126.5621474,0.0,1.5708,0.43394,-0.0,-0.0,0.0
1736847126.5631456,0.0,1.5708,0.43406,-0.0,-0.0,0.0
1736847126.5641553,0.0,1.5708,0.43418,-0.0,-0.0,0.0
1736847126.5641553,0.0,1.5708,0.4343,-0.0,-0.0,0.0
1736847126.5651453,0.0,1.5708,0.43442,-0.0,-0.0,0.0
1736847126.5667622,0.0,1.5708,0.43456,-0.0,-0.0,0.0
1736847126.5671222,0.0,1.5708,0.43473,-0.0,-0.0,0.0
1736847126.5681257,0.0,1.5708,0.43488,-0.0,-0.0,0.0
1736847126.5691228,0.0,1.5708,0.43499,-0.0,-0.0,0.0
1736847126.5701337,0.0,1.5708,0.43511,-0.0,-0.0,0.0
1736847126.5701337,0.0,1.5708,0.43523,-0.0,-0.0,0.0
1736847126.5711231,0.0,1.5708,0.43535,-0.0,-0.0,0.0
1736847126.57229,0.0,1.5708,0.43548,-0.0,-0.0,0.0
1736847126.573636,0.0,1.5708,0.43563,-0.0,-0.0,0.0
1736847126.5740173,0.0,1.5708,0.4358,-0.0,-0.0,0.0
1736847126.5750637,0.0,1.5708,0.43595,-0.0,-0.0,0.0
1736847126.5760627,0.0,1.5708,0.43606,-0.0,-0.0,0.0
1736847126.5770628,0.0,1.5708,0.43619,-0.0,-0.0,0.0
1736847126.5770628,0.0,1.5708,0.43631,-0.0,-0.0,0.0
1736847126.5785787,0.0,1.5708,0.43643,-0.0,-0.0,0.0
1736847126.579099,0.0,1.5708,0.43655,-0.0,-0.0,0.0
1736847126.5801058,0.0,1.5708,0.43668,-0.0,-0.0,0.0
1736847126.5808218,0.0,1.5708,0.43683,-0.0,-0.0,0.0
1736847126.581941,0.0,1.5708,0.43697,-0.0,-0.0,0.0
1736847126.581941,0.0,1.5708,0.4371,-0.0,-0.0,0.0
1736847126.5829537,0.0,1.5708,0.43722,-0.0,-0.0,0.0
1736847126.5845065,0.0,1.5708,0.43734,-0.0,-0.0,0.0
1736847126.5845065,0.0,1.5708,0.43747,-0.0,-0.0,0.0
1736847126.585508,0.0,1.5708,0.4376,-0.0,-0.0,0.0
1736847126.5865073,0.0,1.5708,0.43774,-0.0,-0.0,0.0
1736847126.587874,0.0,1.5708,0.43789,-0.0,-0.0,0.0
1736847126.587874,0.0,1.5708,0.43803,-0.0,-0.0,0.0
1736847126.5891984,0.0,1.5708,0.43817,-0.0,-0.0,0.0
1736847126.5891984,0.0,1.5708,0.4383,-0.0,-0.0,0.0
1736847126.5891984,0.0,1.5708,0.43843,-0.0,-0.0,0.0
1736847126.5891984,0.0,1.5708,0.43855,-0.0,-0.0,0.0
1736847126.5891984,0.0,1.5708,0.43867,-0.0,-0.0,0.0
1736847126.5931308,0.0,1.5708,0.43879,-0.0,-0.0,0.0
1736847126.5946825,0.0,1.5708,0.43894,-0.0,-0.0,0.0
1736847126.5946825,0.0,1.5708,0.43908,-0.0,-0.0,0.0
1736847126.5957344,0.0,1.5708,0.43922,-0.0,-0.0,0.0
1736847126.5967329,0.0,1.5708,0.43934,-0.0,-0.0,0.0
1736847126.5979562,0.0,1.5708,0.43946,-0.0,-0.0,0.0
1736847126.5979562,0.0,1.5708,0.43958,-0.0,-0.0,0.0
1736847126.5989616,0.0,1.5708,0.4397,-0.0,-0.0,0.0
1736847126.6000764,0.0,1.5708,0.43982,-0.0,-0.0,0.0
1736847126.6010816,0.0,1.5708,0.43997,-0.0,-0.0,0.0
1736847126.6019945,0.0,1.5708,0.44014,-0.0,-0.0,0.0
1736847126.6030002,0.0,1.5708,0.44028,-0.0,-0.0,0.0
1736847126.6039991,0.0,1.5708,0.44042,-0.0,-0.0,0.0
1736847126.6039991,0.0,1.5708,0.44054,-0.0,-0.0,0.0
1736847126.6049995,0.0,1.5708,0.44067,-0.0,-0.0,0.0
1736847126.6062198,0.0,1.5708,0.44079,-0.0,-0.0,0.0
1736847126.6062198,0.0,1.5708,0.44091,-0.0,-0.0,0.0
1736847126.6072252,0.0,1.5708,0.44103,-0.0,-0.0,0.0
1736847126.6086109,0.0,1.5708,0.44119,-0.0,-0.0,0.0
1736847126.6086109,0.0,1.5708,0.44133,-0.0,-0.0,0.0
1736847126.6086109,0.0,1.5708,0.44147,-0.0,-0.0,0.0
1736847126.6115305,0.0,1.5708,0.44159,-0.0,-0.0,0.0
1736847126.611683,0.0,1.5708,0.44173,-0.0,-0.0,0.0
1736847126.6126847,0.0,1.5708,0.44186,-0.0,-0.0,0.0
1736847126.613828,0.0,1.5708,0.44198,-0.0,-0.0,0.0
1736847126.614842,0.0,1.5708,0.44211,-0.0,-0.0,0.0
1736847126.6156614,0.0,1.5708,0.44225,-0.0,-0.0,0.0
1736847126.6167064,0.0,1.5708,0.4424,-0.0,-0.0,0.0
1736847126.6173563,0.0,1.5708,0.44253,-0.0,-0.0,0.0
1736847126.6182127,0.0,1.5708,0.44266,-0.0,-0.0,0.0
1736847126.6182127,0.0,1.5708,0.44278,-0.0,-0.0,0.0
1736847126.6192257,0.0,1.5708,0.44291,-0.0,-0.0,0.0
1736847126.6202252,0.0,1.5708,0.44303,-0.0,-0.0,0.0
1736847126.6212246,0.0,1.5708,0.44315,-0.0,-0.0,0.0
1736847126.6222274,0.0,1.5708,0.44329,-0.0,-0.0,0.0
1736847126.6222274,0.0,1.5708,0.44344,-0.0,-0.0,0.0
1736847126.6222274,0.0,1.5708,0.44358,-0.0,-0.0,0.0
1736847126.6222274,0.0,1.5708,0.44369,-0.0,-0.0,0.0
1736847126.6222274,0.0,1.5708,0.44381,-0.0,-0.0,0.0
1736847126.6222274,0.0,1.5708,0.44393,-0.0,-0.0,0.0
1736847126.6222274,0.0,1.5708,0.44405,-0.0,-0.0,0.0
1736847126.6275997,0.0,1.5708,0.44416,-0.0,-0.0,0.0
1736847126.6286113,0.0,1.5708,0.4443,-0.0,-0.0,0.0
1736847126.6295424,0.0,1.5708,0.44444,-0.0,-0.0,0.0
1736847126.6305442,0.0,1.5708,0.4446,-0.0,-0.0,0.0
1736847126.631543,0.0,1.5708,0.44473,-0.0,-0.0,0.0
1736847126.631543,0.0,1.5708,0.44486,-0.0,-0.0,0.0
1736847126.6325426,0.0,1.5708,0.44498,-0.0,-0.0,0.0
1736847126.6335378,0.0,1.5708,0.4451,-0.0,-0.0,0.0
1736847126.6346428,0.0,1.5708,0.44522,-0.0,-0.0,0.0
1736847126.6346428,0.0,1.5708,0.44534,-0.0,-0.0,0.0
1736847126.6364446,0.0,1.5708,0.44548,-0.0,-0.0,0.0
1736847126.6372032,0.0,1.5708,0.44565,-0.0,-0.0,0.0
1736847126.6372032,0.0,1.5708,0.44579,-0.0,-0.0,0.0
1736847126.6384497,0.0,1.5708,0.4459,-0.0,-0.0,0.0
1736847126.6397898,0.0,1.5708,0.44603,-0.0,-0.0,0.0
1736847126.6397898,0.0,1.5708,0.44616,-0.0,-0.0,0.0
1736847126.6407926,0.0,1.5708,0.44629,-0.0,-0.0,0.0
1736847126.6417909,0.0,1.5708,0.44642,-0.0,-0.0,0.0
1736847126.6429064,0.0,1.5708,0.44655,-0.0,-0.0,0.0
1736847126.6432955,0.0,1.5708,0.44669,-0.0,-0.0,0.0
1736847126.64434,0.0,1.5708,0.44682,-0.0,-0.0,0.0
1736847126.645697,0.0,1.5708,0.44695,-0.0,-0.0,0.0
1736847126.645697,0.0,1.5708,0.44708,-0.0,-0.0,0.0
1736847126.6466973,0.0,1.5708,0.4472,-0.0,-0.0,0.0
1736847126.6476974,0.0,1.5708,0.44733,-0.0,-0.0,0.0
1736847126.648697,0.0,1.5708,0.44745,-0.0,-0.0,0.0
1736847126.648697,0.0,1.5708,0.44758,-0.0,-0.0,0.0
1736847126.650304,0.0,1.5708,0.44772,-0.0,-0.0,0.0
1736847126.6513917,0.0,1.5708,0.44785,-0.0,-0.0,0.0
1736847126.6515527,0.0,1.5708,0.44799,-0.0,-0.0,0.0
1736847126.652554,0.0,1.5708,0.44812,-0.0,-0.0,0.0
1736847126.6537063,0.0,1.5708,0.44824,-0.0,-0.0,0.0
1736847126.6546037,0.0,1.5708,0.44836,-0.0,-0.0,0.0
1736847126.6546037,0.0,1.5708,0.44848,-0.0,-0.0,0.0
1736847126.6556087,0.0,1.5708,0.4486,-0.0,-0.0,0.0
1736847126.6568775,0.0,1.5708,0.44873,-0.0,-0.0,0.0
1736847126.6573284,0.0,1.5708,0.4489,-0.0,-0.0,0.0
1736847126.658331,0.0,1.5708,0.44904,-0.0,-0.0,0.0
1736847126.6593292,0.0,1.5708,0.44916,-0.0,-0.0,0.0
1736847126.660341,0.0,1.5708,0.44928,-0.0,-0.0,0.0
1736847126.660341,0.0,1.5708,0.4494,-0.0,-0.0,0.0
1736847126.6613288,0.0,1.5708,0.44952,-0.0,-0.0,0.0
1736847126.6625571,0.0,1.5708,0.44964,-0.0,-0.0,0.0
1736847126.663561,0.0,1.5708,0.44977,-0.0,-0.0,0.0
1736847126.6641357,0.0,1.5708,0.44991,-0.0,-0.0,0.0
1736847126.665201,0.0,1.5708,0.45005,-0.0,-0.0,0.0
1736847126.6661904,0.0,1.5708,0.45018,-0.0,-0.0,0.0
1736847126.6661904,0.0,1.5708,0.4503,-0.0,-0.0,0.0
1736847126.6674907,0.0,1.5708,0.45042,-0.0,-0.0,0.0
1736847126.6684902,0.0,1.5708,0.45054,-0.0,-0.0,0.0
1736847126.6684902,0.0,1.5708,0.45066,-0.0,-0.0,0.0
1736847126.66949,0.0,1.5708,0.45078,-0.0,-0.0,0.0
1736847126.6708117,0.0,1.5708,0.45092,-0.0,-0.0,0.0
1736847126.6708117,0.0,1.5708,0.45106,-0.0,-0.0,0.0
1736847126.6708117,0.0,1.5708,0.45119,-0.0,-0.0,0.0
1736847126.6732647,0.0,1.5708,0.45131,-0.0,-0.0,0.0
1736847126.6740322,0.0,1.5708,0.45143,-0.0,-0.0,0.0
1736847126.6748047,0.0,1.5708,0.45156,-0.0,-0.0,0.0
1736847126.6755767,0.0,1.5708,0.45168,-0.0,-0.0,0.0
1736847126.6755767,0.0,1.5708,0.4518,-0.0,-0.0,0.0
1736847126.6765888,0.0,1.5708,0.45193,-0.0,-0.0,0.0
1736847126.6780107,0.0,1.5708,0.45208,-0.0,-0.0,0.0
1736847126.6788714,0.0,1.5708,0.45222,-0.0,-0.0,0.0
1736847126.6798923,0.0,1.5708,0.45235,-0.0,-0.0,0.0
1736847126.6798923,0.0,1.5708,0.45247,-0.0,-0.0,0.0
1736847126.6808767,0.0,1.5708,0.45259,-0.0,-0.0,0.0
1736847126.6818757,0.0,1.5708,0.45271,-0.0,-0.0,0.0
1736847126.6828852,0.0,1.5708,0.45283,-0.0,-0.0,0.0
1736847126.683878,0.0,1.5708,0.45296,-0.0,-0.0,0.0
1736847126.6846836,0.0,1.5708,0.45309,-0.0,-0.0,0.0
1736847126.6850111,0.0,1.5708,0.45325,-0.0,-0.0,0.0
1736847126.686052,0.0,1.5708,0.4534,-0.0,-0.0,0.0
1736847126.6870494,0.0,1.5708,0.45352,-0.0,-0.0,0.0
1736847126.6880612,0.0,1.5708,0.45364,-0.0,-0.0,0.0
1736847126.6880612,0.0,1.5708,0.45376,-0.0,-0.0,0.0
1736847126.68905,0.0,1.5708,0.45388,-0.0,-0.0,0.0
1736847126.6903193,0.0,1.5708,0.454,-0.0,-0.0,0.0
1736847126.6913242,0.0,1.5708,0.45413,-0.0,-0.0,0.0
1736847126.6920295,0.0,1.5708,0.45429,-0.0,-0.0,0.0
1736847126.6930838,0.0,1.5708,0.45442,-0.0,-0.0,0.0
1736847126.693979,0.0,1.5708,0.45455,-0.0,-0.0,0.0
1736847126.693979,0.0,1.5708,0.45467,-0.0,-0.0,0.0
1736847126.6949942,0.0,1.5708,0.45479,-0.0,-0.0,0.0
1736847126.6962924,0.0,1.5708,0.45491,-0.0,-0.0,0.0
1736847126.6964152,0.0,1.5708,0.45503,-0.0,-0.0,0.0
1736847126.6974158,0.0,1.5708,0.45516,-0.0,-0.0,0.0
1736847126.6988008,0.0,1.5708,0.4553,-0.0,-0.0,0.0
1736847126.6988008,0.0,1.5708,0.45544,-0.0,-0.0,0.0
1736847126.6998372,0.0,1.5708,0.45557,-0.0,-0.0,0.0
1736847126.7008364,0.0,1.5708,0.45569,-0.0,-0.0,0.0
1736847126.7019494,0.0,1.5708,0.4558,-0.0,-0.0,0.0
1736847126.7020636,0.0,1.5708,0.45593,-0.0,-0.0,0.0
1736847126.7030656,0.0,1.5708,0.45606,-0.0,-0.0,0.0
1736847126.7040646,0.0,1.5708,0.45618,-0.0,-0.0,0.0
1736847126.7050698,0.0,1.5708,0.4563,-0.0,-0.0,0.0
1736847126.7058635,0.0,1.5708,0.45644,-0.0,-0.0,0.0
1736847126.7068806,0.0,1.5708,0.45658,-0.0,-0.0,0.0
1736847126.707552,0.0,1.5708,0.45672,-0.0,-0.0,0.0
1736847126.7085655,0.0,1.5708,0.45684,-0.0,-0.0,0.0
1736847126.7085655,0.0,1.5708,0.45697,-0.0,-0.0,0.0
1736847126.7095568,0.0,1.5708,0.45709,-0.0,-0.0,0.0
1736847126.7108073,0.0,1.5708,0.45721,-0.0,-0.0,0.0
1736847126.7108073,0.0,1.5708,0.45733,-0.0,-0.0,0.0
1736847126.7123902,0.0,1.5708,0.45747,-0.0,-0.0,0.0
1736847126.7133272,0.0,1.5708,0.45761,-0.0,-0.0,0.0
1736847126.7141514,0.0,1.5708,0.45775,-0.0,-0.0,0.0
1736847126.714662,0.0,1.5708,0.45786,-0.0,-0.0,0.0
1736847126.7156775,0.0,1.5708,0.45798,-0.0,-0.0,0.0
1736847126.7156775,0.0,1.5708,0.45809,-0.0,-0.0,0.0
1736847126.7166674,0.0,1.5708,0.45821,-0.0,-0.0,0.0
1736847126.7176661,0.0,1.5708,0.45833,-0.0,-0.0,0.0
1736847126.7186716,0.0,1.5708,0.45846,-0.0,-0.0,0.0
1736847126.7198505,0.0,1.5708,0.45861,-0.0,-0.0,0.0
1736847126.7208536,0.0,1.5708,0.45877,-0.0,-0.0,0.0
1736847126.7208536,0.0,1.5708,0.4589,-0.0,-0.0,0.0
1736847126.721853,0.0,1.5708,0.45903,-0.0,-0.0,0.0
1736847126.7228513,0.0,1.5708,0.45915,-0.0,-0.0,0.0
1736847126.7238615,0.0,1.5708,0.45927,-0.0,-0.0,0.0
1736847126.7238615,0.0,1.5708,0.45938,-0.0,-0.0,0.0
1736847126.7250624,0.0,1.5708,0.4595,-0.0,-0.0,0.0
1736847126.7260659,0.0,1.5708,0.45962,-0.0,-0.0,0.0
1736847126.7268867,0.0,1.5708,0.45978,-0.0,-0.0,0.0
1736847126.7279437,0.0,1.5708,0.45992,-0.0,-0.0,0.0
1736847126.7289236,0.0,1.5708,0.46004,-0.0,-0.0,0.0
1736847126.7289236,0.0,1.5708,0.46016,-0.0,-0.0,0.0
1736847126.7302563,0.0,1.5708,0.46027,-0.0,-0.0,0.0
1736847126.7312567,0.0,1.5708,0.4604,-0.0,-0.0,0.0
1736847126.7320082,0.0,1.5708,0.46052,-0.0,-0.0,0.0
1736847126.7320082,0.0,1.5708,0.46065,-0.0,-0.0,0.0
1736847126.7332757,0.0,1.5708,0.4608,-0.0,-0.0,0.0
1736847126.7676463,0.0,1.5708,0.46668,-0.0,-0.0,0.0
1736847126.7676463,0.0,1.5708,0.46688,-0.0,-0.0,0.0
1736847126.7676463,0.0,1.5708,0.46701,-0.0,-0.0,0.0
1736847126.7736394,0.0,1.5708,0.46713,-0.0,-0.0,0.0
1736847126.7749958,0.0,1.5708,0.46728,-0.0,-0.0,0.0
1736847126.7759507,0.0,1.5708,0.46743,-0.0,-0.0,0.0
1736847126.7759507,0.0,1.5708,0.46755,-0.0,-0.0,0.0
1736847126.776964,0.0,1.5708,0.46768,-0.0,-0.0,0.0
1736847126.7781467,0.0,1.5708,0.46781,-0.0,-0.0,0.0
1736847126.8283021,0.0,1.5708,0.47558,-0.0,-0.0,0.0
1736847126.8283021,0.0,1.5708,0.47578,-0.0,-0.0,0.0
1736847126.8292992,0.0,1.5708,0.47591,-0.0,-0.0,0.0
1736847126.8302982,0.0,1.5708,0.47603,-0.0,-0.0,0.0
1736847126.8302982,0.0,1.5708,0.47616,-0.0,-0.0,0.0
1736847126.8302982,0.0,1.5708,0.47628,-0.0,-0.0,0.0
1736847126.8302982,0.0,1.5708,0.47641,-0.0,-0.0,0.0
1736847126.83388,0.0,1.5708,0.47652,-0.0,-0.0,0.0
1736847126.8344467,0.0,1.5708,0.47665,-0.0,-0.0,0.0
1736847126.835251,0.0,1.5708,0.47679,-0.0,-0.0,0.0
1736847126.8362846,0.0,1.5708,0.47692,-0.0,-0.0,0.0
1736847126.8372638,0.0,1.5708,0.47705,-0.0,-0.0,0.0
1736847126.8376522,0.0,1.5708,0.47719,-0.0,-0.0,0.0
1736847126.8386993,0.0,1.5708,0.47733,-0.0,-0.0,0.0
1736847126.8398697,0.0,1.5708,0.47746,-0.0,-0.0,0.0
1736847126.8398697,0.0,1.5708,0.47759,-0.0,-0.0,0.0
1736847126.8408756,0.0,1.5708,0.47772,-0.0,-0.0,0.0
1736847126.841874,0.0,1.5708,0.47784,-0.0,-0.0,0.0
1736847126.842886,0.0,1.5708,0.47796,-0.0,-0.0,0.0
1736847126.8438754,0.0,1.5708,0.47809,-0.0,-0.0,0.0
1736847126.8445907,0.0,1.5708,0.47823,-0.0,-0.0,0.0
1736847126.8453023,0.0,1.5708,0.47837,-0.0,-0.0,0.0
1736847126.8463075,0.0,1.5708,0.47851,-0.0,-0.0,0.0
1736847126.8473074,0.0,1.5708,0.47864,-0.0,-0.0,0.0
1736847126.8473074,0.0,1.5708,0.47876,-0.0,-0.0,0.0
1736847126.8483071,0.0,1.5708,0.47889,-0.0,-0.0,0.0
1736847126.8493066,0.0,1.5708,0.47901,-0.0,-0.0,0.0
1736847126.8503187,0.0,1.5708,0.47913,-0.0,-0.0,0.0
1736847126.8512905,0.0,1.5708,0.47927,-0.0,-0.0,0.0
1736847126.8517406,0.0,1.5708,0.47943,-0.0,-0.0,0.0
1736847126.852744,0.0,1.5708,0.47958,-0.0,-0.0,0.0
1736847126.853742,0.0,1.5708,0.4797,-0.0,-0.0,0.0
1736847126.8547552,0.0,1.5708,0.47982,-0.0,-0.0,0.0
1736847126.8547552,0.0,1.5708,0.47994,-0.0,-0.0,0.0
1736847126.855918,0.0,1.5708,0.48006,-0.0,-0.0,0.0
1736847126.8569884,0.0,1.5708,0.48019,-0.0,-0.0,0.0
1736847126.8579946,0.0,1.5708,0.48032,-0.0,-0.0,0.0
1736847126.8583808,0.0,1.5708,0.48047,-0.0,-0.0,0.0
1736847126.8583808,0.0,1.5708,0.4806,-0.0,-0.0,0.0
1736847126.8583808,0.0,1.5708,0.48073,-0.0,-0.0,0.0
1736847126.8615148,0.0,1.5708,0.48085,-0.0,-0.0,0.0
1736847126.8616173,0.0,1.5708,0.48099,-0.0,-0.0,0.0
1736847126.8630881,0.0,1.5708,0.48112,-0.0,-0.0,0.0
1736847126.8637586,0.0,1.5708,0.48124,-0.0,-0.0,0.0
1736847126.8647716,0.0,1.5708,0.48137,-0.0,-0.0,0.0
1736847126.865531,0.0,1.5708,0.48151,-0.0,-0.0,0.0
1736847126.8659573,0.0,1.5708,0.48165,-0.0,-0.0,0.0
1736847126.8659573,0.0,1.5708,0.4818,-0.0,-0.0,0.0
1736847126.8659573,0.0,1.5708,0.48193,-0.0,-0.0,0.0
1736847126.8659573,0.0,1.5708,0.48205,-0.0,-0.0,0.0
1736847126.8659573,0.0,1.5708,0.48217,-0.0,-0.0,0.0
1736847126.8659573,0.0,1.5708,0.4823,-0.0,-0.0,0.0
1736847126.870896,0.0,1.5708,0.48242,-0.0,-0.0,0.0
1736847126.872214,0.0,1.5708,0.48255,-0.0,-0.0,0.0
1736847126.8732572,0.0,1.5708,0.48271,-0.0,-0.0,0.0
1736847126.8732572,0.0,1.5708,0.48286,-0.0,-0.0,0.0
1736847126.8742697,0.0,1.5708,0.48297,-0.0,-0.0,0.0
1736847126.875268,0.0,1.5708,0.48309,-0.0,-0.0,0.0
1736847126.8762774,0.0,1.5708,0.48321,-0.0,-0.0,0.0
1736847126.8762774,0.0,1.5708,0.48333,-0.0,-0.0,0.0
1736847126.8778584,0.0,1.5708,0.48345,-0.0,-0.0,0.0
1736847126.8788652,0.0,1.5708,0.48359,-0.0,-0.0,0.0
1736847126.8795025,0.0,1.5708,0.48374,-0.0,-0.0,0.0
1736847126.8805578,0.0,1.5708,0.48388,-0.0,-0.0,0.0
1736847126.881544,0.0,1.5708,0.484,-0.0,-0.0,0.0
1736847126.881544,0.0,1.5708,0.48412,-0.0,-0.0,0.0
1736847126.882543,0.0,1.5708,0.48424,-0.0,-0.0,0.0
1736847126.8832548,0.0,1.5708,0.48435,-0.0,-0.0,0.0
1736847126.8840427,0.0,1.5708,0.48449,-0.0,-0.0,0.0
1736847126.8850484,0.0,1.5708,0.48462,-0.0,-0.0,0.0
1736847126.8863797,0.0,1.5708,0.48476,-0.0,-0.0,0.0
1736847126.8863797,0.0,1.5708,0.48491,-0.0,-0.0,0.0
1736847126.8874266,0.0,1.5708,0.48505,-0.0,-0.0,0.0
1736847126.8887124,0.0,1.5708,0.48516,-0.0,-0.0,0.0
1736847126.889718,0.0,1.5708,0.48529,-0.0,-0.0,0.0
1736847126.889718,0.0,1.5708,0.48541,-0.0,-0.0,0.0
1736847126.889718,0.0,1.5708,0.48554,-0.0,-0.0,0.0
1736847126.8917084,0.0,1.5708,0.48565,-0.0,-0.0,0.0
1736847126.892713,0.0,1.5708,0.48577,-0.0,-0.0,0.0
1736847126.8929164,0.0,1.5708,0.48594,-0.0,-0.0,0.0
1736847126.8945372,0.0,1.5708,0.48607,-0.0,-0.0,0.0
1736847126.895654,0.0,1.5708,0.48623,-0.0,-0.0,0.0
1736847126.895654,0.0,1.5708,0.48636,-0.0,-0.0,0.0
1736847126.8966668,0.0,1.5708,0.48648,-0.0,-0.0,0.0
1736847126.8976657,0.0,1.5708,0.4866,-0.0,-0.0,0.0
1736847126.8986669,0.0,1.5708,0.48672,-0.0,-0.0,0.0
1736847126.8996685,0.0,1.5708,0.48684,-0.0,-0.0,0.0
1736847126.900455,0.0,1.5708,0.48701,-0.0,-0.0,0.0
1736847126.9014575,0.0,1.5708,0.48718,-0.0,-0.0,0.0
1736847126.9024565,0.0,1.5708,0.4873,-0.0,-0.0,0.0
1736847126.9024565,0.0,1.5708,0.48742,-0.0,-0.0,0.0
1736847126.903457,0.0,1.5708,0.48755,-0.0,-0.0,0.0
1736847126.904456,0.0,1.5708,0.48766,-0.0,-0.0,0.0
1736847126.9056647,0.0,1.5708,0.48779,-0.0,-0.0,0.0
1736847126.9056647,0.0,1.5708,0.48792,-0.0,-0.0,0.0
1736847126.9073446,0.0,1.5708,0.48807,-0.0,-0.0,0.0
1736847126.9086702,0.0,1.5708,0.48826,-0.0,-0.0,0.0
1736847126.908781,0.0,1.5708,0.48841,-0.0,-0.0,0.0
1736847126.9097824,0.0,1.5708,0.48854,-0.0,-0.0,0.0
1736847126.9107819,0.0,1.5708,0.48866,-0.0,-0.0,0.0
1736847126.9117935,0.0,1.5708,0.48878,-0.0,-0.0,0.0
1736847126.9124253,0.0,1.5708,0.48892,-0.0,-0.0,0.0
1736847126.9134324,0.0,1.5708,0.48904,-0.0,-0.0,0.0
1736847126.9142742,0.0,1.5708,0.4892,-0.0,-0.0,0.0
1736847126.915282,0.0,1.5708,0.4894,-0.0,-0.0,0.0
1736847126.916279,0.0,1.5708,0.48955,-0.0,-0.0,0.0
1736847126.917279,0.0,1.5708,0.48968,-0.0,-0.0,0.0
1736847126.9181018,0.0,1.5708,0.48981,-0.0,-0.0,0.0
1736847126.9191172,0.0,1.5708,0.48994,-0.0,-0.0,0.0
1736847126.920108,0.0,1.5708,0.49006,-0.0,-0.0,0.0
1736847126.9208333,0.0,1.5708,0.49021,-0.0,-0.0,0.0
1736847126.921551,0.0,1.5708,0.49039,-0.0,-0.0,0.0
1736847126.9225605,0.0,1.5708,0.49055,-0.0,-0.0,0.0
1736847126.9235556,0.0,1.5708,0.49066,-0.0,-0.0,0.0
1736847126.9243932,0.0,1.5708,0.49079,-0.0,-0.0,0.0
1736847126.9253967,0.0,1.5708,0.49091,-0.0,-0.0,0.0
1736847126.9253967,0.0,1.5708,0.49103,-0.0,-0.0,0.0
1736847126.9263978,0.0,1.5708,0.49115,-0.0,-0.0,0.0
1736847126.9276614,0.0,1.5708,0.49129,-0.0,-0.0,0.0
1736847126.928408,0.0,1.5708,0.49147,-0.0,-0.0,0.0
1736847126.929413,0.0,1.5708,0.49162,-0.0,-0.0,0.0
1736847126.9304497,0.0,1.5708,0.49175,-0.0,-0.0,0.0
1736847126.9314682,0.0,1.5708,0.49187,-0.0,-0.0,0.0
1736847126.9314682,0.0,1.5708,0.49199,-0.0,-0.0,0.0
1736847126.9324548,0.0,1.5708,0.49211,-0.0,-0.0,0.0
1736847126.9334543,0.0,1.5708,0.49223,-0.0,-0.0,0.0
1736847126.9346535,0.0,1.5708,0.49236,-0.0,-0.0,0.0
1736847126.935058,0.0,1.5708,0.49252,-0.0,-0.0,0.0
1736847126.936596,0.0,1.5708,0.49266,-0.0,-0.0,0.0
1736847126.9366999,0.0,1.5708,0.49279,-0.0,-0.0,0.0
1736847126.9377005,0.0,1.5708,0.49293,-0.0,-0.0,0.0
1736847126.9387014,0.0,1.5708,0.49311,-0.0,-0.0,0.0
1736847126.9397004,0.0,1.5708,0.49324,-0.0,-0.0,0.0
1736847126.9407005,0.0,1.5708,0.49338,-0.0,-0.0,0.0
1736847126.9417703,0.0,1.5708,0.49353,-0.0,-0.0,0.0
1736847126.9428027,0.0,1.5708,0.49368,-0.0,-0.0,0.0
1736847126.9438148,0.0,1.5708,0.49383,-0.0,-0.0,0.0
1736847126.9448032,0.0,1.5708,0.49395,-0.0,-0.0,0.0
1736847126.9448032,0.0,1.5708,0.49408,-0.0,-0.0,0.0
1736847126.945803,0.0,1.5708,0.4942,-0.0,-0.0,0.0
1736847126.946803,0.0,1.5708,0.49432,-0.0,-0.0,0.0
1736847126.9478137,0.0,1.5708,0.49445,-0.0,-0.0,0.0
1736847126.9488027,0.0,1.5708,0.49459,-0.0,-0.0,0.0
1736847126.9493139,0.0,1.5708,0.49474,-0.0,-0.0,0.0
1736847126.950319,0.0,1.5708,0.49488,-0.0,-0.0,0.0
1736847126.9513278,0.0,1.5708,0.495,-0.0,-0.0,0.0
1736847126.9513278,0.0,1.5708,0.49512,-0.0,-0.0,0.0
1736847126.95232,0.0,1.5708,0.49523,-0.0,-0.0,0.0
1736847126.9535651,0.0,1.5708,0.49536,-0.0,-0.0,0.0
1736847126.9545698,0.0,1.5708,0.49548,-0.0,-0.0,0.0
1736847126.9554725,0.0,1.5708,0.49561,-0.0,-0.0,0.0
1736847126.9554725,0.0,1.5708,0.49577,-0.0,-0.0,0.0
1736847126.9554725,0.0,1.5708,0.49594,-0.0,-0.0,0.0
1736847126.9554725,0.0,1.5708,0.49606,-0.0,-0.0,0.0
1736847126.9554725,0.0,1.5708,0.49618,-0.0,-0.0,0.0
1736847126.9595673,0.0,1.5708,0.49629,-0.0,-0.0,0.0
1736847126.9605744,0.0,1.5708,0.49643,-0.0,-0.0,0.0
1736847126.9615808,0.0,1.5708,0.49659,-0.0,-0.0,0.0
1736847126.9626658,0.0,1.5708,0.49675,-0.0,-0.0,0.0
1736847126.9637556,0.0,1.5708,0.49692,-0.0,-0.0,0.0
1736847126.9648747,0.0,1.5708,0.49709,-0.0,-0.0,0.0
1736847126.9656413,0.0,1.5708,0.49726,-0.0,-0.0,0.0
1736847126.966646,0.0,1.5708,0.49742,-0.0,-0.0,0.0
1736847126.9676454,0.0,1.5708,0.49758,-0.0,-0.0,0.0
1736847126.968645,0.0,1.5708,0.49771,-0.0,-0.0,0.0
1736847126.969522,0.0,1.5708,0.49784,-0.0,-0.0,0.0
1736847126.969909,0.0,1.5708,0.498,-0.0,-0.0,0.0
1736847126.971563,0.0,1.5708,0.49815,-0.0,-0.0,0.0
1736847126.9722264,0.0,1.5708,0.49827,-0.0,-0.0,0.0
1736847126.9722264,0.0,1.5708,0.4984,-0.0,-0.0,0.0
1736847126.9732375,0.0,1.5708,0.49852,-0.0,-0.0,0.0
1736847126.9742362,0.0,1.5708,0.49864,-0.0,-0.0,0.0
1736847126.9752371,0.0,1.5708,0.49876,-0.0,-0.0,0.0
1736847126.9762073,0.0,1.5708,0.49889,-0.0,-0.0,0.0
1736847126.9765804,0.0,1.5708,0.49904,-0.0,-0.0,0.0
1736847126.9778063,0.0,1.5708,0.49918,-0.0,-0.0,0.0
1736847126.978818,0.0,1.5708,0.4993,-0.0,-0.0,0.0
1736847126.978818,0.0,1.5708,0.49944,-0.0,-0.0,0.0
1736847126.9798124,0.0,1.5708,0.49955,-0.0,-0.0,0.0
1736847126.9808104,0.0,1.5708,0.49967,-0.0,-0.0,0.0
1736847126.9818196,0.0,1.5708,0.49979,-0.0,-0.0,0.0
1736847126.982812,0.0,1.5708,0.49992,-0.0,-0.0,0.0
1736847126.9837608,0.0,1.5708,0.50005,-0.0,-0.0,0.0
1736847126.9837608,0.0,1.5708,0.5002,-0.0,-0.0,0.0
1736847126.9847636,0.0,1.5708,0.50034,-0.0,-0.0,0.0
1736847126.985762,0.0,1.5708,0.50046,-0.0,-0.0,0.0
1736847126.9867613,0.0,1.5708,0.50058,-0.0,-0.0,0.0
1736847126.9877617,0.0,1.5708,0.5007,-0.0,-0.0,0.0
1736847126.9877617,0.0,1.5708,0.50081,-0.0,-0.0,0.0
1736847126.988918,0.0,1.5708,0.50093,-0.0,-0.0,0.0
1736847126.989924,0.0,1.5708,0.50106,-0.0,-0.0,0.0
1736847126.9905293,0.0,1.5708,0.50122,-0.0,-0.0,0.0
1736847126.9905293,0.0,1.5708,0.50144,-0.0,-0.0,0.0
1736847126.9905293,0.0,1.5708,0.50166,-0.0,-0.0,0.0
1736847126.9905293,0.0,1.5708,0.50185,-0.0,-0.0,0.0
1736847126.9959564,0.0,1.5708,0.50201,-0.0,-0.0,0.0
1736847126.9969647,0.0,1.5708,0.50218,-0.0,-0.0,0.0
1736847126.9978502,0.0,1.5708,0.50235,-0.0,-0.0,0.0
1736847126.9978502,0.0,1.5708,0.50252,-0.0,-0.0,0.0
1736847126.9978502,0.0,1.5708,0.50274,-0.0,-0.0,0.0
1736847126.9978502,0.0,1.5708,0.50289,-0.0,-0.0,0.0
1736847126.9978502,0.0,1.5708,0.50303,-0.0,-0.0,0.0
1736847126.9978502,0.0,1.5708,0.50317,-0.0,-0.0,0.0
1736847126.9978502,0.0,1.5708,0.50334,-0.0,-0.0,0.0
1736847127.005746,0.0,1.5708,0.50352,-0.0,-0.0,0.0
1736847127.005746,0.0,1.5708,0.50373,-0.0,-0.0,0.0
1736847127.005746,0.0,1.5708,0.50398,-0.0,-0.0,0.0
1736847127.0099342,0.0,1.5708,0.50417,-0.0,-0.0,0.0
1736847127.0109448,0.0,1.5708,0.50434,-0.0,-0.0,0.0
1736847127.0119455,0.0,1.5708,0.50456,-0.0,-0.0,0.0
1736847127.0129426,0.0,1.5708,0.50475,-0.0,-0.0,0.0
1736847127.014943,0.0,1.5708,0.50493,-0.0,-0.0,0.0
1736847127.0159419,0.0,1.5708,0.50511,-0.0,-0.0,0.0
1736847127.0167575,0.0,1.5708,0.50529,-0.0,-0.0,0.0
1736847127.0187664,0.0,1.5708,0.50558,-0.0,-0.0,0.0
1736847127.0207658,0.0,1.5708,0.50588,-0.0,-0.0,0.0
1736847127.0217643,0.0,1.5708,0.50609,-0.0,-0.0,0.0
1736847127.0236835,0.0,1.5708,0.50629,-0.0,-0.0,0.0
1736847127.0246997,0.0,1.5708,0.50651,-0.0,-0.0,0.0
1736847127.0266907,0.0,1.5708,0.50678,-0.0,-0.0,0.0
1736847127.0266907,0.0,1.5708,0.50695,-0.0,-0.0,0.0
1736847127.02769,0.0,1.5708,0.50708,-0.0,-0.0,0.0
1736847127.0286887,0.0,1.5708,0.5072,-0.0,-0.0,0.0
1736847127.0296898,0.0,1.5708,0.50734,-0.0,-0.0,0.0
1736847127.031286,0.0,1.5708,0.5075,-0.0,-0.0,0.0
1736847127.0323212,0.0,1.5708,0.50768,-0.0,-0.0,0.0
1736847127.0329335,0.0,1.5708,0.50787,-0.0,-0.0,0.0
1736847127.0329335,0.0,1.5708,0.50811,-0.0,-0.0,0.0
1736847127.0329335,0.0,1.5708,0.50836,-0.0,-0.0,0.0
1736847127.0381444,0.0,1.5708,0.50855,-0.0,-0.0,0.0
1736847127.0386796,0.0,1.5708,0.50877,-0.0,-0.0,0.0
1736847127.0400798,0.0,1.5708,0.50893,-0.0,-0.0,0.0
1736847127.0409393,0.0,1.5708,0.50907,-0.0,-0.0,0.0
1736847127.04185,0.0,1.5708,0.50919,-0.0,-0.0,0.0
1736847127.04185,0.0,1.5708,0.50932,-0.0,-0.0,0.0
1736847127.04185,0.0,1.5708,0.50944,-0.0,-0.0,0.0
1736847127.04185,0.0,1.5708,0.50956,-0.0,-0.0,0.0
1736847127.0448923,0.0,1.5708,0.50967,-0.0,-0.0,0.0
1736847127.0457942,0.0,1.5708,0.50981,-0.0,-0.0,0.0
1736847127.0466232,0.0,1.5708,0.50996,-0.0,-0.0,0.0
1736847127.0470874,0.0,1.5708,0.51009,-0.0,-0.0,0.0
1736847127.0480938,0.0,1.5708,0.51021,-0.0,-0.0,0.0
1736847127.0490918,0.0,1.5708,0.51033,-0.0,-0.0,0.0
1736847127.0490918,0.0,1.5708,0.51045,-0.0,-0.0,0.0
1736847127.0504062,0.0,1.5708,0.51057,-0.0,-0.0,0.0
1736847127.051407,0.0,1.5708,0.51069,-0.0,-0.0,0.0
1736847127.0518923,0.0,1.5708,0.51082,-0.0,-0.0,0.0
1736847127.0518923,0.0,1.5708,0.51098,-0.0,-0.0,0.0
1736847127.0518923,0.0,1.5708,0.51111,-0.0,-0.0,0.0
1736847127.0518923,0.0,1.5708,0.51123,-0.0,-0.0,0.0
1736847127.0518923,0.0,1.5708,0.51136,-0.0,-0.0,0.0
1736847127.0561833,0.0,1.5708,0.51147,-0.0,-0.0,0.0
1736847127.0561833,0.0,1.5708,0.51159,-0.0,-0.0,0.0
1736847127.0571945,0.0,1.5708,0.51171,-0.0,-0.0,0.0
1736847127.058193,0.0,1.5708,0.51183,-0.0,-0.0,0.0
1736847127.0595863,0.0,1.5708,0.51194,-0.0,-0.0,0.0
1736847127.0600517,0.0,1.5708,0.51214,-0.0,-0.0,0.0
1736847127.060943,0.0,1.5708,0.51227,-0.0,-0.0,0.0
1736847127.060943,0.0,1.5708,0.51241,-0.0,-0.0,0.0
1736847127.060943,0.0,1.5708,0.51254,-0.0,-0.0,0.0
1736847127.060943,0.0,1.5708,0.51266,-0.0,-0.0,0.0
1736847127.060943,0.0,1.5708,0.51278,-0.0,-0.0,0.0
1736847127.0653803,0.0,1.5708,0.51289,-0.0,-0.0,0.0
1736847127.0658216,0.0,1.5708,0.51301,-0.0,-0.0,0.0
1736847127.0658216,0.0,1.5708,0.51315,-0.0,-0.0,0.0
1736847127.0678353,0.0,1.5708,0.51329,-0.0,-0.0,0.0
1736847127.0686162,0.0,1.5708,0.51342,-0.0,-0.0,0.0
1736847127.069469,0.0,1.5708,0.51354,-0.0,-0.0,0.0
1736847127.069469,0.0,1.5708,0.51366,-0.0,-0.0,0.0
1736847127.0704832,0.0,1.5708,0.51377,-0.0,-0.0,0.0
1736847127.0714912,0.0,1.5708,0.51389,-0.0,-0.0,0.0
1736847127.072481,0.0,1.5708,0.514,-0.0,-0.0,0.0
1736847127.0726974,0.0,1.5708,0.51413,-0.0,-0.0,0.0
1736847127.0738695,0.0,1.5708,0.5143,-0.0,-0.0,0.0
1736847127.0748725,0.0,1.5708,0.51443,-0.0,-0.0,0.0
1736847127.0758827,0.0,1.5708,0.51456,-0.0,-0.0,0.0
1736847127.0758827,0.0,1.5708,0.51467,-0.0,-0.0,0.0
1736847127.0768702,0.0,1.5708,0.51479,-0.0,-0.0,0.0
1736847127.0779998,0.0,1.5708,0.51491,-0.0,-0.0,0.0
1736847127.0790048,0.0,1.5708,0.51502,-0.0,-0.0,0.0
1736847127.079642,0.0,1.5708,0.51516,-0.0,-0.0,0.0
1736847127.079642,0.0,1.5708,0.5153,-0.0,-0.0,0.0
1736847127.079642,0.0,1.5708,0.51545,-0.0,-0.0,0.0
1736847127.079642,0.0,1.5708,0.51557,-0.0,-0.0,0.0
1736847127.0830576,0.0,1.5708,0.51569,-0.0,-0.0,0.0
1736847127.0830576,0.0,1.5708,0.51581,-0.0,-0.0,0.0
1736847127.0840633,0.0,1.5708,0.51593,-0.0,-0.0,0.0
1736847127.085063,0.0,1.5708,0.51605,-0.0,-0.0,0.0
1736847127.0860734,0.0,1.5708,0.51616,-0.0,-0.0,0.0
1736847127.0870404,0.0,1.5708,0.51629,-0.0,-0.0,0.0
1736847127.0873134,0.0,1.5708,0.51644,-0.0,-0.0,0.0
1736847127.0889547,0.0,1.5708,0.51658,-0.0,-0.0,0.0
1736847127.0896251,0.0,1.5708,0.51671,-0.0,-0.0,0.0
1736847127.090538,0.0,1.5708,0.51684,-0.0,-0.0,0.0
1736847127.090538,0.0,1.5708,0.51696,-0.0,-0.0,0.0
1736847127.0915523,0.0,1.5708,0.51708,-0.0,-0.0,0.0
1736847127.0925498,0.0,1.5708,0.5172,-0.0,-0.0,0.0
1736847127.0935357,0.0,1.5708,0.51731,-0.0,-0.0,0.0
1736847127.0935357,0.0,1.5708,0.51745,-0.0,-0.0,0.0
1736847127.094944,0.0,1.5708,0.51762,-0.0,-0.0,0.0
1736847127.095946,0.0,1.5708,0.51775,-0.0,-0.0,0.0
1736847127.0969565,0.0,1.5708,0.51786,-0.0,-0.0,0.0
1736847127.0969565,0.0,1.5708,0.51798,-0.0,-0.0,0.0
1736847127.097944,0.0,1.5708,0.5181,-0.0,-0.0,0.0
1736847127.098944,0.0,1.5708,0.51822,-0.0,-0.0,0.0
1736847127.1001008,0.0,1.5708,0.51834,-0.0,-0.0,0.0
1736847127.1005602,0.0,1.5708,0.51847,-0.0,-0.0,0.0
1736847127.10135,0.0,1.5708,0.51863,-0.0,-0.0,0.0
1736847127.1023567,0.0,1.5708,0.51878,-0.0,-0.0,0.0
1736847127.1033552,0.0,1.5708,0.5189,-0.0,-0.0,0.0
1736847127.10436,0.0,1.5708,0.51902,-0.0,-0.0,0.0
1736847127.10436,0.0,1.5708,0.51913,-0.0,-0.0,0.0
1736847127.1053557,0.0,1.5708,0.51925,-0.0,-0.0,0.0
1736847127.1061468,0.0,1.5708,0.51937,-0.0,-0.0,0.0
1736847127.1073823,0.0,1.5708,0.51948,-0.0,-0.0,0.0
1736847127.1073823,0.0,1.5708,0.51962,-0.0,-0.0,0.0
1736847127.1073823,0.0,1.5708,0.51977,-0.0,-0.0,0.0
1736847127.1073823,0.0,1.5708,0.51994,-0.0,-0.0,0.0
1736847127.1073823,0.0,1.5708,0.52006,-0.0,-0.0,0.0
1736847127.111684,0.0,1.5708,0.52018,-0.0,-0.0,0.0
1736847127.1125891,0.0,1.5708,0.5203,-0.0,-0.0,0.0
1736847127.1125891,0.0,1.5708,0.52042,-0.0,-0.0,0.0
1736847127.113596,0.0,1.5708,0.52054,-0.0,-0.0,0.0
1736847127.1145961,0.0,1.5708,0.52067,-0.0,-0.0,0.0
1736847127.115269,0.0,1.5708,0.5208,-0.0,-0.0,0.0
1736847127.116273,0.0,1.5708,0.52096,-0.0,-0.0,0.0
1736847127.1176348,0.0,1.5708,0.5211,-0.0,-0.0,0.0
1736847127.1177397,0.0,1.5708,0.52123,-0.0,-0.0,0.0
1736847127.1187406,0.0,1.5708,0.52135,-0.0,-0.0,0.0
1736847127.1197417,0.0,1.5708,0.52148,-0.0,-0.0,0.0
1736847127.120745,0.0,1.5708,0.5216,-0.0,-0.0,0.0
1736847127.1214254,0.0,1.5708,0.52172,-0.0,-0.0,0.0
1736847127.1220698,0.0,1.5708,0.52189,-0.0,-0.0,0.0
1736847127.1231203,0.0,1.5708,0.52205,-0.0,-0.0,0.0
1736847127.1243017,0.0,1.5708,0.52223,-0.0,-0.0,0.0
1736847127.1253037,0.0,1.5708,0.52237,-0.0,-0.0,0.0
1736847127.1263025,0.0,1.5708,0.5225,-0.0,-0.0,0.0
1736847127.1273015,0.0,1.5708,0.52262,-0.0,-0.0,0.0
1736847127.128303,0.0,1.5708,0.52276,-0.0,-0.0,0.0
1736847127.128392,0.0,1.5708,0.52291,-0.0,-0.0,0.0
1736847127.13002,0.0,1.5708,0.52308,-0.0,-0.0,0.0
1736847127.1310275,0.0,1.5708,0.52323,-0.0,-0.0,0.0
1736847127.1320248,0.0,1.5708,0.52335,-0.0,-0.0,0.0
1736847127.1320248,0.0,1.5708,0.52348,-0.0,-0.0,0.0
1736847127.1330261,0.0,1.5708,0.5236,-0.0,-0.0,0.0
1736847127.134038,0.0,1.5708,0.52371,-0.0,-0.0,0.0
1736847127.1350262,0.0,1.5708,0.52383,-0.0,-0.0,0.0
1736847127.135347,0.0,1.5708,0.52398,-0.0,-0.0,0.0
1736847127.136786,0.0,1.5708,0.52418,-0.0,-0.0,0.0
1736847127.1377878,0.0,1.5708,0.52434,-0.0,-0.0,0.0
1736847127.1387863,0.0,1.5708,0.52447,-0.0,-0.0,0.0
1736847127.1397882,0.0,1.5708,0.52459,-0.0,-0.0,0.0
1736847127.1403887,0.0,1.5708,0.52471,-0.0,-0.0,0.0
1736847127.1413944,0.0,1.5708,0.52484,-0.0,-0.0,0.0
1736847127.1413944,0.0,1.5708,0.52496,-0.0,-0.0,0.0
1736847127.1431057,0.0,1.5708,0.52511,-0.0,-0.0,0.0
1736847127.1431057,0.0,1.5708,0.52527,-0.0,-0.0,0.0
1736847127.1431057,0.0,1.5708,0.52541,-0.0,-0.0,0.0
1736847127.1431057,0.0,1.5708,0.52554,-0.0,-0.0,0.0
1736847127.1465118,0.0,1.5708,0.52566,-0.0,-0.0,0.0
1736847127.1465118,0.0,1.5708,0.52578,-0.0,-0.0,0.0
1736847127.1475182,0.0,1.5708,0.52589,-0.0,-0.0,0.0
1736847127.148518,0.0,1.5708,0.52601,-0.0,-0.0,0.0
1736847127.1496875,0.0,1.5708,0.52614,-0.0,-0.0,0.0
1736847127.1507268,0.0,1.5708,0.52629,-0.0,-0.0,0.0
1736847127.1507268,0.0,1.5708,0.52643,-0.0,-0.0,0.0
1736847127.1522214,0.0,1.5708,0.52655,-0.0,-0.0,0.0
1736847127.1522214,0.0,1.5708,0.52667,-0.0,-0.0,0.0
1736847127.1532214,0.0,1.5708,0.52679,-0.0,-0.0,0.0
1736847127.154221,0.0,1.5708,0.5269,-0.0,-0.0,0.0
1736847127.155231,0.0,1.5708,0.52703,-0.0,-0.0,0.0
1736847127.1562228,0.0,1.5708,0.52716,-0.0,-0.0,0.0
1736847127.1570282,0.0,1.5708,0.52732,-0.0,-0.0,0.0
1736847127.158148,0.0,1.5708,0.52748,-0.0,-0.0,0.0
1736847127.1591542,0.0,1.5708,0.52767,-0.0,-0.0,0.0
1736847127.1601534,0.0,1.5708,0.52783,-0.0,-0.0,0.0
1736847127.1611626,0.0,1.5708,0.52798,-0.0,-0.0,0.0
1736847127.162159,0.0,1.5708,0.52812,-0.0,-0.0,0.0
1736847127.1631198,0.0,1.5708,0.52824,-0.0,-0.0,0.0
1736847127.1631198,0.0,1.5708,0.5284,-0.0,-0.0,0.0
1736847127.1649425,0.0,1.5708,0.52862,-0.0,-0.0,0.0
1736847127.165951,0.0,1.5708,0.52877,-0.0,-0.0,0.0
1736847127.1669505,0.0,1.5708,0.52891,-0.0,-0.0,0.0
1736847127.1679606,0.0,1.5708,0.52903,-0.0,-0.0,0.0
1736847127.1689484,0.0,1.5708,0.52915,-0.0,-0.0,0.0
1736847127.1695266,0.0,1.5708,0.52928,-0.0,-0.0,0.0
1736847127.1700609,0.0,1.5708,0.52943,-0.0,-0.0,0.0
1736847127.1700609,0.0,1.5708,0.52961,-0.0,-0.0,0.0
1736847127.1700609,0.0,1.5708,0.52976,-0.0,-0.0,0.0
1736847127.1700609,0.0,1.5708,0.52988,-0.0,-0.0,0.0
1736847127.174116,0.0,1.5708,0.53001,-0.0,-0.0,0.0
1736847127.1751282,0.0,1.5708,0.53014,-0.0,-0.0,0.0
1736847127.1751282,0.0,1.5708,0.53026,-0.0,-0.0,0.0
1736847127.1761208,0.0,1.5708,0.53038,-0.0,-0.0,0.0
1736847127.1778228,0.0,1.5708,0.53054,-0.0,-0.0,0.0
1736847127.17841,0.0,1.5708,0.53072,-0.0,-0.0,0.0
1736847127.179928,0.0,1.5708,0.53087,-0.0,-0.0,0.0
1736847127.180059,0.0,1.5708,0.53103,-0.0,-0.0,0.0
1736847127.181061,0.0,1.5708,0.53118,-0.0,-0.0,0.0
1736847127.1820593,0.0,1.5708,0.53131,-0.0,-0.0,0.0
1736847127.1830602,0.0,1.5708,0.53143,-0.0,-0.0,0.0
1736847127.1843698,0.0,1.5708,0.53156,-0.0,-0.0,0.0
1736847127.18452,0.0,1.5708,0.53172,-0.0,-0.0,0.0
1736847127.1862104,0.0,1.5708,0.5319,-0.0,-0.0,0.0
1736847127.1872141,0.0,1.5708,0.53203,-0.0,-0.0,0.0
1736847127.1872141,0.0,1.5708,0.53216,-0.0,-0.0,0.0
1736847127.1882143,0.0,1.5708,0.5323,-0.0,-0.0,0.0
1736847127.1892154,0.0,1.5708,0.53242,-0.0,-0.0,0.0
1736847127.1902268,0.0,1.5708,0.53254,-0.0,-0.0,0.0
1736847127.1909668,0.0,1.5708,0.53268,-0.0,-0.0,0.0
1736847127.1921813,0.0,1.5708,0.53285,-0.0,-0.0,0.0
1736847127.1931834,0.0,1.5708,0.53305,-0.0,-0.0,0.0
1736847127.1941814,0.0,1.5708,0.5332,-0.0,-0.0,0.0
1736847127.1951826,0.0,1.5708,0.53333,-0.0,-0.0,0.0
1736847127.1961634,0.0,1.5708,0.53346,-0.0,-0.0,0.0
1736847127.1971674,0.0,1.5708,0.53358,-0.0,-0.0,0.0
1736847127.1978252,0.0,1.5708,0.53372,-0.0,-0.0,0.0
1736847127.1978252,0.0,1.5708,0.53388,-0.0,-0.0,0.0
1736847127.1978252,0.0,1.5708,0.53405,-0.0,-0.0,0.0
1736847127.1978252,0.0,1.5708,0.53423,-0.0,-0.0,0.0
1736847127.2020109,0.0,1.5708,0.53439,-0.0,-0.0,0.0
1736847127.203031,0.0,1.5708,0.53452,-0.0,-0.0,0.0
1736847127.203031,0.0,1.5708,0.53464,-0.0,-0.0,0.0
1736847127.2047372,0.0,1.5708,0.53477,-0.0,-0.0,0.0
1736847127.205389,0.0,1.5708,0.53493,-0.0,-0.0,0.0
1736847127.2064304,0.0,1.5708,0.5351,-0.0,-0.0,0.0
1736847127.2078323,0.0,1.5708,0.53525,-0.0,-0.0,0.0
1736847127.2079418,0.0,1.5708,0.53539,-0.0,-0.0,0.0
1736847127.2089443,0.0,1.5708,0.53552,-0.0,-0.0,0.0
1736847127.2099488,0.0,1.5708,0.53564,-0.0,-0.0,0.0
1736847127.2109425,0.0,1.5708,0.53577,-0.0,-0.0,0.0
1736847127.2116652,0.0,1.5708,0.53589,-0.0,-0.0,0.0
1736847127.2122478,0.0,1.5708,0.53603,-0.0,-0.0,0.0
1736847127.2138443,0.0,1.5708,0.5362,-0.0,-0.0,0.0
1736847127.2140858,0.0,1.5708,0.53634,-0.0,-0.0,0.0
1736847127.2150881,0.0,1.5708,0.53648,-0.0,-0.0,0.0
1736847127.2160869,0.0,1.5708,0.53662,-0.0,-0.0,0.0
1736847127.217087,0.0,1.5708,0.53674,-0.0,-0.0,0.0
1736847127.217087,0.0,1.5708,0.53685,-0.0,-0.0,0.0
1736847127.2186484,0.0,1.5708,0.53698,-0.0,-0.0,0.0
1736847127.2186484,0.0,1.5708,0.53715,-0.0,-0.0,0.0
1736847127.2186484,0.0,1.5708,0.53732,-0.0,-0.0,0.0
1736847127.2186484,0.0,1.5708,0.53746,-0.0,-0.0,0.0
1736847127.2186484,0.0,1.5708,0.53758,-0.0,-0.0,0.0
1736847127.2186484,0.0,1.5708,0.53771,-0.0,-0.0,0.0
1736847127.2186484,0.0,1.5708,0.53783,-0.0,-0.0,0.0
1736847127.2247133,0.0,1.5708,0.53795,-0.0,-0.0,0.0
1736847127.2255692,0.0,1.5708,0.53807,-0.0,-0.0,0.0
1736847127.2262185,0.0,1.5708,0.53822,-0.0,-0.0,0.0
1736847127.2272708,0.0,1.5708,0.53842,-0.0,-0.0,0.0
1736847127.2282789,0.0,1.5708,0.53855,-0.0,-0.0,0.0
1736847127.2292688,0.0,1.5708,0.53871,-0.0,-0.0,0.0
1736847127.2301228,0.0,1.5708,0.53883,-0.0,-0.0,0.0
1736847127.2308207,0.0,1.5708,0.53896,-0.0,-0.0,0.0
1736847127.2318223,0.0,1.5708,0.53909,-0.0,-0.0,0.0
1736847127.2328217,0.0,1.5708,0.53923,-0.0,-0.0,0.0
1736847127.2338147,0.0,1.5708,0.53941,-0.0,-0.0,0.0
1736847127.2348747,0.0,1.5708,0.53955,-0.0,-0.0,0.0
1736847127.2358582,0.0,1.5708,0.53969,-0.0,-0.0,0.0
1736847127.236626,0.0,1.5708,0.53983,-0.0,-0.0,0.0
1736847127.2376297,0.0,1.5708,0.53995,-0.0,-0.0,0.0
1736847127.2376297,0.0,1.5708,0.54007,-0.0,-0.0,0.0
1736847127.2386303,0.0,1.5708,0.5402,-0.0,-0.0,0.0
1736847127.2403028,0.0,1.5708,0.54035,-0.0,-0.0,0.0
1736847127.2410672,0.0,1.5708,0.54055,-0.0,-0.0,0.0
1736847127.2425478,0.0,1.5708,0.54071,-0.0,-0.0,0.0
1736847127.242706,0.0,1.5708,0.54086,-0.0,-0.0,0.0
1736847127.2437084,0.0,1.5708,0.54099,-0.0,-0.0,0.0
1736847127.2447064,0.0,1.5708,0.54112,-0.0,-0.0,0.0
1736847127.2457147,0.0,1.5708,0.54124,-0.0,-0.0,0.0
1736847127.2468483,0.0,1.5708,0.54137,-0.0,-0.0,0.0
1736847127.247164,0.0,1.5708,0.54154,-0.0,-0.0,0.0
1736847127.247164,0.0,1.5708,0.54175,-0.0,-0.0,0.0
1736847127.247164,0.0,1.5708,0.54192,-0.0,-0.0,0.0
1736847127.247164,0.0,1.5708,0.54205,-0.0,-0.0,0.0
1736847127.247164,0.0,1.5708,0.54217,-0.0,-0.0,0.0
1736847127.247164,0.0,1.5708,0.5423,-0.0,-0.0,0.0
1736847127.247164,0.0,1.5708,0.54243,-0.0,-0.0,0.0
1736847127.2542238,0.0,1.5708,0.54257,-0.0,-0.0,0.0
1736847127.2547395,0.0,1.5708,0.54272,-0.0,-0.0,0.0
1736847127.255747,0.0,1.5708,0.54286,-0.0,-0.0,0.0
1736847127.2567582,0.0,1.5708,0.54298,-0.0,-0.0,0.0
1736847127.2567582,0.0,1.5708,0.54309,-0.0,-0.0,0.0
1736847127.2583215,0.0,1.5708,0.54321,-0.0,-0.0,0.0
1736847127.2583215,0.0,1.5708,0.54334,-0.0,-0.0,0.0
1736847127.2597854,0.0,1.5708,0.54347,-0.0,-0.0,0.0
1736847127.2602565,0.0,1.5708,0.54362,-0.0,-0.0,0.0
1736847127.2602565,0.0,1.5708,0.54379,-0.0,-0.0,0.0
1736847127.2602565,0.0,1.5708,0.54394,-0.0,-0.0,0.0
1736847127.263688,0.0,1.5708,0.54407,-0.0,-0.0,0.0
1736847127.2646933,0.0,1.5708,0.54419,-0.0,-0.0,0.0
1736847127.2646933,0.0,1.5708,0.54431,-0.0,-0.0,0.0
1736847127.2656934,0.0,1.5708,0.54444,-0.0,-0.0,0.0
1736847127.2666936,0.0,1.5708,0.54456,-0.0,-0.0,0.0
1736847127.2677875,0.0,1.5708,0.54469,-0.0,-0.0,0.0
1736847127.2688267,0.0,1.5708,0.54485,-0.0,-0.0,0.0
1736847127.2696867,0.0,1.5708,0.545,-0.0,-0.0,0.0
1736847127.2706928,0.0,1.5708,0.54514,-0.0,-0.0,0.0
1736847127.2706928,0.0,1.5708,0.54526,-0.0,-0.0,0.0
1736847127.271692,0.0,1.5708,0.54537,-0.0,-0.0,0.0
1736847127.2726922,0.0,1.5708,0.54549,-0.0,-0.0,0.0
1736847127.273691,0.0,1.5708,0.54561,-0.0,-0.0,0.0
1736847127.2742345,0.0,1.5708,0.54574,-0.0,-0.0,0.0
1736847127.2754416,0.0,1.5708,0.5459,-0.0,-0.0,0.0
1736847127.2764482,0.0,1.5708,0.54608,-0.0,-0.0,0.0
1736847127.2774475,0.0,1.5708,0.54622,-0.0,-0.0,0.0
1736847127.2774475,0.0,1.5708,0.54634,-0.0,-0.0,0.0
1736847127.2784464,0.0,1.5708,0.54646,-0.0,-0.0,0.0
1736847127.2794478,0.0,1.5708,0.54658,-0.0,-0.0,0.0
1736847127.2806754,0.0,1.5708,0.54671,-0.0,-0.0,0.0
1736847127.2812276,0.0,1.5708,0.54684,-0.0,-0.0,0.0
1736847127.2821934,0.0,1.5708,0.54699,-0.0,-0.0,0.0
1736847127.2832115,0.0,1.5708,0.54714,-0.0,-0.0,0.0
1736847127.3596592,0.0,1.5708,0.5603,-0.0,-0.0,0.0
1736847127.3596592,0.0,1.5708,0.56064,-0.0,-0.0,0.0
1736847127.3596592,0.0,1.5708,0.56084,-0.0,-0.0,0.0
1736847127.3596592,0.0,1.5708,0.56098,-0.0,-0.0,0.0
1736847127.3596592,0.0,1.5708,0.56112,-0.0,-0.0,0.0
1736847127.3732195,0.0,1.5708,0.56125,-0.0,-0.0,0.0
1736847127.3742964,0.0,1.5708,0.56139,-0.0,-0.0,0.0
1736847127.3754134,0.0,1.5708,0.56156,-0.0,-0.0,0.0
1736847127.376418,0.0,1.5708,0.56175,-0.0,-0.0,0.0
1736847127.3774173,0.0,1.5708,0.5619,-0.0,-0.0,0.0
1736847127.3774173,0.0,1.5708,0.56203,-0.0,-0.0,0.0
1736847127.378416,0.0,1.5708,0.56217,-0.0,-0.0,0.0
1736847127.379731,0.0,1.5708,0.56236,-0.0,-0.0,0.0
1736847127.3807333,0.0,1.5708,0.56249,-0.0,-0.0,0.0
1736847127.381749,0.0,1.5708,0.56261,-0.0,-0.0,0.0
1736847127.382734,0.0,1.5708,0.56273,-0.0,-0.0,0.0
1736847127.382734,0.0,1.5708,0.56285,-0.0,-0.0,0.0
1736847127.383734,0.0,1.5708,0.56297,-0.0,-0.0,0.0
1736847127.3847854,0.0,1.5708,0.56311,-0.0,-0.0,0.0
1736847127.3861284,0.0,1.5708,0.56325,-0.0,-0.0,0.0
1736847127.3861284,0.0,1.5708,0.56342,-0.0,-0.0,0.0
1736847127.3861284,0.0,1.5708,0.56359,-0.0,-0.0,0.0
1736847127.3861284,0.0,1.5708,0.56371,-0.0,-0.0,0.0
1736847127.3895164,0.0,1.5708,0.56383,-0.0,-0.0,0.0
1736847127.390523,0.0,1.5708,0.56395,-0.0,-0.0,0.0
1736847127.390523,0.0,1.5708,0.56408,-0.0,-0.0,0.0
1736847127.391525,0.0,1.5708,0.5642,-0.0,-0.0,0.0
1736847127.392524,0.0,1.5708,0.56434,-0.0,-0.0,0.0
1736847127.3936532,0.0,1.5708,0.56452,-0.0,-0.0,0.0
1736847127.3947165,0.0,1.5708,0.56466,-0.0,-0.0,0.0
1736847127.3956306,0.0,1.5708,0.56485,-0.0,-0.0,0.0
1736847127.39664,0.0,1.5708,0.565,-0.0,-0.0,0.0
1736847127.3976514,0.0,1.5708,0.56512,-0.0,-0.0,0.0
1736847127.3986409,0.0,1.5708,0.56524,-0.0,-0.0,0.0
1736847127.3996391,0.0,1.5708,0.56538,-0.0,-0.0,0.0
1736847127.4006386,0.0,1.5708,0.56553,-0.0,-0.0,0.0
1736847127.4012816,0.0,1.5708,0.56568,-0.0,-0.0,0.0
1736847127.4023068,0.0,1.5708,0.56584,-0.0,-0.0,0.0
1736847127.4032874,0.0,1.5708,0.56597,-0.0,-0.0,0.0
1736847127.4032874,0.0,1.5708,0.56609,-0.0,-0.0,0.0
1736847127.4042892,0.0,1.5708,0.5662,-0.0,-0.0,0.0
1736847127.405304,0.0,1.5708,0.56632,-0.0,-0.0,0.0
1736847127.4063022,0.0,1.5708,0.56645,-0.0,-0.0,0.0
1736847127.407035,0.0,1.5708,0.56659,-0.0,-0.0,0.0
1736847127.4080083,0.0,1.5708,0.56675,-0.0,-0.0,0.0
1736847127.409015,0.0,1.5708,0.56691,-0.0,-0.0,0.0
1736847127.4100273,0.0,1.5708,0.56704,-0.0,-0.0,0.0
1736847127.4110157,0.0,1.5708,0.56717,-0.0,-0.0,0.0
1736847127.4110157,0.0,1.5708,0.56729,-0.0,-0.0,0.0
1736847127.4120152,0.0,1.5708,0.56741,-0.0,-0.0,0.0
1736847127.4130144,0.0,1.5708,0.56756,-0.0,-0.0,0.0
1736847127.414015,0.0,1.5708,0.5677,-0.0,-0.0,0.0
1736847127.4148514,0.0,1.5708,0.56787,-0.0,-0.0,0.0
1736847127.4148514,0.0,1.5708,0.56806,-0.0,-0.0,0.0
1736847127.4148514,0.0,1.5708,0.56821,-0.0,-0.0,0.0
1736847127.4182084,0.0,1.5708,0.56834,-0.0,-0.0,0.0
1736847127.4192154,0.0,1.5708,0.56847,-0.0,-0.0,0.0
1736847127.4192154,0.0,1.5708,0.5686,-0.0,-0.0,0.0
1736847127.4211504,0.0,1.5708,0.56876,-0.0,-0.0,0.0
1736847127.4215932,0.0,1.5708,0.56892,-0.0,-0.0,0.0
1736847127.4225981,0.0,1.5708,0.56907,-0.0,-0.0,0.0
1736847127.4238682,0.0,1.5708,0.5692,-0.0,-0.0,0.0
1736847127.4240086,0.0,1.5708,0.56933,-0.0,-0.0,0.0
1736847127.4250119,0.0,1.5708,0.56946,-0.0,-0.0,0.0
1736847127.4260104,0.0,1.5708,0.56959,-0.0,-0.0,0.0
1736847127.4270134,0.0,1.5708,0.56971,-0.0,-0.0,0.0
1736847127.4282222,0.0,1.5708,0.56987,-0.0,-0.0,0.0
1736847127.4292254,0.0,1.5708,0.57002,-0.0,-0.0,0.0
1736847127.4298415,0.0,1.5708,0.57016,-0.0,-0.0,0.0
1736847127.4308486,0.0,1.5708,0.57029,-0.0,-0.0,0.0
1736847127.4308486,0.0,1.5708,0.57041,-0.0,-0.0,0.0
1736847127.4318473,0.0,1.5708,0.57053,-0.0,-0.0,0.0
1736847127.4328609,0.0,1.5708,0.57065,-0.0,-0.0,0.0
1736847127.433848,0.0,1.5708,0.57076,-0.0,-0.0,0.0
1736847127.433848,0.0,1.5708,0.57089,-0.0,-0.0,0.0
1736847127.4353518,0.0,1.5708,0.57106,-0.0,-0.0,0.0
1736847127.4363787,0.0,1.5708,0.5712,-0.0,-0.0,0.0
1736847127.4373765,0.0,1.5708,0.57133,-0.0,-0.0,0.0
1736847127.4373765,0.0,1.5708,0.57145,-0.0,-0.0,0.0
1736847127.4383597,0.0,1.5708,0.57157,-0.0,-0.0,0.0
1736847127.4393582,0.0,1.5708,0.57168,-0.0,-0.0,0.0
1736847127.4403446,0.0,1.5708,0.5718,-0.0,-0.0,0.0
1736847127.4413521,0.0,1.5708,0.57194,-0.0,-0.0,0.0
1736847127.441876,0.0,1.5708,0.57209,-0.0,-0.0,0.0
1736847127.441876,0.0,1.5708,0.57223,-0.0,-0.0,0.0
1736847127.441876,0.0,1.5708,0.57236,-0.0,-0.0,0.0
1736847127.441876,0.0,1.5708,0.5725,-0.0,-0.0,0.0
1736847127.4455013,0.0,1.5708,0.57262,-0.0,-0.0,0.0
1736847127.4465113,0.0,1.5708,0.57275,-0.0,-0.0,0.0
1736847127.4465113,0.0,1.5708,0.57287,-0.0,-0.0,0.0
1736847127.4475083,0.0,1.5708,0.57299,-0.0,-0.0,0.0
1736847127.4486754,0.0,1.5708,0.57313,-0.0,-0.0,0.0
1736847127.449083,0.0,1.5708,0.57328,-0.0,-0.0,0.0
1736847127.4500923,0.0,1.5708,0.57342,-0.0,-0.0,0.0
1736847127.4510896,0.0,1.5708,0.57355,-0.0,-0.0,0.0
1736847127.4518516,0.0,1.5708,0.57367,-0.0,-0.0,0.0
1736847127.4528546,0.0,1.5708,0.5738,-0.0,-0.0,0.0
1736847127.453866,0.0,1.5708,0.57391,-0.0,-0.0,0.0
1736847127.453866,0.0,1.5708,0.57404,-0.0,-0.0,0.0
1736847127.455492,0.0,1.5708,0.57416,-0.0,-0.0,0.0
1736847127.4562595,0.0,1.5708,0.57432,-0.0,-0.0,0.0
1736847127.4572835,0.0,1.5708,0.57447,-0.0,-0.0,0.0
1736847127.4572835,0.0,1.5708,0.57459,-0.0,-0.0,0.0
1736847127.4572835,0.0,1.5708,0.57472,-0.0,-0.0,0.0
1736847127.4572835,0.0,1.5708,0.57484,-0.0,-0.0,0.0
1736847127.4572835,0.0,1.5708,0.57496,-0.0,-0.0,0.0
1736847127.4572835,0.0,1.5708,0.57507,-0.0,-0.0,0.0
1736847127.4572835,0.0,1.5708,0.5752,-0.0,-0.0,0.0
1736847127.4623902,0.0,1.5708,0.57533,-0.0,-0.0,0.0
1736847127.4639482,0.0,1.5708,0.57547,-0.0,-0.0,0.0
1736847127.464965,0.0,1.5708,0.57567,-0.0,-0.0,0.0
1736847127.4659524,0.0,1.5708,0.57581,-0.0,-0.0,0.0
1736847127.4659524,0.0,1.5708,0.57593,-0.0,-0.0,0.0
1736847127.4669516,0.0,1.5708,0.57605,-0.0,-0.0,0.0
1736847127.4680996,0.0,1.5708,0.57618,-0.0,-0.0,0.0
1736847127.46911,0.0,1.5708,0.57632,-0.0,-0.0,0.0
1736847127.470133,0.0,1.5708,0.57647,-0.0,-0.0,0.0
1736847127.4711423,0.0,1.5708,0.57662,-0.0,-0.0,0.0
1736847127.4711423,0.0,1.5708,0.57675,-0.0,-0.0,0.0
1736847127.4721413,0.0,1.5708,0.57688,-0.0,-0.0,0.0
1736847127.4730523,0.0,1.5708,0.577,-0.0,-0.0,0.0
1736847127.4730523,0.0,1.5708,0.57712,-0.0,-0.0,0.0
1736847127.4730523,0.0,1.5708,0.57725,-0.0,-0.0,0.0
1736847127.4730523,0.0,1.5708,0.57736,-0.0,-0.0,0.0
1736847127.4762576,0.0,1.5708,0.5775,-0.0,-0.0,0.0
1736847127.47694,0.0,1.5708,0.57763,-0.0,-0.0,0.0
1736847127.4782028,0.0,1.5708,0.57777,-0.0,-0.0,0.0
1736847127.4792264,0.0,1.5708,0.5779,-0.0,-0.0,0.0
1736847127.4792264,0.0,1.5708,0.57802,-0.0,-0.0,0.0
1736847127.4802117,0.0,1.5708,0.57814,-0.0,-0.0,0.0
1736847127.4812093,0.0,1.5708,0.57826,-0.0,-0.0,0.0
1736847127.4822075,0.0,1.5708,0.57837,-0.0,-0.0,0.0
1736847127.4822075,0.0,1.5708,0.5785,-0.0,-0.0,0.0
1736847127.4840689,0.0,1.5708,0.57866,-0.0,-0.0,0.0
1736847127.485079,0.0,1.5708,0.57882,-0.0,-0.0,0.0
1736847127.485079,0.0,1.5708,0.57896,-0.0,-0.0,0.0
1736847127.4860764,0.0,1.5708,0.57908,-0.0,-0.0,0.0
1736847127.4870758,0.0,1.5708,0.5792,-0.0,-0.0,0.0
1736847127.4880886,0.0,1.5708,0.57932,-0.0,-0.0,0.0
1736847127.4890742,0.0,1.5708,0.57943,-0.0,-0.0,0.0
1736847127.4890742,0.0,1.5708,0.57956,-0.0,-0.0,0.0
1736847127.4900768,0.0,1.5708,0.5797,-0.0,-0.0,0.0
1736847127.4910789,0.0,1.5708,0.57988,-0.0,-0.0,0.0
1736847127.4920933,0.0,1.5708,0.58003,-0.0,-0.0,0.0
1736847127.493087,0.0,1.5708,0.58015,-0.0,-0.0,0.0
1736847127.4940996,0.0,1.5708,0.58027,-0.0,-0.0,0.0
1736847127.4950852,0.0,1.5708,0.58039,-0.0,-0.0,0.0
1736847127.4958656,0.0,1.5708,0.5805,-0.0,-0.0,0.0
1736847127.496882,0.0,1.5708,0.58068,-0.0,-0.0,0.0
1736847127.4978611,0.0,1.5708,0.58087,-0.0,-0.0,0.0
1736847127.498927,0.0,1.5708,0.58103,-0.0,-0.0,0.0
1736847127.4999268,0.0,1.5708,0.58116,-0.0,-0.0,0.0
1736847127.4999268,0.0,1.5708,0.58128,-0.0,-0.0,0.0
1736847127.5014403,0.0,1.5708,0.5814,-0.0,-0.0,0.0
1736847127.5014403,0.0,1.5708,0.58152,-0.0,-0.0,0.0
1736847127.502448,0.0,1.5708,0.58164,-0.0,-0.0,0.0
1736847127.5034475,0.0,1.5708,0.58177,-0.0,-0.0,0.0
1736847127.5046372,0.0,1.5708,0.58192,-0.0,-0.0,0.0
1736847127.5056975,0.0,1.5708,0.58206,-0.0,-0.0,0.0
1736847127.5056975,0.0,1.5708,0.58219,-0.0,-0.0,0.0
1736847127.5071623,0.0,1.5708,0.58231,-0.0,-0.0,0.0
1736847127.508165,0.0,1.5708,0.58243,-0.0,-0.0,0.0
1736847127.508165,0.0,1.5708,0.58255,-0.0,-0.0,0.0
1736847127.5091646,0.0,1.5708,0.58267,-0.0,-0.0,0.0
1736847127.5101645,0.0,1.5708,0.58281,-0.0,-0.0,0.0
1736847127.5114932,0.0,1.5708,0.58296,-0.0,-0.0,0.0
1736847127.5118332,0.0,1.5708,0.58311,-0.0,-0.0,0.0
1736847127.5118332,0.0,1.5708,0.58326,-0.0,-0.0,0.0
1736847127.5118332,0.0,1.5708,0.58338,-0.0,-0.0,0.0
1736847127.5118332,0.0,1.5708,0.5835,-0.0,-0.0,0.0
1736847127.5118332,0.0,1.5708,0.58362,-0.0,-0.0,0.0
1736847127.5118332,0.0,1.5708,0.58374,-0.0,-0.0,0.0
1736847127.5118332,0.0,1.5708,0.58386,-0.0,-0.0,0.0
1736847127.5179336,0.0,1.5708,0.584,-0.0,-0.0,0.0
1736847127.5189428,0.0,1.5708,0.58413,-0.0,-0.0,0.0
1736847127.5191464,0.0,1.5708,0.58427,-0.0,-0.0,0.0
1736847127.520163,0.0,1.5708,0.58444,-0.0,-0.0,0.0
1736847127.5211558,0.0,1.5708,0.58459,-0.0,-0.0,0.0
1736847127.5221474,0.0,1.5708,0.58474,-0.0,-0.0,0.0
1736847127.5231488,0.0,1.5708,0.58486,-0.0,-0.0,0.0
1736847127.5241501,0.0,1.5708,0.585,-0.0,-0.0,0.0
1736847127.5254157,0.0,1.5708,0.58513,-0.0,-0.0,0.0
1736847127.5258567,0.0,1.5708,0.58528,-0.0,-0.0,0.0
1736847127.5269296,0.0,1.5708,0.58542,-0.0,-0.0,0.0
1736847127.5279107,0.0,1.5708,0.58554,-0.0,-0.0,0.0
1736847127.5279107,0.0,1.5708,0.58566,-0.0,-0.0,0.0
1736847127.52929,0.0,1.5708,0.58578,-0.0,-0.0,0.0
1736847127.52929,0.0,1.5708,0.5859,-0.0,-0.0,0.0
1736847127.5302932,0.0,1.5708,0.58603,-0.0,-0.0,0.0
1736847127.5318992,0.0,1.5708,0.58616,-0.0,-0.0,0.0
1736847127.532607,0.0,1.5708,0.58631,-0.0,-0.0,0.0
1736847127.532607,0.0,1.5708,0.58644,-0.0,-0.0,0.0
1736847127.534415,0.0,1.5708,0.58658,-0.0,-0.0,0.0
1736847127.535278,0.0,1.5708,0.5867,-0.0,-0.0,0.0
1736847127.535278,0.0,1.5708,0.58682,-0.0,-0.0,0.0
1736847127.5362892,0.0,1.5708,0.58694,-0.0,-0.0,0.0
1736847127.5372896,0.0,1.5708,0.58706,-0.0,-0.0,0.0
1736847127.5382907,0.0,1.5708,0.58718,-0.0,-0.0,0.0
1736847127.5391157,0.0,1.5708,0.58732,-0.0,-0.0,0.0
1736847127.5401638,0.0,1.5708,0.58746,-0.0,-0.0,0.0
1736847127.5407465,0.0,1.5708,0.58759,-0.0,-0.0,0.0
1736847127.5417511,0.0,1.5708,0.58771,-0.0,-0.0,0.0
1736847127.5417511,0.0,1.5708,0.58783,-0.0,-0.0,0.0
1736847127.5427508,0.0,1.5708,0.58796,-0.0,-0.0,0.0
1736847127.5437503,0.0,1.5708,0.58809,-0.0,-0.0,0.0
1736847127.5447628,0.0,1.5708,0.58821,-0.0,-0.0,0.0
1736847127.5457006,0.0,1.5708,0.58835,-0.0,-0.0,0.0
1736847127.5464888,0.0,1.5708,0.58852,-0.0,-0.0,0.0
1736847127.547495,0.0,1.5708,0.58868,-0.0,-0.0,0.0
1736847127.5485067,0.0,1.5708,0.58881,-0.0,-0.0,0.0
1736847127.5494936,0.0,1.5708,0.58892,-0.0,-0.0,0.0
1736847127.5494936,0.0,1.5708,0.58904,-0.0,-0.0,0.0
1736847127.5504932,0.0,1.5708,0.58916,-0.0,-0.0,0.0
1736847127.5514936,0.0,1.5708,0.58928,-0.0,-0.0,0.0
1736847127.552494,0.0,1.5708,0.5894,-0.0,-0.0,0.0
1736847127.5532691,0.0,1.5708,0.58957,-0.0,-0.0,0.0
1736847127.554399,0.0,1.5708,0.5897,-0.0,-0.0,0.0
1736847127.554399,0.0,1.5708,0.58983,-0.0,-0.0,0.0
1736847127.5554118,0.0,1.5708,0.58995,-0.0,-0.0,0.0
1736847127.5564103,0.0,1.5708,0.59007,-0.0,-0.0,0.0
1736847127.5574186,0.0,1.5708,0.59018,-0.0,-0.0,0.0
1736847127.5574186,0.0,1.5708,0.5903,-0.0,-0.0,0.0
1736847127.5584104,0.0,1.5708,0.59041,-0.0,-0.0,0.0
1736847127.5594103,0.0,1.5708,0.59055,-0.0,-0.0,0.0
1736847127.5602984,0.0,1.5708,0.59072,-0.0,-0.0,0.0
1736847127.561346,0.0,1.5708,0.59091,-0.0,-0.0,0.0
1736847127.562344,0.0,1.5708,0.59104,-0.0,-0.0,0.0
1736847127.563343,0.0,1.5708,0.59116,-0.0,-0.0,0.0
1736847127.56424,0.0,1.5708,0.59128,-0.0,-0.0,0.0
1736847127.56424,0.0,1.5708,0.5914,-0.0,-0.0,0.0
1736847127.5653267,0.0,1.5708,0.59152,-0.0,-0.0,0.0
1736847127.5666485,0.0,1.5708,0.59166,-0.0,-0.0,0.0
1736847127.5666485,0.0,1.5708,0.59181,-0.0,-0.0,0.0
1736847127.5666485,0.0,1.5708,0.59195,-0.0,-0.0,0.0
1736847127.5692773,0.0,1.5708,0.59208,-0.0,-0.0,0.0
1736847127.5703003,0.0,1.5708,0.5922,-0.0,-0.0,0.0
1736847127.5710216,0.0,1.5708,0.59231,-0.0,-0.0,0.0
1736847127.5710216,0.0,1.5708,0.59243,-0.0,-0.0,0.0
1736847127.572033,0.0,1.5708,0.59255,-0.0,-0.0,0.0
1736847127.5730448,0.0,1.5708,0.59267,-0.0,-0.0,0.0
1736847127.5738676,0.0,1.5708,0.59282,-0.0,-0.0,0.0
1736847127.5749476,0.0,1.5708,0.59296,-0.0,-0.0,0.0
1736847127.5756724,0.0,1.5708,0.59311,-0.0,-0.0,0.0
1736847127.576677,0.0,1.5708,0.59324,-0.0,-0.0,0.0
1736847127.5776756,0.0,1.5708,0.59336,-0.0,-0.0,0.0
1736847127.5776756,0.0,1.5708,0.59348,-0.0,-0.0,0.0
1736847127.5786765,0.0,1.5708,0.59361,-0.0,-0.0,0.0
1736847127.579677,0.0,1.5708,0.59374,-0.0,-0.0,0.0
1736847127.5806777,0.0,1.5708,0.59387,-0.0,-0.0,0.0
1736847127.5815504,0.0,1.5708,0.59401,-0.0,-0.0,0.0
1736847127.582567,0.0,1.5708,0.59415,-0.0,-0.0,0.0
1736847127.5835547,0.0,1.5708,0.59427,-0.0,-0.0,0.0
1736847127.5835547,0.0,1.5708,0.59439,-0.0,-0.0,0.0
1736847127.5845542,0.0,1.5708,0.59451,-0.0,-0.0,0.0
1736847127.5855641,0.0,1.5708,0.59463,-0.0,-0.0,0.0
1736847127.5865552,0.0,1.5708,0.59474,-0.0,-0.0,0.0
1736847127.5874567,0.0,1.5708,0.59487,-0.0,-0.0,0.0
1736847127.5883589,0.0,1.5708,0.59505,-0.0,-0.0,0.0
1736847127.5892773,0.0,1.5708,0.5952,-0.0,-0.0,0.0
1736847127.5900674,0.0,1.5708,0.59532,-0.0,-0.0,0.0
1736847127.5900674,0.0,1.5708,0.59544,-0.0,-0.0,0.0
1736847127.5910804,0.0,1.5708,0.59557,-0.0,-0.0,0.0
1736847127.5920475,0.0,1.5708,0.59569,-0.0,-0.0,0.0
1736847127.593077,0.0,1.5708,0.59583,-0.0,-0.0,0.0
1736847127.59423,0.0,1.5708,0.59595,-0.0,-0.0,0.0
1736847127.59423,0.0,1.5708,0.5961,-0.0,-0.0,0.0
1736847127.59423,0.0,1.5708,0.59624,-0.0,-0.0,0.0
1736847127.59423,0.0,1.5708,0.59637,-0.0,-0.0,0.0
1736847127.59423,0.0,1.5708,0.59649,-0.0,-0.0,0.0
1736847127.598188,0.0,1.5708,0.5966,-0.0,-0.0,0.0
1736847127.5991955,0.0,1.5708,0.59673,-0.0,-0.0,0.0
1736847127.5991955,0.0,1.5708,0.59685,-0.0,-0.0,0.0
1736847127.6001945,0.0,1.5708,0.59698,-0.0,-0.0,0.0
1736847127.6016357,0.0,1.5708,0.59711,-0.0,-0.0,0.0
1736847127.6017087,0.0,1.5708,0.59725,-0.0,-0.0,0.0
1736847127.6028345,0.0,1.5708,0.59739,-0.0,-0.0,0.0
1736847127.6028345,0.0,1.5708,0.59753,-0.0,-0.0,0.0
1736847127.6028345,0.0,1.5708,0.59766,-0.0,-0.0,0.0
1736847127.6028345,0.0,1.5708,0.59778,-0.0,-0.0,0.0
1736847127.6028345,0.0,1.5708,0.59789,-0.0,-0.0,0.0
1736847127.6070035,0.0,1.5708,0.59801,-0.0,-0.0,0.0
1736847127.6080105,0.0,1.5708,0.59816,-0.0,-0.0,0.0
1736847127.6093569,0.0,1.5708,0.59834,-0.0,-0.0,0.0
1736847127.610322,0.0,1.5708,0.59849,-0.0,-0.0,0.0
1736847127.6113355,0.0,1.5708,0.59863,-0.0,-0.0,0.0
1736847127.6113355,0.0,1.5708,0.59875,-0.0,-0.0,0.0
1736847127.6123343,0.0,1.5708,0.59887,-0.0,-0.0,0.0
1736847127.6133344,0.0,1.5708,0.59899,-0.0,-0.0,0.0
1736847127.6139293,0.0,1.5708,0.59911,-0.0,-0.0,0.0
1736847127.6149344,0.0,1.5708,0.59923,-0.0,-0.0,0.0
1736847127.615417,0.0,1.5708,0.59939,-0.0,-0.0,0.0
1736847127.615417,0.0,1.5708,0.59952,-0.0,-0.0,0.0
1736847127.615417,0.0,1.5708,0.59965,-0.0,-0.0,0.0
1736847127.615417,0.0,1.5708,0.59976,-0.0,-0.0,0.0
1736847127.6189835,0.0,1.5708,0.59988,-0.0,-0.0,0.0
1736847127.61999,0.0,1.5708,0.6,-0.0,-0.0,0.0
1736847127.61999,0.0,1.5708,0.60012,-0.0,-0.0,0.0
1736847127.62099,0.0,1.5708,0.60025,-0.0,-0.0,0.0
1736847127.6224298,0.0,1.5708,0.60039,-0.0,-0.0,0.0
1736847127.6224298,0.0,1.5708,0.60054,-0.0,-0.0,0.0
1736847127.6234689,0.0,1.5708,0.60066,-0.0,-0.0,0.0
1736847127.6249802,0.0,1.5708,0.60079,-0.0,-0.0,0.0
1736847127.6250775,0.0,1.5708,0.60092,-0.0,-0.0,0.0
1736847127.626641,0.0,1.5708,0.60104,-0.0,-0.0,0.0
1736847127.626641,0.0,1.5708,0.60116,-0.0,-0.0,0.0
1736847127.6276462,0.0,1.5708,0.60128,-0.0,-0.0,0.0
1736847127.6290038,0.0,1.5708,0.60141,-0.0,-0.0,0.0
1736847127.6294298,0.0,1.5708,0.60156,-0.0,-0.0,0.0
1736847127.630729,0.0,1.5708,0.60169,-0.0,-0.0,0.0
1736847127.6309588,0.0,1.5708,0.60183,-0.0,-0.0,0.0
1736847127.6319625,0.0,1.5708,0.60196,-0.0,-0.0,0.0
1736847127.6329596,0.0,1.5708,0.60209,-0.0,-0.0,0.0
1736847127.6339598,0.0,1.5708,0.6022,-0.0,-0.0,0.0
1736847127.6339598,0.0,1.5708,0.60232,-0.0,-0.0,0.0
1736847127.634961,0.0,1.5708,0.60245,-0.0,-0.0,0.0
1736847127.6360545,0.0,1.5708,0.60261,-0.0,-0.0,0.0
1736847127.6360545,0.0,1.5708,0.60276,-0.0,-0.0,0.0
1736847127.6360545,0.0,1.5708,0.6029,-0.0,-0.0,0.0
1736847127.6360545,0.0,1.5708,0.60302,-0.0,-0.0,0.0
1736847127.6360545,0.0,1.5708,0.60314,-0.0,-0.0,0.0
1736847127.6360545,0.0,1.5708,0.60326,-0.0,-0.0,0.0
1736847127.641204,0.0,1.5708,0.60338,-0.0,-0.0,0.0
1736847127.642212,0.0,1.5708,0.6035,-0.0,-0.0,0.0
1736847127.6429138,0.0,1.5708,0.60364,-0.0,-0.0,0.0
1736847127.6440897,0.0,1.5708,0.60379,-0.0,-0.0,0.0
1736847127.6445844,0.0,1.5708,0.60393,-0.0,-0.0,0.0
1736847127.6456017,0.0,1.5708,0.60406,-0.0,-0.0,0.0
1736847127.646036,0.0,1.5708,0.60417,-0.0,-0.0,0.0
1736847127.646036,0.0,1.5708,0.60429,-0.0,-0.0,0.0
1736847127.646036,0.0,1.5708,0.60441,-0.0,-0.0,0.0
1736847127.6486673,0.0,1.5708,0.60453,-0.0,-0.0,0.0
1736847127.6486673,0.0,1.5708,0.60466,-0.0,-0.0,0.0
1736847127.6499085,0.0,1.5708,0.6048,-0.0,-0.0,0.0
1736847127.6499085,0.0,1.5708,0.60493,-0.0,-0.0,0.0
1736847127.6499085,0.0,1.5708,0.60506,-0.0,-0.0,0.0
1736847127.6527586,0.0,1.5708,0.60519,-0.0,-0.0,0.0
1736847127.653765,0.0,1.5708,0.6053,-0.0,-0.0,0.0
1736847127.653765,0.0,1.5708,0.60542,-0.0,-0.0,0.0
1736847127.6547627,0.0,1.5708,0.60554,-0.0,-0.0,0.0
1736847127.6557631,0.0,1.5708,0.60566,-0.0,-0.0,0.0
1736847127.656781,0.0,1.5708,0.60579,-0.0,-0.0,0.0
1736847127.657189,0.0,1.5708,0.60594,-0.0,-0.0,0.0
1736847127.6587722,0.0,1.5708,0.60608,-0.0,-0.0,0.0
1736847127.6587722,0.0,1.5708,0.60622,-0.0,-0.0,0.0
1736847127.6597743,0.0,1.5708,0.60634,-0.0,-0.0,0.0
1736847127.6611195,0.0,1.5708,0.60646,-0.0,-0.0,0.0
1736847127.6611195,0.0,1.5708,0.60658,-0.0,-0.0,0.0
1736847127.6621246,0.0,1.5708,0.6067,-0.0,-0.0,0.0
1736847127.663126,0.0,1.5708,0.60683,-0.0,-0.0,0.0
1736847127.6637695,0.0,1.5708,0.60696,-0.0,-0.0,0.0
1736847127.6647906,0.0,1.5708,0.6071,-0.0,-0.0,0.0
1736847127.665807,0.0,1.5708,0.60723,-0.0,-0.0,0.0
1736847127.6667955,0.0,1.5708,0.60735,-0.0,-0.0,0.0
1736847127.6667955,0.0,1.5708,0.60747,-0.0,-0.0,0.0
1736847127.6677947,0.0,1.5708,0.60759,-0.0,-0.0,0.0
1736847127.66881,0.0,1.5708,0.6077,-0.0,-0.0,0.0
1736847127.66881,0.0,1.5708,0.60782,-0.0,-0.0,0.0
1736847127.6697967,0.0,1.5708,0.60794,-0.0,-0.0,0.0
1736847127.6714895,0.0,1.5708,0.60811,-0.0,-0.0,0.0
1736847127.6720362,0.0,1.5708,0.60828,-0.0,-0.0,0.0
1736847127.673043,0.0,1.5708,0.60841,-0.0,-0.0,0.0
1736847127.6740518,0.0,1.5708,0.60853,-0.0,-0.0,0.0
1736847127.6750412,0.0,1.5708,0.60865,-0.0,-0.0,0.0
1736847127.6750412,0.0,1.5708,0.60877,-0.0,-0.0,0.0
1736847127.6764293,0.0,1.5708,0.6089,-0.0,-0.0,0.0
1736847127.6774323,0.0,1.5708,0.60905,-0.0,-0.0,0.0
1736847127.6781538,0.0,1.5708,0.60921,-0.0,-0.0,0.0
1736847127.6792033,0.0,1.5708,0.60935,-0.0,-0.0,0.0
1736847127.6802106,0.0,1.5708,0.60948,-0.0,-0.0,0.0
1736847127.6802106,0.0,1.5708,0.6096,-0.0,-0.0,0.0
1736847127.681201,0.0,1.5708,0.60972,-0.0,-0.0,0.0
1736847127.682719,0.0,1.5708,0.60984,-0.0,-0.0,0.0
1736847127.6833327,0.0,1.5708,0.60998,-0.0,-0.0,0.0
1736847127.684346,0.0,1.5708,0.6101,-0.0,-0.0,0.0
1736847127.6849995,0.0,1.5708,0.61025,-0.0,-0.0,0.0
1736847127.685949,0.0,1.5708,0.61038,-0.0,-0.0,0.0
1736847127.6869626,0.0,1.5708,0.61052,-0.0,-0.0,0.0
1736847127.6875067,0.0,1.5708,0.61065,-0.0,-0.0,0.0
1736847127.688512,0.0,1.5708,0.61077,-0.0,-0.0,0.0
1736847127.688512,0.0,1.5708,0.6109,-0.0,-0.0,0.0
1736847127.688512,0.0,1.5708,0.61102,-0.0,-0.0,0.0
1736847127.6903331,0.0,1.5708,0.61114,-0.0,-0.0,0.0
1736847127.691545,0.0,1.5708,0.61128,-0.0,-0.0,0.0
1736847127.691545,0.0,1.5708,0.61142,-0.0,-0.0,0.0
1736847127.6932921,0.0,1.5708,0.61155,-0.0,-0.0,0.0
1736847127.6942973,0.0,1.5708,0.61168,-0.0,-0.0,0.0
1736847127.6942973,0.0,1.5708,0.61181,-0.0,-0.0,0.0
1736847127.695297,0.0,1.5708,0.61193,-0.0,-0.0,0.0
1736847127.6962962,0.0,1.5708,0.61205,-0.0,-0.0,0.0
1736847127.6972969,0.0,1.5708,0.61217,-0.0,-0.0,0.0
1736847127.6982965,0.0,1.5708,0.6123,-0.0,-0.0,0.0
1736847127.699275,0.0,1.5708,0.61246,-0.0,-0.0,0.0
1736847127.7002816,0.0,1.5708,0.6126,-0.0,-0.0,0.0
1736847127.7002816,0.0,1.5708,0.61274,-0.0,-0.0,0.0
1736847127.7012792,0.0,1.5708,0.61285,-0.0,-0.0,0.0
1736847127.7025855,0.0,1.5708,0.61297,-0.0,-0.0,0.0
1736847127.7031991,0.0,1.5708,0.61309,-0.0,-0.0,0.0
1736847127.7031991,0.0,1.5708,0.61321,-0.0,-0.0,0.0
1736847127.7042089,0.0,1.5708,0.61335,-0.0,-0.0,0.0
1736847127.705763,0.0,1.5708,0.61349,-0.0,-0.0,0.0
1736847127.706061,0.0,1.5708,0.61364,-0.0,-0.0,0.0
1736847127.707065,0.0,1.5708,0.61378,-0.0,-0.0,0.0
1736847127.708061,0.0,1.5708,0.6139,-0.0,-0.0,0.0
1736847127.709071,0.0,1.5708,0.61403,-0.0,-0.0,0.0
1736847127.710061,0.0,1.5708,0.61415,-0.0,-0.0,0.0
1736847127.7108345,0.0,1.5708,0.61427,-0.0,-0.0,0.0
1736847127.7111406,0.0,1.5708,0.6144,-0.0,-0.0,0.0
1736847127.7123938,0.0,1.5708,0.61453,-0.0,-0.0,0.0
1736847127.7123938,0.0,1.5708,0.61467,-0.0,-0.0,0.0
1736847127.7123938,0.0,1.5708,0.6148,-0.0,-0.0,0.0
1736847127.7123938,0.0,1.5708,0.61492,-0.0,-0.0,0.0
1736847127.7155602,0.0,1.5708,0.61505,-0.0,-0.0,0.0
1736847127.716566,0.0,1.5708,0.61517,-0.0,-0.0,0.0
1736847127.716566,0.0,1.5708,0.61529,-0.0,-0.0,0.0
1736847127.7175653,0.0,1.5708,0.61541,-0.0,-0.0,0.0
1736847127.7185664,0.0,1.5708,0.61555,-0.0,-0.0,0.0
1736847127.7198472,0.0,1.5708,0.61569,-0.0,-0.0,0.0
1736847127.7198472,0.0,1.5708,0.61583,-0.0,-0.0,0.0
1736847127.7216692,0.0,1.5708,0.61598,-0.0,-0.0,0.0
1736847127.7223332,0.0,1.5708,0.6161,-0.0,-0.0,0.0
1736847127.7223332,0.0,1.5708,0.61623,-0.0,-0.0,0.0
1736847127.7233448,0.0,1.5708,0.61635,-0.0,-0.0,0.0
1736847127.724343,0.0,1.5708,0.61647,-0.0,-0.0,0.0
1736847127.7253568,0.0,1.5708,0.61659,-0.0,-0.0,0.0
1736847127.7263124,0.0,1.5708,0.61672,-0.0,-0.0,0.0
1736847127.727078,0.0,1.5708,0.61686,-0.0,-0.0,0.0
1736847127.7280836,0.0,1.5708,0.617,-0.0,-0.0,0.0
1736847127.7280836,0.0,1.5708,0.61712,-0.0,-0.0,0.0
1736847127.7290833,0.0,1.5708,0.61725,-0.0,-0.0,0.0
1736847127.730082,0.0,1.5708,0.61737,-0.0,-0.0,0.0
1736847127.7310948,0.0,1.5708,0.61749,-0.0,-0.0,0.0
1736847127.7320828,0.0,1.5708,0.61761,-0.0,-0.0,0.0
1736847127.7320828,0.0,1.5708,0.61774,-0.0,-0.0,0.0
1736847127.7338321,0.0,1.5708,0.61789,-0.0,-0.0,0.0
1736847127.7338321,0.0,1.5708,0.61803,-0.0,-0.0,0.0
1736847127.7348754,0.0,1.5708,0.61816,-0.0,-0.0,0.0
1736847127.7358732,0.0,1.5708,0.61827,-0.0,-0.0,0.0
1736847127.7368827,0.0,1.5708,0.6184,-0.0,-0.0,0.0
1736847127.7378745,0.0,1.5708,0.61851,-0.0,-0.0,0.0
1736847127.7386382,0.0,1.5708,0.61863,-0.0,-0.0,0.0
1736847127.7386382,0.0,1.5708,0.61876,-0.0,-0.0,0.0
1736847127.7400284,0.0,1.5708,0.6189,-0.0,-0.0,0.0
1736847127.7412922,0.0,1.5708,0.61905,-0.0,-0.0,0.0
1736847127.741798,0.0,1.5708,0.61918,-0.0,-0.0,0.0
1736847127.7428014,0.0,1.5708,0.6193,-0.0,-0.0,0.0
1736847127.7428014,0.0,1.5708,0.61942,-0.0,-0.0,0.0
1736847127.7442205,0.0,1.5708,0.61954,-0.0,-0.0,0.0
1736847127.7452192,0.0,1.5708,0.61967,-0.0,-0.0,0.0
1736847127.7452192,0.0,1.5708,0.61979,-0.0,-0.0,0.0
1736847127.7462206,0.0,1.5708,0.61991,-0.0,-0.0,0.0
1736847127.7474399,0.0,1.5708,0.62005,-0.0,-0.0,0.0
1736847127.7484813,0.0,1.5708,0.62018,-0.0,-0.0,0.0
1736847127.7490778,0.0,1.5708,0.62032,-0.0,-0.0,0.0
1736847127.750083,0.0,1.5708,0.62045,-0.0,-0.0,0.0
1736847127.750083,0.0,1.5708,0.62058,-0.0,-0.0,0.0
1736847127.750083,0.0,1.5708,0.62071,-0.0,-0.0,0.0
1736847127.750083,0.0,1.5708,0.62083,-0.0,-0.0,0.0
1736847127.7528164,0.0,1.5708,0.62095,-0.0,-0.0,0.0
1736847127.754002,0.0,1.5708,0.6211,-0.0,-0.0,0.0
1736847127.7546008,0.0,1.5708,0.62126,-0.0,-0.0,0.0
1736847127.7556083,0.0,1.5708,0.6214,-0.0,-0.0,0.0
1736847127.756605,0.0,1.5708,0.62153,-0.0,-0.0,0.0
1736847127.7577815,0.0,1.5708,0.62166,-0.0,-0.0,0.0
1736847127.7585664,0.0,1.5708,0.62177,-0.0,-0.0,0.0
1736847127.7591307,0.0,1.5708,0.6219,-0.0,-0.0,0.0
1736847127.7601361,0.0,1.5708,0.62202,-0.0,-0.0,0.0
1736847127.7610412,0.0,1.5708,0.62215,-0.0,-0.0,0.0
1736847127.7610412,0.0,1.5708,0.6223,-0.0,-0.0,0.0
1736847127.7610412,0.0,1.5708,0.62244,-0.0,-0.0,0.0
1736847127.7610412,0.0,1.5708,0.62256,-0.0,-0.0,0.0
1736847127.764115,0.0,1.5708,0.62268,-0.0,-0.0,0.0
1736847127.7651286,0.0,1.5708,0.6228,-0.0,-0.0,0.0
1736847127.7651286,0.0,1.5708,0.62292,-0.0,-0.0,0.0
1736847127.766125,0.0,1.5708,0.62304,-0.0,-0.0,0.0
1736847127.7671251,0.0,1.5708,0.62318,-0.0,-0.0,0.0
1736847127.7682831,0.0,1.5708,0.62332,-0.0,-0.0,0.0
1736847127.7693365,0.0,1.5708,0.62346,-0.0,-0.0,0.0
1736847127.7699935,0.0,1.5708,0.62361,-0.0,-0.0,0.0
1736847127.7710109,0.0,1.5708,0.62374,-0.0,-0.0,0.0
1736847127.7710109,0.0,1.5708,0.62386,-0.0,-0.0,0.0
1736847127.7719984,0.0,1.5708,0.62398,-0.0,-0.0,0.0
1736847127.7729979,0.0,1.5708,0.62409,-0.0,-0.0,0.0
1736847127.7740097,0.0,1.5708,0.62421,-0.0,-0.0,0.0
1736847127.7750006,0.0,1.5708,0.62434,-0.0,-0.0,0.0
1736847127.7760072,0.0,1.5708,0.6245,-0.0,-0.0,0.0
1736847127.776773,0.0,1.5708,0.62465,-0.0,-0.0,0.0
1736847127.777785,0.0,1.5708,0.62478,-0.0,-0.0,0.0
1736847127.777785,0.0,1.5708,0.62491,-0.0,-0.0,0.0
1736847127.778783,0.0,1.5708,0.62503,-0.0,-0.0,0.0
1736847127.7797835,0.0,1.5708,0.62515,-0.0,-0.0,0.0
1736847127.7807834,0.0,1.5708,0.62526,-0.0,-0.0,0.0
1736847127.7807834,0.0,1.5708,0.62539,-0.0,-0.0,0.0
1736847127.7824311,0.0,1.5708,0.62553,-0.0,-0.0,0.0
1736847127.7828164,0.0,1.5708,0.62566,-0.0,-0.0,0.0
1736847127.783828,0.0,1.5708,0.62579,-0.0,-0.0,0.0
1736847127.784827,0.0,1.5708,0.62593,-0.0,-0.0,0.0
1736847127.7858257,0.0,1.5708,0.62608,-0.0,-0.0,0.0
1736847127.7868261,0.0,1.5708,0.62622,-0.0,-0.0,0.0
1736847127.787532,0.0,1.5708,0.62635,-0.0,-0.0,0.0
1736847127.7885385,0.0,1.5708,0.62649,-0.0,-0.0,0.0
1736847127.7888756,0.0,1.5708,0.62664,-0.0,-0.0,0.0
1736847127.7888756,0.0,1.5708,0.62678,-0.0,-0.0,0.0
1736847127.7888756,0.0,1.5708,0.62691,-0.0,-0.0,0.0
1736847127.7888756,0.0,1.5708,0.62704,-0.0,-0.0,0.0
1736847127.7888756,0.0,1.5708,0.62716,-0.0,-0.0,0.0
1736847127.7936606,0.0,1.5708,0.62728,-0.0,-0.0,0.0
1736847127.7942932,0.0,1.5708,0.6274,-0.0,-0.0,0.0
1736847127.7953064,0.0,1.5708,0.62754,-0.0,-0.0,0.0
1736847127.7960248,0.0,1.5708,0.62767,-0.0,-0.0,0.0
1736847127.7969024,0.0,1.5708,0.62781,-0.0,-0.0,0.0
1736847127.7979186,0.0,1.5708,0.62795,-0.0,-0.0,0.0
1736847127.7979186,0.0,1.5708,0.62808,-0.0,-0.0,0.0
1736847127.799578,0.0,1.5708,0.6282,-0.0,-0.0,0.0
1736847127.799578,0.0,1.5708,0.62833,-0.0,-0.0,0.0
1736847127.8005831,0.0,1.5708,0.62847,-0.0,-0.0,0.0
1736847127.8015828,0.0,1.5708,0.62859,-0.0,-0.0,0.0
1736847127.80264,0.0,1.5708,0.62872,-0.0,-0.0,0.0
1736847127.8029609,0.0,1.5708,0.62886,-0.0,-0.0,0.0
1736847127.8040006,0.0,1.5708,0.629,-0.0,-0.0,0.0
1736847127.8048098,0.0,1.5708,0.62912,-0.0,-0.0,0.0
1736847127.8054755,0.0,1.5708,0.62925,-0.0,-0.0,0.0
1736847127.8064804,0.0,1.5708,0.62937,-0.0,-0.0,0.0
1736847127.8869736,0.0,1.5708,0.64403,-0.0,-0.0,0.0
1736847127.8869736,0.0,1.5708,0.6443,-0.0,-0.0,0.0
1736847127.902618,0.0,1.5708,0.64454,-0.0,-0.0,0.0
1736847127.902618,0.0,1.5708,0.64469,-0.0,-0.0,0.0
1736847127.902618,0.0,1.5708,0.64487,-0.0,-0.0,0.0
1736847127.906808,0.0,1.5708,0.64505,-0.0,-0.0,0.0
1736847127.9074233,0.0,1.5708,0.64519,-0.0,-0.0,0.0
1736847127.9082732,0.0,1.5708,0.64533,-0.0,-0.0,0.0
1736847127.909423,0.0,1.5708,0.64547,-0.0,-0.0,0.0
1736847127.909423,0.0,1.5708,0.6456,-0.0,-0.0,0.0
1736847127.9104362,0.0,1.5708,0.64573,-0.0,-0.0,0.0
1736847127.9114337,0.0,1.5708,0.64584,-0.0,-0.0,0.0
1736847127.9124668,0.0,1.5708,0.64597,-0.0,-0.0,0.0
1736847127.9124668,0.0,1.5708,0.64609,-0.0,-0.0,0.0
1736847127.9141133,0.0,1.5708,0.64623,-0.0,-0.0,0.0
1736847127.9151595,0.0,1.5708,0.64637,-0.0,-0.0,0.0
1736847127.9151595,0.0,1.5708,0.6465,-0.0,-0.0,0.0
1736847127.9161527,0.0,1.5708,0.64664,-0.0,-0.0,0.0
1736847127.9171324,0.0,1.5708,0.64676,-0.0,-0.0,0.0
1736847127.9171324,0.0,1.5708,0.64689,-0.0,-0.0,0.0
1736847127.9171324,0.0,1.5708,0.64701,-0.0,-0.0,0.0
1736847127.9194849,0.0,1.5708,0.64714,-0.0,-0.0,0.0
1736847127.9207098,0.0,1.5708,0.64727,-0.0,-0.0,0.0
1736847127.9207098,0.0,1.5708,0.64742,-0.0,-0.0,0.0
1736847127.9207098,0.0,1.5708,0.64757,-0.0,-0.0,0.0
1736847127.9233527,0.0,1.5708,0.6477,-0.0,-0.0,0.0
1736847127.9243588,0.0,1.5708,0.64781,-0.0,-0.0,0.0
1736847127.9243588,0.0,1.5708,0.64793,-0.0,-0.0,0.0
1736847127.925928,0.0,1.5708,0.64805,-0.0,-0.0,0.0
1736847127.9262903,0.0,1.5708,0.64818,-0.0,-0.0,0.0
1736847127.927296,0.0,1.5708,0.6483,-0.0,-0.0,0.0
1736847127.92799,0.0,1.5708,0.64845,-0.0,-0.0,0.0
1736847127.9291084,0.0,1.5708,0.64859,-0.0,-0.0,0.0
1736847127.9298875,0.0,1.5708,0.64871,-0.0,-0.0,0.0
1736847127.9308934,0.0,1.5708,0.64884,-0.0,-0.0,0.0
1736847127.9308934,0.0,1.5708,0.64896,-0.0,-0.0,0.0
1736847127.931893,0.0,1.5708,0.64908,-0.0,-0.0,0.0
1736847127.9328918,0.0,1.5708,0.6492,-0.0,-0.0,0.0
1736847127.9338927,0.0,1.5708,0.64932,-0.0,-0.0,0.0
1736847127.9348886,0.0,1.5708,0.64946,-0.0,-0.0,0.0
1736847127.9354858,0.0,1.5708,0.6496,-0.0,-0.0,0.0
1736847127.9364877,0.0,1.5708,0.64975,-0.0,-0.0,0.0
1736847127.9374864,0.0,1.5708,0.64987,-0.0,-0.0,0.0
1736847127.9374864,0.0,1.5708,0.64999,-0.0,-0.0,0.0
1736847127.9384863,0.0,1.5708,0.65012,-0.0,-0.0,0.0
1736847127.9394867,0.0,1.5708,0.65023,-0.0,-0.0,0.0
1736847127.940318,0.0,1.5708,0.65035,-0.0,-0.0,0.0
1736847127.9413238,0.0,1.5708,0.65049,-0.0,-0.0,0.0
1736847127.9420328,0.0,1.5708,0.65065,-0.0,-0.0,0.0
1736847127.9420328,0.0,1.5708,0.65079,-0.0,-0.0,0.0
1736847127.9420328,0.0,1.5708,0.65093,-0.0,-0.0,0.0
1736847127.9420328,0.0,1.5708,0.65106,-0.0,-0.0,0.0
1736847127.9420328,0.0,1.5708,0.65118,-0.0,-0.0,0.0
1736847127.9463968,0.0,1.5708,0.6513,-0.0,-0.0,0.0
1736847127.9471278,0.0,1.5708,0.65142,-0.0,-0.0,0.0
1736847127.9481401,0.0,1.5708,0.65155,-0.0,-0.0,0.0
1736847127.9489532,0.0,1.5708,0.65169,-0.0,-0.0,0.0
1736847127.949777,0.0,1.5708,0.65183,-0.0,-0.0,0.0
1736847127.9507828,0.0,1.5708,0.65196,-0.0,-0.0,0.0
1736847127.9507828,0.0,1.5708,0.65209,-0.0,-0.0,0.0
1736847127.9524422,0.0,1.5708,0.65221,-0.0,-0.0,0.0
1736847127.9524422,0.0,1.5708,0.65234,-0.0,-0.0,0.0
1736847127.9534469,0.0,1.5708,0.65247,-0.0,-0.0,0.0
1736847127.9544473,0.0,1.5708,0.6526,-0.0,-0.0,0.0
1736847127.9557502,0.0,1.5708,0.65273,-0.0,-0.0,0.0
1736847127.9568,0.0,1.5708,0.65289,-0.0,-0.0,0.0
1736847127.957065,0.0,1.5708,0.65304,-0.0,-0.0,0.0
1736847127.957065,0.0,1.5708,0.65317,-0.0,-0.0,0.0
1736847127.957065,0.0,1.5708,0.65329,-0.0,-0.0,0.0
1736847127.957065,0.0,1.5708,0.65342,-0.0,-0.0,0.0
1736847127.957065,0.0,1.5708,0.65354,-0.0,-0.0,0.0
1736847127.9611235,0.0,1.5708,0.65366,-0.0,-0.0,0.0
1736847127.96236,0.0,1.5708,0.65379,-0.0,-0.0,0.0
1736847127.963117,0.0,1.5708,0.65394,-0.0,-0.0,0.0
1736847127.9641213,0.0,1.5708,0.65408,-0.0,-0.0,0.0
1736847127.965124,0.0,1.5708,0.65421,-0.0,-0.0,0.0
1736847127.965124,0.0,1.5708,0.65433,-0.0,-0.0,0.0
1736847127.9667165,0.0,1.5708,0.65446,-0.0,-0.0,0.0
1736847127.9673254,0.0,1.5708,0.65458,-0.0,-0.0,0.0
1736847127.9681215,0.0,1.5708,0.6547,-0.0,-0.0,0.0
1736847127.9691286,0.0,1.5708,0.65483,-0.0,-0.0,0.0
1736847127.9699328,0.0,1.5708,0.655,-0.0,-0.0,0.0
1736847127.9709756,0.0,1.5708,0.65515,-0.0,-0.0,0.0
1736847127.9719732,0.0,1.5708,0.65528,-0.0,-0.0,0.0
1736847127.9719732,0.0,1.5708,0.65541,-0.0,-0.0,0.0
1736847127.9729733,0.0,1.5708,0.65553,-0.0,-0.0,0.0
1736847127.9740233,0.0,1.5708,0.65565,-0.0,-0.0,0.0
1736847127.9751055,0.0,1.5708,0.65577,-0.0,-0.0,0.0
1736847127.9751055,0.0,1.5708,0.65591,-0.0,-0.0,0.0
1736847127.9764085,0.0,1.5708,0.65605,-0.0,-0.0,0.0
1736847127.9764085,0.0,1.5708,0.65619,-0.0,-0.0,0.0
1736847127.9764085,0.0,1.5708,0.65633,-0.0,-0.0,0.0
1736847127.9793382,0.0,1.5708,0.65646,-0.0,-0.0,0.0
1736847127.9803436,0.0,1.5708,0.65659,-0.0,-0.0,0.0
1736847127.9803436,0.0,1.5708,0.65672,-0.0,-0.0,0.0
1736847127.9813433,0.0,1.5708,0.65684,-0.0,-0.0,0.0
1736847127.9823463,0.0,1.5708,0.65698,-0.0,-0.0,0.0
1736847127.983624,0.0,1.5708,0.65711,-0.0,-0.0,0.0
1736847127.9841814,0.0,1.5708,0.65726,-0.0,-0.0,0.0
1736847127.985195,0.0,1.5708,0.65742,-0.0,-0.0,0.0
1736847127.985195,0.0,1.5708,0.65756,-0.0,-0.0,0.0
1736847127.985195,0.0,1.5708,0.65767,-0.0,-0.0,0.0
1736847127.985195,0.0,1.5708,0.6578,-0.0,-0.0,0.0
1736847127.985195,0.0,1.5708,0.65792,-0.0,-0.0,0.0
1736847127.9889324,0.0,1.5708,0.65804,-0.0,-0.0,0.0
1736847127.9902246,0.0,1.5708,0.65818,-0.0,-0.0,0.0
1736847127.9908528,0.0,1.5708,0.65837,-0.0,-0.0,0.0
1736847127.9918604,0.0,1.5708,0.65851,-0.0,-0.0,0.0
1736847127.992858,0.0,1.5708,0.65864,-0.0,-0.0,0.0
1736847127.993857,0.0,1.5708,0.65877,-0.0,-0.0,0.0
1736847127.9948559,0.0,1.5708,0.65889,-0.0,-0.0,0.0
1736847127.9948559,0.0,1.5708,0.65902,-0.0,-0.0,0.0
1736847127.995857,0.0,1.5708,0.65915,-0.0,-0.0,0.0
1736847127.9973125,0.0,1.5708,0.65928,-0.0,-0.0,0.0
1736847127.9982042,0.0,1.5708,0.65943,-0.0,-0.0,0.0
1736847127.9991307,0.0,1.5708,0.65956,-0.0,-0.0,0.0
1736847127.9991307,0.0,1.5708,0.65969,-0.0,-0.0,0.0
1736847128.0001435,0.0,1.5708,0.65982,-0.0,-0.0,0.0
1736847128.0011446,0.0,1.5708,0.65994,-0.0,-0.0,0.0
1736847128.0018406,0.0,1.5708,0.66006,-0.0,-0.0,0.0
1736847128.0027995,0.0,1.5708,0.66018,-0.0,-0.0,0.0
1736847128.0038114,0.0,1.5708,0.66031,-0.0,-0.0,0.0
1736847128.0040607,0.0,1.5708,0.66046,-0.0,-0.0,0.0
1736847128.0040607,0.0,1.5708,0.6606,-0.0,-0.0,0.0
1736847128.0040607,0.0,1.5708,0.66073,-0.0,-0.0,0.0
1736847128.007123,0.0,1.5708,0.66085,-0.0,-0.0,0.0
1736847128.008135,0.0,1.5708,0.66097,-0.0,-0.0,0.0
1736847128.008135,0.0,1.5708,0.66109,-0.0,-0.0,0.0
1736847128.009134,0.0,1.5708,0.66121,-0.0,-0.0,0.0
1736847128.0101368,0.0,1.5708,0.66136,-0.0,-0.0,0.0
1736847128.01147,0.0,1.5708,0.66152,-0.0,-0.0,0.0
1736847128.0120041,0.0,1.5708,0.66167,-0.0,-0.0,0.0
1736847128.0120041,0.0,1.5708,0.66181,-0.0,-0.0,0.0
1736847128.0120041,0.0,1.5708,0.66194,-0.0,-0.0,0.0
1736847128.0120041,0.0,1.5708,0.66207,-0.0,-0.0,0.0
1736847128.0120041,0.0,1.5708,0.66219,-0.0,-0.0,0.0
1736847128.01673,0.0,1.5708,0.66231,-0.0,-0.0,0.0
1736847128.01673,0.0,1.5708,0.66245,-0.0,-0.0,0.0
1736847128.0183756,0.0,1.5708,0.66258,-0.0,-0.0,0.0
1736847128.0192254,0.0,1.5708,0.66273,-0.0,-0.0,0.0
1736847128.0192254,0.0,1.5708,0.66286,-0.0,-0.0,0.0
1736847128.020238,0.0,1.5708,0.66297,-0.0,-0.0,0.0
1736847128.0212379,0.0,1.5708,0.66309,-0.0,-0.0,0.0
1736847128.022249,0.0,1.5708,0.66321,-0.0,-0.0,0.0
1736847128.022249,0.0,1.5708,0.66332,-0.0,-0.0,0.0
1736847128.0236495,0.0,1.5708,0.66344,-0.0,-0.0,0.0
1736847128.0246496,0.0,1.5708,0.66358,-0.0,-0.0,0.0
1736847128.0253756,0.0,1.5708,0.66374,-0.0,-0.0,0.0
1736847128.0264359,0.0,1.5708,0.66388,-0.0,-0.0,0.0
1736847128.027422,0.0,1.5708,0.66399,-0.0,-0.0,0.0
1736847128.027422,0.0,1.5708,0.66411,-0.0,-0.0,0.0
1736847128.028715,0.0,1.5708,0.66423,-0.0,-0.0,0.0
1736847128.0297198,0.0,1.5708,0.66436,-0.0,-0.0,0.0
1736847128.0305858,0.0,1.5708,0.66449,-0.0,-0.0,0.0
1736847128.0305858,0.0,1.5708,0.66463,-0.0,-0.0,0.0
1736847128.0317686,0.0,1.5708,0.66477,-0.0,-0.0,0.0
1736847128.0317686,0.0,1.5708,0.66491,-0.0,-0.0,0.0
1736847128.0317686,0.0,1.5708,0.66503,-0.0,-0.0,0.0
1736847128.0345504,0.0,1.5708,0.66515,-0.0,-0.0,0.0
1736847128.0355566,0.0,1.5708,0.66527,-0.0,-0.0,0.0
1736847128.036285,0.0,1.5708,0.6654,-0.0,-0.0,0.0
1736847128.036285,0.0,1.5708,0.66552,-0.0,-0.0,0.0
1736847128.0372972,0.0,1.5708,0.66564,-0.0,-0.0,0.0
1736847128.0386627,0.0,1.5708,0.66576,-0.0,-0.0,0.0
1736847128.0391335,0.0,1.5708,0.66593,-0.0,-0.0,0.0
1736847128.0406537,0.0,1.5708,0.66608,-0.0,-0.0,0.0
1736847128.0407453,0.0,1.5708,0.66621,-0.0,-0.0,0.0
1736847128.041747,0.0,1.5708,0.66634,-0.0,-0.0,0.0
1736847128.0427456,0.0,1.5708,0.66646,-0.0,-0.0,0.0
1736847128.043755,0.0,1.5708,0.66658,-0.0,-0.0,0.0
1736847128.043755,0.0,1.5708,0.6667,-0.0,-0.0,0.0
1736847128.044746,0.0,1.5708,0.66682,-0.0,-0.0,0.0
1736847128.0462155,0.0,1.5708,0.66697,-0.0,-0.0,0.0
1736847128.0472162,0.0,1.5708,0.66711,-0.0,-0.0,0.0
1736847128.0472162,0.0,1.5708,0.66725,-0.0,-0.0,0.0
1736847128.0482163,0.0,1.5708,0.66737,-0.0,-0.0,0.0
1736847128.049216,0.0,1.5708,0.66749,-0.0,-0.0,0.0
1736847128.0503728,0.0,1.5708,0.6676,-0.0,-0.0,0.0
1736847128.050441,0.0,1.5708,0.66772,-0.0,-0.0,0.0
1736847128.0514424,0.0,1.5708,0.66785,-0.0,-0.0,0.0
1736847128.052683,0.0,1.5708,0.66798,-0.0,-0.0,0.0
1736847128.052683,0.0,1.5708,0.66812,-0.0,-0.0,0.0
1736847128.052683,0.0,1.5708,0.66824,-0.0,-0.0,0.0
1736847128.052683,0.0,1.5708,0.66837,-0.0,-0.0,0.0
1736847128.0560093,0.0,1.5708,0.66849,-0.0,-0.0,0.0
1736847128.0560093,0.0,1.5708,0.66861,-0.0,-0.0,0.0
1736847128.057015,0.0,1.5708,0.66873,-0.0,-0.0,0.0
1736847128.0580137,0.0,1.5708,0.66885,-0.0,-0.0,0.0
1736847128.0590284,0.0,1.5708,0.66898,-0.0,-0.0,0.0
1736847128.0600476,0.0,1.5708,0.66913,-0.0,-0.0,0.0
1736847128.061049,0.0,1.5708,0.66927,-0.0,-0.0,0.0
1736847128.0617206,0.0,1.5708,0.66942,-0.0,-0.0,0.0
1736847128.0627263,0.0,1.5708,0.66955,-0.0,-0.0,0.0
1736847128.0627263,0.0,1.5708,0.66967,-0.0,-0.0,0.0
1736847128.0637255,0.0,1.5708,0.6698,-0.0,-0.0,0.0
1736847128.0647252,0.0,1.5708,0.66992,-0.0,-0.0,0.0
1736847128.0657263,0.0,1.5708,0.67003,-0.0,-0.0,0.0
1736847128.0666378,0.0,1.5708,0.67015,-0.0,-0.0,0.0
1736847128.0675979,0.0,1.5708,0.67031,-0.0,-0.0,0.0
1736847128.0675979,0.0,1.5708,0.67045,-0.0,-0.0,0.0
1736847128.068599,0.0,1.5708,0.67059,-0.0,-0.0,0.0
1736847128.0695987,0.0,1.5708,0.67071,-0.0,-0.0,0.0
1736847128.0705984,0.0,1.5708,0.67083,-0.0,-0.0,0.0
1736847128.0715985,0.0,1.5708,0.67094,-0.0,-0.0,0.0
1736847128.0715985,0.0,1.5708,0.67106,-0.0,-0.0,0.0
1736847128.0726004,0.0,1.5708,0.67118,-0.0,-0.0,0.0
1736847128.0741136,0.0,1.5708,0.67134,-0.0,-0.0,0.0
1736847128.0750055,0.0,1.5708,0.67149,-0.0,-0.0,0.0
1736847128.0750055,0.0,1.5708,0.67162,-0.0,-0.0,0.0
1736847128.0760186,0.0,1.5708,0.67175,-0.0,-0.0,0.0
1736847128.077018,0.0,1.5708,0.67187,-0.0,-0.0,0.0
1736847128.0780294,0.0,1.5708,0.67198,-0.0,-0.0,0.0
1736847128.0790172,0.0,1.5708,0.6721,-0.0,-0.0,0.0
1736847128.0790172,0.0,1.5708,0.67222,-0.0,-0.0,0.0
1736847128.0806422,0.0,1.5708,0.67236,-0.0,-0.0,0.0
1736847128.0811727,0.0,1.5708,0.67251,-0.0,-0.0,0.0
1736847128.082193,0.0,1.5708,0.67265,-0.0,-0.0,0.0
1736847128.0831914,0.0,1.5708,0.67279,-0.0,-0.0,0.0
1736847128.0841784,0.0,1.5708,0.67291,-0.0,-0.0,0.0
1736847128.0841784,0.0,1.5708,0.67303,-0.0,-0.0,0.0
1736847128.0856774,0.0,1.5708,0.67315,-0.0,-0.0,0.0
1736847128.0858011,0.0,1.5708,0.67328,-0.0,-0.0,0.0
1736847128.0868099,0.0,1.5708,0.67341,-0.0,-0.0,0.0
1736847128.087764,0.0,1.5708,0.67356,-0.0,-0.0,0.0
1736847128.0888147,0.0,1.5708,0.67369,-0.0,-0.0,0.0
1736847128.0898306,0.0,1.5708,0.67381,-0.0,-0.0,0.0
1736847128.0898306,0.0,1.5708,0.67393,-0.0,-0.0,0.0
1736847128.091293,0.0,1.5708,0.67406,-0.0,-0.0,0.0
1736847128.0921614,0.0,1.5708,0.67418,-0.0,-0.0,0.0
1736847128.0921614,0.0,1.5708,0.6743,-0.0,-0.0,0.0
1736847128.0931726,0.0,1.5708,0.67441,-0.0,-0.0,0.0
1736847128.0946326,0.0,1.5708,0.67455,-0.0,-0.0,0.0
1736847128.0951781,0.0,1.5708,0.67469,-0.0,-0.0,0.0
1736847128.0961034,0.0,1.5708,0.67482,-0.0,-0.0,0.0
1736847128.0971076,0.0,1.5708,0.67494,-0.0,-0.0,0.0
1736847128.0971076,0.0,1.5708,0.67507,-0.0,-0.0,0.0
1736847128.0971076,0.0,1.5708,0.67519,-0.0,-0.0,0.0
1736847128.0971076,0.0,1.5708,0.67531,-0.0,-0.0,0.0
1736847128.1000552,0.0,1.5708,0.67543,-0.0,-0.0,0.0
1736847128.1000552,0.0,1.5708,0.67555,-0.0,-0.0,0.0
1736847128.1017857,0.0,1.5708,0.6757,-0.0,-0.0,0.0
1736847128.1028233,0.0,1.5708,0.67584,-0.0,-0.0,0.0
1736847128.1028233,0.0,1.5708,0.67597,-0.0,-0.0,0.0
1736847128.1038218,0.0,1.5708,0.67609,-0.0,-0.0,0.0
1736847128.104821,0.0,1.5708,0.67621,-0.0,-0.0,0.0
1736847128.1058342,0.0,1.5708,0.67633,-0.0,-0.0,0.0
1736847128.1058342,0.0,1.5708,0.67644,-0.0,-0.0,0.0
1736847128.1069522,0.0,1.5708,0.67656,-0.0,-0.0,0.0
1736847128.107969,0.0,1.5708,0.67669,-0.0,-0.0,0.0
1736847128.108836,0.0,1.5708,0.67684,-0.0,-0.0,0.0
1736847128.109857,0.0,1.5708,0.67697,-0.0,-0.0,0.0
1736847128.1108017,0.0,1.5708,0.67711,-0.0,-0.0,0.0
1736847128.1108017,0.0,1.5708,0.67723,-0.0,-0.0,0.0
1736847128.1119165,0.0,1.5708,0.67735,-0.0,-0.0,0.0
1736847128.1119165,0.0,1.5708,0.67747,-0.0,-0.0,0.0
1736847128.1139905,0.0,1.5708,0.67759,-0.0,-0.0,0.0
1736847128.1139905,0.0,1.5708,0.67772,-0.0,-0.0,0.0
1736847128.1151822,0.0,1.5708,0.67787,-0.0,-0.0,0.0
1736847128.1151822,0.0,1.5708,0.67801,-0.0,-0.0,0.0
1736847128.1172214,0.0,1.5708,0.67815,-0.0,-0.0,0.0
1736847128.1182284,0.0,1.5708,0.67827,-0.0,-0.0,0.0
1736847128.1182284,0.0,1.5708,0.67839,-0.0,-0.0,0.0
1736847128.1192265,0.0,1.5708,0.67851,-0.0,-0.0,0.0
1736847128.1202266,0.0,1.5708,0.67863,-0.0,-0.0,0.0
1736847128.1212301,0.0,1.5708,0.67875,-0.0,-0.0,0.0
1736847128.1220596,0.0,1.5708,0.67889,-0.0,-0.0,0.0
1736847128.1313221,0.0,1.5708,0.68041,-0.0,-0.0,0.0
1736847128.1323256,0.0,1.5708,0.68057,-0.0,-0.0,0.0
1736847128.1333258,0.0,1.5708,0.6807,-0.0,-0.0,0.0
1736847128.1343353,0.0,1.5708,0.68083,-0.0,-0.0,0.0
1736847128.1353273,0.0,1.5708,0.68096,-0.0,-0.0,0.0
1736847128.1360755,0.0,1.5708,0.6811,-0.0,-0.0,0.0
1736847128.1360755,0.0,1.5708,0.68126,-0.0,-0.0,0.0
1736847128.1379235,0.0,1.5708,0.68139,-0.0,-0.0,0.0
1736847128.1389294,0.0,1.5708,0.68151,-0.0,-0.0,0.0
1736847128.1389294,0.0,1.5708,0.68164,-0.0,-0.0,0.0
1736847128.1399283,0.0,1.5708,0.68176,-0.0,-0.0,0.0
1736847128.1409283,0.0,1.5708,0.68187,-0.0,-0.0,0.0
1736847128.141929,0.0,1.5708,0.68199,-0.0,-0.0,0.0
1736847128.141929,0.0,1.5708,0.68211,-0.0,-0.0,0.0
1736847128.1437407,0.0,1.5708,0.68227,-0.0,-0.0,0.0
1736847128.1447427,0.0,1.5708,0.68242,-0.0,-0.0,0.0
1736847128.1447427,0.0,1.5708,0.68255,-0.0,-0.0,0.0
1736847128.1457407,0.0,1.5708,0.68267,-0.0,-0.0,0.0
1736847128.1471074,0.0,1.5708,0.6828,-0.0,-0.0,0.0
1736847128.1471074,0.0,1.5708,0.68292,-0.0,-0.0,0.0
1736847128.148652,0.0,1.5708,0.68304,-0.0,-0.0,0.0
1736847128.148652,0.0,1.5708,0.68318,-0.0,-0.0,0.0
1736847128.1499245,0.0,1.5708,0.68332,-0.0,-0.0,0.0
1736847128.1499245,0.0,1.5708,0.68346,-0.0,-0.0,0.0
1736847128.1499245,0.0,1.5708,0.68361,-0.0,-0.0,0.0
1736847128.1499245,0.0,1.5708,0.68374,-0.0,-0.0,0.0
1736847128.1499245,0.0,1.5708,0.68387,-0.0,-0.0,0.0
1736847128.1544237,0.0,1.5708,0.68399,-0.0,-0.0,0.0
1736847128.1554296,0.0,1.5708,0.68411,-0.0,-0.0,0.0
1736847128.1554296,0.0,1.5708,0.68424,-0.0,-0.0,0.0
1736847128.157205,0.0,1.5708,0.68439,-0.0,-0.0,0.0
1736847128.158258,0.0,1.5708,0.68455,-0.0,-0.0,0.0
1736847128.158258,0.0,1.5708,0.68469,-0.0,-0.0,0.0
1736847128.159258,0.0,1.5708,0.68482,-0.0,-0.0,0.0
1736847128.160731,0.0,1.5708,0.68495,-0.0,-0.0,0.0
1736847128.1608355,0.0,1.5708,0.68508,-0.0,-0.0,0.0
1736847128.1618373,0.0,1.5708,0.68521,-0.0,-0.0,0.0
1736847128.1628375,0.0,1.5708,0.68533,-0.0,-0.0,0.0
1736847128.1640816,0.0,1.5708,0.68546,-0.0,-0.0,0.0
1736847128.164959,0.0,1.5708,0.68561,-0.0,-0.0,0.0
1736847128.164959,0.0,1.5708,0.68574,-0.0,-0.0,0.0
1736847128.166593,0.0,1.5708,0.68586,-0.0,-0.0,0.0
1736847128.167236,0.0,1.5708,0.68598,-0.0,-0.0,0.0
1736847128.167236,0.0,1.5708,0.68611,-0.0,-0.0,0.0
1736847128.1682484,0.0,1.5708,0.68623,-0.0,-0.0,0.0
1736847128.169248,0.0,1.5708,0.68635,-0.0,-0.0,0.0
1736847128.1702597,0.0,1.5708,0.68648,-0.0,-0.0,0.0
1736847128.171155,0.0,1.5708,0.68663,-0.0,-0.0,0.0
1736847128.1722374,0.0,1.5708,0.68676,-0.0,-0.0,0.0
1736847128.1722374,0.0,1.5708,0.68689,-0.0,-0.0,0.0
1736847128.1722374,0.0,1.5708,0.68703,-0.0,-0.0,0.0
1736847128.1722374,0.0,1.5708,0.68715,-0.0,-0.0,0.0
1736847128.1722374,0.0,1.5708,0.68731,-0.0,-0.0,0.0
1736847128.176277,0.0,1.5708,0.68747,-0.0,-0.0,0.0
1736847128.1779609,0.0,1.5708,0.68763,-0.0,-0.0,0.0
1736847128.1787002,0.0,1.5708,0.68781,-0.0,-0.0,0.0
1736847128.1797073,0.0,1.5708,0.68797,-0.0,-0.0,0.0
1736847128.1807222,0.0,1.5708,0.68811,-0.0,-0.0,0.0
1736847128.1817057,0.0,1.5708,0.68823,-0.0,-0.0,0.0
1736847128.1824238,0.0,1.5708,0.68835,-0.0,-0.0,0.0
1736847128.1824238,0.0,1.5708,0.68847,-0.0,-0.0,0.0
1736847128.18343,0.0,1.5708,0.68863,-0.0,-0.0,0.0
1736847128.1844282,0.0,1.5708,0.68878,-0.0,-0.0,0.0
1736847128.186239,0.0,1.5708,0.68895,-0.0,-0.0,0.0
1736847128.186239,0.0,1.5708,0.68908,-0.0,-0.0,0.0
1736847128.1878667,0.0,1.5708,0.68921,-0.0,-0.0,0.0
1736847128.1880932,0.0,1.5708,0.68935,-0.0,-0.0,0.0
1736847128.189096,0.0,1.5708,0.68948,-0.0,-0.0,0.0
1736847128.190093,0.0,1.5708,0.68961,-0.0,-0.0,0.0
1736847128.191095,0.0,1.5708,0.68975,-0.0,-0.0,0.0
1736847128.1917114,0.0,1.5708,0.68992,-0.0,-0.0,0.0
1736847128.1917114,0.0,1.5708,0.69017,-0.0,-0.0,0.0
1736847128.1917114,0.0,1.5708,0.69039,-0.0,-0.0,0.0
1736847128.1917114,0.0,1.5708,0.69058,-0.0,-0.0,0.0
1736847128.1973248,0.0,1.5708,0.69073,-0.0,-0.0,0.0
1736847128.1983354,0.0,1.5708,0.69089,-0.0,-0.0,0.0
1736847128.1992617,0.0,1.5708,0.69106,-0.0,-0.0,0.0
1736847128.1992617,0.0,1.5708,0.69124,-0.0,-0.0,0.0
1736847128.1992617,0.0,1.5708,0.69144,-0.0,-0.0,0.0
1736847128.1992617,0.0,1.5708,0.69162,-0.0,-0.0,0.0
1736847128.2042665,0.0,1.5708,0.69176,-0.0,-0.0,0.0
1736847128.2052765,0.0,1.5708,0.69192,-0.0,-0.0,0.0
1736847128.206275,0.0,1.5708,0.69208,-0.0,-0.0,0.0
1736847128.206473,0.0,1.5708,0.69227,-0.0,-0.0,0.0
1736847128.206473,0.0,1.5708,0.69248,-0.0,-0.0,0.0
1736847128.206473,0.0,1.5708,0.69262,-0.0,-0.0,0.0
1736847128.206473,0.0,1.5708,0.69277,-0.0,-0.0,0.0
1736847128.211197,0.0,1.5708,0.69292,-0.0,-0.0,0.0
1736847128.21221,0.0,1.5708,0.69309,-0.0,-0.0,0.0
1736847128.213595,0.0,1.5708,0.69328,-0.0,-0.0,0.0
1736847128.213595,0.0,1.5708,0.69346,-0.0,-0.0,0.0
1736847128.213595,0.0,1.5708,0.69367,-0.0,-0.0,0.0
1736847128.213595,0.0,1.5708,0.69383,-0.0,-0.0,0.0
1736847128.2181504,0.0,1.5708,0.69398,-0.0,-0.0,0.0
1736847128.2191763,0.0,1.5708,0.69414,-0.0,-0.0,0.0
1736847128.2203383,0.0,1.5708,0.69439,-0.0,-0.0,0.0
1736847128.2203383,0.0,1.5708,0.69458,-0.0,-0.0,0.0
1736847128.2203383,0.0,1.5708,0.69481,-0.0,-0.0,0.0
1736847128.2203383,0.0,1.5708,0.69497,-0.0,-0.0,0.0
1736847128.2250676,0.0,1.5708,0.69512,-0.0,-0.0,0.0
1736847128.2260778,0.0,1.5708,0.69525,-0.0,-0.0,0.0
1736847128.227077,0.0,1.5708,0.69543,-0.0,-0.0,0.0
1736847128.2280755,0.0,1.5708,0.69559,-0.0,-0.0,0.0
1736847128.2290232,0.0,1.5708,0.69575,-0.0,-0.0,0.0
1736847128.2290232,0.0,1.5708,0.69592,-0.0,-0.0,0.0
1736847128.2317684,0.0,1.5708,0.69609,-0.0,-0.0,0.0
1736847128.2327816,0.0,1.5708,0.69625,-0.0,-0.0,0.0
1736847128.233845,0.0,1.5708,0.69641,-0.0,-0.0,0.0
1736847128.2346501,0.0,1.5708,0.69658,-0.0,-0.0,0.0
1736847128.2351906,0.0,1.5708,0.69675,-0.0,-0.0,0.0
1736847128.2361975,0.0,1.5708,0.69688,-0.0,-0.0,0.0
1736847128.2361975,0.0,1.5708,0.69701,-0.0,-0.0,0.0
1736847128.2361975,0.0,1.5708,0.69714,-0.0,-0.0,0.0
1736847128.2389045,0.0,1.5708,0.69727,-0.0,-0.0,0.0
1736847128.2399142,0.0,1.5708,0.6974,-0.0,-0.0,0.0
1736847128.2406464,0.0,1.5708,0.69755,-0.0,-0.0,0.0
1736847128.2417905,0.0,1.5708,0.69769,-0.0,-0.0,0.0
1736847128.242597,0.0,1.5708,0.69782,-0.0,-0.0,0.0
1736847128.242597,0.0,1.5708,0.69795,-0.0,-0.0,0.0
1736847128.2436104,0.0,1.5708,0.69807,-0.0,-0.0,0.0
1736847128.2446074,0.0,1.5708,0.69819,-0.0,-0.0,0.0
1736847128.2456217,0.0,1.5708,0.69831,-0.0,-0.0,0.0
1736847128.2466078,0.0,1.5708,0.69845,-0.0,-0.0,0.0
1736847128.247663,0.0,1.5708,0.69859,-0.0,-0.0,0.0
1736847128.2477455,0.0,1.5708,0.69873,-0.0,-0.0,0.0
1736847128.2487462,0.0,1.5708,0.69886,-0.0,-0.0,0.0
1736847128.249745,0.0,1.5708,0.69897,-0.0,-0.0,0.0
1736847128.2507508,0.0,1.5708,0.6991,-0.0,-0.0,0.0
1736847128.2507508,0.0,1.5708,0.69922,-0.0,-0.0,0.0
1736847128.251861,0.0,1.5708,0.69934,-0.0,-0.0,0.0
1736847128.2527816,0.0,1.5708,0.69947,-0.0,-0.0,0.0
1736847128.2540348,0.0,1.5708,0.6996,-0.0,-0.0,0.0
1736847128.2540348,0.0,1.5708,0.69975,-0.0,-0.0,0.0
1736847128.2540348,0.0,1.5708,0.69989,-0.0,-0.0,0.0
1736847128.2540348,0.0,1.5708,0.70002,-0.0,-0.0,0.0
1736847128.2572923,0.0,1.5708,0.70015,-0.0,-0.0,0.0
1736847128.2583954,0.0,1.5708,0.70027,-0.0,-0.0,0.0
1736847128.2591248,0.0,1.5708,0.7004,-0.0,-0.0,0.0
1736847128.2591248,0.0,1.5708,0.70053,-0.0,-0.0,0.0
1736847128.2601368,0.0,1.5708,0.70064,-0.0,-0.0,0.0
1736847128.2613559,0.0,1.5708,0.70078,-0.0,-0.0,0.0
1736847128.2623975,0.0,1.5708,0.70091,-0.0,-0.0,0.0
1736847128.2630615,0.0,1.5708,0.70106,-0.0,-0.0,0.0
1736847128.2640786,0.0,1.5708,0.70118,-0.0,-0.0,0.0
1736847128.2640786,0.0,1.5708,0.70131,-0.0,-0.0,0.0
1736847128.2650678,0.0,1.5708,0.70143,-0.0,-0.0,0.0
1736847128.2660654,0.0,1.5708,0.70155,-0.0,-0.0,0.0
1736847128.2670786,0.0,1.5708,0.70168,-0.0,-0.0,0.0
1736847128.2682416,0.0,1.5708,0.70181,-0.0,-0.0,0.0
1736847128.2688112,0.0,1.5708,0.70197,-0.0,-0.0,0.0
1736847128.2698169,0.0,1.5708,0.70211,-0.0,-0.0,0.0
1736847128.270816,0.0,1.5708,0.70223,-0.0,-0.0,0.0
1736847128.270816,0.0,1.5708,0.70235,-0.0,-0.0,0.0
1736847128.2718155,0.0,1.5708,0.70247,-0.0,-0.0,0.0
1736847128.2728248,0.0,1.5708,0.70259,-0.0,-0.0,0.0
1736847128.2738156,0.0,1.5708,0.7027,-0.0,-0.0,0.0
1736847128.2738156,0.0,1.5708,0.70283,-0.0,-0.0,0.0
1736847128.2749166,0.0,1.5708,0.70298,-0.0,-0.0,0.0
1736847128.2763743,0.0,1.5708,0.7031,-0.0,-0.0,0.0
1736847128.2772322,0.0,1.5708,0.70323,-0.0,-0.0,0.0
1736847128.2772322,0.0,1.5708,0.70336,-0.0,-0.0,0.0
1736847128.278239,0.0,1.5708,0.70349,-0.0,-0.0,0.0
1736847128.2792366,0.0,1.5708,0.70361,-0.0,-0.0,0.0
1736847128.2803795,0.0,1.5708,0.70373,-0.0,-0.0,0.0
1736847128.2803795,0.0,1.5708,0.70386,-0.0,-0.0,0.0
1736847128.2818325,0.0,1.5708,0.704,-0.0,-0.0,0.0
1736847128.2821963,0.0,1.5708,0.70414,-0.0,-0.0,0.0
1736847128.2832017,0.0,1.5708,0.70428,-0.0,-0.0,0.0
1736847128.2842002,0.0,1.5708,0.70439,-0.0,-0.0,0.0
1736847128.2850933,0.0,1.5708,0.70451,-0.0,-0.0,0.0
1736847128.2860982,0.0,1.5708,0.70463,-0.0,-0.0,0.0
1736847128.2860982,0.0,1.5708,0.70476,-0.0,-0.0,0.0
1736847128.2875357,0.0,1.5708,0.70489,-0.0,-0.0,0.0
1736847128.2885427,0.0,1.5708,0.70501,-0.0,-0.0,0.0
1736847128.288723,0.0,1.5708,0.70517,-0.0,-0.0,0.0
1736847128.2902405,0.0,1.5708,0.70531,-0.0,-0.0,0.0
1736847128.291246,0.0,1.5708,0.70544,-0.0,-0.0,0.0
1736847128.291246,0.0,1.5708,0.70557,-0.0,-0.0,0.0
1736847128.2922451,0.0,1.5708,0.70569,-0.0,-0.0,0.0
1736847128.2936153,0.0,1.5708,0.70581,-0.0,-0.0,0.0
1736847128.2942245,0.0,1.5708,0.70593,-0.0,-0.0,0.0
1736847128.2952344,0.0,1.5708,0.70607,-0.0,-0.0,0.0
1736847128.296297,0.0,1.5708,0.70623,-0.0,-0.0,0.0
1736847128.297493,0.0,1.5708,0.70638,-0.0,-0.0,0.0
1736847128.297493,0.0,1.5708,0.70655,-0.0,-0.0,0.0
1736847128.2984905,0.0,1.5708,0.70668,-0.0,-0.0,0.0
1736847128.2994893,0.0,1.5708,0.70681,-0.0,-0.0,0.0
1736847128.3004987,0.0,1.5708,0.70693,-0.0,-0.0,0.0
1736847128.3014057,0.0,1.5708,0.70705,-0.0,-0.0,0.0
1736847128.3014057,0.0,1.5708,0.70718,-0.0,-0.0,0.0
1736847128.3031628,0.0,1.5708,0.70732,-0.0,-0.0,0.0
1736847128.3031628,0.0,1.5708,0.70746,-0.0,-0.0,0.0
1736847128.3042076,0.0,1.5708,0.7076,-0.0,-0.0,0.0
1736847128.305205,0.0,1.5708,0.70775,-0.0,-0.0,0.0
1736847128.306156,0.0,1.5708,0.70787,-0.0,-0.0,0.0
1736847128.306156,0.0,1.5708,0.70799,-0.0,-0.0,0.0
1736847128.3083613,0.0,1.5708,0.70812,-0.0,-0.0,0.0
1736847128.3083613,0.0,1.5708,0.70825,-0.0,-0.0,0.0
1736847128.309624,0.0,1.5708,0.7084,-0.0,-0.0,0.0
1736847128.309624,0.0,1.5708,0.70854,-0.0,-0.0,0.0
1736847128.311844,0.0,1.5708,0.70867,-0.0,-0.0,0.0
1736847128.312614,0.0,1.5708,0.7088,-0.0,-0.0,0.0
1736847128.312614,0.0,1.5708,0.70893,-0.0,-0.0,0.0
1736847128.313624,0.0,1.5708,0.70905,-0.0,-0.0,0.0
1736847128.3146222,0.0,1.5708,0.70917,-0.0,-0.0,0.0
1736847128.315629,0.0,1.5708,0.70929,-0.0,-0.0,0.0
1736847128.3164866,0.0,1.5708,0.70941,-0.0,-0.0,0.0
1736847128.3177106,0.0,1.5708,0.7096,-0.0,-0.0,0.0
1736847128.3187277,0.0,1.5708,0.70976,-0.0,-0.0,0.0
1736847128.3187277,0.0,1.5708,0.70989,-0.0,-0.0,0.0
1736847128.319711,0.0,1.5708,0.71001,-0.0,-0.0,0.0
1736847128.3207114,0.0,1.5708,0.71013,-0.0,-0.0,0.0
1736847128.321721,0.0,1.5708,0.71025,-0.0,-0.0,0.0
1736847128.3222494,0.0,1.5708,0.71037,-0.0,-0.0,0.0
1736847128.3232553,0.0,1.5708,0.7105,-0.0,-0.0,0.0
1736847128.3238616,0.0,1.5708,0.71066,-0.0,-0.0,0.0
1736847128.3238616,0.0,1.5708,0.7108,-0.0,-0.0,0.0
1736847128.3238616,0.0,1.5708,0.71092,-0.0,-0.0,0.0
1736847128.3238616,0.0,1.5708,0.71105,-0.0,-0.0,0.0
1736847128.3238616,0.0,1.5708,0.71116,-0.0,-0.0,0.0
1736847128.3281443,0.0,1.5708,0.71128,-0.0,-0.0,0.0
1736847128.3291638,0.0,1.5708,0.71141,-0.0,-0.0,0.0
1736847128.3291638,0.0,1.5708,0.71154,-0.0,-0.0,0.0
1736847128.3308372,0.0,1.5708,0.71168,-0.0,-0.0,0.0
1736847128.3318827,0.0,1.5708,0.71181,-0.0,-0.0,0.0
1736847128.3326342,0.0,1.5708,0.71194,-0.0,-0.0,0.0
1736847128.3328745,0.0,1.5708,0.71206,-0.0,-0.0,0.0
1736847128.3328745,0.0,1.5708,0.71219,-0.0,-0.0,0.0
1736847128.3328745,0.0,1.5708,0.71232,-0.0,-0.0,0.0
1736847128.3328745,0.0,1.5708,0.71244,-0.0,-0.0,0.0
1736847128.3361185,0.0,1.5708,0.71256,-0.0,-0.0,0.0
1736847128.3372993,0.0,1.5708,0.71269,-0.0,-0.0,0.0
1736847128.3380227,0.0,1.5708,0.71283,-0.0,-0.0,0.0
1736847128.339029,0.0,1.5708,0.71297,-0.0,-0.0,0.0
1736847128.339029,0.0,1.5708,0.71309,-0.0,-0.0,0.0
1736847128.3400276,0.0,1.5708,0.71321,-0.0,-0.0,0.0
1736847128.3410268,0.0,1.5708,0.71333,-0.0,-0.0,0.0
1736847128.3420365,0.0,1.5708,0.71345,-0.0,-0.0,0.0
1736847128.3420365,0.0,1.5708,0.71356,-0.0,-0.0,0.0
1736847128.3430269,0.0,1.5708,0.71369,-0.0,-0.0,0.0
1736847128.3441174,0.0,1.5708,0.71381,-0.0,-0.0,0.0
1736847128.345409,0.0,1.5708,0.71394,-0.0,-0.0,0.0
1736847128.3456633,0.0,1.5708,0.71408,-0.0,-0.0,0.0
1736847128.3467083,0.0,1.5708,0.71421,-0.0,-0.0,0.0
1736847128.3477156,0.0,1.5708,0.71434,-0.0,-0.0,0.0
1736847128.3477156,0.0,1.5708,0.71445,-0.0,-0.0,0.0
1736847128.349275,0.0,1.5708,0.71458,-0.0,-0.0,0.0
1736847128.3499556,0.0,1.5708,0.7147,-0.0,-0.0,0.0
1736847128.350467,0.0,1.5708,0.71483,-0.0,-0.0,0.0
1736847128.351314,0.0,1.5708,0.71499,-0.0,-0.0,0.0
1736847128.351314,0.0,1.5708,0.71513,-0.0,-0.0,0.0
1736847128.351314,0.0,1.5708,0.71527,-0.0,-0.0,0.0
1736847128.354474,0.0,1.5708,0.7154,-0.0,-0.0,0.0
1736847128.354984,0.0,1.5708,0.71553,-0.0,-0.0,0.0
1736847128.3560002,0.0,1.5708,0.71564,-0.0,-0.0,0.0
1736847128.3569884,0.0,1.5708,0.71576,-0.0,-0.0,0.0
1736847128.3569884,0.0,1.5708,0.7159,-0.0,-0.0,0.0
1736847128.4308722,0.0,1.5708,0.72947,-0.0,-0.0,0.0
1736847128.4464622,0.0,1.5708,0.72979,-0.0,-0.0,0.0
1736847128.4464622,0.0,1.5708,0.7301,-0.0,-0.0,0.0
1736847128.4464622,0.0,1.5708,0.73027,-0.0,-0.0,0.0
1736847128.4464622,0.0,1.5708,0.73041,-0.0,-0.0,0.0
1736847128.451147,0.0,1.5708,0.73055,-0.0,-0.0,0.0
1736847128.4518735,0.0,1.5708,0.73072,-0.0,-0.0,0.0
1736847128.4528046,0.0,1.5708,0.73087,-0.0,-0.0,0.0
1736847128.4539852,0.0,1.5708,0.731,-0.0,-0.0,0.0
1736847128.4539852,0.0,1.5708,0.73113,-0.0,-0.0,0.0
1736847128.4554577,0.0,1.5708,0.73128,-0.0,-0.0,0.0
1736847128.4565692,0.0,1.5708,0.73142,-0.0,-0.0,0.0
1736847128.4565692,0.0,1.5708,0.73154,-0.0,-0.0,0.0
1736847128.4575717,0.0,1.5708,0.73167,-0.0,-0.0,0.0
1736847128.4585698,0.0,1.5708,0.73178,-0.0,-0.0,0.0
1736847128.459591,0.0,1.5708,0.7319,-0.0,-0.0,0.0
1736847128.459591,0.0,1.5708,0.73202,-0.0,-0.0,0.0
1736847128.46057,0.0,1.5708,0.73213,-0.0,-0.0,0.0
1736847128.461571,0.0,1.5708,0.73226,-0.0,-0.0,0.0
1736847128.4627042,0.0,1.5708,0.73241,-0.0,-0.0,0.0
1736847128.4637475,0.0,1.5708,0.73256,-0.0,-0.0,0.0
1736847128.4647338,0.0,1.5708,0.73269,-0.0,-0.0,0.0
1736847128.4647338,0.0,1.5708,0.73281,-0.0,-0.0,0.0
1736847128.4657333,0.0,1.5708,0.73292,-0.0,-0.0,0.0
1736847128.4667432,0.0,1.5708,0.73304,-0.0,-0.0,0.0
1736847128.4667432,0.0,1.5708,0.73315,-0.0,-0.0,0.0
1736847128.4680688,0.0,1.5708,0.73327,-0.0,-0.0,0.0
1736847128.469348,0.0,1.5708,0.7334,-0.0,-0.0,0.0
1736847128.4700687,0.0,1.5708,0.73355,-0.0,-0.0,0.0
1736847128.4711797,0.0,1.5708,0.73371,-0.0,-0.0,0.0
1736847128.4711797,0.0,1.5708,0.73384,-0.0,-0.0,0.0
1736847128.4721923,0.0,1.5708,0.73396,-0.0,-0.0,0.0
1736847128.4735126,0.0,1.5708,0.73408,-0.0,-0.0,0.0
1736847128.4735918,0.0,1.5708,0.7342,-0.0,-0.0,0.0
1736847128.4745924,0.0,1.5708,0.73432,-0.0,-0.0,0.0
1736847128.475604,0.0,1.5708,0.73444,-0.0,-0.0,0.0
1736847128.4765632,0.0,1.5708,0.73458,-0.0,-0.0,0.0
1736847128.4776115,0.0,1.5708,0.73472,-0.0,-0.0,0.0
1736847128.478263,0.0,1.5708,0.73486,-0.0,-0.0,0.0
1736847128.4792671,0.0,1.5708,0.73498,-0.0,-0.0,0.0
1736847128.4792671,0.0,1.5708,0.73511,-0.0,-0.0,0.0
1736847128.4792671,0.0,1.5708,0.73523,-0.0,-0.0,0.0
1736847128.4792671,0.0,1.5708,0.73535,-0.0,-0.0,0.0
1736847128.481943,0.0,1.5708,0.73546,-0.0,-0.0,0.0
1736847128.4831188,0.0,1.5708,0.73559,-0.0,-0.0,0.0
1736847128.4831188,0.0,1.5708,0.73575,-0.0,-0.0,0.0
1736847128.485144,0.0,1.5708,0.73589,-0.0,-0.0,0.0
1736847128.485144,0.0,1.5708,0.73602,-0.0,-0.0,0.0
1736847128.4861462,0.0,1.5708,0.73614,-0.0,-0.0,0.0
1736847128.4874463,0.0,1.5708,0.73626,-0.0,-0.0,0.0
1736847128.4874463,0.0,1.5708,0.73637,-0.0,-0.0,0.0
1736847128.488452,0.0,1.5708,0.73649,-0.0,-0.0,0.0
1736847128.489453,0.0,1.5708,0.73662,-0.0,-0.0,0.0
1736847128.4906523,0.0,1.5708,0.73676,-0.0,-0.0,0.0
1736847128.4916532,0.0,1.5708,0.73691,-0.0,-0.0,0.0
1736847128.4916532,0.0,1.5708,0.73704,-0.0,-0.0,0.0
1736847128.492653,0.0,1.5708,0.73717,-0.0,-0.0,0.0
1736847128.4936526,0.0,1.5708,0.7373,-0.0,-0.0,0.0
1736847128.494662,0.0,1.5708,0.73742,-0.0,-0.0,0.0
1736847128.494662,0.0,1.5708,0.73753,-0.0,-0.0,0.0
1736847128.4958508,0.0,1.5708,0.73766,-0.0,-0.0,0.0
1736847128.4968526,0.0,1.5708,0.73779,-0.0,-0.0,0.0
1736847128.4977007,0.0,1.5708,0.73794,-0.0,-0.0,0.0
1736847128.4988,0.0,1.5708,0.7381,-0.0,-0.0,0.0
1736847128.4998174,0.0,1.5708,0.73823,-0.0,-0.0,0.0
1736847128.5008047,0.0,1.5708,0.73835,-0.0,-0.0,0.0
1736847128.5012531,0.0,1.5708,0.73848,-0.0,-0.0,0.0
1736847128.5022542,0.0,1.5708,0.7386,-0.0,-0.0,0.0
1736847128.5027847,0.0,1.5708,0.73873,-0.0,-0.0,0.0
1736847128.5040414,0.0,1.5708,0.73886,-0.0,-0.0,0.0
1736847128.5040414,0.0,1.5708,0.73901,-0.0,-0.0,0.0
1736847128.5040414,0.0,1.5708,0.73916,-0.0,-0.0,0.0
1736847128.5040414,0.0,1.5708,0.73931,-0.0,-0.0,0.0
1736847128.5076294,0.0,1.5708,0.73944,-0.0,-0.0,0.0
1736847128.5084476,0.0,1.5708,0.73956,-0.0,-0.0,0.0
1736847128.5084476,0.0,1.5708,0.73968,-0.0,-0.0,0.0
1736847128.509461,0.0,1.5708,0.7398,-0.0,-0.0,0.0
1736847128.5104601,0.0,1.5708,0.73992,-0.0,-0.0,0.0
1736847128.5114222,0.0,1.5708,0.74007,-0.0,-0.0,0.0
1736847128.5125415,0.0,1.5708,0.74021,-0.0,-0.0,0.0
1736847128.5133245,0.0,1.5708,0.74035,-0.0,-0.0,0.0
1736847128.5143442,0.0,1.5708,0.74048,-0.0,-0.0,0.0
1736847128.5143442,0.0,1.5708,0.74061,-0.0,-0.0,0.0
1736847128.5153298,0.0,1.5708,0.74074,-0.0,-0.0,0.0
1736847128.5163293,0.0,1.5708,0.74086,-0.0,-0.0,0.0
1736847128.5173297,0.0,1.5708,0.74099,-0.0,-0.0,0.0
1736847128.518259,0.0,1.5708,0.74113,-0.0,-0.0,0.0
1736847128.5190477,0.0,1.5708,0.7413,-0.0,-0.0,0.0
1736847128.520054,0.0,1.5708,0.74145,-0.0,-0.0,0.0
1736847128.521062,0.0,1.5708,0.74158,-0.0,-0.0,0.0
1736847128.5220625,0.0,1.5708,0.7417,-0.0,-0.0,0.0
1736847128.5220625,0.0,1.5708,0.74183,-0.0,-0.0,0.0
1736847128.523052,0.0,1.5708,0.74195,-0.0,-0.0,0.0
1736847128.5240538,0.0,1.5708,0.74207,-0.0,-0.0,0.0
1736847128.5253773,0.0,1.5708,0.74222,-0.0,-0.0,0.0
1736847128.5262237,0.0,1.5708,0.74238,-0.0,-0.0,0.0
1736847128.5269396,0.0,1.5708,0.74252,-0.0,-0.0,0.0
1736847128.5279593,0.0,1.5708,0.74265,-0.0,-0.0,0.0
1736847128.5279593,0.0,1.5708,0.74276,-0.0,-0.0,0.0
1736847128.5289462,0.0,1.5708,0.74289,-0.0,-0.0,0.0
1736847128.5298762,0.0,1.5708,0.74301,-0.0,-0.0,0.0
1736847128.530567,0.0,1.5708,0.74314,-0.0,-0.0,0.0
1736847128.5317314,0.0,1.5708,0.74328,-0.0,-0.0,0.0
1736847128.5317314,0.0,1.5708,0.74343,-0.0,-0.0,0.0
1736847128.5317314,0.0,1.5708,0.74357,-0.0,-0.0,0.0
1736847128.5317314,0.0,1.5708,0.7437,-0.0,-0.0,0.0
1736847128.5353131,0.0,1.5708,0.74386,-0.0,-0.0,0.0
1736847128.5363188,0.0,1.5708,0.74401,-0.0,-0.0,0.0
1736847128.537317,0.0,1.5708,0.74415,-0.0,-0.0,0.0
1736847128.5383325,0.0,1.5708,0.74427,-0.0,-0.0,0.0
1736847128.5391285,0.0,1.5708,0.74442,-0.0,-0.0,0.0
1736847128.5401597,0.0,1.5708,0.74455,-0.0,-0.0,0.0
1736847128.5411334,0.0,1.5708,0.74469,-0.0,-0.0,0.0
1736847128.5416868,0.0,1.5708,0.74483,-0.0,-0.0,0.0
1736847128.5427048,0.0,1.5708,0.74495,-0.0,-0.0,0.0
1736847128.5435698,0.0,1.5708,0.74507,-0.0,-0.0,0.0
1736847128.5441797,0.0,1.5708,0.74519,-0.0,-0.0,0.0
1736847128.5441797,0.0,1.5708,0.74532,-0.0,-0.0,0.0
1736847128.545991,0.0,1.5708,0.74545,-0.0,-0.0,0.0
1736847128.545991,0.0,1.5708,0.74559,-0.0,-0.0,0.0
1736847128.5475862,0.0,1.5708,0.74573,-0.0,-0.0,0.0
1736847128.5475862,0.0,1.5708,0.74585,-0.0,-0.0,0.0
1736847128.5485919,0.0,1.5708,0.74597,-0.0,-0.0,0.0
1736847128.5495903,0.0,1.5708,0.7461,-0.0,-0.0,0.0
1736847128.5505903,0.0,1.5708,0.74623,-0.0,-0.0,0.0
1736847128.5515907,0.0,1.5708,0.74635,-0.0,-0.0,0.0
1736847128.5515907,0.0,1.5708,0.74648,-0.0,-0.0,0.0
1736847128.5531344,0.0,1.5708,0.74662,-0.0,-0.0,0.0
1736847128.5541523,0.0,1.5708,0.74676,-0.0,-0.0,0.0
1736847128.555139,0.0,1.5708,0.74689,-0.0,-0.0,0.0
1736847128.555139,0.0,1.5708,0.74701,-0.0,-0.0,0.0
1736847128.556138,0.0,1.5708,0.74713,-0.0,-0.0,0.0
1736847128.557138,0.0,1.5708,0.74725,-0.0,-0.0,0.0
1736847128.5581381,0.0,1.5708,0.74737,-0.0,-0.0,0.0
1736847128.5583498,0.0,1.5708,0.7475,-0.0,-0.0,0.0
1736847128.5600986,0.0,1.5708,0.74766,-0.0,-0.0,0.0
1736847128.5601552,0.0,1.5708,0.74781,-0.0,-0.0,0.0
1736847128.5611618,0.0,1.5708,0.74794,-0.0,-0.0,0.0
1736847128.5625832,0.0,1.5708,0.74807,-0.0,-0.0,0.0
1736847128.5633564,0.0,1.5708,0.74819,-0.0,-0.0,0.0
1736847128.5633564,0.0,1.5708,0.74831,-0.0,-0.0,0.0
1736847128.5649426,0.0,1.5708,0.74843,-0.0,-0.0,0.0
1736847128.5649426,0.0,1.5708,0.74855,-0.0,-0.0,0.0
1736847128.565949,0.0,1.5708,0.74868,-0.0,-0.0,0.0
1736847128.5668151,0.0,1.5708,0.74883,-0.0,-0.0,0.0
1736847128.5678668,0.0,1.5708,0.74896,-0.0,-0.0,0.0
1736847128.5688753,0.0,1.5708,0.74908,-0.0,-0.0,0.0
1736847128.5688753,0.0,1.5708,0.7492,-0.0,-0.0,0.0
1736847128.5705965,0.0,1.5708,0.74931,-0.0,-0.0,0.0
1736847128.5705965,0.0,1.5708,0.74945,-0.0,-0.0,0.0
1736847128.571598,0.0,1.5708,0.74958,-0.0,-0.0,0.0
1736847128.572598,0.0,1.5708,0.74972,-0.0,-0.0,0.0
1736847128.5738194,0.0,1.5708,0.74986,-0.0,-0.0,0.0
1736847128.5748713,0.0,1.5708,0.75,-0.0,-0.0,0.0
1736847128.5758586,0.0,1.5708,0.75014,-0.0,-0.0,0.0
1736847128.5763876,0.0,1.5708,0.75026,-0.0,-0.0,0.0
1736847128.5763876,0.0,1.5708,0.75038,-0.0,-0.0,0.0
1736847128.5773914,0.0,1.5708,0.7505,-0.0,-0.0,0.0
1736847128.5783916,0.0,1.5708,0.75062,-0.0,-0.0,0.0
1736847128.5793915,0.0,1.5708,0.75074,-0.0,-0.0,0.0
1736847128.580376,0.0,1.5708,0.75087,-0.0,-0.0,0.0
1736847128.580831,0.0,1.5708,0.75102,-0.0,-0.0,0.0
1736847128.5818765,0.0,1.5708,0.75114,-0.0,-0.0,0.0
1736847128.5831313,0.0,1.5708,0.75128,-0.0,-0.0,0.0
1736847128.5837853,0.0,1.5708,0.75141,-0.0,-0.0,0.0
1736847128.5837853,0.0,1.5708,0.75153,-0.0,-0.0,0.0
1736847128.584797,0.0,1.5708,0.75165,-0.0,-0.0,0.0
1736847128.5857944,0.0,1.5708,0.75177,-0.0,-0.0,0.0
1736847128.5868073,0.0,1.5708,0.75189,-0.0,-0.0,0.0
1736847128.587664,0.0,1.5708,0.75203,-0.0,-0.0,0.0
1736847128.588498,0.0,1.5708,0.75219,-0.0,-0.0,0.0
1736847128.589516,0.0,1.5708,0.75233,-0.0,-0.0,0.0
1736847128.590503,0.0,1.5708,0.75245,-0.0,-0.0,0.0
1736847128.590503,0.0,1.5708,0.75257,-0.0,-0.0,0.0
1736847128.5915022,0.0,1.5708,0.75269,-0.0,-0.0,0.0
1736847128.5925024,0.0,1.5708,0.75281,-0.0,-0.0,0.0
1736847128.5935035,0.0,1.5708,0.75293,-0.0,-0.0,0.0
1736847128.594505,0.0,1.5708,0.75307,-0.0,-0.0,0.0
1736847128.5946875,0.0,1.5708,0.75322,-0.0,-0.0,0.0
1736847128.5957332,0.0,1.5708,0.75335,-0.0,-0.0,0.0
1736847128.5967314,0.0,1.5708,0.75347,-0.0,-0.0,0.0
1736847128.5977314,0.0,1.5708,0.75359,-0.0,-0.0,0.0
1736847128.5977314,0.0,1.5708,0.75371,-0.0,-0.0,0.0
1736847128.5987315,0.0,1.5708,0.75383,-0.0,-0.0,0.0
1736847128.6000235,0.0,1.5708,0.75395,-0.0,-0.0,0.0
1736847128.6000235,0.0,1.5708,0.75408,-0.0,-0.0,0.0
1736847128.6017962,0.0,1.5708,0.75423,-0.0,-0.0,0.0
1736847128.602675,0.0,1.5708,0.75437,-0.0,-0.0,0.0
1736847128.602675,0.0,1.5708,0.7545,-0.0,-0.0,0.0
1736847128.603688,0.0,1.5708,0.75462,-0.0,-0.0,0.0
1736847128.6046865,0.0,1.5708,0.75474,-0.0,-0.0,0.0
1736847128.605697,0.0,1.5708,0.75485,-0.0,-0.0,0.0
1736847128.6060336,0.0,1.5708,0.75497,-0.0,-0.0,0.0
1736847128.6069422,0.0,1.5708,0.7551,-0.0,-0.0,0.0
1736847128.6081254,0.0,1.5708,0.75523,-0.0,-0.0,0.0
1736847128.6081254,0.0,1.5708,0.75538,-0.0,-0.0,0.0
1736847128.6081254,0.0,1.5708,0.75553,-0.0,-0.0,0.0
1736847128.6081254,0.0,1.5708,0.75565,-0.0,-0.0,0.0
1736847128.6081254,0.0,1.5708,0.75577,-0.0,-0.0,0.0
1736847128.6121228,0.0,1.5708,0.75589,-0.0,-0.0,0.0
1736847128.6131363,0.0,1.5708,0.75601,-0.0,-0.0,0.0
1736847128.6131363,0.0,1.5708,0.75613,-0.0,-0.0,0.0
1736847128.6141274,0.0,1.5708,0.75626,-0.0,-0.0,0.0
1736847128.6154525,0.0,1.5708,0.75639,-0.0,-0.0,0.0
1736847128.6164854,0.0,1.5708,0.75653,-0.0,-0.0,0.0
1736847128.6167862,0.0,1.5708,0.75666,-0.0,-0.0,0.0
1736847128.6167862,0.0,1.5708,0.75678,-0.0,-0.0,0.0
1736847128.6167862,0.0,1.5708,0.7569,-0.0,-0.0,0.0
1736847128.6167862,0.0,1.5708,0.75702,-0.0,-0.0,0.0
1736847128.6167862,0.0,1.5708,0.75714,-0.0,-0.0,0.0
1736847128.6208498,0.0,1.5708,0.75726,-0.0,-0.0,0.0
1736847128.6218565,0.0,1.5708,0.75738,-0.0,-0.0,0.0
1736847128.622988,0.0,1.5708,0.75754,-0.0,-0.0,0.0
1736847128.623716,0.0,1.5708,0.75769,-0.0,-0.0,0.0
1736847128.6246464,0.0,1.5708,0.75782,-0.0,-0.0,0.0
1736847128.6246464,0.0,1.5708,0.75794,-0.0,-0.0,0.0
1736847128.6256578,0.0,1.5708,0.75806,-0.0,-0.0,0.0
1736847128.6266658,0.0,1.5708,0.75817,-0.0,-0.0,0.0
1736847128.6276562,0.0,1.5708,0.75829,-0.0,-0.0,0.0
1736847128.627811,0.0,1.5708,0.75843,-0.0,-0.0,0.0
1736847128.6291447,0.0,1.5708,0.75856,-0.0,-0.0,0.0
1736847128.6296165,0.0,1.5708,0.7587,-0.0,-0.0,0.0
1736847128.630657,0.0,1.5708,0.75884,-0.0,-0.0,0.0
1736847128.6316662,0.0,1.5708,0.75896,-0.0,-0.0,0.0
1736847128.6326659,0.0,1.5708,0.75908,-0.0,-0.0,0.0
1736847128.6326659,0.0,1.5708,0.75921,-0.0,-0.0,0.0
1736847128.634323,0.0,1.5708,0.75933,-0.0,-0.0,0.0
1736847128.634323,0.0,1.5708,0.75945,-0.0,-0.0,0.0
1736847128.6359558,0.0,1.5708,0.75958,-0.0,-0.0,0.0
1736847128.6363518,0.0,1.5708,0.75974,-0.0,-0.0,0.0
1736847128.6373987,0.0,1.5708,0.75988,-0.0,-0.0,0.0
1736847128.6383977,0.0,1.5708,0.76002,-0.0,-0.0,0.0
1736847128.638911,0.0,1.5708,0.76014,-0.0,-0.0,0.0
1736847128.638911,0.0,1.5708,0.76026,-0.0,-0.0,0.0
1736847128.638911,0.0,1.5708,0.76038,-0.0,-0.0,0.0
1736847128.6417065,0.0,1.5708,0.7605,-0.0,-0.0,0.0
1736847128.6417065,0.0,1.5708,0.76062,-0.0,-0.0,0.0
1736847128.6429431,0.0,1.5708,0.76076,-0.0,-0.0,0.0
1736847128.6429431,0.0,1.5708,0.7609,-0.0,-0.0,0.0
1736847128.645019,0.0,1.5708,0.76103,-0.0,-0.0,0.0
1736847128.645993,0.0,1.5708,0.76116,-0.0,-0.0,0.0
1736847128.645993,0.0,1.5708,0.76128,-0.0,-0.0,0.0
1736847128.6469991,0.0,1.5708,0.7614,-0.0,-0.0,0.0
1736847128.6479971,0.0,1.5708,0.76152,-0.0,-0.0,0.0
1736847128.6489985,0.0,1.5708,0.76164,-0.0,-0.0,0.0
1736847128.6489985,0.0,1.5708,0.76177,-0.0,-0.0,0.0
1736847128.6510088,0.0,1.5708,0.76193,-0.0,-0.0,0.0
1736847128.6510088,0.0,1.5708,0.76209,-0.0,-0.0,0.0
1736847128.6520107,0.0,1.5708,0.76222,-0.0,-0.0,0.0
1736847128.653009,0.0,1.5708,0.76234,-0.0,-0.0,0.0
1736847128.6540089,0.0,1.5708,0.76247,-0.0,-0.0,0.0
1736847128.6550097,0.0,1.5708,0.76259,-0.0,-0.0,0.0
1736847128.6550097,0.0,1.5708,0.76272,-0.0,-0.0,0.0
1736847128.65601,0.0,1.5708,0.76285,-0.0,-0.0,0.0
1736847128.657303,0.0,1.5708,0.76301,-0.0,-0.0,0.0
1736847128.6583052,0.0,1.5708,0.76315,-0.0,-0.0,0.0
1736847128.659317,0.0,1.5708,0.76328,-0.0,-0.0,0.0
1736847128.6603034,0.0,1.5708,0.7634,-0.0,-0.0,0.0
1736847128.6603034,0.0,1.5708,0.76353,-0.0,-0.0,0.0
1736847128.6613033,0.0,1.5708,0.76365,-0.0,-0.0,0.0
1736847128.6624842,0.0,1.5708,0.76377,-0.0,-0.0,0.0
1736847128.6624842,0.0,1.5708,0.7639,-0.0,-0.0,0.0
1736847128.664269,0.0,1.5708,0.76404,-0.0,-0.0,0.0
1736847128.6651292,0.0,1.5708,0.76417,-0.0,-0.0,0.0
1736847128.6654992,0.0,1.5708,0.76431,-0.0,-0.0,0.0
1736847128.6665046,0.0,1.5708,0.76444,-0.0,-0.0,0.0
1736847128.667381,0.0,1.5708,0.76456,-0.0,-0.0,0.0
1736847128.668386,0.0,1.5708,0.76469,-0.0,-0.0,0.0
1736847128.668386,0.0,1.5708,0.76483,-0.0,-0.0,0.0
1736847128.6694741,0.0,1.5708,0.76496,-0.0,-0.0,0.0
1736847128.670741,0.0,1.5708,0.76509,-0.0,-0.0,0.0
1736847128.670741,0.0,1.5708,0.76523,-0.0,-0.0,0.0
1736847128.670741,0.0,1.5708,0.76537,-0.0,-0.0,0.0
1736847128.6733522,0.0,1.5708,0.7655,-0.0,-0.0,0.0
1736847128.6743634,0.0,1.5708,0.76562,-0.0,-0.0,0.0
1736847128.6743634,0.0,1.5708,0.76575,-0.0,-0.0,0.0
1736847128.6753619,0.0,1.5708,0.76587,-0.0,-0.0,0.0
1736847128.6763618,0.0,1.5708,0.76599,-0.0,-0.0,0.0
1736847128.6773615,0.0,1.5708,0.7661,-0.0,-0.0,0.0
1736847128.677931,0.0,1.5708,0.76625,-0.0,-0.0,0.0
1736847128.6790483,0.0,1.5708,0.76638,-0.0,-0.0,0.0
1736847128.6797585,0.0,1.5708,0.76651,-0.0,-0.0,0.0
1736847128.6807632,0.0,1.5708,0.76664,-0.0,-0.0,0.0
1736847128.6807632,0.0,1.5708,0.76676,-0.0,-0.0,0.0
1736847128.6824446,0.0,1.5708,0.76688,-0.0,-0.0,0.0
1736847128.683052,0.0,1.5708,0.76701,-0.0,-0.0,0.0
1736847128.683052,0.0,1.5708,0.76713,-0.0,-0.0,0.0
1736847128.684822,0.0,1.5708,0.76727,-0.0,-0.0,0.0
1736847128.684822,0.0,1.5708,0.76742,-0.0,-0.0,0.0
1736847128.686216,0.0,1.5708,0.76756,-0.0,-0.0,0.0
1736847128.6872218,0.0,1.5708,0.76769,-0.0,-0.0,0.0
1736847128.6882222,0.0,1.5708,0.76781,-0.0,-0.0,0.0
1736847128.6882222,0.0,1.5708,0.76793,-0.0,-0.0,0.0
1736847128.6892211,0.0,1.5708,0.76805,-0.0,-0.0,0.0
1736847128.6902208,0.0,1.5708,0.76817,-0.0,-0.0,0.0
1736847128.6912215,0.0,1.5708,0.7683,-0.0,-0.0,0.0
1736847128.6916194,0.0,1.5708,0.76846,-0.0,-0.0,0.0
1736847128.6916194,0.0,1.5708,0.7686,-0.0,-0.0,0.0
1736847128.6916194,0.0,1.5708,0.76873,-0.0,-0.0,0.0
1736847128.6916194,0.0,1.5708,0.76885,-0.0,-0.0,0.0
1736847128.6916194,0.0,1.5708,0.76898,-0.0,-0.0,0.0
1736847128.6962092,0.0,1.5708,0.7691,-0.0,-0.0,0.0
1736847128.697216,0.0,1.5708,0.76921,-0.0,-0.0,0.0
1736847128.6982174,0.0,1.5708,0.76935,-0.0,-0.0,0.0
1736847128.6988282,0.0,1.5708,0.7695,-0.0,-0.0,0.0
1736847128.6999233,0.0,1.5708,0.76964,-0.0,-0.0,0.0
1736847128.6999233,0.0,1.5708,0.76978,-0.0,-0.0,0.0
1736847128.701076,0.0,1.5708,0.7699,-0.0,-0.0,0.0
1736847128.701076,0.0,1.5708,0.77003,-0.0,-0.0,0.0
1736847128.701076,0.0,1.5708,0.77016,-0.0,-0.0,0.0
1736847128.701076,0.0,1.5708,0.77028,-0.0,-0.0,0.0
1736847128.7041888,0.0,1.5708,0.7704,-0.0,-0.0,0.0
1736847128.7054121,0.0,1.5708,0.77052,-0.0,-0.0,0.0
1736847128.7054121,0.0,1.5708,0.77068,-0.0,-0.0,0.0
1736847128.7072778,0.0,1.5708,0.77083,-0.0,-0.0,0.0
1736847128.7082946,0.0,1.5708,0.77095,-0.0,-0.0,0.0
1736847128.7082946,0.0,1.5708,0.77108,-0.0,-0.0,0.0
1736847128.709283,0.0,1.5708,0.77119,-0.0,-0.0,0.0
1736847128.7102823,0.0,1.5708,0.77131,-0.0,-0.0,0.0
1736847128.7112823,0.0,1.5708,0.77143,-0.0,-0.0,0.0
1736847128.7112823,0.0,1.5708,0.77155,-0.0,-0.0,0.0
1736847128.7123642,0.0,1.5708,0.77168,-0.0,-0.0,0.0
1736847128.713512,0.0,1.5708,0.77182,-0.0,-0.0,0.0
1736847128.7145298,0.0,1.5708,0.77196,-0.0,-0.0,0.0
1736847128.7155159,0.0,1.5708,0.77208,-0.0,-0.0,0.0
1736847128.7155159,0.0,1.5708,0.7722,-0.0,-0.0,0.0
1736847128.7170637,0.0,1.5708,0.77232,-0.0,-0.0,0.0
1736847128.717674,0.0,1.5708,0.77244,-0.0,-0.0,0.0
1736847128.7185173,0.0,1.5708,0.77256,-0.0,-0.0,0.0
1736847128.7196975,0.0,1.5708,0.7727,-0.0,-0.0,0.0
1736847128.7199438,0.0,1.5708,0.77288,-0.0,-0.0,0.0
1736847128.7209468,0.0,1.5708,0.77303,-0.0,-0.0,0.0
1736847128.7219439,0.0,1.5708,0.77315,-0.0,-0.0,0.0
1736847128.7229598,0.0,1.5708,0.77327,-0.0,-0.0,0.0
1736847128.7229598,0.0,1.5708,0.77339,-0.0,-0.0,0.0
1736847128.7245352,0.0,1.5708,0.77351,-0.0,-0.0,0.0
1736847128.7245352,0.0,1.5708,0.77363,-0.0,-0.0,0.0
1736847128.7264562,0.0,1.5708,0.77378,-0.0,-0.0,0.0
1736847128.7264562,0.0,1.5708,0.77393,-0.0,-0.0,0.0
1736847128.7264562,0.0,1.5708,0.77407,-0.0,-0.0,0.0
1736847128.7264562,0.0,1.5708,0.77421,-0.0,-0.0,0.0
1736847128.7264562,0.0,1.5708,0.77434,-0.0,-0.0,0.0
1736847128.730672,0.0,1.5708,0.77447,-0.0,-0.0,0.0
1736847128.7307792,0.0,1.5708,0.77459,-0.0,-0.0,0.0
1736847128.7317815,0.0,1.5708,0.77472,-0.0,-0.0,0.0
1736847128.733133,0.0,1.5708,0.77485,-0.0,-0.0,0.0
1736847128.7339246,0.0,1.5708,0.775,-0.0,-0.0,0.0
1736847128.734728,0.0,1.5708,0.77513,-0.0,-0.0,0.0
1736847128.735583,0.0,1.5708,0.77525,-0.0,-0.0,0.0
1736847128.7363868,0.0,1.5708,0.77538,-0.0,-0.0,0.0
1736847128.7363868,0.0,1.5708,0.7755,-0.0,-0.0,0.0
1736847128.7373972,0.0,1.5708,0.77562,-0.0,-0.0,0.0
1736847128.7383976,0.0,1.5708,0.77574,-0.0,-0.0,0.0
1736847128.7394009,0.0,1.5708,0.77587,-0.0,-0.0,0.0
1736847128.740061,0.0,1.5708,0.77601,-0.0,-0.0,0.0
1736847128.741071,0.0,1.5708,0.77614,-0.0,-0.0,0.0
1736847128.7420986,0.0,1.5708,0.77629,-0.0,-0.0,0.0
1736847128.7420986,0.0,1.5708,0.77641,-0.0,-0.0,0.0
1736847128.7420986,0.0,1.5708,0.77654,-0.0,-0.0,0.0
1736847128.7420986,0.0,1.5708,0.77666,-0.0,-0.0,0.0
1736847128.7420986,0.0,1.5708,0.77681,-0.0,-0.0,0.0
1736847128.7458532,0.0,1.5708,0.77696,-0.0,-0.0,0.0
1736847128.7475297,0.0,1.5708,0.77713,-0.0,-0.0,0.0
1736847128.7485704,0.0,1.5708,0.77727,-0.0,-0.0,0.0
1736847128.7485704,0.0,1.5708,0.7774,-0.0,-0.0,0.0
1736847128.7495687,0.0,1.5708,0.77753,-0.0,-0.0,0.0
1736847128.7505696,0.0,1.5708,0.77765,-0.0,-0.0,0.0
1736847128.7515914,0.0,1.5708,0.77777,-0.0,-0.0,0.0
1736847128.7523763,0.0,1.5708,0.77788,-0.0,-0.0,0.0
1736847128.7524796,0.0,1.5708,0.77801,-0.0,-0.0,0.0
1736847128.7539904,0.0,1.5708,0.77815,-0.0,-0.0,0.0
1736847128.755165,0.0,1.5708,0.7783,-0.0,-0.0,0.0
1736847128.7557395,0.0,1.5708,0.77844,-0.0,-0.0,0.0
1736847128.7567475,0.0,1.5708,0.77856,-0.0,-0.0,0.0
1736847128.7570112,0.0,1.5708,0.77868,-0.0,-0.0,0.0
1736847128.7570112,0.0,1.5708,0.77881,-0.0,-0.0,0.0
1736847128.7570112,0.0,1.5708,0.77894,-0.0,-0.0,0.0
1736847128.7597783,0.0,1.5708,0.77906,-0.0,-0.0,0.0
1736847128.760785,0.0,1.5708,0.77919,-0.0,-0.0,0.0
1736847128.7610095,0.0,1.5708,0.77934,-0.0,-0.0,0.0
1736847128.7610095,0.0,1.5708,0.77948,-0.0,-0.0,0.0
1736847128.7631786,0.0,1.5708,0.7796,-0.0,-0.0,0.0
1736847128.7641847,0.0,1.5708,0.77972,-0.0,-0.0,0.0
1736847128.7641847,0.0,1.5708,0.77984,-0.0,-0.0,0.0
1736847128.7651827,0.0,1.5708,0.77997,-0.0,-0.0,0.0
1736847128.7661824,0.0,1.5708,0.78009,-0.0,-0.0,0.0
1736847128.7671833,0.0,1.5708,0.7802,-0.0,-0.0,0.0
1736847128.7671833,0.0,1.5708,0.78034,-0.0,-0.0,0.0
1736847128.7686653,0.0,1.5708,0.78047,-0.0,-0.0,0.0
1736847128.769681,0.0,1.5708,0.78062,-0.0,-0.0,0.0
1736847128.7706654,0.0,1.5708,0.78074,-0.0,-0.0,0.0
1736847128.7706654,0.0,1.5708,0.78087,-0.0,-0.0,0.0
1736847128.7722027,0.0,1.5708,0.78098,-0.0,-0.0,0.0
1736847128.7722027,0.0,1.5708,0.78111,-0.0,-0.0,0.0
1736847128.773208,0.0,1.5708,0.78123,-0.0,-0.0,0.0
1736847128.7742088,0.0,1.5708,0.78136,-0.0,-0.0,0.0
1736847128.7754774,0.0,1.5708,0.78151,-0.0,-0.0,0.0
1736847128.7760303,0.0,1.5708,0.78165,-0.0,-0.0,0.0
1736847128.7770355,0.0,1.5708,0.78179,-0.0,-0.0,0.0
1736847128.7780344,0.0,1.5708,0.78191,-0.0,-0.0,0.0
1736847128.7780344,0.0,1.5708,0.78203,-0.0,-0.0,0.0
1736847128.7790344,0.0,1.5708,0.78215,-0.0,-0.0,0.0
1736847128.7803452,0.0,1.5708,0.78227,-0.0,-0.0,0.0
1736847128.7805488,0.0,1.5708,0.7824,-0.0,-0.0,0.0
1736847128.7820084,0.0,1.5708,0.78254,-0.0,-0.0,0.0
1736847128.7823317,0.0,1.5708,0.78269,-0.0,-0.0,0.0
1736847128.783377,0.0,1.5708,0.78283,-0.0,-0.0,0.0
1736847128.7843764,0.0,1.5708,0.78295,-0.0,-0.0,0.0
1736847128.7852426,0.0,1.5708,0.78307,-0.0,-0.0,0.0
1736847128.7862477,0.0,1.5708,0.7832,-0.0,-0.0,0.0
1736847128.7862477,0.0,1.5708,0.78333,-0.0,-0.0,0.0
1736847128.787495,0.0,1.5708,0.78346,-0.0,-0.0,0.0
1736847128.7887917,0.0,1.5708,0.78359,-0.0,-0.0,0.0
1736847128.7887917,0.0,1.5708,0.78374,-0.0,-0.0,0.0
1736847128.7904172,0.0,1.5708,0.78387,-0.0,-0.0,0.0
1736847128.7913234,0.0,1.5708,0.784,-0.0,-0.0,0.0
1736847128.7913234,0.0,1.5708,0.78412,-0.0,-0.0,0.0
1736847128.7923365,0.0,1.5708,0.78424,-0.0,-0.0,0.0
1736847128.793334,0.0,1.5708,0.78436,-0.0,-0.0,0.0
1736847128.7943356,0.0,1.5708,0.78447,-0.0,-0.0,0.0
1736847128.7943356,0.0,1.5708,0.7846,-0.0,-0.0,0.0
1736847128.7957277,0.0,1.5708,0.78474,-0.0,-0.0,0.0
1736847128.796603,0.0,1.5708,0.7849,-0.0,-0.0,0.0
1736847128.7976093,0.0,1.5708,0.78504,-0.0,-0.0,0.0
1736847128.7986279,0.0,1.5708,0.78515,-0.0,-0.0,0.0
1736847128.7986279,0.0,1.5708,0.78527,-0.0,-0.0,0.0
1736847128.7996078,0.0,1.5708,0.78539,-0.0,-0.0,0.0
1736847128.800607,0.0,1.5708,0.7855,-0.0,-0.0,0.0
1736847128.8013833,0.0,1.5708,0.78562,-0.0,-0.0,0.0
1736847128.8023887,0.0,1.5708,0.78575,-0.0,-0.0,0.0
1736847128.8026283,0.0,1.5708,0.78591,-0.0,-0.0,0.0
1736847128.8026283,0.0,1.5708,0.78606,-0.0,-0.0,0.0
1736847128.8026283,0.0,1.5708,0.78618,-0.0,-0.0,0.0
1736847128.8026283,0.0,1.5708,0.7863,-0.0,-0.0,0.0
1736847128.8026283,0.0,1.5708,0.78642,-0.0,-0.0,0.0
1736847128.8075163,0.0,1.5708,0.78654,-0.0,-0.0,0.0
1736847128.8075163,0.0,1.5708,0.78665,-0.0,-0.0,0.0
1736847128.808523,0.0,1.5708,0.78679,-0.0,-0.0,0.0
1736847128.8098655,0.0,1.5708,0.78693,-0.0,-0.0,0.0
1736847128.8109114,0.0,1.5708,0.78707,-0.0,-0.0,0.0
1736847128.8109114,0.0,1.5708,0.78721,-0.0,-0.0,0.0
1736847128.8119104,0.0,1.5708,0.78733,-0.0,-0.0,0.0
1736847128.813337,0.0,1.5708,0.78745,-0.0,-0.0,0.0
1736847128.8135512,0.0,1.5708,0.78758,-0.0,-0.0,0.0
1736847128.814553,0.0,1.5708,0.78771,-0.0,-0.0,0.0
1736847128.8155649,0.0,1.5708,0.78783,-0.0,-0.0,0.0
1736847128.8164804,0.0,1.5708,0.78797,-0.0,-0.0,0.0
1736847128.8168588,0.0,1.5708,0.78811,-0.0,-0.0,0.0
1736847128.817934,0.0,1.5708,0.78826,-0.0,-0.0,0.0
1736847128.817934,0.0,1.5708,0.78839,-0.0,-0.0,0.0
1736847128.817934,0.0,1.5708,0.78851,-0.0,-0.0,0.0
1736847128.817934,0.0,1.5708,0.78863,-0.0,-0.0,0.0
1736847128.817934,0.0,1.5708,0.78875,-0.0,-0.0,0.0
1736847128.8222458,0.0,1.5708,0.78887,-0.0,-0.0,0.0
1736847128.8222458,0.0,1.5708,0.78899,-0.0,-0.0,0.0
1736847128.8239145,0.0,1.5708,0.78913,-0.0,-0.0,0.0
1736847128.8248792,0.0,1.5708,0.78928,-0.0,-0.0,0.0
1736847128.8248792,0.0,1.5708,0.7894,-0.0,-0.0,0.0
1736847128.8258922,0.0,1.5708,0.78953,-0.0,-0.0,0.0
1736847128.826891,0.0,1.5708,0.78965,-0.0,-0.0,0.0
1736847128.8279023,0.0,1.5708,0.78976,-0.0,-0.0,0.0
1736847128.8279023,0.0,1.5708,0.78988,-0.0,-0.0,0.0
1736847128.8291972,0.0,1.5708,0.79,-0.0,-0.0,0.0
1736847128.8302019,0.0,1.5708,0.79014,-0.0,-0.0,0.0
1736847128.830998,0.0,1.5708,0.79029,-0.0,-0.0,0.0
1736847128.832074,0.0,1.5708,0.79043,-0.0,-0.0,0.0
1736847128.8330414,0.0,1.5708,0.79055,-0.0,-0.0,0.0
1736847128.8330414,0.0,1.5708,0.79067,-0.0,-0.0,0.0
1736847128.8340406,0.0,1.5708,0.79079,-0.0,-0.0,0.0
1736847128.8353848,0.0,1.5708,0.7909,-0.0,-0.0,0.0
1736847128.8353848,0.0,1.5708,0.79103,-0.0,-0.0,0.0
1736847128.8363886,0.0,1.5708,0.79117,-0.0,-0.0,0.0
1736847128.8377056,0.0,1.5708,0.79131,-0.0,-0.0,0.0
1736847128.8387496,0.0,1.5708,0.79145,-0.0,-0.0,0.0
1736847128.8397393,0.0,1.5708,0.7916,-0.0,-0.0,0.0
1736847128.8400135,0.0,1.5708,0.79172,-0.0,-0.0,0.0
1736847128.8400135,0.0,1.5708,0.79185,-0.0,-0.0,0.0
1736847128.8400135,0.0,1.5708,0.79198,-0.0,-0.0,0.0
1736847128.8400135,0.0,1.5708,0.7921,-0.0,-0.0,0.0
1736847128.8430955,0.0,1.5708,0.79221,-0.0,-0.0,0.0
1736847128.8443048,0.0,1.5708,0.79235,-0.0,-0.0,0.0
1736847128.8443048,0.0,1.5708,0.79249,-0.0,-0.0,0.0
1736847128.846181,0.0,1.5708,0.79263,-0.0,-0.0,0.0
1736847128.847056,0.0,1.5708,0.79275,-0.0,-0.0,0.0
1736847128.847056,0.0,1.5708,0.79287,-0.0,-0.0,0.0
1736847128.848068,0.0,1.5708,0.79299,-0.0,-0.0,0.0
1736847128.8490663,0.0,1.5708,0.7931,-0.0,-0.0,0.0
1736847128.8500674,0.0,1.5708,0.79322,-0.0,-0.0,0.0
1736847128.8500674,0.0,1.5708,0.79335,-0.0,-0.0,0.0
1736847128.851896,0.0,1.5708,0.79349,-0.0,-0.0,0.0
1736847128.851896,0.0,1.5708,0.79364,-0.0,-0.0,0.0
1736847128.8528955,0.0,1.5708,0.79378,-0.0,-0.0,0.0
1736847128.853896,0.0,1.5708,0.7939,-0.0,-0.0,0.0
1736847128.8549054,0.0,1.5708,0.79402,-0.0,-0.0,0.0
1736847128.8558958,0.0,1.5708,0.79414,-0.0,-0.0,0.0
1736847128.8558958,0.0,1.5708,0.79425,-0.0,-0.0,0.0
1736847128.8568957,0.0,1.5708,0.79437,-0.0,-0.0,0.0
1736847128.8580117,0.0,1.5708,0.7945,-0.0,-0.0,0.0
1736847128.8590565,0.0,1.5708,0.79463,-0.0,-0.0,0.0
1736847128.8597357,0.0,1.5708,0.79477,-0.0,-0.0,0.0
1736847128.8607824,0.0,1.5708,0.79491,-0.0,-0.0,0.0
1736847128.8607824,0.0,1.5708,0.79504,-0.0,-0.0,0.0
1736847128.8621814,0.0,1.5708,0.79516,-0.0,-0.0,0.0
1736847128.863193,0.0,1.5708,0.79529,-0.0,-0.0,0.0
1736847128.863193,0.0,1.5708,0.79541,-0.0,-0.0,0.0
1736847128.8641818,0.0,1.5708,0.79554,-0.0,-0.0,0.0
1736847128.8652534,0.0,1.5708,0.79569,-0.0,-0.0,0.0
1736847128.8652534,0.0,1.5708,0.79582,-0.0,-0.0,0.0
1736847128.8675015,0.0,1.5708,0.79595,-0.0,-0.0,0.0
1736847128.8675015,0.0,1.5708,0.79608,-0.0,-0.0,0.0
1736847128.8685083,0.0,1.5708,0.7962,-0.0,-0.0,0.0
1736847128.869506,0.0,1.5708,0.79632,-0.0,-0.0,0.0
1736847128.870506,0.0,1.5708,0.79644,-0.0,-0.0,0.0
1736847128.870506,0.0,1.5708,0.79656,-0.0,-0.0,0.0
1736847128.871989,0.0,1.5708,0.79669,-0.0,-0.0,0.0
1736847128.8728611,0.0,1.5708,0.79684,-0.0,-0.0,0.0
1736847128.8738632,0.0,1.5708,0.79701,-0.0,-0.0,0.0
1736847128.8748732,0.0,1.5708,0.79714,-0.0,-0.0,0.0
1736847128.8748732,0.0,1.5708,0.79726,-0.0,-0.0,0.0
1736847128.8758626,0.0,1.5708,0.79738,-0.0,-0.0,0.0
1736847128.8768613,0.0,1.5708,0.7975,-0.0,-0.0,0.0
1736847128.8778622,0.0,1.5708,0.79762,-0.0,-0.0,0.0
1736847128.878863,0.0,1.5708,0.79775,-0.0,-0.0,0.0
1736847128.879975,0.0,1.5708,0.79791,-0.0,-0.0,0.0
1736847128.9654171,0.0,1.5708,0.81178,-0.0,-0.0,0.0
1736847128.9654171,0.0,1.5708,0.81209,-0.0,-0.0,0.0
1736847128.9654171,0.0,1.5708,0.81235,-0.0,-0.0,0.0
1736847128.9654171,0.0,1.5708,0.81252,-0.0,-0.0,0.0
1736847128.9654171,0.0,1.5708,0.81267,-0.0,-0.0,0.0
1736847128.9746337,0.0,1.5708,0.81278,-0.0,-0.0,0.0
1736847128.9749808,0.0,1.5708,0.81291,-0.0,-0.0,0.0
1736847128.9759836,0.0,1.5708,0.81306,-0.0,-0.0,0.0
1736847128.9769995,0.0,1.5708,0.81319,-0.0,-0.0,0.0
1736847128.977984,0.0,1.5708,0.81334,-0.0,-0.0,0.0
1736847128.978983,0.0,1.5708,0.81348,-0.0,-0.0,0.0
1736847128.978983,0.0,1.5708,0.8136,-0.0,-0.0,0.0
1736847128.979985,0.0,1.5708,0.81373,-0.0,-0.0,0.0
1736847128.9809854,0.0,1.5708,0.81385,-0.0,-0.0,0.0
1736847128.9819832,0.0,1.5708,0.81398,-0.0,-0.0,0.0
1736847128.982983,0.0,1.5708,0.8141,-0.0,-0.0,0.0
1736847128.9831672,0.0,1.5708,0.81424,-0.0,-0.0,0.0
1736847128.983996,0.0,1.5708,0.81439,-0.0,-0.0,0.0
1736847128.9860063,0.0,1.5708,0.81456,-0.0,-0.0,0.0
1736847128.986608,0.0,1.5708,0.81472,-0.0,-0.0,0.0
1736847128.9876173,0.0,1.5708,0.81486,-0.0,-0.0,0.0
1736847128.988616,0.0,1.5708,0.81499,-0.0,-0.0,0.0
1736847128.9892967,0.0,1.5708,0.81511,-0.0,-0.0,0.0
1736847128.9900398,0.0,1.5708,0.81529,-0.0,-0.0,0.0
1736847128.9910433,0.0,1.5708,0.81549,-0.0,-0.0,0.0
1736847128.9925716,0.0,1.5708,0.81564,-0.0,-0.0,0.0
1736847128.9935784,0.0,1.5708,0.81577,-0.0,-0.0,0.0
1736847128.9935784,0.0,1.5708,0.81589,-0.0,-0.0,0.0
1736847128.9945781,0.0,1.5708,0.81601,-0.0,-0.0,0.0
1736847128.9955776,0.0,1.5708,0.81613,-0.0,-0.0,0.0
1736847128.9963622,0.0,1.5708,0.81625,-0.0,-0.0,0.0
1736847128.9972394,0.0,1.5708,0.81641,-0.0,-0.0,0.0
1736847128.9980772,0.0,1.5708,0.81656,-0.0,-0.0,0.0
1736847128.999182,0.0,1.5708,0.81672,-0.0,-0.0,0.0
1736847129.000205,0.0,1.5708,0.81686,-0.0,-0.0,0.0
1736847129.0012004,0.0,1.5708,0.81699,-0.0,-0.0,0.0
1736847129.0021884,0.0,1.5708,0.81711,-0.0,-0.0,0.0
1736847129.0021884,0.0,1.5708,0.81725,-0.0,-0.0,0.0
1736847129.003342,0.0,1.5708,0.81739,-0.0,-0.0,0.0
1736847129.003342,0.0,1.5708,0.81757,-0.0,-0.0,0.0
1736847129.003342,0.0,1.5708,0.81772,-0.0,-0.0,0.0
1736847129.003342,0.0,1.5708,0.81785,-0.0,-0.0,0.0
1736847129.003342,0.0,1.5708,0.81798,-0.0,-0.0,0.0
1736847129.003342,0.0,1.5708,0.8181,-0.0,-0.0,0.0
1736847129.003342,0.0,1.5708,0.81822,-0.0,-0.0,0.0
1736847129.003342,0.0,1.5708,0.81834,-0.0,-0.0,0.0
1736847129.0108693,0.0,1.5708,0.81847,-0.0,-0.0,0.0
1736847129.0117178,0.0,1.5708,0.81863,-0.0,-0.0,0.0
1736847129.0127432,0.0,1.5708,0.8188,-0.0,-0.0,0.0
1736847129.013727,0.0,1.5708,0.81893,-0.0,-0.0,0.0
1736847129.013727,0.0,1.5708,0.81905,-0.0,-0.0,0.0
1736847129.015244,0.0,1.5708,0.81917,-0.0,-0.0,0.0
1736847129.0153432,0.0,1.5708,0.8193,-0.0,-0.0,0.0
1736847129.0163505,0.0,1.5708,0.81943,-0.0,-0.0,0.0
1736847129.017349,0.0,1.5708,0.81956,-0.0,-0.0,0.0
1736847129.0184245,0.0,1.5708,0.81971,-0.0,-0.0,0.0
1736847129.0194457,0.0,1.5708,0.81985,-0.0,-0.0,0.0
1736847129.0198736,0.0,1.5708,0.81998,-0.0,-0.0,0.0
1736847129.0198736,0.0,1.5708,0.82011,-0.0,-0.0,0.0
1736847129.0198736,0.0,1.5708,0.82023,-0.0,-0.0,0.0
1736847129.0198736,0.0,1.5708,0.82036,-0.0,-0.0,0.0
1736847129.0236416,0.0,1.5708,0.82048,-0.0,-0.0,0.0
1736847129.0240831,0.0,1.5708,0.82061,-0.0,-0.0,0.0
1736847129.0251577,0.0,1.5708,0.82076,-0.0,-0.0,0.0
1736847129.0261655,0.0,1.5708,0.82095,-0.0,-0.0,0.0
1736847129.0271654,0.0,1.5708,0.82109,-0.0,-0.0,0.0
1736847129.028163,0.0,1.5708,0.82121,-0.0,-0.0,0.0
1736847129.028163,0.0,1.5708,0.82134,-0.0,-0.0,0.0
1736847129.0291643,0.0,1.5708,0.82146,-0.0,-0.0,0.0
1736847129.0306377,0.0,1.5708,0.82157,-0.0,-0.0,0.0
1736847129.0311923,0.0,1.5708,0.82172,-0.0,-0.0,0.0
1736847129.0318403,0.0,1.5708,0.82187,-0.0,-0.0,0.0
1736847129.0332391,0.0,1.5708,0.82201,-0.0,-0.0,0.0
1736847129.0341156,0.0,1.5708,0.82215,-0.0,-0.0,0.0
1736847129.0341156,0.0,1.5708,0.82227,-0.0,-0.0,0.0
1736847129.0351284,0.0,1.5708,0.8224,-0.0,-0.0,0.0
1736847129.0361257,0.0,1.5708,0.82252,-0.0,-0.0,0.0
1736847129.0368738,0.0,1.5708,0.82264,-0.0,-0.0,0.0
1736847129.0379832,0.0,1.5708,0.82277,-0.0,-0.0,0.0
1736847129.0387387,0.0,1.5708,0.82293,-0.0,-0.0,0.0
1736847129.039745,0.0,1.5708,0.82308,-0.0,-0.0,0.0
1736847129.0407617,0.0,1.5708,0.82321,-0.0,-0.0,0.0
1736847129.041743,0.0,1.5708,0.82334,-0.0,-0.0,0.0
1736847129.0421765,0.0,1.5708,0.82347,-0.0,-0.0,0.0
1736847129.0421765,0.0,1.5708,0.82361,-0.0,-0.0,0.0
1736847129.0421765,0.0,1.5708,0.82374,-0.0,-0.0,0.0
1736847129.0450306,0.0,1.5708,0.82387,-0.0,-0.0,0.0
1736847129.0450306,0.0,1.5708,0.82403,-0.0,-0.0,0.0
1736847129.0450306,0.0,1.5708,0.82417,-0.0,-0.0,0.0
1736847129.0450306,0.0,1.5708,0.82429,-0.0,-0.0,0.0
1736847129.0485625,0.0,1.5708,0.82441,-0.0,-0.0,0.0
1736847129.0485625,0.0,1.5708,0.82455,-0.0,-0.0,0.0
1736847129.0495708,0.0,1.5708,0.82467,-0.0,-0.0,0.0
1736847129.0511134,0.0,1.5708,0.82479,-0.0,-0.0,0.0
1736847129.051853,0.0,1.5708,0.82491,-0.0,-0.0,0.0
1736847129.0523407,0.0,1.5708,0.82506,-0.0,-0.0,0.0
1736847129.0533469,0.0,1.5708,0.82521,-0.0,-0.0,0.0
1736847129.0546694,0.0,1.5708,0.82535,-0.0,-0.0,0.0
1736847129.0553684,0.0,1.5708,0.82549,-0.0,-0.0,0.0
1736847129.0563817,0.0,1.5708,0.82562,-0.0,-0.0,0.0
1736847129.0563817,0.0,1.5708,0.82575,-0.0,-0.0,0.0
1736847129.0573814,0.0,1.5708,0.82587,-0.0,-0.0,0.0
1736847129.0583804,0.0,1.5708,0.82599,-0.0,-0.0,0.0
1736847129.0587883,0.0,1.5708,0.82612,-0.0,-0.0,0.0
1736847129.0603433,0.0,1.5708,0.82629,-0.0,-0.0,0.0
1736847129.0613494,0.0,1.5708,0.82644,-0.0,-0.0,0.0
1736847129.0623484,0.0,1.5708,0.82656,-0.0,-0.0,0.0
1736847129.0623484,0.0,1.5708,0.82668,-0.0,-0.0,0.0
1736847129.0633478,0.0,1.5708,0.8268,-0.0,-0.0,0.0
1736847129.0643477,0.0,1.5708,0.82693,-0.0,-0.0,0.0
1736847129.065348,0.0,1.5708,0.82706,-0.0,-0.0,0.0
1736847129.0658083,0.0,1.5708,0.82719,-0.0,-0.0,0.0
1736847129.0674078,0.0,1.5708,0.82735,-0.0,-0.0,0.0
1736847129.0675702,0.0,1.5708,0.8275,-0.0,-0.0,0.0
1736847129.0685716,0.0,1.5708,0.82765,-0.0,-0.0,0.0
1736847129.06957,0.0,1.5708,0.82778,-0.0,-0.0,0.0
1736847129.070569,0.0,1.5708,0.8279,-0.0,-0.0,0.0
1736847129.0715692,0.0,1.5708,0.82802,-0.0,-0.0,0.0
1736847129.0722482,0.0,1.5708,0.82814,-0.0,-0.0,0.0
1736847129.0727506,0.0,1.5708,0.82829,-0.0,-0.0,0.0
1736847129.0727506,0.0,1.5708,0.82843,-0.0,-0.0,0.0
1736847129.0727506,0.0,1.5708,0.82857,-0.0,-0.0,0.0
1736847129.0727506,0.0,1.5708,0.82869,-0.0,-0.0,0.0
1736847129.0727506,0.0,1.5708,0.82882,-0.0,-0.0,0.0
1736847129.0774693,0.0,1.5708,0.82894,-0.0,-0.0,0.0
1736847129.078097,0.0,1.5708,0.82906,-0.0,-0.0,0.0
1736847129.078097,0.0,1.5708,0.82918,-0.0,-0.0,0.0
1736847129.0796282,0.0,1.5708,0.82931,-0.0,-0.0,0.0
1736847129.080084,0.0,1.5708,0.82945,-0.0,-0.0,0.0
1736847129.0811234,0.0,1.5708,0.82958,-0.0,-0.0,0.0
1736847129.081898,0.0,1.5708,0.82971,-0.0,-0.0,0.0
1736847129.081898,0.0,1.5708,0.82985,-0.0,-0.0,0.0
1736847129.081898,0.0,1.5708,0.82998,-0.0,-0.0,0.0
1736847129.081898,0.0,1.5708,0.8301,-0.0,-0.0,0.0
1736847129.081898,0.0,1.5708,0.83022,-0.0,-0.0,0.0
1736847129.0861177,0.0,1.5708,0.83034,-0.0,-0.0,0.0
1736847129.0865393,0.0,1.5708,0.83049,-0.0,-0.0,0.0
1736847129.0880973,0.0,1.5708,0.83065,-0.0,-0.0,0.0
1736847129.0891123,0.0,1.5708,0.83079,-0.0,-0.0,0.0
1736847129.0901022,0.0,1.5708,0.83092,-0.0,-0.0,0.0
1736847129.0901022,0.0,1.5708,0.83105,-0.0,-0.0,0.0
1736847129.091104,0.0,1.5708,0.83117,-0.0,-0.0,0.0
1736847129.0921018,0.0,1.5708,0.83129,-0.0,-0.0,0.0
1736847129.093102,0.0,1.5708,0.83141,-0.0,-0.0,0.0
1736847129.093585,0.0,1.5708,0.83153,-0.0,-0.0,0.0
1736847129.0949311,0.0,1.5708,0.8317,-0.0,-0.0,0.0
1736847129.0957735,0.0,1.5708,0.83184,-0.0,-0.0,0.0
1736847129.0966911,0.0,1.5708,0.83196,-0.0,-0.0,0.0
1736847129.0966911,0.0,1.5708,0.83209,-0.0,-0.0,0.0
1736847129.097704,0.0,1.5708,0.83221,-0.0,-0.0,0.0
1736847129.0987015,0.0,1.5708,0.83233,-0.0,-0.0,0.0
1736847129.0998595,0.0,1.5708,0.83245,-0.0,-0.0,0.0
1736847129.1004443,0.0,1.5708,0.83258,-0.0,-0.0,0.0
1736847129.1008644,0.0,1.5708,0.83273,-0.0,-0.0,0.0
1736847129.10187,0.0,1.5708,0.83288,-0.0,-0.0,0.0
1736847129.1028688,0.0,1.5708,0.833,-0.0,-0.0,0.0
1736847129.1038792,0.0,1.5708,0.83312,-0.0,-0.0,0.0
1736847129.1045768,0.0,1.5708,0.83324,-0.0,-0.0,0.0
1736847129.1045768,0.0,1.5708,0.83335,-0.0,-0.0,0.0
1736847129.1055813,0.0,1.5708,0.83346,-0.0,-0.0,0.0
1736847129.1069958,0.0,1.5708,0.83358,-0.0,-0.0,0.0
1736847129.107423,0.0,1.5708,0.8337,-0.0,-0.0,0.0
1736847129.107423,0.0,1.5708,0.83385,-0.0,-0.0,0.0
1736847129.107423,0.0,1.5708,0.83399,-0.0,-0.0,0.0
1736847129.1102335,0.0,1.5708,0.83411,-0.0,-0.0,0.0
1736847129.1102335,0.0,1.5708,0.83423,-0.0,-0.0,0.0
1736847129.1112401,0.0,1.5708,0.83436,-0.0,-0.0,0.0
1736847129.1122396,0.0,1.5708,0.83448,-0.0,-0.0,0.0
1736847129.1133428,0.0,1.5708,0.8346,-0.0,-0.0,0.0
1736847129.1137624,0.0,1.5708,0.83471,-0.0,-0.0,0.0
1736847129.1150863,0.0,1.5708,0.83485,-0.0,-0.0,0.0
1736847129.115527,0.0,1.5708,0.835,-0.0,-0.0,0.0
1736847129.1168292,0.0,1.5708,0.83515,-0.0,-0.0,0.0
1736847129.1178353,0.0,1.5708,0.83527,-0.0,-0.0,0.0
1736847129.1178353,0.0,1.5708,0.83539,-0.0,-0.0,0.0
1736847129.1188333,0.0,1.5708,0.83551,-0.0,-0.0,0.0
1736847129.119833,0.0,1.5708,0.83564,-0.0,-0.0,0.0
1736847129.1208324,0.0,1.5708,0.83576,-0.0,-0.0,0.0
1736847129.1213353,0.0,1.5708,0.83589,-0.0,-0.0,0.0
1736847129.1213353,0.0,1.5708,0.83605,-0.0,-0.0,0.0
1736847129.1213353,0.0,1.5708,0.83622,-0.0,-0.0,0.0
1736847129.1241994,0.0,1.5708,0.83635,-0.0,-0.0,0.0
1736847129.125216,0.0,1.5708,0.83647,-0.0,-0.0,0.0
1736847129.126205,0.0,1.5708,0.83659,-0.0,-0.0,0.0
1736847129.126205,0.0,1.5708,0.83671,-0.0,-0.0,0.0
1736847129.127623,0.0,1.5708,0.83683,-0.0,-0.0,0.0
1736847129.1282122,0.0,1.5708,0.83696,-0.0,-0.0,0.0
1736847129.129114,0.0,1.5708,0.83712,-0.0,-0.0,0.0
1736847129.1301193,0.0,1.5708,0.83728,-0.0,-0.0,0.0
1736847129.1311226,0.0,1.5708,0.83743,-0.0,-0.0,0.0
1736847129.1323025,0.0,1.5708,0.83759,-0.0,-0.0,0.0
1736847129.1333072,0.0,1.5708,0.83773,-0.0,-0.0,0.0
1736847129.1333072,0.0,1.5708,0.83786,-0.0,-0.0,0.0
1736847129.1347396,0.0,1.5708,0.83799,-0.0,-0.0,0.0
1736847129.1352205,0.0,1.5708,0.83812,-0.0,-0.0,0.0
1736847129.1352205,0.0,1.5708,0.83827,-0.0,-0.0,0.0
1736847129.1352205,0.0,1.5708,0.83841,-0.0,-0.0,0.0
1736847129.138398,0.0,1.5708,0.83853,-0.0,-0.0,0.0
1736847129.1392772,0.0,1.5708,0.83865,-0.0,-0.0,0.0
1736847129.1392772,0.0,1.5708,0.83878,-0.0,-0.0,0.0
1736847129.1402917,0.0,1.5708,0.83889,-0.0,-0.0,0.0
1736847129.1412883,0.0,1.5708,0.83901,-0.0,-0.0,0.0
1736847129.1421173,0.0,1.5708,0.83914,-0.0,-0.0,0.0
1736847129.1427307,0.0,1.5708,0.83927,-0.0,-0.0,0.0
1736847129.1437702,0.0,1.5708,0.83941,-0.0,-0.0,0.0
1736847129.144599,0.0,1.5708,0.83954,-0.0,-0.0,0.0
1736847129.1456163,0.0,1.5708,0.83968,-0.0,-0.0,0.0
1736847129.1466038,0.0,1.5708,0.83979,-0.0,-0.0,0.0
1736847129.1466038,0.0,1.5708,0.83991,-0.0,-0.0,0.0
1736847129.1476033,0.0,1.5708,0.84003,-0.0,-0.0,0.0
1736847129.1486032,0.0,1.5708,0.84015,-0.0,-0.0,0.0
1736847129.1495042,0.0,1.5708,0.84028,-0.0,-0.0,0.0
1736847129.15078,0.0,1.5708,0.84044,-0.0,-0.0,0.0
1736847129.151793,0.0,1.5708,0.84062,-0.0,-0.0,0.0
1736847129.151793,0.0,1.5708,0.84076,-0.0,-0.0,0.0
1736847129.1527808,0.0,1.5708,0.84088,-0.0,-0.0,0.0
1736847129.1537805,0.0,1.5708,0.841,-0.0,-0.0,0.0
1736847129.1547902,0.0,1.5708,0.84112,-0.0,-0.0,0.0
1736847129.155781,0.0,1.5708,0.84123,-0.0,-0.0,0.0
1736847129.1560333,0.0,1.5708,0.84137,-0.0,-0.0,0.0
1736847129.1575062,0.0,1.5708,0.84153,-0.0,-0.0,0.0
1736847129.1586096,0.0,1.5708,0.84168,-0.0,-0.0,0.0
1736847129.1586096,0.0,1.5708,0.8418,-0.0,-0.0,0.0
1736847129.159616,0.0,1.5708,0.84192,-0.0,-0.0,0.0
1736847129.1606138,0.0,1.5708,0.84205,-0.0,-0.0,0.0
1736847129.1616142,0.0,1.5708,0.84217,-0.0,-0.0,0.0
1736847129.1624417,0.0,1.5708,0.84229,-0.0,-0.0,0.0
1736847129.1632893,0.0,1.5708,0.84242,-0.0,-0.0,0.0
1736847129.1643384,0.0,1.5708,0.84257,-0.0,-0.0,0.0
1736847129.1643384,0.0,1.5708,0.84271,-0.0,-0.0,0.0
1736847129.1653378,0.0,1.5708,0.84285,-0.0,-0.0,0.0
1736847129.1663365,0.0,1.5708,0.84298,-0.0,-0.0,0.0
1736847129.167109,0.0,1.5708,0.8431,-0.0,-0.0,0.0
1736847129.167109,0.0,1.5708,0.84324,-0.0,-0.0,0.0
1736847129.167109,0.0,1.5708,0.84336,-0.0,-0.0,0.0
1736847129.169903,0.0,1.5708,0.84349,-0.0,-0.0,0.0
1736847129.169903,0.0,1.5708,0.84365,-0.0,-0.0,0.0
1736847129.169903,0.0,1.5708,0.84381,-0.0,-0.0,0.0
1736847129.169903,0.0,1.5708,0.84394,-0.0,-0.0,0.0
1736847129.1735659,0.0,1.5708,0.84406,-0.0,-0.0,0.0
1736847129.174571,0.0,1.5708,0.84418,-0.0,-0.0,0.0
1736847129.1752586,0.0,1.5708,0.84431,-0.0,-0.0,0.0
1736847129.176032,0.0,1.5708,0.84443,-0.0,-0.0,0.0
1736847129.1768076,0.0,1.5708,0.84454,-0.0,-0.0,0.0
1736847129.177219,0.0,1.5708,0.84468,-0.0,-0.0,0.0
1736847129.178264,0.0,1.5708,0.84483,-0.0,-0.0,0.0
1736847129.1794913,0.0,1.5708,0.84496,-0.0,-0.0,0.0
1736847129.1794913,0.0,1.5708,0.84508,-0.0,-0.0,0.0
1736847129.1804929,0.0,1.5708,0.84521,-0.0,-0.0,0.0
1736847129.1815016,0.0,1.5708,0.84533,-0.0,-0.0,0.0
1736847129.1825016,0.0,1.5708,0.84545,-0.0,-0.0,0.0
1736847129.1825016,0.0,1.5708,0.84557,-0.0,-0.0,0.0
1736847129.183843,0.0,1.5708,0.84571,-0.0,-0.0,0.0
1736847129.183843,0.0,1.5708,0.84586,-0.0,-0.0,0.0
1736847129.183843,0.0,1.5708,0.846,-0.0,-0.0,0.0
1736847129.183843,0.0,1.5708,0.84612,-0.0,-0.0,0.0
1736847129.183843,0.0,1.5708,0.84624,-0.0,-0.0,0.0
1736847129.183843,0.0,1.5708,0.84636,-0.0,-0.0,0.0
1736847129.183843,0.0,1.5708,0.84647,-0.0,-0.0,0.0
1736847129.1895235,0.0,1.5708,0.84659,-0.0,-0.0,0.0
1736847129.1906734,0.0,1.5708,0.84672,-0.0,-0.0,0.0
1736847129.1912086,0.0,1.5708,0.84687,-0.0,-0.0,0.0
1736847129.192445,0.0,1.5708,0.84702,-0.0,-0.0,0.0
1736847129.1929524,0.0,1.5708,0.84716,-0.0,-0.0,0.0
1736847129.1939573,0.0,1.5708,0.84729,-0.0,-0.0,0.0
1736847129.1949706,0.0,1.5708,0.84741,-0.0,-0.0,0.0
1736847129.1958787,0.0,1.5708,0.84754,-0.0,-0.0,0.0
1736847129.1959863,0.0,1.5708,0.84767,-0.0,-0.0,0.0
1736847129.1969874,0.0,1.5708,0.84779,-0.0,-0.0,0.0
1736847129.1983724,0.0,1.5708,0.84793,-0.0,-0.0,0.0
1736847129.1993797,0.0,1.5708,0.84808,-0.0,-0.0,0.0
1736847129.1993797,0.0,1.5708,0.84822,-0.0,-0.0,0.0
1736847129.2003782,0.0,1.5708,0.84834,-0.0,-0.0,0.0
1736847129.2017996,0.0,1.5708,0.84846,-0.0,-0.0,0.0
1736847129.2019112,0.0,1.5708,0.84859,-0.0,-0.0,0.0
1736847129.2029126,0.0,1.5708,0.84871,-0.0,-0.0,0.0
1736847129.2039223,0.0,1.5708,0.84884,-0.0,-0.0,0.0
1736847129.2049172,0.0,1.5708,0.84897,-0.0,-0.0,0.0
1736847129.205184,0.0,1.5708,0.84912,-0.0,-0.0,0.0
1736847129.2061892,0.0,1.5708,0.84926,-0.0,-0.0,0.0
1736847129.2076385,0.0,1.5708,0.84938,-0.0,-0.0,0.0
1736847129.2078526,0.0,1.5708,0.84952,-0.0,-0.0,0.0
1736847129.2088544,0.0,1.5708,0.84965,-0.0,-0.0,0.0
1736847129.2098632,0.0,1.5708,0.84977,-0.0,-0.0,0.0
1736847129.210775,0.0,1.5708,0.84988,-0.0,-0.0,0.0
1736847129.2115436,0.0,1.5708,0.85001,-0.0,-0.0,0.0
1736847129.2121582,0.0,1.5708,0.85014,-0.0,-0.0,0.0
1736847129.2133842,0.0,1.5708,0.85028,-0.0,-0.0,0.0
1736847129.2133842,0.0,1.5708,0.85042,-0.0,-0.0,0.0
1736847129.2145627,0.0,1.5708,0.85055,-0.0,-0.0,0.0
1736847129.215598,0.0,1.5708,0.85067,-0.0,-0.0,0.0
1736847129.2165692,0.0,1.5708,0.85078,-0.0,-0.0,0.0
1736847129.2165692,0.0,1.5708,0.85091,-0.0,-0.0,0.0
1736847129.217567,0.0,1.5708,0.85102,-0.0,-0.0,0.0
1736847129.2185678,0.0,1.5708,0.85116,-0.0,-0.0,0.0
1736847129.2196188,0.0,1.5708,0.85132,-0.0,-0.0,0.0
1736847129.2206373,0.0,1.5708,0.85146,-0.0,-0.0,0.0
1736847129.221624,0.0,1.5708,0.85158,-0.0,-0.0,0.0
1736847129.221624,0.0,1.5708,0.8517,-0.0,-0.0,0.0
1736847129.2226229,0.0,1.5708,0.85182,-0.0,-0.0,0.0
1736847129.2236228,0.0,1.5708,0.85194,-0.0,-0.0,0.0
1736847129.2241564,0.0,1.5708,0.85206,-0.0,-0.0,0.0
1736847129.2253907,0.0,1.5708,0.85218,-0.0,-0.0,0.0
1736847129.2253907,0.0,1.5708,0.85232,-0.0,-0.0,0.0
1736847129.2253907,0.0,1.5708,0.85247,-0.0,-0.0,0.0
1736847129.2253907,0.0,1.5708,0.8526,-0.0,-0.0,0.0
1736847129.2253907,0.0,1.5708,0.85272,-0.0,-0.0,0.0
1736847129.2253907,0.0,1.5708,0.85284,-0.0,-0.0,0.0
1736847129.2304482,0.0,1.5708,0.85296,-0.0,-0.0,0.0
1736847129.231271,0.0,1.5708,0.85309,-0.0,-0.0,0.0
1736847129.231271,0.0,1.5708,0.85322,-0.0,-0.0,0.0
1736847129.23285,0.0,1.5708,0.85334,-0.0,-0.0,0.0
1736847129.2338912,0.0,1.5708,0.85349,-0.0,-0.0,0.0
1736847129.2338912,0.0,1.5708,0.85365,-0.0,-0.0,0.0
1736847129.2350945,0.0,1.5708,0.85378,-0.0,-0.0,0.0
1736847129.2350945,0.0,1.5708,0.85391,-0.0,-0.0,0.0
1736847129.2350945,0.0,1.5708,0.85404,-0.0,-0.0,0.0
1736847129.2350945,0.0,1.5708,0.85417,-0.0,-0.0,0.0
1736847129.238916,0.0,1.5708,0.85429,-0.0,-0.0,0.0
1736847129.2393577,0.0,1.5708,0.85442,-0.0,-0.0,0.0
1736847129.2393577,0.0,1.5708,0.85457,-0.0,-0.0,0.0
1736847129.241365,0.0,1.5708,0.85472,-0.0,-0.0,0.0
1736847129.2423708,0.0,1.5708,0.85484,-0.0,-0.0,0.0
1736847129.2423708,0.0,1.5708,0.85497,-0.0,-0.0,0.0
1736847129.2433698,0.0,1.5708,0.85509,-0.0,-0.0,0.0
1736847129.2443693,0.0,1.5708,0.85521,-0.0,-0.0,0.0
1736847129.2453704,0.0,1.5708,0.85533,-0.0,-0.0,0.0
1736847129.2462537,0.0,1.5708,0.85545,-0.0,-0.0,0.0
1736847129.2462537,0.0,1.5708,0.85558,-0.0,-0.0,0.0
1736847129.2480128,0.0,1.5708,0.85573,-0.0,-0.0,0.0
1736847129.2487779,0.0,1.5708,0.85587,-0.0,-0.0,0.0
1736847129.249606,0.0,1.5708,0.856,-0.0,-0.0,0.0
1736847129.249606,0.0,1.5708,0.85612,-0.0,-0.0,0.0
1736847129.2506123,0.0,1.5708,0.85624,-0.0,-0.0,0.0
1736847129.2516105,0.0,1.5708,0.85636,-0.0,-0.0,0.0
1736847129.2526195,0.0,1.5708,0.85648,-0.0,-0.0,0.0
1736847129.253294,0.0,1.5708,0.85661,-0.0,-0.0,0.0
1736847129.2542322,0.0,1.5708,0.85677,-0.0,-0.0,0.0
1736847129.2552392,0.0,1.5708,0.85692,-0.0,-0.0,0.0
1736847129.256238,0.0,1.5708,0.85706,-0.0,-0.0,0.0
1736847129.257238,0.0,1.5708,0.85719,-0.0,-0.0,0.0
1736847129.257238,0.0,1.5708,0.85731,-0.0,-0.0,0.0
1736847129.2587104,0.0,1.5708,0.85744,-0.0,-0.0,0.0
1736847129.2587104,0.0,1.5708,0.85755,-0.0,-0.0,0.0
1736847129.260195,0.0,1.5708,0.85768,-0.0,-0.0,0.0
1736847129.260195,0.0,1.5708,0.85781,-0.0,-0.0,0.0
1736847129.260195,0.0,1.5708,0.85798,-0.0,-0.0,0.0
1736847129.260195,0.0,1.5708,0.85811,-0.0,-0.0,0.0
1736847129.260195,0.0,1.5708,0.85823,-0.0,-0.0,0.0
1736847129.2644944,0.0,1.5708,0.85836,-0.0,-0.0,0.0
1736847129.2655003,0.0,1.5708,0.85848,-0.0,-0.0,0.0
1736847129.2662632,0.0,1.5708,0.8586,-0.0,-0.0,0.0
1736847129.2670774,0.0,1.5708,0.85872,-0.0,-0.0,0.0
1736847129.2679305,0.0,1.5708,0.85886,-0.0,-0.0,0.0
1736847129.2689364,0.0,1.5708,0.85902,-0.0,-0.0,0.0
1736847129.2689364,0.0,1.5708,0.85916,-0.0,-0.0,0.0
1736847129.2705078,0.0,1.5708,0.85928,-0.0,-0.0,0.0
1736847129.2705078,0.0,1.5708,0.85941,-0.0,-0.0,0.0
1736847129.271513,0.0,1.5708,0.85953,-0.0,-0.0,0.0
1736847129.2725124,0.0,1.5708,0.85965,-0.0,-0.0,0.0
1736847129.2735116,0.0,1.5708,0.85977,-0.0,-0.0,0.0
1736847129.2745306,0.0,1.5708,0.8599,-0.0,-0.0,0.0
1736847129.2755795,0.0,1.5708,0.86005,-0.0,-0.0,0.0
1736847129.2762563,0.0,1.5708,0.86019,-0.0,-0.0,0.0
1736847129.277262,0.0,1.5708,0.86033,-0.0,-0.0,0.0
1736847129.277262,0.0,1.5708,0.86046,-0.0,-0.0,0.0
1736847129.278261,0.0,1.5708,0.86059,-0.0,-0.0,0.0
1736847129.2792602,0.0,1.5708,0.86071,-0.0,-0.0,0.0
1736847129.2802696,0.0,1.5708,0.86083,-0.0,-0.0,0.0
1736847129.2809834,0.0,1.5708,0.86095,-0.0,-0.0,0.0
1736847129.2817938,0.0,1.5708,0.86111,-0.0,-0.0,0.0
1736847129.2828002,0.0,1.5708,0.86125,-0.0,-0.0,0.0
1736847129.2837987,0.0,1.5708,0.86137,-0.0,-0.0,0.0
1736847129.2847989,0.0,1.5708,0.8615,-0.0,-0.0,0.0
1736847129.2847989,0.0,1.5708,0.86162,-0.0,-0.0,0.0
1736847129.2860847,0.0,1.5708,0.86175,-0.0,-0.0,0.0
1736847129.287095,0.0,1.5708,0.86187,-0.0,-0.0,0.0
1736847129.2879243,0.0,1.5708,0.86201,-0.0,-0.0,0.0
1736847129.2879243,0.0,1.5708,0.86215,-0.0,-0.0,0.0
1736847129.2879243,0.0,1.5708,0.86229,-0.0,-0.0,0.0
1736847129.2879243,0.0,1.5708,0.86243,-0.0,-0.0,0.0
1736847129.291252,0.0,1.5708,0.86254,-0.0,-0.0,0.0
1736847129.2921534,0.0,1.5708,0.86266,-0.0,-0.0,0.0
1736847129.2921534,0.0,1.5708,0.86279,-0.0,-0.0,0.0
1736847129.2931666,0.0,1.5708,0.86291,-0.0,-0.0,0.0
1736847129.294164,0.0,1.5708,0.86303,-0.0,-0.0,0.0
1736847129.2952704,0.0,1.5708,0.86316,-0.0,-0.0,0.0
1736847129.295399,0.0,1.5708,0.86331,-0.0,-0.0,0.0
1736847129.296949,0.0,1.5708,0.86345,-0.0,-0.0,0.0
1736847129.2979515,0.0,1.5708,0.86358,-0.0,-0.0,0.0
1736847129.2979515,0.0,1.5708,0.8637,-0.0,-0.0,0.0
1736847129.2989485,0.0,1.5708,0.86382,-0.0,-0.0,0.0
1736847129.299948,0.0,1.5708,0.86394,-0.0,-0.0,0.0
1736847129.300958,0.0,1.5708,0.86406,-0.0,-0.0,0.0
1736847129.3017883,0.0,1.5708,0.86418,-0.0,-0.0,0.0
1736847129.3025634,0.0,1.5708,0.86432,-0.0,-0.0,0.0
1736847129.3035812,0.0,1.5708,0.86447,-0.0,-0.0,0.0
1736847129.3035812,0.0,1.5708,0.8646,-0.0,-0.0,0.0
1736847129.3045683,0.0,1.5708,0.86472,-0.0,-0.0,0.0
1736847129.305568,0.0,1.5708,0.86485,-0.0,-0.0,0.0
1736847129.3065846,0.0,1.5708,0.86497,-0.0,-0.0,0.0
1736847129.307568,0.0,1.5708,0.86508,-0.0,-0.0,0.0
1736847129.308248,0.0,1.5708,0.86522,-0.0,-0.0,0.0
1736847129.30936,0.0,1.5708,0.86535,-0.0,-0.0,0.0
1736847129.3103626,0.0,1.5708,0.8655,-0.0,-0.0,0.0
1736847129.3111126,0.0,1.5708,0.86566,-0.0,-0.0,0.0
1736847129.3119974,0.0,1.5708,0.8658,-0.0,-0.0,0.0
1736847129.3119974,0.0,1.5708,0.86593,-0.0,-0.0,0.0
1736847129.3137572,0.0,1.5708,0.86605,-0.0,-0.0,0.0
1736847129.3138766,0.0,1.5708,0.86618,-0.0,-0.0,0.0
1736847129.3148787,0.0,1.5708,0.86632,-0.0,-0.0,0.0
1736847129.3161533,0.0,1.5708,0.86644,-0.0,-0.0,0.0
1736847129.317194,0.0,1.5708,0.86659,-0.0,-0.0,0.0
1736847129.317194,0.0,1.5708,0.86672,-0.0,-0.0,0.0
1736847129.3181925,0.0,1.5708,0.86685,-0.0,-0.0,0.0
1736847129.3194976,0.0,1.5708,0.86696,-0.0,-0.0,0.0
1736847129.319592,0.0,1.5708,0.86709,-0.0,-0.0,0.0
1736847129.3205938,0.0,1.5708,0.86722,-0.0,-0.0,0.0
1736847129.3216019,0.0,1.5708,0.86734,-0.0,-0.0,0.0
1736847129.3225925,0.0,1.5708,0.86746,-0.0,-0.0,0.0
1736847129.3230524,0.0,1.5708,0.8676,-0.0,-0.0,0.0
1736847129.3241549,0.0,1.5708,0.86774,-0.0,-0.0,0.0
1736847129.3252342,0.0,1.5708,0.86787,-0.0,-0.0,0.0
1736847129.3252342,0.0,1.5708,0.868,-0.0,-0.0,0.0
1736847129.3252342,0.0,1.5708,0.86813,-0.0,-0.0,0.0
1736847129.3252342,0.0,1.5708,0.86827,-0.0,-0.0,0.0
1736847129.3252342,0.0,1.5708,0.8684,-0.0,-0.0,0.0
1736847129.3291526,0.0,1.5708,0.86852,-0.0,-0.0,0.0
1736847129.3301284,0.0,1.5708,0.86866,-0.0,-0.0,0.0
1736847129.3315463,0.0,1.5708,0.86885,-0.0,-0.0,0.0
1736847129.332574,0.0,1.5708,0.86901,-0.0,-0.0,0.0
1736847129.332574,0.0,1.5708,0.86914,-0.0,-0.0,0.0
1736847129.333557,0.0,1.5708,0.86926,-0.0,-0.0,0.0
1736847129.3345573,0.0,1.5708,0.86938,-0.0,-0.0,0.0
1736847129.335684,0.0,1.5708,0.8695,-0.0,-0.0,0.0
1736847129.3365061,0.0,1.5708,0.86963,-0.0,-0.0,0.0
1736847129.3371809,0.0,1.5708,0.86976,-0.0,-0.0,0.0
1736847129.338187,0.0,1.5708,0.86991,-0.0,-0.0,0.0
1736847129.3391867,0.0,1.5708,0.87005,-0.0,-0.0,0.0
1736847129.3391867,0.0,1.5708,0.87018,-0.0,-0.0,0.0
1736847129.3401856,0.0,1.5708,0.8703,-0.0,-0.0,0.0
1736847129.341538,0.0,1.5708,0.87042,-0.0,-0.0,0.0
1736847129.3416271,0.0,1.5708,0.87055,-0.0,-0.0,0.0
1736847129.3426287,0.0,1.5708,0.87067,-0.0,-0.0,0.0
1736847129.343963,0.0,1.5708,0.8708,-0.0,-0.0,0.0
1736847129.3449984,0.0,1.5708,0.87093,-0.0,-0.0,0.0
1736847129.3459966,0.0,1.5708,0.87111,-0.0,-0.0,0.0
1736847129.3462558,0.0,1.5708,0.87127,-0.0,-0.0,0.0
1736847129.3462558,0.0,1.5708,0.87141,-0.0,-0.0,0.0
1736847129.3462558,0.0,1.5708,0.87152,-0.0,-0.0,0.0
1736847129.3462558,0.0,1.5708,0.87164,-0.0,-0.0,0.0
1736847129.3500314,0.0,1.5708,0.87176,-0.0,-0.0,0.0
1736847129.3504775,0.0,1.5708,0.87189,-0.0,-0.0,0.0
1736847129.3504775,0.0,1.5708,0.87204,-0.0,-0.0,0.0
1736847129.3525517,0.0,1.5708,0.87217,-0.0,-0.0,0.0
1736847129.3535545,0.0,1.5708,0.8723,-0.0,-0.0,0.0
1736847129.3535545,0.0,1.5708,0.87243,-0.0,-0.0,0.0
1736847129.3545606,0.0,1.5708,0.87255,-0.0,-0.0,0.0
1736847129.3555589,0.0,1.5708,0.87267,-0.0,-0.0,0.0
1736847129.3565588,0.0,1.5708,0.87279,-0.0,-0.0,0.0
1736847129.3573432,0.0,1.5708,0.87291,-0.0,-0.0,0.0
1736847129.3573432,0.0,1.5708,0.87306,-0.0,-0.0,0.0
1736847129.3589947,0.0,1.5708,0.87322,-0.0,-0.0,0.0
1736847129.360001,0.0,1.5708,0.87337,-0.0,-0.0,0.0
1736847129.3610094,0.0,1.5708,0.87351,-0.0,-0.0,0.0
1736847129.3620005,0.0,1.5708,0.87364,-0.0,-0.0,0.0
1736847129.3620005,0.0,1.5708,0.87376,-0.0,-0.0,0.0
1736847129.3629992,0.0,1.5708,0.87388,-0.0,-0.0,0.0
1736847129.3643658,0.0,1.5708,0.87401,-0.0,-0.0,0.0
1736847129.3643658,0.0,1.5708,0.87415,-0.0,-0.0,0.0
1736847129.3643658,0.0,1.5708,0.8743,-0.0,-0.0,0.0
1736847129.3643658,0.0,1.5708,0.87443,-0.0,-0.0,0.0
1736847129.3643658,0.0,1.5708,0.87456,-0.0,-0.0,0.0
1736847129.3643658,0.0,1.5708,0.87468,-0.0,-0.0,0.0
1736847129.369262,0.0,1.5708,0.87481,-0.0,-0.0,0.0
1736847129.370268,0.0,1.5708,0.87493,-0.0,-0.0,0.0
1736847129.370268,0.0,1.5708,0.87505,-0.0,-0.0,0.0
1736847129.3717682,0.0,1.5708,0.87518,-0.0,-0.0,0.0
1736847129.3723123,0.0,1.5708,0.87534,-0.0,-0.0,0.0
1736847129.373612,0.0,1.5708,0.87548,-0.0,-0.0,0.0
1736847129.374034,0.0,1.5708,0.87561,-0.0,-0.0,0.0
1736847129.374034,0.0,1.5708,0.87574,-0.0,-0.0,0.0
1736847129.374034,0.0,1.5708,0.87587,-0.0,-0.0,0.0
1736847129.374034,0.0,1.5708,0.87599,-0.0,-0.0,0.0
1736847129.3778505,0.0,1.5708,0.87612,-0.0,-0.0,0.0
1736847129.3783026,0.0,1.5708,0.87625,-0.0,-0.0,0.0
1736847129.3783026,0.0,1.5708,0.8764,-0.0,-0.0,0.0
1736847129.3804014,0.0,1.5708,0.87654,-0.0,-0.0,0.0
1736847129.381247,0.0,1.5708,0.87668,-0.0,-0.0,0.0
1736847129.381247,0.0,1.5708,0.8768,-0.0,-0.0,0.0
1736847129.3822594,0.0,1.5708,0.87692,-0.0,-0.0,0.0
1736847129.3832574,0.0,1.5708,0.87704,-0.0,-0.0,0.0
1736847129.3842669,0.0,1.5708,0.87717,-0.0,-0.0,0.0
1736847129.385156,0.0,1.5708,0.87728,-0.0,-0.0,0.0
1736847129.385156,0.0,1.5708,0.87742,-0.0,-0.0,0.0
1736847129.3867218,0.0,1.5708,0.87758,-0.0,-0.0,0.0
1736847129.3877482,0.0,1.5708,0.87771,-0.0,-0.0,0.0
1736847129.3887265,0.0,1.5708,0.87783,-0.0,-0.0,0.0
1736847129.3887265,0.0,1.5708,0.87796,-0.0,-0.0,0.0
1736847129.3897262,0.0,1.5708,0.87808,-0.0,-0.0,0.0
1736847129.3907256,0.0,1.5708,0.8782,-0.0,-0.0,0.0
1736847129.3917258,0.0,1.5708,0.87832,-0.0,-0.0,0.0
1736847129.3921874,0.0,1.5708,0.87845,-0.0,-0.0,0.0
1736847129.3934143,0.0,1.5708,0.87863,-0.0,-0.0,0.0
1736847129.3944154,0.0,1.5708,0.87878,-0.0,-0.0,0.0
1736847129.3954246,0.0,1.5708,0.87891,-0.0,-0.0,0.0
1736847129.3964133,0.0,1.5708,0.87903,-0.0,-0.0,0.0
1736847129.3964133,0.0,1.5708,0.87916,-0.0,-0.0,0.0
1736847129.3978038,0.0,1.5708,0.87928,-0.0,-0.0,0.0
1736847129.398558,0.0,1.5708,0.8794,-0.0,-0.0,0.0
1736847129.3995013,0.0,1.5708,0.87953,-0.0,-0.0,0.0
1736847129.4004915,0.0,1.5708,0.87968,-0.0,-0.0,0.0
1736847129.4004915,0.0,1.5708,0.87982,-0.0,-0.0,0.0
1736847129.4014986,0.0,1.5708,0.87994,-0.0,-0.0,0.0
1736847129.402496,0.0,1.5708,0.88007,-0.0,-0.0,0.0
1736847129.403496,0.0,1.5708,0.88019,-0.0,-0.0,0.0
1736847129.4045153,0.0,1.5708,0.88031,-0.0,-0.0,0.0
1736847129.4046106,0.0,1.5708,0.88044,-0.0,-0.0,0.0
1736847129.4060133,0.0,1.5708,0.88057,-0.0,-0.0,0.0
1736847129.4060133,0.0,1.5708,0.88071,-0.0,-0.0,0.0
1736847129.4060133,0.0,1.5708,0.88092,-0.0,-0.0,0.0
1736847129.4624333,0.0,1.5708,0.88985,-0.0,-0.0,0.0
1736847129.4624333,0.0,1.5708,0.89011,-0.0,-0.0,0.0
1736847129.4624333,0.0,1.5708,0.89031,-0.0,-0.0,0.0
1736847129.4624333,0.0,1.5708,0.89047,-0.0,-0.0,0.0
1736847129.4624333,0.0,1.5708,0.89062,-0.0,-0.0,0.0
1736847129.4624333,0.0,1.5708,0.89075,-0.0,-0.0,0.0
1736847129.4624333,0.0,1.5708,0.89087,-0.0,-0.0,0.0
1736847129.472392,0.0,1.5708,0.891,-0.0,-0.0,0.0
1736847129.4728248,0.0,1.5708,0.89113,-0.0,-0.0,0.0
1736847129.473801,0.0,1.5708,0.89126,-0.0,-0.0,0.0
1736847129.4748702,0.0,1.5708,0.89138,-0.0,-0.0,0.0
1736847129.4758835,0.0,1.5708,0.89153,-0.0,-0.0,0.0
1736847129.476315,0.0,1.5708,0.89166,-0.0,-0.0,0.0
1736847129.4775956,0.0,1.5708,0.89179,-0.0,-0.0,0.0
1736847129.4782398,0.0,1.5708,0.89191,-0.0,-0.0,0.0
1736847129.4782398,0.0,1.5708,0.89204,-0.0,-0.0,0.0
1736847129.4792516,0.0,1.5708,0.89216,-0.0,-0.0,0.0
1736847129.4802494,0.0,1.5708,0.89228,-0.0,-0.0,0.0
1736847129.4812598,0.0,1.5708,0.8924,-0.0,-0.0,0.0
1736847129.4812598,0.0,1.5708,0.89251,-0.0,-0.0,0.0
1736847129.4829762,0.0,1.5708,0.89264,-0.0,-0.0,0.0
1736847129.4838161,0.0,1.5708,0.89279,-0.0,-0.0,0.0
1736847129.4841247,0.0,1.5708,0.89291,-0.0,-0.0,0.0
1736847129.485158,0.0,1.5708,0.89304,-0.0,-0.0,0.0
1736847129.4861703,0.0,1.5708,0.89316,-0.0,-0.0,0.0
1736847129.4861703,0.0,1.5708,0.89328,-0.0,-0.0,0.0
1736847129.4871573,0.0,1.5708,0.8934,-0.0,-0.0,0.0
1736847129.4883347,0.0,1.5708,0.89351,-0.0,-0.0,0.0
1736847129.5178754,0.0,1.5708,0.89835,-0.0,-0.0,0.0
1736847129.5178754,0.0,1.5708,0.89853,-0.0,-0.0,0.0
1736847129.5178754,0.0,1.5708,0.89866,-0.0,-0.0,0.0
1736847129.5178754,0.0,1.5708,0.89878,-0.0,-0.0,0.0
1736847129.5178754,0.0,1.5708,0.8989,-0.0,-0.0,0.0
1736847129.5236638,0.0,1.5708,0.89902,-0.0,-0.0,0.0
1736847129.5236638,0.0,1.5708,0.89915,-0.0,-0.0,0.0
1736847129.525199,0.0,1.5708,0.89935,-0.0,-0.0,0.0
1736847129.5267305,0.0,1.5708,0.89952,-0.0,-0.0,0.0
1736847129.5267305,0.0,1.5708,0.89965,-0.0,-0.0,0.0
1736847129.52774,0.0,1.5708,0.89977,-0.0,-0.0,0.0
1736847129.5287392,0.0,1.5708,0.89989,-0.0,-0.0,0.0
1736847129.5297484,0.0,1.5708,0.90001,-0.0,-0.0,0.0
1736847129.5297484,0.0,1.5708,0.90013,-0.0,-0.0,0.0
1736847129.5307446,0.0,1.5708,0.90025,-0.0,-0.0,0.0
1736847129.5322194,0.0,1.5708,0.90041,-0.0,-0.0,0.0
1736847129.5327537,0.0,1.5708,0.90055,-0.0,-0.0,0.0
1736847129.5337574,0.0,1.5708,0.90068,-0.0,-0.0,0.0
1736847129.5347667,0.0,1.5708,0.9008,-0.0,-0.0,0.0
1736847129.535762,0.0,1.5708,0.90093,-0.0,-0.0,0.0
1736847129.535762,0.0,1.5708,0.90105,-0.0,-0.0,0.0
1736847129.5373344,0.0,1.5708,0.90117,-0.0,-0.0,0.0
1736847129.5374103,0.0,1.5708,0.90131,-0.0,-0.0,0.0
1736847129.5390394,0.0,1.5708,0.90144,-0.0,-0.0,0.0
1736847129.5400803,0.0,1.5708,0.9016,-0.0,-0.0,0.0
1736847129.5400803,0.0,1.5708,0.90174,-0.0,-0.0,0.0
1736847129.5410788,0.0,1.5708,0.90187,-0.0,-0.0,0.0
1736847129.542048,0.0,1.5708,0.90199,-0.0,-0.0,0.0
1736847129.542048,0.0,1.5708,0.90212,-0.0,-0.0,0.0
1736847129.542048,0.0,1.5708,0.90225,-0.0,-0.0,0.0
1736847129.5444388,0.0,1.5708,0.90237,-0.0,-0.0,0.0
1736847129.5456312,0.0,1.5708,0.9025,-0.0,-0.0,0.0
1736847129.5456312,0.0,1.5708,0.90266,-0.0,-0.0,0.0
1736847129.5477138,0.0,1.5708,0.9028,-0.0,-0.0,0.0
1736847129.5482187,0.0,1.5708,0.90293,-0.0,-0.0,0.0
1736847129.5492232,0.0,1.5708,0.90304,-0.0,-0.0,0.0
1736847129.5492232,0.0,1.5708,0.90316,-0.0,-0.0,0.0
1736847129.5502234,0.0,1.5708,0.90328,-0.0,-0.0,0.0
1736847129.5512228,0.0,1.5708,0.9034,-0.0,-0.0,0.0
1736847129.552226,0.0,1.5708,0.90353,-0.0,-0.0,0.0
1736847129.5527062,0.0,1.5708,0.90367,-0.0,-0.0,0.0
1736847129.5537393,0.0,1.5708,0.90384,-0.0,-0.0,0.0
1736847129.5547452,0.0,1.5708,0.90398,-0.0,-0.0,0.0
1736847129.5557542,0.0,1.5708,0.9041,-0.0,-0.0,0.0
1736847129.5557542,0.0,1.5708,0.90422,-0.0,-0.0,0.0
1736847129.5567436,0.0,1.5708,0.90433,-0.0,-0.0,0.0
1736847129.5577435,0.0,1.5708,0.90445,-0.0,-0.0,0.0
1736847129.5587451,0.0,1.5708,0.90456,-0.0,-0.0,0.0
1736847129.559702,0.0,1.5708,0.9047,-0.0,-0.0,0.0
1736847129.560735,0.0,1.5708,0.90486,-0.0,-0.0,0.0
1736847129.5617409,0.0,1.5708,0.90501,-0.0,-0.0,0.0
1736847129.5617409,0.0,1.5708,0.90513,-0.0,-0.0,0.0
1736847129.5627398,0.0,1.5708,0.90525,-0.0,-0.0,0.0
1736847129.5640686,0.0,1.5708,0.90537,-0.0,-0.0,0.0
1736847129.5640686,0.0,1.5708,0.90549,-0.0,-0.0,0.0
1736847129.5652761,0.0,1.5708,0.90561,-0.0,-0.0,0.0
1736847129.5662954,0.0,1.5708,0.90576,-0.0,-0.0,0.0
1736847129.5672576,0.0,1.5708,0.90592,-0.0,-0.0,0.0
1736847129.5683212,0.0,1.5708,0.90606,-0.0,-0.0,0.0
1736847129.5693014,0.0,1.5708,0.90619,-0.0,-0.0,0.0
1736847129.5693014,0.0,1.5708,0.90633,-0.0,-0.0,0.0
1736847129.5703013,0.0,1.5708,0.90646,-0.0,-0.0,0.0
1736847129.5718052,0.0,1.5708,0.90658,-0.0,-0.0,0.0
1736847129.5718937,0.0,1.5708,0.90671,-0.0,-0.0,0.0
1736847129.5734496,0.0,1.5708,0.90683,-0.0,-0.0,0.0
1736847129.5738416,0.0,1.5708,0.90698,-0.0,-0.0,0.0
1736847129.5748832,0.0,1.5708,0.90711,-0.0,-0.0,0.0
1736847129.5758824,0.0,1.5708,0.90723,-0.0,-0.0,0.0
1736847129.5764768,0.0,1.5708,0.90735,-0.0,-0.0,0.0
1736847129.5774808,0.0,1.5708,0.90747,-0.0,-0.0,0.0
1736847129.5774808,0.0,1.5708,0.90759,-0.0,-0.0,0.0
1736847129.5774808,0.0,1.5708,0.90771,-0.0,-0.0,0.0
1736847129.5791638,0.0,1.5708,0.90783,-0.0,-0.0,0.0
1736847129.5803907,0.0,1.5708,0.90795,-0.0,-0.0,0.0
1736847129.5803907,0.0,1.5708,0.90809,-0.0,-0.0,0.0
1736847129.5823069,0.0,1.5708,0.90824,-0.0,-0.0,0.0
1736847129.5830796,0.0,1.5708,0.90838,-0.0,-0.0,0.0
1736847129.5830796,0.0,1.5708,0.9085,-0.0,-0.0,0.0
1736847129.5840914,0.0,1.5708,0.90862,-0.0,-0.0,0.0
1736847129.5850894,0.0,1.5708,0.90874,-0.0,-0.0,0.0
1736847129.5860906,0.0,1.5708,0.90886,-0.0,-0.0,0.0
1736847129.5870912,0.0,1.5708,0.90899,-0.0,-0.0,0.0
1736847129.5877619,0.0,1.5708,0.90915,-0.0,-0.0,0.0
1736847129.5887682,0.0,1.5708,0.90929,-0.0,-0.0,0.0
1736847129.5897667,0.0,1.5708,0.90942,-0.0,-0.0,0.0
1736847129.5897667,0.0,1.5708,0.90953,-0.0,-0.0,0.0
1736847129.590768,0.0,1.5708,0.90965,-0.0,-0.0,0.0
1736847129.591766,0.0,1.5708,0.90977,-0.0,-0.0,0.0
1736847129.5927663,0.0,1.5708,0.90989,-0.0,-0.0,0.0
1736847129.5930624,0.0,1.5708,0.91002,-0.0,-0.0,0.0
1736847129.5944307,0.0,1.5708,0.91017,-0.0,-0.0,0.0
1736847129.5948813,0.0,1.5708,0.91033,-0.0,-0.0,0.0
1736847129.5959325,0.0,1.5708,0.91048,-0.0,-0.0,0.0
1736847129.5969298,0.0,1.5708,0.9106,-0.0,-0.0,0.0
1736847129.5979478,0.0,1.5708,0.91071,-0.0,-0.0,0.0
1736847129.5979478,0.0,1.5708,0.91083,-0.0,-0.0,0.0
1736847129.5995793,0.0,1.5708,0.91095,-0.0,-0.0,0.0
1736847129.599862,0.0,1.5708,0.91107,-0.0,-0.0,0.0
1736847129.600868,0.0,1.5708,0.9112,-0.0,-0.0,0.0
1736847129.601696,0.0,1.5708,0.91135,-0.0,-0.0,0.0
1736847129.6027422,0.0,1.5708,0.91149,-0.0,-0.0,0.0
1736847129.6037414,0.0,1.5708,0.91162,-0.0,-0.0,0.0
1736847129.6037414,0.0,1.5708,0.91174,-0.0,-0.0,0.0
1736847129.6051645,0.0,1.5708,0.91185,-0.0,-0.0,0.0
1736847129.6061654,0.0,1.5708,0.91198,-0.0,-0.0,0.0
1736847129.6061654,0.0,1.5708,0.9121,-0.0,-0.0,0.0
1736847129.6071644,0.0,1.5708,0.91223,-0.0,-0.0,0.0
1736847129.6085324,0.0,1.5708,0.91237,-0.0,-0.0,0.0
1736847129.6085324,0.0,1.5708,0.91251,-0.0,-0.0,0.0
1736847129.6098125,0.0,1.5708,0.91265,-0.0,-0.0,0.0
1736847129.6098125,0.0,1.5708,0.91278,-0.0,-0.0,0.0
1736847129.6098125,0.0,1.5708,0.91291,-0.0,-0.0,0.0
1736847129.6098125,0.0,1.5708,0.91303,-0.0,-0.0,0.0
1736847129.6098125,0.0,1.5708,0.91315,-0.0,-0.0,0.0
1736847129.613866,0.0,1.5708,0.91327,-0.0,-0.0,0.0
1736847129.6150997,0.0,1.5708,0.91341,-0.0,-0.0,0.0
1736847129.6159534,0.0,1.5708,0.91355,-0.0,-0.0,0.0
1736847129.6169114,0.0,1.5708,0.91368,-0.0,-0.0,0.0
1736847129.6176357,0.0,1.5708,0.91381,-0.0,-0.0,0.0
1736847129.6176357,0.0,1.5708,0.91393,-0.0,-0.0,0.0
1736847129.6186483,0.0,1.5708,0.91405,-0.0,-0.0,0.0
1736847129.6196463,0.0,1.5708,0.91417,-0.0,-0.0,0.0
1736847129.6205614,0.0,1.5708,0.91429,-0.0,-0.0,0.0
1736847129.621581,0.0,1.5708,0.91443,-0.0,-0.0,0.0
1736847129.6221259,0.0,1.5708,0.9146,-0.0,-0.0,0.0
1736847129.6221259,0.0,1.5708,0.91474,-0.0,-0.0,0.0
1736847129.6221259,0.0,1.5708,0.91487,-0.0,-0.0,0.0
1736847129.6250203,0.0,1.5708,0.91499,-0.0,-0.0,0.0
1736847129.6260257,0.0,1.5708,0.91511,-0.0,-0.0,0.0
1736847129.6260257,0.0,1.5708,0.91523,-0.0,-0.0,0.0
1736847129.6270251,0.0,1.5708,0.91535,-0.0,-0.0,0.0
1736847129.6280274,0.0,1.5708,0.91547,-0.0,-0.0,0.0
1736847129.6292853,0.0,1.5708,0.9156,-0.0,-0.0,0.0
1736847129.6302867,0.0,1.5708,0.91577,-0.0,-0.0,0.0
1736847129.6309397,0.0,1.5708,0.91592,-0.0,-0.0,0.0
1736847129.6319435,0.0,1.5708,0.91605,-0.0,-0.0,0.0
1736847129.6319435,0.0,1.5708,0.91617,-0.0,-0.0,0.0
1736847129.6329443,0.0,1.5708,0.91629,-0.0,-0.0,0.0
1736847129.6343327,0.0,1.5708,0.91641,-0.0,-0.0,0.0
1736847129.6343327,0.0,1.5708,0.91653,-0.0,-0.0,0.0
1736847129.6359136,0.0,1.5708,0.91666,-0.0,-0.0,0.0
1736847129.6366353,0.0,1.5708,0.91682,-0.0,-0.0,0.0
1736847129.6376572,0.0,1.5708,0.91696,-0.0,-0.0,0.0
1736847129.6386395,0.0,1.5708,0.91708,-0.0,-0.0,0.0
1736847129.6386395,0.0,1.5708,0.9172,-0.0,-0.0,0.0
1736847129.6396396,0.0,1.5708,0.91732,-0.0,-0.0,0.0
1736847129.6406624,0.0,1.5708,0.91744,-0.0,-0.0,0.0
1736847129.6416404,0.0,1.5708,0.91755,-0.0,-0.0,0.0
1736847129.6416404,0.0,1.5708,0.91769,-0.0,-0.0,0.0
1736847129.6433623,0.0,1.5708,0.91782,-0.0,-0.0,0.0
1736847129.6433623,0.0,1.5708,0.91796,-0.0,-0.0,0.0
1736847129.6444092,0.0,1.5708,0.9181,-0.0,-0.0,0.0
1736847129.6454074,0.0,1.5708,0.91822,-0.0,-0.0,0.0
1736847129.646424,0.0,1.5708,0.91835,-0.0,-0.0,0.0
1736847129.6474216,0.0,1.5708,0.91846,-0.0,-0.0,0.0
1736847129.6474953,0.0,1.5708,0.91859,-0.0,-0.0,0.0
1736847129.648638,0.0,1.5708,0.91873,-0.0,-0.0,0.0
1736847129.6498191,0.0,1.5708,0.91886,-0.0,-0.0,0.0
1736847129.6498191,0.0,1.5708,0.919,-0.0,-0.0,0.0
1736847129.6498191,0.0,1.5708,0.91914,-0.0,-0.0,0.0
1736847129.652432,0.0,1.5708,0.91926,-0.0,-0.0,0.0
1736847129.6531384,0.0,1.5708,0.91938,-0.0,-0.0,0.0
1736847129.6531384,0.0,1.5708,0.9195,-0.0,-0.0,0.0
1736847129.6541512,0.0,1.5708,0.91962,-0.0,-0.0,0.0
1736847129.655149,0.0,1.5708,0.91974,-0.0,-0.0,0.0
1736847129.6561546,0.0,1.5708,0.91988,-0.0,-0.0,0.0
1736847129.6571465,0.0,1.5708,0.92001,-0.0,-0.0,0.0
1736847129.6578019,0.0,1.5708,0.92016,-0.0,-0.0,0.0
1736847129.6588035,0.0,1.5708,0.92031,-0.0,-0.0,0.0
1736847129.6598144,0.0,1.5708,0.92043,-0.0,-0.0,0.0
1736847129.6598144,0.0,1.5708,0.92055,-0.0,-0.0,0.0
1736847129.6608028,0.0,1.5708,0.92067,-0.0,-0.0,0.0
1736847129.661812,0.0,1.5708,0.92079,-0.0,-0.0,0.0
1736847129.662446,0.0,1.5708,0.9209,-0.0,-0.0,0.0
1736847129.6639156,0.0,1.5708,0.92105,-0.0,-0.0,0.0
1736847129.6639156,0.0,1.5708,0.92119,-0.0,-0.0,0.0
1736847129.6639156,0.0,1.5708,0.92133,-0.0,-0.0,0.0
1736847129.6639156,0.0,1.5708,0.92145,-0.0,-0.0,0.0
1736847129.6639156,0.0,1.5708,0.92157,-0.0,-0.0,0.0
1736847129.6639156,0.0,1.5708,0.92169,-0.0,-0.0,0.0
1736847129.66846,0.0,1.5708,0.92181,-0.0,-0.0,0.0
1736847129.6694655,0.0,1.5708,0.92193,-0.0,-0.0,0.0
1736847129.6694655,0.0,1.5708,0.92206,-0.0,-0.0,0.0
1736847129.671154,0.0,1.5708,0.9222,-0.0,-0.0,0.0
1736847129.6722107,0.0,1.5708,0.92235,-0.0,-0.0,0.0
1736847129.6722107,0.0,1.5708,0.92249,-0.0,-0.0,0.0
1736847129.6732175,0.0,1.5708,0.92262,-0.0,-0.0,0.0
1736847129.6741185,0.0,1.5708,0.92274,-0.0,-0.0,0.0
1736847129.6749706,0.0,1.5708,0.92287,-0.0,-0.0,0.0
1736847129.6759737,0.0,1.5708,0.92299,-0.0,-0.0,0.0
1736847129.6769726,0.0,1.5708,0.92312,-0.0,-0.0,0.0
1736847129.678063,0.0,1.5708,0.92326,-0.0,-0.0,0.0
1736847129.678063,0.0,1.5708,0.92342,-0.0,-0.0,0.0
1736847129.679066,0.0,1.5708,0.92355,-0.0,-0.0,0.0
1736847129.6806645,0.0,1.5708,0.92369,-0.0,-0.0,0.0
1736847129.6806645,0.0,1.5708,0.92381,-0.0,-0.0,0.0
1736847129.68167,0.0,1.5708,0.92394,-0.0,-0.0,0.0
1736847129.6826682,0.0,1.5708,0.92406,-0.0,-0.0,0.0
1736847129.6836708,0.0,1.5708,0.92418,-0.0,-0.0,0.0
1736847129.6844451,0.0,1.5708,0.92431,-0.0,-0.0,0.0
1736847129.684892,0.0,1.5708,0.92445,-0.0,-0.0,0.0
1736847129.6864722,0.0,1.5708,0.9246,-0.0,-0.0,0.0
1736847129.6864722,0.0,1.5708,0.92473,-0.0,-0.0,0.0
1736847129.6874769,0.0,1.5708,0.92486,-0.0,-0.0,0.0
1736847129.6889155,0.0,1.5708,0.92498,-0.0,-0.0,0.0
1736847129.6896899,0.0,1.5708,0.92511,-0.0,-0.0,0.0
1736847129.6896899,0.0,1.5708,0.92523,-0.0,-0.0,0.0
1736847129.6907034,0.0,1.5708,0.92535,-0.0,-0.0,0.0
1736847129.6921377,0.0,1.5708,0.92553,-0.0,-0.0,0.0
1736847129.6931572,0.0,1.5708,0.92568,-0.0,-0.0,0.0
1736847129.6941428,0.0,1.5708,0.92581,-0.0,-0.0,0.0
1736847129.6941428,0.0,1.5708,0.92593,-0.0,-0.0,0.0
1736847129.6951425,0.0,1.5708,0.92605,-0.0,-0.0,0.0
1736847129.6961427,0.0,1.5708,0.92617,-0.0,-0.0,0.0
1736847129.69721,0.0,1.5708,0.92628,-0.0,-0.0,0.0
1736847129.69721,0.0,1.5708,0.92643,-0.0,-0.0,0.0
1736847129.6988914,0.0,1.5708,0.92659,-0.0,-0.0,0.0
1736847129.6999483,0.0,1.5708,0.92672,-0.0,-0.0,0.0
1736847129.7009354,0.0,1.5708,0.92686,-0.0,-0.0,0.0
1736847129.7009354,0.0,1.5708,0.92699,-0.0,-0.0,0.0
1736847129.7019355,0.0,1.5708,0.92711,-0.0,-0.0,0.0
1736847129.702935,0.0,1.5708,0.92723,-0.0,-0.0,0.0
1736847129.7039297,0.0,1.5708,0.92735,-0.0,-0.0,0.0
1736847129.7040274,0.0,1.5708,0.92747,-0.0,-0.0,0.0
1736847129.7056518,0.0,1.5708,0.92761,-0.0,-0.0,0.0
1736847129.7056518,0.0,1.5708,0.92775,-0.0,-0.0,0.0
1736847129.7066877,0.0,1.5708,0.92789,-0.0,-0.0,0.0
1736847129.7082965,0.0,1.5708,0.92802,-0.0,-0.0,0.0
1736847129.7089186,0.0,1.5708,0.92815,-0.0,-0.0,0.0
1736847129.7098134,0.0,1.5708,0.92827,-0.0,-0.0,0.0
1736847129.7099185,0.0,1.5708,0.9284,-0.0,-0.0,0.0
1736847129.71092,0.0,1.5708,0.92853,-0.0,-0.0,0.0
1736847129.7122319,0.0,1.5708,0.92865,-0.0,-0.0,0.0
1736847129.7126327,0.0,1.5708,0.9288,-0.0,-0.0,0.0
1736847129.713681,0.0,1.5708,0.92894,-0.0,-0.0,0.0
1736847129.7146292,0.0,1.5708,0.92907,-0.0,-0.0,0.0
1736847129.7156336,0.0,1.5708,0.92919,-0.0,-0.0,0.0
1736847129.7156336,0.0,1.5708,0.92932,-0.0,-0.0,0.0
1736847129.7156336,0.0,1.5708,0.92945,-0.0,-0.0,0.0
1736847129.7180946,0.0,1.5708,0.92957,-0.0,-0.0,0.0
1736847129.7180946,0.0,1.5708,0.92969,-0.0,-0.0,0.0
1736847129.7192848,0.0,1.5708,0.92983,-0.0,-0.0,0.0
1736847129.720336,0.0,1.5708,0.92998,-0.0,-0.0,0.0
1736847129.7213428,0.0,1.5708,0.93012,-0.0,-0.0,0.0
1736847129.7223413,0.0,1.5708,0.93025,-0.0,-0.0,0.0
1736847129.7223413,0.0,1.5708,0.93037,-0.0,-0.0,0.0
1736847129.7233415,0.0,1.5708,0.93049,-0.0,-0.0,0.0
1736847129.7243412,0.0,1.5708,0.93062,-0.0,-0.0,0.0
1736847129.725355,0.0,1.5708,0.93074,-0.0,-0.0,0.0
1736847129.726505,0.0,1.5708,0.93087,-0.0,-0.0,0.0
1736847129.726707,0.0,1.5708,0.93104,-0.0,-0.0,0.0
1736847129.7283537,0.0,1.5708,0.93118,-0.0,-0.0,0.0
1736847129.7283537,0.0,1.5708,0.93131,-0.0,-0.0,0.0
1736847129.7293653,0.0,1.5708,0.93143,-0.0,-0.0,0.0
1736847129.7303638,0.0,1.5708,0.93156,-0.0,-0.0,0.0
1736847129.7313735,0.0,1.5708,0.93167,-0.0,-0.0,0.0
1736847129.7313735,0.0,1.5708,0.93179,-0.0,-0.0,0.0
1736847129.732365,0.0,1.5708,0.93192,-0.0,-0.0,0.0
1736847129.7336922,0.0,1.5708,0.93208,-0.0,-0.0,0.0
1736847129.7347069,0.0,1.5708,0.93221,-0.0,-0.0,0.0
1736847129.7357044,0.0,1.5708,0.93234,-0.0,-0.0,0.0
1736847129.7357044,0.0,1.5708,0.93247,-0.0,-0.0,0.0
1736847129.7366927,0.0,1.5708,0.93259,-0.0,-0.0,0.0
1736847129.7389042,0.0,1.5708,0.93282,-0.0,-0.0,0.0
1736847129.7389042,0.0,1.5708,0.93297,-0.0,-0.0,0.0
1736847129.7406113,0.0,1.5708,0.93314,-0.0,-0.0,0.0
1736847129.7416644,0.0,1.5708,0.93329,-0.0,-0.0,0.0
1736847129.7426574,0.0,1.5708,0.93343,-0.0,-0.0,0.0
1736847129.7426574,0.0,1.5708,0.93356,-0.0,-0.0,0.0
1736847129.7436512,0.0,1.5708,0.93369,-0.0,-0.0,0.0
1736847129.7446496,0.0,1.5708,0.93382,-0.0,-0.0,0.0
1736847129.7458463,0.0,1.5708,0.93394,-0.0,-0.0,0.0
1736847129.7468524,0.0,1.5708,0.93408,-0.0,-0.0,0.0
1736847129.7478602,0.0,1.5708,0.93423,-0.0,-0.0,0.0
1736847129.7487338,0.0,1.5708,0.93439,-0.0,-0.0,0.0
1736847129.7497034,0.0,1.5708,0.93453,-0.0,-0.0,0.0
1736847129.750255,0.0,1.5708,0.93466,-0.0,-0.0,0.0
1736847129.7512724,0.0,1.5708,0.93479,-0.0,-0.0,0.0
1736847129.7512724,0.0,1.5708,0.93492,-0.0,-0.0,0.0
1736847129.7527914,0.0,1.5708,0.93505,-0.0,-0.0,0.0
1736847129.7527914,0.0,1.5708,0.93516,-0.0,-0.0,0.0
1736847129.7539816,0.0,1.5708,0.93531,-0.0,-0.0,0.0
1736847129.7539816,0.0,1.5708,0.93545,-0.0,-0.0,0.0
1736847129.7561119,0.0,1.5708,0.93559,-0.0,-0.0,0.0
1736847129.7571287,0.0,1.5708,0.93571,-0.0,-0.0,0.0
1736847129.7571287,0.0,1.5708,0.93583,-0.0,-0.0,0.0
1736847129.7581184,0.0,1.5708,0.93596,-0.0,-0.0,0.0
1736847129.759117,0.0,1.5708,0.93607,-0.0,-0.0,0.0
1736847129.7601187,0.0,1.5708,0.93619,-0.0,-0.0,0.0
1736847129.7612495,0.0,1.5708,0.93633,-0.0,-0.0,0.0
1736847129.7617738,0.0,1.5708,0.93648,-0.0,-0.0,0.0
1736847129.762776,0.0,1.5708,0.93663,-0.0,-0.0,0.0
1736847129.7637844,0.0,1.5708,0.93675,-0.0,-0.0,0.0
1736847129.7637844,0.0,1.5708,0.93687,-0.0,-0.0,0.0
1736847129.7647743,0.0,1.5708,0.937,-0.0,-0.0,0.0
1736847129.765774,0.0,1.5708,0.93715,-0.0,-0.0,0.0
1736847129.7667742,0.0,1.5708,0.93729,-0.0,-0.0,0.0
1736847129.7681465,0.0,1.5708,0.93745,-0.0,-0.0,0.0
1736847129.7690396,0.0,1.5708,0.93759,-0.0,-0.0,0.0
1736847129.7698762,0.0,1.5708,0.93773,-0.0,-0.0,0.0
1736847129.7702758,0.0,1.5708,0.93785,-0.0,-0.0,0.0
1736847129.7712815,0.0,1.5708,0.93797,-0.0,-0.0,0.0
1736847129.7722828,0.0,1.5708,0.93809,-0.0,-0.0,0.0
1736847129.7722828,0.0,1.5708,0.93821,-0.0,-0.0,0.0
1736847129.7735925,0.0,1.5708,0.93833,-0.0,-0.0,0.0
1736847129.7746048,0.0,1.5708,0.93848,-0.0,-0.0,0.0
1736847129.7754858,0.0,1.5708,0.93862,-0.0,-0.0,0.0
1736847129.776498,0.0,1.5708,0.93876,-0.0,-0.0,0.0
1736847129.77749,0.0,1.5708,0.93889,-0.0,-0.0,0.0
1736847129.77749,0.0,1.5708,0.93902,-0.0,-0.0,0.0
1736847129.7787614,0.0,1.5708,0.93914,-0.0,-0.0,0.0
1736847129.779766,0.0,1.5708,0.93926,-0.0,-0.0,0.0
1736847129.7805586,0.0,1.5708,0.9394,-0.0,-0.0,0.0
1736847129.781564,0.0,1.5708,0.93954,-0.0,-0.0,0.0
1736847129.7822974,0.0,1.5708,0.93969,-0.0,-0.0,0.0
1736847129.7822974,0.0,1.5708,0.93981,-0.0,-0.0,0.0
1736847129.784179,0.0,1.5708,0.93994,-0.0,-0.0,0.0
1736847129.784179,0.0,1.5708,0.94008,-0.0,-0.0,0.0
1736847129.7851863,0.0,1.5708,0.9402,-0.0,-0.0,0.0
1736847129.7861865,0.0,1.5708,0.94032,-0.0,-0.0,0.0
1736847129.7871869,0.0,1.5708,0.94044,-0.0,-0.0,0.0
1736847129.7881846,0.0,1.5708,0.94057,-0.0,-0.0,0.0
1736847129.789144,0.0,1.5708,0.94072,-0.0,-0.0,0.0
1736847129.7901375,0.0,1.5708,0.94088,-0.0,-0.0,0.0
1736847129.7911417,0.0,1.5708,0.94104,-0.0,-0.0,0.0
1736847129.7911417,0.0,1.5708,0.94116,-0.0,-0.0,0.0
1736847129.79214,0.0,1.5708,0.94129,-0.0,-0.0,0.0
1736847129.7931387,0.0,1.5708,0.94141,-0.0,-0.0,0.0
1736847129.7941499,0.0,1.5708,0.94154,-0.0,-0.0,0.0
1736847129.7951422,0.0,1.5708,0.94167,-0.0,-0.0,0.0
1736847129.796021,0.0,1.5708,0.94181,-0.0,-0.0,0.0
1736847129.796351,0.0,1.5708,0.94196,-0.0,-0.0,0.0
1736847129.7977564,0.0,1.5708,0.9421,-0.0,-0.0,0.0
1736847129.798179,0.0,1.5708,0.94223,-0.0,-0.0,0.0
1736847129.7991843,0.0,1.5708,0.94237,-0.0,-0.0,0.0
1736847129.8001935,0.0,1.5708,0.94249,-0.0,-0.0,0.0
1736847129.8011842,0.0,1.5708,0.94261,-0.0,-0.0,0.0
1736847129.8011842,0.0,1.5708,0.94273,-0.0,-0.0,0.0
1736847129.802185,0.0,1.5708,0.94287,-0.0,-0.0,0.0
1736847129.803291,0.0,1.5708,0.94301,-0.0,-0.0,0.0
1736847129.8042932,0.0,1.5708,0.94315,-0.0,-0.0,0.0
1736847129.805302,0.0,1.5708,0.94329,-0.0,-0.0,0.0
1736847129.8062928,0.0,1.5708,0.94341,-0.0,-0.0,0.0
1736847129.8062928,0.0,1.5708,0.94353,-0.0,-0.0,0.0
1736847129.8072624,0.0,1.5708,0.94365,-0.0,-0.0,0.0
1736847129.808321,0.0,1.5708,0.94378,-0.0,-0.0,0.0
1736847129.8093266,0.0,1.5708,0.94391,-0.0,-0.0,0.0
1736847129.80961,0.0,1.5708,0.94406,-0.0,-0.0,0.0
1736847129.80961,0.0,1.5708,0.9442,-0.0,-0.0,0.0
1736847129.80961,0.0,1.5708,0.94433,-0.0,-0.0,0.0
1736847129.8128307,0.0,1.5708,0.94445,-0.0,-0.0,0.0
1736847129.812937,0.0,1.5708,0.94458,-0.0,-0.0,0.0
1736847129.814566,0.0,1.5708,0.94472,-0.0,-0.0,0.0
1736847129.815141,0.0,1.5708,0.94484,-0.0,-0.0,0.0
1736847129.8161511,0.0,1.5708,0.94498,-0.0,-0.0,0.0
1736847129.8169408,0.0,1.5708,0.94513,-0.0,-0.0,0.0
1736847129.8179824,0.0,1.5708,0.94527,-0.0,-0.0,0.0
1736847129.818669,0.0,1.5708,0.94541,-0.0,-0.0,0.0
1736847129.8196857,0.0,1.5708,0.94554,-0.0,-0.0,0.0
1736847129.8196857,0.0,1.5708,0.94567,-0.0,-0.0,0.0
1736847129.8206732,0.0,1.5708,0.94579,-0.0,-0.0,0.0
1736847129.8216727,0.0,1.5708,0.94592,-0.0,-0.0,0.0
1736847129.8226743,0.0,1.5708,0.94605,-0.0,-0.0,0.0
1736847129.8238802,0.0,1.5708,0.94621,-0.0,-0.0,0.0
1736847129.8244312,0.0,1.5708,0.94638,-0.0,-0.0,0.0
1736847129.8254335,0.0,1.5708,0.94652,-0.0,-0.0,0.0
1736847129.8264315,0.0,1.5708,0.94665,-0.0,-0.0,0.0
1736847129.827441,0.0,1.5708,0.94677,-0.0,-0.0,0.0
1736847129.827441,0.0,1.5708,0.94689,-0.0,-0.0,0.0
1736847129.8284323,0.0,1.5708,0.94701,-0.0,-0.0,0.0
1736847129.8294315,0.0,1.5708,0.94714,-0.0,-0.0,0.0
1736847129.830799,0.0,1.5708,0.94728,-0.0,-0.0,0.0
1736847129.831701,0.0,1.5708,0.94742,-0.0,-0.0,0.0
1736847129.8324523,0.0,1.5708,0.94755,-0.0,-0.0,0.0
1736847129.8324523,0.0,1.5708,0.94768,-0.0,-0.0,0.0
1736847129.8334641,0.0,1.5708,0.9478,-0.0,-0.0,0.0
1736847129.8344624,0.0,1.5708,0.94792,-0.0,-0.0,0.0
1736847129.8356674,0.0,1.5708,0.94804,-0.0,-0.0,0.0
1736847129.8357573,0.0,1.5708,0.94817,-0.0,-0.0,0.0
1736847129.8372924,0.0,1.5708,0.9483,-0.0,-0.0,0.0
1736847129.8376548,0.0,1.5708,0.94845,-0.0,-0.0,0.0
1736847129.838692,0.0,1.5708,0.94859,-0.0,-0.0,0.0
1736847129.8396907,0.0,1.5708,0.94872,-0.0,-0.0,0.0
1736847129.8402557,0.0,1.5708,0.94884,-0.0,-0.0,0.0
1736847129.8402557,0.0,1.5708,0.94898,-0.0,-0.0,0.0
1736847129.8402557,0.0,1.5708,0.9491,-0.0,-0.0,0.0
1736847129.8430634,0.0,1.5708,0.94922,-0.0,-0.0,0.0
1736847129.8440702,0.0,1.5708,0.94934,-0.0,-0.0,0.0
1736847129.8442745,0.0,1.5708,0.94949,-0.0,-0.0,0.0
1736847129.8442745,0.0,1.5708,0.94963,-0.0,-0.0,0.0
1736847129.846391,0.0,1.5708,0.94976,-0.0,-0.0,0.0
1736847129.8473964,0.0,1.5708,0.94989,-0.0,-0.0,0.0
1736847129.8473964,0.0,1.5708,0.95001,-0.0,-0.0,0.0
1736847129.8489726,0.0,1.5708,0.95013,-0.0,-0.0,0.0
1736847129.849727,0.0,1.5708,0.95025,-0.0,-0.0,0.0
1736847129.849727,0.0,1.5708,0.95037,-0.0,-0.0,0.0
1736847129.851186,0.0,1.5708,0.95051,-0.0,-0.0,0.0
1736847129.8515022,0.0,1.5708,0.95064,-0.0,-0.0,0.0
1736847129.852839,0.0,1.5708,0.95079,-0.0,-0.0,0.0
1736847129.8538566,0.0,1.5708,0.95091,-0.0,-0.0,0.0
1736847129.8538566,0.0,1.5708,0.95103,-0.0,-0.0,0.0
1736847129.8548431,0.0,1.5708,0.95115,-0.0,-0.0,0.0
1736847129.8558433,0.0,1.5708,0.95127,-0.0,-0.0,0.0
1736847129.8568532,0.0,1.5708,0.95139,-0.0,-0.0,0.0
1736847129.857844,0.0,1.5708,0.95151,-0.0,-0.0,0.0
1736847129.8587492,0.0,1.5708,0.95165,-0.0,-0.0,0.0
1736847129.8588777,0.0,1.5708,0.9518,-0.0,-0.0,0.0
1736847129.8598802,0.0,1.5708,0.95195,-0.0,-0.0,0.0
1736847129.860878,0.0,1.5708,0.95206,-0.0,-0.0,0.0
1736847129.861888,0.0,1.5708,0.95219,-0.0,-0.0,0.0
1736847129.8628783,0.0,1.5708,0.9523,-0.0,-0.0,0.0
1736847129.8632956,0.0,1.5708,0.95242,-0.0,-0.0,0.0
1736847129.864297,0.0,1.5708,0.95255,-0.0,-0.0,0.0
1736847129.865171,0.0,1.5708,0.95269,-0.0,-0.0,0.0
1736847129.865171,0.0,1.5708,0.95284,-0.0,-0.0,0.0
1736847129.865171,0.0,1.5708,0.95297,-0.0,-0.0,0.0
1736847129.865171,0.0,1.5708,0.95309,-0.0,-0.0,0.0
1736847129.865171,0.0,1.5708,0.95321,-0.0,-0.0,0.0
1736847129.8692715,0.0,1.5708,0.95333,-0.0,-0.0,0.0
1736847129.8702068,0.0,1.5708,0.95345,-0.0,-0.0,0.0
1736847129.8702068,0.0,1.5708,0.95358,-0.0,-0.0,0.0
1736847129.8712144,0.0,1.5708,0.9537,-0.0,-0.0,0.0
1736847129.8725226,0.0,1.5708,0.95385,-0.0,-0.0,0.0
1736847129.873575,0.0,1.5708,0.95399,-0.0,-0.0,0.0
1736847129.8739145,0.0,1.5708,0.95413,-0.0,-0.0,0.0
1736847129.8739145,0.0,1.5708,0.95426,-0.0,-0.0,0.0
1736847129.8739145,0.0,1.5708,0.9544,-0.0,-0.0,0.0
1736847129.8739145,0.0,1.5708,0.95452,-0.0,-0.0,0.0
1736847129.8777804,0.0,1.5708,0.95464,-0.0,-0.0,0.0
1736847129.8777804,0.0,1.5708,0.95478,-0.0,-0.0,0.0
1736847129.8794386,0.0,1.5708,0.95493,-0.0,-0.0,0.0
1736847129.8804815,0.0,1.5708,0.95507,-0.0,-0.0,0.0
1736847129.8804815,0.0,1.5708,0.9552,-0.0,-0.0,0.0
1736847129.8814814,0.0,1.5708,0.95533,-0.0,-0.0,0.0
1736847129.8824804,0.0,1.5708,0.95545,-0.0,-0.0,0.0
1736847129.8834813,0.0,1.5708,0.95556,-0.0,-0.0,0.0
1736847129.8834813,0.0,1.5708,0.95568,-0.0,-0.0,0.0
1736847129.8846939,0.0,1.5708,0.95581,-0.0,-0.0,0.0
1736847129.8856962,0.0,1.5708,0.95594,-0.0,-0.0,0.0
1736847129.8868794,0.0,1.5708,0.9561,-0.0,-0.0,0.0
1736847129.887695,0.0,1.5708,0.95625,-0.0,-0.0,0.0
1736847129.8887093,0.0,1.5708,0.95637,-0.0,-0.0,0.0
1736847129.8887093,0.0,1.5708,0.9565,-0.0,-0.0,0.0
1736847129.8897076,0.0,1.5708,0.95662,-0.0,-0.0,0.0
1736847129.8907065,0.0,1.5708,0.95674,-0.0,-0.0,0.0
1736847129.8916445,0.0,1.5708,0.95686,-0.0,-0.0,0.0
1736847129.8926532,0.0,1.5708,0.95699,-0.0,-0.0,0.0
1736847129.893372,0.0,1.5708,0.95715,-0.0,-0.0,0.0
1736847129.8944266,0.0,1.5708,0.95728,-0.0,-0.0,0.0
1736847129.8944266,0.0,1.5708,0.95741,-0.0,-0.0,0.0
1736847129.8954134,0.0,1.5708,0.95753,-0.0,-0.0,0.0
1736847129.896412,0.0,1.5708,0.95765,-0.0,-0.0,0.0
1736847129.897653,0.0,1.5708,0.95777,-0.0,-0.0,0.0
1736847129.897653,0.0,1.5708,0.95789,-0.0,-0.0,0.0
1736847129.8986547,0.0,1.5708,0.95801,-0.0,-0.0,0.0
1736847129.9000974,0.0,1.5708,0.95815,-0.0,-0.0,0.0
1736847129.9000974,0.0,1.5708,0.95828,-0.0,-0.0,0.0
1736847129.9011362,0.0,1.5708,0.95841,-0.0,-0.0,0.0
1736847129.9022248,0.0,1.5708,0.95853,-0.0,-0.0,0.0
1736847129.9032304,0.0,1.5708,0.95865,-0.0,-0.0,0.0
1736847129.9032304,0.0,1.5708,0.95878,-0.0,-0.0,0.0
1736847129.9032304,0.0,1.5708,0.9589,-0.0,-0.0,0.0
1736847129.9056053,0.0,1.5708,0.95902,-0.0,-0.0,0.0
1736847129.9056053,0.0,1.5708,0.95914,-0.0,-0.0,0.0
1736847129.9068167,0.0,1.5708,0.95928,-0.0,-0.0,0.0
1736847129.9081552,0.0,1.5708,0.95943,-0.0,-0.0,0.0
1736847129.9081552,0.0,1.5708,0.95956,-0.0,-0.0,0.0
1736847129.909167,0.0,1.5708,0.95968,-0.0,-0.0,0.0
1736847129.9101655,0.0,1.5708,0.9598,-0.0,-0.0,0.0
1736847129.9111757,0.0,1.5708,0.95992,-0.0,-0.0,0.0
1736847129.9111757,0.0,1.5708,0.96004,-0.0,-0.0,0.0
1736847129.91248,0.0,1.5708,0.96016,-0.0,-0.0,0.0
1736847129.9134824,0.0,1.5708,0.9603,-0.0,-0.0,0.0
1736847129.9142532,0.0,1.5708,0.96045,-0.0,-0.0,0.0
1736847129.9153075,0.0,1.5708,0.96058,-0.0,-0.0,0.0
1736847129.9163036,0.0,1.5708,0.9607,-0.0,-0.0,0.0
1736847129.9163036,0.0,1.5708,0.96082,-0.0,-0.0,0.0
1736847129.9172964,0.0,1.5708,0.96094,-0.0,-0.0,0.0
1736847129.9186296,0.0,1.5708,0.96106,-0.0,-0.0,0.0
1736847129.9186296,0.0,1.5708,0.9612,-0.0,-0.0,0.0
1736847129.9196317,0.0,1.5708,0.96133,-0.0,-0.0,0.0
1736847129.9210565,0.0,1.5708,0.96148,-0.0,-0.0,0.0
1736847129.9221027,0.0,1.5708,0.96162,-0.0,-0.0,0.0
1736847129.923092,0.0,1.5708,0.96176,-0.0,-0.0,0.0
1736847129.9232976,0.0,1.5708,0.96188,-0.0,-0.0,0.0
1736847129.9232976,0.0,1.5708,0.96201,-0.0,-0.0,0.0
1736847129.9232976,0.0,1.5708,0.96213,-0.0,-0.0,0.0
1736847129.9232976,0.0,1.5708,0.96224,-0.0,-0.0,0.0
1736847129.9263606,0.0,1.5708,0.96236,-0.0,-0.0,0.0
1736847129.9275415,0.0,1.5708,0.96249,-0.0,-0.0,0.0
1736847129.9275415,0.0,1.5708,0.96263,-0.0,-0.0,0.0
1736847129.9295068,0.0,1.5708,0.96277,-0.0,-0.0,0.0
1736847129.9302652,0.0,1.5708,0.9629,-0.0,-0.0,0.0
1736847129.9302652,0.0,1.5708,0.96302,-0.0,-0.0,0.0
1736847129.9312778,0.0,1.5708,0.96314,-0.0,-0.0,0.0
1736847129.9413154,0.0,1.5708,0.96457,-0.0,-0.0,0.0
1736847129.9414825,0.0,1.5708,0.96481,-0.0,-0.0,0.0
1736847129.9414825,0.0,1.5708,0.96497,-0.0,-0.0,0.0
1736847129.9414825,0.0,1.5708,0.96509,-0.0,-0.0,0.0
1736847129.9414825,0.0,1.5708,0.96521,-0.0,-0.0,0.0
1736847129.9414825,0.0,1.5708,0.96534,-0.0,-0.0,0.0
1736847129.9464152,0.0,1.5708,0.96545,-0.0,-0.0,0.0
1736847129.9471452,0.0,1.5708,0.96557,-0.0,-0.0,0.0
1736847129.9481604,0.0,1.5708,0.9657,-0.0,-0.0,0.0
1736847129.948905,0.0,1.5708,0.96585,-0.0,-0.0,0.0
1736847129.9494123,0.0,1.5708,0.96599,-0.0,-0.0,0.0
1736847129.950419,0.0,1.5708,0.96613,-0.0,-0.0,0.0
1736847129.951428,0.0,1.5708,0.96626,-0.0,-0.0,0.0
1736847129.952465,0.0,1.5708,0.96638,-0.0,-0.0,0.0
1736847129.952561,0.0,1.5708,0.96651,-0.0,-0.0,0.0
1736847129.9535627,0.0,1.5708,0.96664,-0.0,-0.0,0.0
1736847129.9545631,0.0,1.5708,0.96677,-0.0,-0.0,0.0
1736847129.95583,0.0,1.5708,0.96692,-0.0,-0.0,0.0
1736847129.95583,0.0,1.5708,0.96706,-0.0,-0.0,0.0
1736847129.9571135,0.0,1.5708,0.9672,-0.0,-0.0,0.0
1736847129.9571135,0.0,1.5708,0.96733,-0.0,-0.0,0.0
1736847129.9571135,0.0,1.5708,0.96746,-0.0,-0.0,0.0
1736847129.9571135,0.0,1.5708,0.96759,-0.0,-0.0,0.0
1736847129.9571135,0.0,1.5708,0.96771,-0.0,-0.0,0.0
1736847129.9611025,0.0,1.5708,0.96782,-0.0,-0.0,0.0
1736847129.9622557,0.0,1.5708,0.96795,-0.0,-0.0,0.0
1736847129.963068,0.0,1.5708,0.96809,-0.0,-0.0,0.0
1736847129.9640853,0.0,1.5708,0.96823,-0.0,-0.0,0.0
1736847129.965074,0.0,1.5708,0.96835,-0.0,-0.0,0.0
1736847129.9658432,0.0,1.5708,0.96849,-0.0,-0.0,0.0
1736847129.9658432,0.0,1.5708,0.96861,-0.0,-0.0,0.0
1736847129.9668555,0.0,1.5708,0.96873,-0.0,-0.0,0.0
1736847129.9678538,0.0,1.5708,0.96885,-0.0,-0.0,0.0
1736847129.9688666,0.0,1.5708,0.96898,-0.0,-0.0,0.0
1736847129.969821,0.0,1.5708,0.96912,-0.0,-0.0,0.0
1736847129.970863,0.0,1.5708,0.96927,-0.0,-0.0,0.0
1736847129.970863,0.0,1.5708,0.9694,-0.0,-0.0,0.0
1736847129.9718626,0.0,1.5708,0.96953,-0.0,-0.0,0.0
1736847129.9728615,0.0,1.5708,0.96964,-0.0,-0.0,0.0
1736847129.9738715,0.0,1.5708,0.96975,-0.0,-0.0,0.0
1736847129.9746587,0.0,1.5708,0.96987,-0.0,-0.0,0.0
1736847129.9757457,0.0,1.5708,0.97003,-0.0,-0.0,0.0
1736847129.9765162,0.0,1.5708,0.9702,-0.0,-0.0,0.0
1736847129.9775803,0.0,1.5708,0.97034,-0.0,-0.0,0.0
1736847129.9775803,0.0,1.5708,0.97047,-0.0,-0.0,0.0
1736847129.9790807,0.0,1.5708,0.97059,-0.0,-0.0,0.0
1736847129.9800847,0.0,1.5708,0.97071,-0.0,-0.0,0.0
1736847129.9800847,0.0,1.5708,0.97085,-0.0,-0.0,0.0
1736847129.9800847,0.0,1.5708,0.97098,-0.0,-0.0,0.0
1736847129.9819388,0.0,1.5708,0.97109,-0.0,-0.0,0.0
1736847129.9830985,0.0,1.5708,0.97123,-0.0,-0.0,0.0
1736847129.9844394,0.0,1.5708,0.97141,-0.0,-0.0,0.0
1736847129.9844394,0.0,1.5708,0.97155,-0.0,-0.0,0.0
1736847129.985441,0.0,1.5708,0.97167,-0.0,-0.0,0.0
1736847129.9864411,0.0,1.5708,0.9718,-0.0,-0.0,0.0
1736847129.9874525,0.0,1.5708,0.97192,-0.0,-0.0,0.0
1736847129.9884143,0.0,1.5708,0.97203,-0.0,-0.0,0.0
1736847129.9884143,0.0,1.5708,0.97216,-0.0,-0.0,0.0
1736847129.9900951,0.0,1.5708,0.97228,-0.0,-0.0,0.0
1736847129.991035,0.0,1.5708,0.97246,-0.0,-0.0,0.0
1736847129.9918447,0.0,1.5708,0.97262,-0.0,-0.0,0.0
1736847129.9928513,0.0,1.5708,0.97274,-0.0,-0.0,0.0
1736847129.9928513,0.0,1.5708,0.97286,-0.0,-0.0,0.0
1736847129.9938502,0.0,1.5708,0.97298,-0.0,-0.0,0.0
1736847129.9948492,0.0,1.5708,0.97311,-0.0,-0.0,0.0
1736847129.99585,0.0,1.5708,0.97322,-0.0,-0.0,0.0
1736847129.9968522,0.0,1.5708,0.97335,-0.0,-0.0,0.0
1736847129.9975364,0.0,1.5708,0.97351,-0.0,-0.0,0.0
1736847129.998595,0.0,1.5708,0.97365,-0.0,-0.0,0.0
1736847129.9995804,0.0,1.5708,0.97378,-0.0,-0.0,0.0
1736847129.9995804,0.0,1.5708,0.97391,-0.0,-0.0,0.0
1736847130.0005805,0.0,1.5708,0.97404,-0.0,-0.0,0.0
1736847130.0015795,0.0,1.5708,0.97416,-0.0,-0.0,0.0
1736847130.0027447,0.0,1.5708,0.97428,-0.0,-0.0,0.0
1736847130.0027447,0.0,1.5708,0.97442,-0.0,-0.0,0.0
1736847130.0043926,0.0,1.5708,0.97456,-0.0,-0.0,0.0
1736847130.0053978,0.0,1.5708,0.9747,-0.0,-0.0,0.0
1736847130.0053978,0.0,1.5708,0.97484,-0.0,-0.0,0.0
1736847130.0063975,0.0,1.5708,0.97496,-0.0,-0.0,0.0
1736847130.0073967,0.0,1.5708,0.97509,-0.0,-0.0,0.0
1736847130.008711,0.0,1.5708,0.97521,-0.0,-0.0,0.0
1736847130.0095315,0.0,1.5708,0.97534,-0.0,-0.0,0.0
1736847130.0095315,0.0,1.5708,0.97547,-0.0,-0.0,0.0
1736847130.0109153,0.0,1.5708,0.9756,-0.0,-0.0,0.0
1736847130.0112662,0.0,1.5708,0.97575,-0.0,-0.0,0.0
1736847130.0123103,0.0,1.5708,0.97588,-0.0,-0.0,0.0
1736847130.0134573,0.0,1.5708,0.976,-0.0,-0.0,0.0
1736847130.0144618,0.0,1.5708,0.97613,-0.0,-0.0,0.0
1736847130.0144618,0.0,1.5708,0.97626,-0.0,-0.0,0.0
1736847130.0144618,0.0,1.5708,0.97639,-0.0,-0.0,0.0
1736847130.0166328,0.0,1.5708,0.97651,-0.0,-0.0,0.0
1736847130.0176396,0.0,1.5708,0.97663,-0.0,-0.0,0.0
1736847130.01783,0.0,1.5708,0.97677,-0.0,-0.0,0.0
1736847130.0192535,0.0,1.5708,0.9769,-0.0,-0.0,0.0
1736847130.020259,0.0,1.5708,0.97703,-0.0,-0.0,0.0
1736847130.020259,0.0,1.5708,0.97715,-0.0,-0.0,0.0
1736847130.0212579,0.0,1.5708,0.97728,-0.0,-0.0,0.0
1736847130.0222573,0.0,1.5708,0.9774,-0.0,-0.0,0.0
1736847130.0232704,0.0,1.5708,0.97752,-0.0,-0.0,0.0
1736847130.0232704,0.0,1.5708,0.97764,-0.0,-0.0,0.0
1736847130.0248961,0.0,1.5708,0.97778,-0.0,-0.0,0.0
1736847130.026082,0.0,1.5708,0.97795,-0.0,-0.0,0.0
1736847130.0266964,0.0,1.5708,0.97809,-0.0,-0.0,0.0
1736847130.0277157,0.0,1.5708,0.97821,-0.0,-0.0,0.0
1736847130.0277157,0.0,1.5708,0.97833,-0.0,-0.0,0.0
1736847130.0287027,0.0,1.5708,0.97845,-0.0,-0.0,0.0
1736847130.0297015,0.0,1.5708,0.97857,-0.0,-0.0,0.0
1736847130.0305278,0.0,1.5708,0.97869,-0.0,-0.0,0.0
1736847130.0315382,0.0,1.5708,0.97883,-0.0,-0.0,0.0
1736847130.0322022,0.0,1.5708,0.97898,-0.0,-0.0,0.0
1736847130.0332422,0.0,1.5708,0.97911,-0.0,-0.0,0.0
1736847130.0342503,0.0,1.5708,0.97924,-0.0,-0.0,0.0
1736847130.0342503,0.0,1.5708,0.97937,-0.0,-0.0,0.0
1736847130.0352404,0.0,1.5708,0.97949,-0.0,-0.0,0.0
1736847130.0366473,0.0,1.5708,0.97961,-0.0,-0.0,0.0
1736847130.036737,0.0,1.5708,0.97973,-0.0,-0.0,0.0
1736847130.03774,0.0,1.5708,0.97987,-0.0,-0.0,0.0
1736847130.0391192,0.0,1.5708,0.98,-0.0,-0.0,0.0
1736847130.0391192,0.0,1.5708,0.98014,-0.0,-0.0,0.0
1736847130.0401216,0.0,1.5708,0.98027,-0.0,-0.0,0.0
1736847130.0413916,0.0,1.5708,0.9804,-0.0,-0.0,0.0
1736847130.0424054,0.0,1.5708,0.98052,-0.0,-0.0,0.0
1736847130.0424054,0.0,1.5708,0.98065,-0.0,-0.0,0.0
1736847130.0424054,0.0,1.5708,0.98077,-0.0,-0.0,0.0
1736847130.044411,0.0,1.5708,0.98089,-0.0,-0.0,0.0
1736847130.045418,0.0,1.5708,0.98102,-0.0,-0.0,0.0
1736847130.045964,0.0,1.5708,0.98117,-0.0,-0.0,0.0
1736847130.047376,0.0,1.5708,0.98131,-0.0,-0.0,0.0
1736847130.0484672,0.0,1.5708,0.98145,-0.0,-0.0,0.0
1736847130.0484672,0.0,1.5708,0.98158,-0.0,-0.0,0.0
1736847130.0494735,0.0,1.5708,0.98171,-0.0,-0.0,0.0
1736847130.0504713,0.0,1.5708,0.98183,-0.0,-0.0,0.0
1736847130.051473,0.0,1.5708,0.98195,-0.0,-0.0,0.0
1736847130.051473,0.0,1.5708,0.98207,-0.0,-0.0,0.0
1736847130.0526288,0.0,1.5708,0.98222,-0.0,-0.0,0.0
1736847130.053871,0.0,1.5708,0.98237,-0.0,-0.0,0.0
1736847130.0548882,0.0,1.5708,0.9825,-0.0,-0.0,0.0
1736847130.055875,0.0,1.5708,0.98262,-0.0,-0.0,0.0
1736847130.055875,0.0,1.5708,0.98275,-0.0,-0.0,0.0
1736847130.056876,0.0,1.5708,0.98287,-0.0,-0.0,0.0
1736847130.057875,0.0,1.5708,0.98299,-0.0,-0.0,0.0
1736847130.0588765,0.0,1.5708,0.9831,-0.0,-0.0,0.0
1736847130.0597038,0.0,1.5708,0.98325,-0.0,-0.0,0.0
1736847130.0600986,0.0,1.5708,0.9834,-0.0,-0.0,0.0
1736847130.0611503,0.0,1.5708,0.98354,-0.0,-0.0,0.0
1736847130.0621474,0.0,1.5708,0.98367,-0.0,-0.0,0.0
1736847130.0631602,0.0,1.5708,0.98379,-0.0,-0.0,0.0
1736847130.0631602,0.0,1.5708,0.98391,-0.0,-0.0,0.0
1736847130.064148,0.0,1.5708,0.98403,-0.0,-0.0,0.0
1736847130.0652509,0.0,1.5708,0.98415,-0.0,-0.0,0.0
1736847130.066271,0.0,1.5708,0.98429,-0.0,-0.0,0.0
1736847130.067152,0.0,1.5708,0.98442,-0.0,-0.0,0.0
1736847130.068157,0.0,1.5708,0.98456,-0.0,-0.0,0.0
1736847130.0685413,0.0,1.5708,0.98469,-0.0,-0.0,0.0
1736847130.069559,0.0,1.5708,0.98481,-0.0,-0.0,0.0
1736847130.0705478,0.0,1.5708,0.98492,-0.0,-0.0,0.0
1736847130.0712378,0.0,1.5708,0.98504,-0.0,-0.0,0.0
1736847130.0713313,0.0,1.5708,0.98517,-0.0,-0.0,0.0
1736847130.0723326,0.0,1.5708,0.98531,-0.0,-0.0,0.0
1736847130.0738218,0.0,1.5708,0.98546,-0.0,-0.0,0.0
1736847130.0748239,0.0,1.5708,0.9856,-0.0,-0.0,0.0
1736847130.0748239,0.0,1.5708,0.98573,-0.0,-0.0,0.0
1736847130.075882,0.0,1.5708,0.98585,-0.0,-0.0,0.0
1736847130.075882,0.0,1.5708,0.98598,-0.0,-0.0,0.0
1736847130.075882,0.0,1.5708,0.9861,-0.0,-0.0,0.0
1736847130.075882,0.0,1.5708,0.98623,-0.0,-0.0,0.0
1736847130.079131,0.0,1.5708,0.98635,-0.0,-0.0,0.0
1736847130.0803661,0.0,1.5708,0.98647,-0.0,-0.0,0.0
1736847130.0803661,0.0,1.5708,0.98662,-0.0,-0.0,0.0
1736847130.0819793,0.0,1.5708,0.98676,-0.0,-0.0,0.0
1736847130.082985,0.0,1.5708,0.98689,-0.0,-0.0,0.0
1736847130.082985,0.0,1.5708,0.98702,-0.0,-0.0,0.0
1736847130.0839844,0.0,1.5708,0.98714,-0.0,-0.0,0.0
1736847130.0854282,0.0,1.5708,0.98726,-0.0,-0.0,0.0
1736847130.0859675,0.0,1.5708,0.98738,-0.0,-0.0,0.0
1736847130.086978,0.0,1.5708,0.98751,-0.0,-0.0,0.0
1736847130.08789,0.0,1.5708,0.98766,-0.0,-0.0,0.0
1736847130.088816,0.0,1.5708,0.98781,-0.0,-0.0,0.0
1736847130.088816,0.0,1.5708,0.98794,-0.0,-0.0,0.0
1736847130.0898223,0.0,1.5708,0.98807,-0.0,-0.0,0.0
1736847130.0908206,0.0,1.5708,0.9882,-0.0,-0.0,0.0
1736847130.0918202,0.0,1.5708,0.98832,-0.0,-0.0,0.0
1736847130.0928204,0.0,1.5708,0.98844,-0.0,-0.0,0.0
1736847130.0930557,0.0,1.5708,0.98858,-0.0,-0.0,0.0
1736847130.0947242,0.0,1.5708,0.98872,-0.0,-0.0,0.0
1736847130.0947242,0.0,1.5708,0.98887,-0.0,-0.0,0.0
1736847130.0957785,0.0,1.5708,0.98901,-0.0,-0.0,0.0
1736847130.0967784,0.0,1.5708,0.98915,-0.0,-0.0,0.0
1736847130.097777,0.0,1.5708,0.98928,-0.0,-0.0,0.0
1736847130.0987914,0.0,1.5708,0.98941,-0.0,-0.0,0.0
1736847130.099739,0.0,1.5708,0.98953,-0.0,-0.0,0.0
1736847130.0999348,0.0,1.5708,0.98966,-0.0,-0.0,0.0
1736847130.1016266,0.0,1.5708,0.98981,-0.0,-0.0,0.0
1736847130.1016266,0.0,1.5708,0.98995,-0.0,-0.0,0.0
1736847130.103301,0.0,1.5708,0.99008,-0.0,-0.0,0.0
1736847130.104013,0.0,1.5708,0.99021,-0.0,-0.0,0.0
1736847130.104402,0.0,1.5708,0.99033,-0.0,-0.0,0.0
1736847130.104402,0.0,1.5708,0.99046,-0.0,-0.0,0.0
1736847130.104402,0.0,1.5708,0.99059,-0.0,-0.0,0.0
1736847130.106922,0.0,1.5708,0.99071,-0.0,-0.0,0.0
1736847130.1081345,0.0,1.5708,0.99084,-0.0,-0.0,0.0
1736847130.1081345,0.0,1.5708,0.99099,-0.0,-0.0,0.0
1736847130.1081345,0.0,1.5708,0.99113,-0.0,-0.0,0.0
1736847130.1107187,0.0,1.5708,0.99126,-0.0,-0.0,0.0
1736847130.1107187,0.0,1.5708,0.99139,-0.0,-0.0,0.0
1736847130.1117299,0.0,1.5708,0.99151,-0.0,-0.0,0.0
1736847130.1127276,0.0,1.5708,0.99163,-0.0,-0.0,0.0
1736847130.1137273,0.0,1.5708,0.99176,-0.0,-0.0,0.0
1736847130.1147287,0.0,1.5708,0.99188,-0.0,-0.0,0.0
1736847130.115419,0.0,1.5708,0.99202,-0.0,-0.0,0.0
1736847130.1165452,0.0,1.5708,0.99215,-0.0,-0.0,0.0
1736847130.116686,0.0,1.5708,0.9923,-0.0,-0.0,0.0
1736847130.1176877,0.0,1.5708,0.99244,-0.0,-0.0,0.0
1736847130.1186862,0.0,1.5708,0.99258,-0.0,-0.0,0.0
1736847130.1196864,0.0,1.5708,0.99271,-0.0,-0.0,0.0
1736847130.1206965,0.0,1.5708,0.99284,-0.0,-0.0,0.0
1736847130.121687,0.0,1.5708,0.99297,-0.0,-0.0,0.0
1736847130.1225772,0.0,1.5708,0.99315,-0.0,-0.0,0.0
1736847130.1236277,0.0,1.5708,0.9933,-0.0,-0.0,0.0
1736847130.124615,0.0,1.5708,0.99342,-0.0,-0.0,0.0
1736847130.124615,0.0,1.5708,0.99354,-0.0,-0.0,0.0
1736847130.1256151,0.0,1.5708,0.99367,-0.0,-0.0,0.0
1736847130.1266143,0.0,1.5708,0.99379,-0.0,-0.0,0.0
1736847130.127761,0.0,1.5708,0.99391,-0.0,-0.0,0.0
1736847130.127761,0.0,1.5708,0.99404,-0.0,-0.0,0.0
1736847130.1295197,0.0,1.5708,0.9942,-0.0,-0.0,0.0
1736847130.1305356,0.0,1.5708,0.99434,-0.0,-0.0,0.0
1736847130.1310408,0.0,1.5708,0.99448,-0.0,-0.0,0.0
1736847130.1320457,0.0,1.5708,0.9946,-0.0,-0.0,0.0
1736847130.1320457,0.0,1.5708,0.99473,-0.0,-0.0,0.0
1736847130.133045,0.0,1.5708,0.99485,-0.0,-0.0,0.0
1736847130.1345198,0.0,1.5708,0.99497,-0.0,-0.0,0.0
1736847130.1345198,0.0,1.5708,0.9951,-0.0,-0.0,0.0
1736847130.1361918,0.0,1.5708,0.99523,-0.0,-0.0,0.0
1736847130.1361918,0.0,1.5708,0.99539,-0.0,-0.0,0.0
1736847130.137242,0.0,1.5708,0.99553,-0.0,-0.0,0.0
1736847130.138241,0.0,1.5708,0.99564,-0.0,-0.0,0.0
1736847130.1390026,0.0,1.5708,0.99577,-0.0,-0.0,0.0
1736847130.1390026,0.0,1.5708,0.9959,-0.0,-0.0,0.0
1736847130.1390026,0.0,1.5708,0.99605,-0.0,-0.0,0.0
1736847130.1416538,0.0,1.5708,0.9962,-0.0,-0.0,0.0
1736847130.1429057,0.0,1.5708,0.99635,-0.0,-0.0,0.0
1736847130.1429057,0.0,1.5708,0.99649,-0.0,-0.0,0.0
1736847130.1450112,0.0,1.5708,0.99663,-0.0,-0.0,0.0
1736847130.1451325,0.0,1.5708,0.99677,-0.0,-0.0,0.0
1736847130.1461346,0.0,1.5708,0.9969,-0.0,-0.0,0.0
1736847130.147504,0.0,1.5708,0.99702,-0.0,-0.0,0.0
1736847130.1482766,0.0,1.5708,0.99715,-0.0,-0.0,0.0
1736847130.1482766,0.0,1.5708,0.99727,-0.0,-0.0,0.0
1736847130.1497488,0.0,1.5708,0.9974,-0.0,-0.0,0.0
1736847130.1505642,0.0,1.5708,0.99756,-0.0,-0.0,0.0
1736847130.1515768,0.0,1.5708,0.99769,-0.0,-0.0,0.0
1736847130.1525695,0.0,1.5708,0.99781,-0.0,-0.0,0.0
1736847130.1525695,0.0,1.5708,0.99793,-0.0,-0.0,0.0
1736847130.153569,0.0,1.5708,0.99805,-0.0,-0.0,0.0
1736847130.154569,0.0,1.5708,0.99817,-0.0,-0.0,0.0
1736847130.1555684,0.0,1.5708,0.9983,-0.0,-0.0,0.0
1736847130.1565685,0.0,1.5708,0.99844,-0.0,-0.0,0.0
1736847130.1573582,0.0,1.5708,0.99858,-0.0,-0.0,0.0
1736847130.1573582,0.0,1.5708,0.99872,-0.0,-0.0,0.0
1736847130.1584074,0.0,1.5708,0.99886,-0.0,-0.0,0.0
1736847130.1594076,0.0,1.5708,0.99899,-0.0,-0.0,0.0
1736847130.1604066,0.0,1.5708,0.99911,-0.0,-0.0,0.0
1736847130.1614168,0.0,1.5708,0.99923,-0.0,-0.0,0.0
1736847130.1622603,0.0,1.5708,0.99934,-0.0,-0.0,0.0
1736847130.1623728,0.0,1.5708,0.99947,-0.0,-0.0,0.0
1736847130.163996,0.0,1.5708,0.99961,-0.0,-0.0,0.0
1736847130.1647959,0.0,1.5708,0.99975,-0.0,-0.0,0.0
1736847130.165433,0.0,1.5708,0.99989,-0.0,-0.0,0.0
1736847130.1659448,0.0,1.5708,1.0,-0.0,-0.0,0.0
1736847130.167096,0.0,1.5708,1.00012,-0.0,-0.0,0.0
1736847130.167096,0.0,1.5708,1.00024,-0.0,-0.0,0.0
1736847130.1681018,0.0,1.5708,1.00036,-0.0,-0.0,0.0
1736847130.196535,0.0,1.5708,1.00469,-0.0,-0.0,0.0
1736847130.1975458,0.0,1.5708,1.00488,-0.0,-0.0,0.0
1736847130.1985457,0.0,1.5708,1.00502,-0.0,-0.0,0.0
1736847130.1995466,0.0,1.5708,1.00518,-0.0,-0.0,0.0
1736847130.1998293,0.0,1.5708,1.00532,-0.0,-0.0,0.0
1736847130.2008362,0.0,1.5708,1.00544,-0.0,-0.0,0.0
1736847130.2018356,0.0,1.5708,1.00556,-0.0,-0.0,0.0
1736847130.2024682,0.0,1.5708,1.00569,-0.0,-0.0,0.0
1736847130.2034724,0.0,1.5708,1.00581,-0.0,-0.0,0.0
1736847130.2034724,0.0,1.5708,1.00593,-0.0,-0.0,0.0
1736847130.2044747,0.0,1.5708,1.00606,-0.0,-0.0,0.0
1736847130.2058282,0.0,1.5708,1.00619,-0.0,-0.0,0.0
1736847130.2068694,0.0,1.5708,1.00634,-0.0,-0.0,0.0
1736847130.2068694,0.0,1.5708,1.00648,-0.0,-0.0,0.0
1736847130.2083328,0.0,1.5708,1.0066,-0.0,-0.0,0.0
1736847130.2093325,0.0,1.5708,1.00672,-0.0,-0.0,0.0
1736847130.2093325,0.0,1.5708,1.00685,-0.0,-0.0,0.0
1736847130.2103314,0.0,1.5708,1.00697,-0.0,-0.0,0.0
1736847130.2113328,0.0,1.5708,1.00708,-0.0,-0.0,0.0
1736847130.2123327,0.0,1.5708,1.00721,-0.0,-0.0,0.0
1736847130.212667,0.0,1.5708,1.00736,-0.0,-0.0,0.0
1736847130.2136717,0.0,1.5708,1.0075,-0.0,-0.0,0.0
1736847130.2146864,0.0,1.5708,1.00763,-0.0,-0.0,0.0
1736847130.2157042,0.0,1.5708,1.00775,-0.0,-0.0,0.0
1736847130.2166214,0.0,1.5708,1.00787,-0.0,-0.0,0.0
1736847130.2166214,0.0,1.5708,1.00799,-0.0,-0.0,0.0
1736847130.2176268,0.0,1.5708,1.00811,-0.0,-0.0,0.0
1736847130.2186422,0.0,1.5708,1.00823,-0.0,-0.0,0.0
1736847130.219648,0.0,1.5708,1.00837,-0.0,-0.0,0.0
1736847130.2203462,0.0,1.5708,1.00852,-0.0,-0.0,0.0
1736847130.2213519,0.0,1.5708,1.00866,-0.0,-0.0,0.0
1736847130.2223506,0.0,1.5708,1.00878,-0.0,-0.0,0.0
1736847130.2223506,0.0,1.5708,1.0089,-0.0,-0.0,0.0
1736847130.223351,0.0,1.5708,1.00902,-0.0,-0.0,0.0
1736847130.2243502,0.0,1.5708,1.00913,-0.0,-0.0,0.0
1736847130.2253523,0.0,1.5708,1.00925,-0.0,-0.0,0.0
1736847130.226256,0.0,1.5708,1.00939,-0.0,-0.0,0.0
1736847130.2269073,0.0,1.5708,1.00954,-0.0,-0.0,0.0
1736847130.2279253,0.0,1.5708,1.00968,-0.0,-0.0,0.0
1736847130.2289116,0.0,1.5708,1.0098,-0.0,-0.0,0.0
1736847130.2289116,0.0,1.5708,1.00992,-0.0,-0.0,0.0
1736847130.2299113,0.0,1.5708,1.01004,-0.0,-0.0,0.0
1736847130.230926,0.0,1.5708,1.01016,-0.0,-0.0,0.0
1736847130.2319112,0.0,1.5708,1.01027,-0.0,-0.0,0.0
1736847130.2319622,0.0,1.5708,1.01041,-0.0,-0.0,0.0
1736847130.2336771,0.0,1.5708,1.01056,-0.0,-0.0,0.0
1736847130.23447,0.0,1.5708,1.0107,-0.0,-0.0,0.0
1736847130.235121,0.0,1.5708,1.01083,-0.0,-0.0,0.0
1736847130.2361343,0.0,1.5708,1.01094,-0.0,-0.0,0.0
1736847130.2361343,0.0,1.5708,1.01106,-0.0,-0.0,0.0
1736847130.237133,0.0,1.5708,1.01118,-0.0,-0.0,0.0
1736847130.2383842,0.0,1.5708,1.0113,-0.0,-0.0,0.0
1736847130.2384803,0.0,1.5708,1.01142,-0.0,-0.0,0.0
1736847130.240042,0.0,1.5708,1.01155,-0.0,-0.0,0.0
1736847130.2404096,0.0,1.5708,1.0117,-0.0,-0.0,0.0
1736847130.2414477,0.0,1.5708,1.01183,-0.0,-0.0,0.0
1736847130.242457,0.0,1.5708,1.01195,-0.0,-0.0,0.0
1736847130.2430947,0.0,1.5708,1.01207,-0.0,-0.0,0.0
1736847130.244101,0.0,1.5708,1.01219,-0.0,-0.0,0.0
1736847130.244101,0.0,1.5708,1.01232,-0.0,-0.0,0.0
1736847130.244101,0.0,1.5708,1.01244,-0.0,-0.0,0.0
1736847130.2458177,0.0,1.5708,1.01256,-0.0,-0.0,0.0
1736847130.2470336,0.0,1.5708,1.01268,-0.0,-0.0,0.0
1736847130.2470336,0.0,1.5708,1.01282,-0.0,-0.0,0.0
1736847130.2488,0.0,1.5708,1.01296,-0.0,-0.0,0.0
1736847130.249808,0.0,1.5708,1.01308,-0.0,-0.0,0.0
1736847130.249808,0.0,1.5708,1.01321,-0.0,-0.0,0.0
1736847130.2511961,0.0,1.5708,1.01333,-0.0,-0.0,0.0
1736847130.2520964,0.0,1.5708,1.01345,-0.0,-0.0,0.0
1736847130.2520964,0.0,1.5708,1.01357,-0.0,-0.0,0.0
1736847130.253102,0.0,1.5708,1.01369,-0.0,-0.0,0.0
1736847130.2546117,0.0,1.5708,1.01383,-0.0,-0.0,0.0
1736847130.2547462,0.0,1.5708,1.01399,-0.0,-0.0,0.0
1736847130.2557478,0.0,1.5708,1.01412,-0.0,-0.0,0.0
1736847130.256747,0.0,1.5708,1.01425,-0.0,-0.0,0.0
1736847130.2577574,0.0,1.5708,1.01437,-0.0,-0.0,0.0
1736847130.2577574,0.0,1.5708,1.01448,-0.0,-0.0,0.0
1736847130.2587464,0.0,1.5708,1.01459,-0.0,-0.0,0.0
1736847130.2597475,0.0,1.5708,1.01472,-0.0,-0.0,0.0
1736847130.2610438,0.0,1.5708,1.01486,-0.0,-0.0,0.0
1736847130.2614963,0.0,1.5708,1.01502,-0.0,-0.0,0.0
1736847130.2625432,0.0,1.5708,1.01515,-0.0,-0.0,0.0
1736847130.2635539,0.0,1.5708,1.01528,-0.0,-0.0,0.0
1736847130.2645419,0.0,1.5708,1.0154,-0.0,-0.0,0.0
1736847130.2645419,0.0,1.5708,1.01552,-0.0,-0.0,0.0
1736847130.2655425,0.0,1.5708,1.01564,-0.0,-0.0,0.0
1736847130.2666366,0.0,1.5708,1.01576,-0.0,-0.0,0.0
1736847130.267641,0.0,1.5708,1.0159,-0.0,-0.0,0.0
1736847130.2682796,0.0,1.5708,1.01604,-0.0,-0.0,0.0
1736847130.2693563,0.0,1.5708,1.01618,-0.0,-0.0,0.0
1736847130.2702951,0.0,1.5708,1.01631,-0.0,-0.0,0.0
1736847130.2702951,0.0,1.5708,1.01643,-0.0,-0.0,0.0
1736847130.2713022,0.0,1.5708,1.01655,-0.0,-0.0,0.0
1736847130.2713022,0.0,1.5708,1.01667,-0.0,-0.0,0.0
1736847130.2713022,0.0,1.5708,1.01679,-0.0,-0.0,0.0
1736847130.2735987,0.0,1.5708,1.01691,-0.0,-0.0,0.0
1736847130.2747467,0.0,1.5708,1.01705,-0.0,-0.0,0.0
1736847130.2747467,0.0,1.5708,1.01719,-0.0,-0.0,0.0
1736847130.2747467,0.0,1.5708,1.01732,-0.0,-0.0,0.0
1736847130.277275,0.0,1.5708,1.01744,-0.0,-0.0,0.0
1736847130.278283,0.0,1.5708,1.01756,-0.0,-0.0,0.0
1736847130.278283,0.0,1.5708,1.01769,-0.0,-0.0,0.0
1736847130.2792802,0.0,1.5708,1.01781,-0.0,-0.0,0.0
1736847130.28029,0.0,1.5708,1.01793,-0.0,-0.0,0.0
1736847130.2812943,0.0,1.5708,1.01805,-0.0,-0.0,0.0
1736847130.2821789,0.0,1.5708,1.01819,-0.0,-0.0,0.0
1736847130.2831857,0.0,1.5708,1.01833,-0.0,-0.0,0.0
1736847130.2831857,0.0,1.5708,1.01848,-0.0,-0.0,0.0
1736847130.2831857,0.0,1.5708,1.0186,-0.0,-0.0,0.0
1736847130.2831857,0.0,1.5708,1.01873,-0.0,-0.0,0.0
1736847130.2831857,0.0,1.5708,1.01884,-0.0,-0.0,0.0
1736847130.2831857,0.0,1.5708,1.01896,-0.0,-0.0,0.0
1736847130.287468,0.0,1.5708,1.01908,-0.0,-0.0,0.0
1736847130.2888534,0.0,1.5708,1.01922,-0.0,-0.0,0.0
1736847130.2897472,0.0,1.5708,1.01938,-0.0,-0.0,0.0
1736847130.2905102,0.0,1.5708,1.01953,-0.0,-0.0,0.0
1736847130.2915256,0.0,1.5708,1.01964,-0.0,-0.0,0.0
1736847130.2915256,0.0,1.5708,1.01976,-0.0,-0.0,0.0
1736847130.2925217,0.0,1.5708,1.01988,-0.0,-0.0,0.0
1736847130.2937768,0.0,1.5708,1.02,-0.0,-0.0,0.0
1736847130.2938724,0.0,1.5708,1.02013,-0.0,-0.0,0.0
1736847130.2948754,0.0,1.5708,1.02024,-0.0,-0.0,0.0
1736847130.2960324,0.0,1.5708,1.02038,-0.0,-0.0,0.0
1736847130.297073,0.0,1.5708,1.02052,-0.0,-0.0,0.0
1736847130.297073,0.0,1.5708,1.02065,-0.0,-0.0,0.0
1736847130.2980723,0.0,1.5708,1.02078,-0.0,-0.0,0.0
1736847130.299582,0.0,1.5708,1.0209,-0.0,-0.0,0.0
1736847130.299582,0.0,1.5708,1.02103,-0.0,-0.0,0.0
1736847130.3005834,0.0,1.5708,1.02115,-0.0,-0.0,0.0
1736847130.3015845,0.0,1.5708,1.02127,-0.0,-0.0,0.0
1736847130.3026018,0.0,1.5708,1.02139,-0.0,-0.0,0.0
1736847130.3029387,0.0,1.5708,1.02154,-0.0,-0.0,0.0
1736847130.3042457,0.0,1.5708,1.02168,-0.0,-0.0,0.0
1736847130.3052516,0.0,1.5708,1.0218,-0.0,-0.0,0.0
1736847130.3052516,0.0,1.5708,1.02193,-0.0,-0.0,0.0
1736847130.3052516,0.0,1.5708,1.02204,-0.0,-0.0,0.0
1736847130.3052516,0.0,1.5708,1.02216,-0.0,-0.0,0.0
1736847130.3084078,0.0,1.5708,1.02227,-0.0,-0.0,0.0
1736847130.3084078,0.0,1.5708,1.02241,-0.0,-0.0,0.0
1736847130.3099842,0.0,1.5708,1.02255,-0.0,-0.0,0.0
1736847130.3108163,0.0,1.5708,1.02269,-0.0,-0.0,0.0
1736847130.3112512,0.0,1.5708,1.02282,-0.0,-0.0,0.0
1736847130.3122573,0.0,1.5708,1.02295,-0.0,-0.0,0.0
1736847130.3132567,0.0,1.5708,1.02306,-0.0,-0.0,0.0
1736847130.3132567,0.0,1.5708,1.02318,-0.0,-0.0,0.0
1736847130.314256,0.0,1.5708,1.0233,-0.0,-0.0,0.0
1736847130.3152518,0.0,1.5708,1.02342,-0.0,-0.0,0.0
1736847130.316271,0.0,1.5708,1.02355,-0.0,-0.0,0.0
1736847130.3171408,0.0,1.5708,1.0237,-0.0,-0.0,0.0
1736847130.3181784,0.0,1.5708,1.02383,-0.0,-0.0,0.0
1736847130.3181784,0.0,1.5708,1.02395,-0.0,-0.0,0.0
1736847130.3191776,0.0,1.5708,1.02408,-0.0,-0.0,0.0
1736847130.3201768,0.0,1.5708,1.0242,-0.0,-0.0,0.0
1736847130.3212721,0.0,1.5708,1.02431,-0.0,-0.0,0.0
1736847130.3213797,0.0,1.5708,1.02444,-0.0,-0.0,0.0
1736847130.3223808,0.0,1.5708,1.02458,-0.0,-0.0,0.0
1736847130.3237197,0.0,1.5708,1.02471,-0.0,-0.0,0.0
1736847130.3237197,0.0,1.5708,1.02485,-0.0,-0.0,0.0
1736847130.3247578,0.0,1.5708,1.02498,-0.0,-0.0,0.0
1736847130.3260882,0.0,1.5708,1.02511,-0.0,-0.0,0.0
1736847130.3270876,0.0,1.5708,1.02523,-0.0,-0.0,0.0
1736847130.3270876,0.0,1.5708,1.02535,-0.0,-0.0,0.0
1736847130.3280947,0.0,1.5708,1.02547,-0.0,-0.0,0.0
1736847130.3291416,0.0,1.5708,1.02559,-0.0,-0.0,0.0
1736847130.3301494,0.0,1.5708,1.02571,-0.0,-0.0,0.0
1736847130.3303406,0.0,1.5708,1.02586,-0.0,-0.0,0.0
1736847130.3321958,0.0,1.5708,1.02602,-0.0,-0.0,0.0
1736847130.3329437,0.0,1.5708,1.02617,-0.0,-0.0,0.0
1736847130.3337195,0.0,1.5708,1.02629,-0.0,-0.0,0.0
1736847130.3337195,0.0,1.5708,1.02641,-0.0,-0.0,0.0
1736847130.334725,0.0,1.5708,1.02653,-0.0,-0.0,0.0
1736847130.3357236,0.0,1.5708,1.02665,-0.0,-0.0,0.0
1736847130.3367248,0.0,1.5708,1.02678,-0.0,-0.0,0.0
1736847130.3378944,0.0,1.5708,1.02692,-0.0,-0.0,0.0
1736847130.3388958,0.0,1.5708,1.02708,-0.0,-0.0,0.0
1736847130.339896,0.0,1.5708,1.02723,-0.0,-0.0,0.0
1736847130.339896,0.0,1.5708,1.02736,-0.0,-0.0,0.0
1736847130.3408947,0.0,1.5708,1.02748,-0.0,-0.0,0.0
1736847130.3418944,0.0,1.5708,1.0276,-0.0,-0.0,0.0
1736847130.3428955,0.0,1.5708,1.02771,-0.0,-0.0,0.0
1736847130.34305,0.0,1.5708,1.02783,-0.0,-0.0,0.0
1736847130.344653,0.0,1.5708,1.02797,-0.0,-0.0,0.0
1736847130.3447092,0.0,1.5708,1.02812,-0.0,-0.0,0.0
1736847130.3457146,0.0,1.5708,1.02826,-0.0,-0.0,0.0
1736847130.3467135,0.0,1.5708,1.02838,-0.0,-0.0,0.0
1736847130.3477225,0.0,1.5708,1.0285,-0.0,-0.0,0.0
1736847130.3477225,0.0,1.5708,1.02861,-0.0,-0.0,0.0
1736847130.3488996,0.0,1.5708,1.02873,-0.0,-0.0,0.0
1736847130.3499758,0.0,1.5708,1.02887,-0.0,-0.0,0.0
1736847130.351345,0.0,1.5708,1.02904,-0.0,-0.0,0.0
1736847130.351345,0.0,1.5708,1.02922,-0.0,-0.0,0.0
1736847130.351345,0.0,1.5708,1.02937,-0.0,-0.0,0.0
1736847130.351345,0.0,1.5708,1.02948,-0.0,-0.0,0.0
1736847130.3548124,0.0,1.5708,1.0296,-0.0,-0.0,0.0
1736847130.3555646,0.0,1.5708,1.02972,-0.0,-0.0,0.0
1736847130.3563201,0.0,1.5708,1.02984,-0.0,-0.0,0.0
1736847130.3567889,0.0,1.5708,1.02996,-0.0,-0.0,0.0
1736847130.3577967,0.0,1.5708,1.03007,-0.0,-0.0,0.0
1736847130.3581388,0.0,1.5708,1.03024,-0.0,-0.0,0.0
1736847130.3581388,0.0,1.5708,1.03047,-0.0,-0.0,0.0
1736847130.3581388,0.0,1.5708,1.03068,-0.0,-0.0,0.0
1736847130.3581388,0.0,1.5708,1.03085,-0.0,-0.0,0.0
1736847130.363974,0.0,1.5708,1.031,-0.0,-0.0,0.0
1736847130.3649898,0.0,1.5708,1.03117,-0.0,-0.0,0.0
1736847130.3659832,0.0,1.5708,1.03133,-0.0,-0.0,0.0
1736847130.3669932,0.0,1.5708,1.03153,-0.0,-0.0,0.0
1736847130.3679833,0.0,1.5708,1.03166,-0.0,-0.0,0.0
1736847130.3689835,0.0,1.5708,1.03182,-0.0,-0.0,0.0
1736847130.3699834,0.0,1.5708,1.03197,-0.0,-0.0,0.0
1736847130.3709824,0.0,1.5708,1.03212,-0.0,-0.0,0.0
1736847130.371213,0.0,1.5708,1.03228,-0.0,-0.0,0.0
1736847130.3722153,0.0,1.5708,1.03244,-0.0,-0.0,0.0
1736847130.3732152,0.0,1.5708,1.03259,-0.0,-0.0,0.0
1736847130.3742144,0.0,1.5708,1.03274,-0.0,-0.0,0.0
1736847130.3752146,0.0,1.5708,1.03289,-0.0,-0.0,0.0
1736847130.3762152,0.0,1.5708,1.03303,-0.0,-0.0,0.0
1736847130.3778677,0.0,1.5708,1.03318,-0.0,-0.0,0.0
1736847130.3780372,0.0,1.5708,1.03335,-0.0,-0.0,0.0
1736847130.379045,0.0,1.5708,1.03352,-0.0,-0.0,0.0
1736847130.380046,0.0,1.5708,1.03367,-0.0,-0.0,0.0
1736847130.3820539,0.0,1.5708,1.03383,-0.0,-0.0,0.0
1736847130.3830545,0.0,1.5708,1.03404,-0.0,-0.0,0.0
1736847130.384044,0.0,1.5708,1.03423,-0.0,-0.0,0.0
1736847130.3850834,0.0,1.5708,1.0344,-0.0,-0.0,0.0
1736847130.386088,0.0,1.5708,1.03456,-0.0,-0.0,0.0
1736847130.3870876,0.0,1.5708,1.0347,-0.0,-0.0,0.0
1736847130.3880773,0.0,1.5708,1.03482,-0.0,-0.0,0.0
1736847130.3893197,0.0,1.5708,1.03498,-0.0,-0.0,0.0
1736847130.3897853,0.0,1.5708,1.03515,-0.0,-0.0,0.0
1736847130.3897853,0.0,1.5708,1.03531,-0.0,-0.0,0.0
1736847130.3897853,0.0,1.5708,1.0355,-0.0,-0.0,0.0
1736847130.3936205,0.0,1.5708,1.03568,-0.0,-0.0,0.0
1736847130.394741,0.0,1.5708,1.03586,-0.0,-0.0,0.0
1736847130.395738,0.0,1.5708,1.03602,-0.0,-0.0,0.0
1736847130.396327,0.0,1.5708,1.03619,-0.0,-0.0,0.0
1736847130.396327,0.0,1.5708,1.03635,-0.0,-0.0,0.0
1736847130.3985908,0.0,1.5708,1.03651,-0.0,-0.0,0.0
1736847130.3996027,0.0,1.5708,1.03664,-0.0,-0.0,0.0
1736847130.3999293,0.0,1.5708,1.03678,-0.0,-0.0,0.0
1736847130.4013495,0.0,1.5708,1.03691,-0.0,-0.0,0.0
1736847130.4021585,0.0,1.5708,1.03704,-0.0,-0.0,0.0
1736847130.4021585,0.0,1.5708,1.03716,-0.0,-0.0,0.0
1736847130.4031718,0.0,1.5708,1.03728,-0.0,-0.0,0.0
1736847130.40417,0.0,1.5708,1.0374,-0.0,-0.0,0.0
1736847130.4051816,0.0,1.5708,1.03751,-0.0,-0.0,0.0
1736847130.4051816,0.0,1.5708,1.03763,-0.0,-0.0,0.0
1736847130.4061706,0.0,1.5708,1.03776,-0.0,-0.0,0.0
1736847130.4790971,0.0,1.5708,1.04897,-0.0,-0.0,0.0
1736847130.4790971,0.0,1.5708,1.04934,-0.0,-0.0,0.0
1736847130.4790971,0.0,1.5708,1.04958,-0.0,-0.0,0.0
1736847130.4790971,0.0,1.5708,1.04976,-0.0,-0.0,0.0
1736847130.484231,0.0,1.5708,1.04992,-0.0,-0.0,0.0
1736847130.4849238,0.0,1.5708,1.05007,-0.0,-0.0,0.0
1736847130.4857018,0.0,1.5708,1.0502,-0.0,-0.0,0.0
1736847130.4868288,0.0,1.5708,1.05034,-0.0,-0.0,0.0
1736847130.487802,0.0,1.5708,1.05047,-0.0,-0.0,0.0
1736847130.487802,0.0,1.5708,1.05059,-0.0,-0.0,0.0
1736847130.4889007,0.0,1.5708,1.05071,-0.0,-0.0,0.0
1736847130.489959,0.0,1.5708,1.05084,-0.0,-0.0,0.0
1736847130.489959,0.0,1.5708,1.051,-0.0,-0.0,0.0
1736847130.489959,0.0,1.5708,1.05113,-0.0,-0.0,0.0
1736847130.489959,0.0,1.5708,1.05125,-0.0,-0.0,0.0
1736847130.489959,0.0,1.5708,1.05137,-0.0,-0.0,0.0
1736847130.4939687,0.0,1.5708,1.05149,-0.0,-0.0,0.0
1736847130.4949763,0.0,1.5708,1.05161,-0.0,-0.0,0.0
1736847130.4949763,0.0,1.5708,1.05173,-0.0,-0.0,0.0
1736847130.4959745,0.0,1.5708,1.05186,-0.0,-0.0,0.0
1736847130.4973245,0.0,1.5708,1.052,-0.0,-0.0,0.0
1736847130.498364,0.0,1.5708,1.05214,-0.0,-0.0,0.0
1736847130.49876,0.0,1.5708,1.05228,-0.0,-0.0,0.0
1736847130.49876,0.0,1.5708,1.05241,-0.0,-0.0,0.0
1736847130.49876,0.0,1.5708,1.05253,-0.0,-0.0,0.0
1736847130.49876,0.0,1.5708,1.05265,-0.0,-0.0,0.0
1736847130.49876,0.0,1.5708,1.05277,-0.0,-0.0,0.0
1736847130.5027328,0.0,1.5708,1.05289,-0.0,-0.0,0.0
1736847130.503939,0.0,1.5708,1.05302,-0.0,-0.0,0.0
1736847130.5048985,0.0,1.5708,1.05318,-0.0,-0.0,0.0
1736847130.505913,0.0,1.5708,1.05334,-0.0,-0.0,0.0
1736847130.505913,0.0,1.5708,1.05346,-0.0,-0.0,0.0
1736847130.5069249,0.0,1.5708,1.05358,-0.0,-0.0,0.0
1736847130.5079226,0.0,1.5708,1.0537,-0.0,-0.0,0.0
1736847130.508932,0.0,1.5708,1.05382,-0.0,-0.0,0.0
1736847130.5096831,0.0,1.5708,1.05393,-0.0,-0.0,0.0
1736847130.5106897,0.0,1.5708,1.05407,-0.0,-0.0,0.0
1736847130.511006,0.0,1.5708,1.05422,-0.0,-0.0,0.0
1736847130.511006,0.0,1.5708,1.05436,-0.0,-0.0,0.0
1736847130.511006,0.0,1.5708,1.05449,-0.0,-0.0,0.0
1736847130.511006,0.0,1.5708,1.05461,-0.0,-0.0,0.0
1736847130.5146825,0.0,1.5708,1.05474,-0.0,-0.0,0.0
1736847130.5156877,0.0,1.5708,1.05486,-0.0,-0.0,0.0
1736847130.5156877,0.0,1.5708,1.05498,-0.0,-0.0,0.0
1736847130.5166874,0.0,1.5708,1.0551,-0.0,-0.0,0.0
1736847130.5176868,0.0,1.5708,1.05523,-0.0,-0.0,0.0
1736847130.5183272,0.0,1.5708,1.05536,-0.0,-0.0,0.0
1736847130.5193324,0.0,1.5708,1.05549,-0.0,-0.0,0.0
1736847130.5205595,0.0,1.5708,1.05561,-0.0,-0.0,0.0
1736847130.5205595,0.0,1.5708,1.05574,-0.0,-0.0,0.0
1736847130.5221577,0.0,1.5708,1.05586,-0.0,-0.0,0.0
1736847130.5221577,0.0,1.5708,1.05598,-0.0,-0.0,0.0
1736847130.5231626,0.0,1.5708,1.0561,-0.0,-0.0,0.0
1736847130.524163,0.0,1.5708,1.05623,-0.0,-0.0,0.0
1736847130.5252097,0.0,1.5708,1.05636,-0.0,-0.0,0.0
1736847130.526259,0.0,1.5708,1.05651,-0.0,-0.0,0.0
1736847130.526259,0.0,1.5708,1.05666,-0.0,-0.0,0.0
1736847130.526259,0.0,1.5708,1.05679,-0.0,-0.0,0.0
1736847130.526259,0.0,1.5708,1.05691,-0.0,-0.0,0.0
1736847130.526259,0.0,1.5708,1.05703,-0.0,-0.0,0.0
1736847130.5299516,0.0,1.5708,1.05715,-0.0,-0.0,0.0
1736847130.5309598,0.0,1.5708,1.05727,-0.0,-0.0,0.0
1736847130.5317194,0.0,1.5708,1.0574,-0.0,-0.0,0.0
1736847130.5322628,0.0,1.5708,1.05757,-0.0,-0.0,0.0
1736847130.5332725,0.0,1.5708,1.05773,-0.0,-0.0,0.0
1736847130.534268,0.0,1.5708,1.05786,-0.0,-0.0,0.0
1736847130.5356343,0.0,1.5708,1.05798,-0.0,-0.0,0.0
1736847130.5357382,0.0,1.5708,1.05811,-0.0,-0.0,0.0
1736847130.5367393,0.0,1.5708,1.05824,-0.0,-0.0,0.0
1736847130.53774,0.0,1.5708,1.05837,-0.0,-0.0,0.0
1736847130.5387285,0.0,1.5708,1.05849,-0.0,-0.0,0.0
1736847130.5396237,0.0,1.5708,1.05864,-0.0,-0.0,0.0
1736847130.5401554,0.0,1.5708,1.0588,-0.0,-0.0,0.0
1736847130.5415142,0.0,1.5708,1.05892,-0.0,-0.0,0.0
1736847130.5421808,0.0,1.5708,1.05904,-0.0,-0.0,0.0
1736847130.5430276,0.0,1.5708,1.05916,-0.0,-0.0,0.0
1736847130.5430276,0.0,1.5708,1.05928,-0.0,-0.0,0.0
1736847130.5440414,0.0,1.5708,1.05939,-0.0,-0.0,0.0
1736847130.5450456,0.0,1.5708,1.05952,-0.0,-0.0,0.0
1736847130.5459974,0.0,1.5708,1.05965,-0.0,-0.0,0.0
1736847130.5470617,0.0,1.5708,1.05979,-0.0,-0.0,0.0
1736847130.5479722,0.0,1.5708,1.05993,-0.0,-0.0,0.0
1736847130.5479722,0.0,1.5708,1.06006,-0.0,-0.0,0.0
1736847130.5489779,0.0,1.5708,1.06019,-0.0,-0.0,0.0
1736847130.5499775,0.0,1.5708,1.06031,-0.0,-0.0,0.0
1736847130.550989,0.0,1.5708,1.06043,-0.0,-0.0,0.0
1736847130.5519786,0.0,1.5708,1.06054,-0.0,-0.0,0.0
1736847130.552577,0.0,1.5708,1.06068,-0.0,-0.0,0.0
1736847130.5535996,0.0,1.5708,1.06083,-0.0,-0.0,0.0
1736847130.5546017,0.0,1.5708,1.06097,-0.0,-0.0,0.0
1736847130.5546017,0.0,1.5708,1.06109,-0.0,-0.0,0.0
1736847130.555601,0.0,1.5708,1.06121,-0.0,-0.0,0.0
1736847130.5566003,0.0,1.5708,1.06132,-0.0,-0.0,0.0
1736847130.5576186,0.0,1.5708,1.06144,-0.0,-0.0,0.0
1736847130.5581305,0.0,1.5708,1.06156,-0.0,-0.0,0.0
1736847130.5591402,0.0,1.5708,1.0617,-0.0,-0.0,0.0
1736847130.5596132,0.0,1.5708,1.06184,-0.0,-0.0,0.0
1736847130.5596132,0.0,1.5708,1.06199,-0.0,-0.0,0.0
1736847130.5596132,0.0,1.5708,1.06211,-0.0,-0.0,0.0
1736847130.5596132,0.0,1.5708,1.06223,-0.0,-0.0,0.0
1736847130.5633166,0.0,1.5708,1.06235,-0.0,-0.0,0.0
1736847130.5641978,0.0,1.5708,1.06247,-0.0,-0.0,0.0
1736847130.5641978,0.0,1.5708,1.0626,-0.0,-0.0,0.0
1736847130.5652056,0.0,1.5708,1.06273,-0.0,-0.0,0.0
1736847130.566769,0.0,1.5708,1.06287,-0.0,-0.0,0.0
1736847130.566769,0.0,1.5708,1.06302,-0.0,-0.0,0.0
1736847130.5679731,0.0,1.5708,1.06314,-0.0,-0.0,0.0
1736847130.5679731,0.0,1.5708,1.06328,-0.0,-0.0,0.0
1736847130.5679731,0.0,1.5708,1.06341,-0.0,-0.0,0.0
1736847130.5679731,0.0,1.5708,1.06355,-0.0,-0.0,0.0
1736847130.5679731,0.0,1.5708,1.06368,-0.0,-0.0,0.0
1736847130.572176,0.0,1.5708,1.0638,-0.0,-0.0,0.0
1736847130.573429,0.0,1.5708,1.06393,-0.0,-0.0,0.0
1736847130.5738962,0.0,1.5708,1.06411,-0.0,-0.0,0.0
1736847130.5749023,0.0,1.5708,1.06425,-0.0,-0.0,0.0
1736847130.5759003,0.0,1.5708,1.06437,-0.0,-0.0,0.0
1736847130.5769105,0.0,1.5708,1.06449,-0.0,-0.0,0.0
1736847130.5769105,0.0,1.5708,1.06461,-0.0,-0.0,0.0
1736847130.5779002,0.0,1.5708,1.06473,-0.0,-0.0,0.0
1736847130.5791261,0.0,1.5708,1.06485,-0.0,-0.0,0.0
1736847130.5801318,0.0,1.5708,1.06498,-0.0,-0.0,0.0
1736847130.581135,0.0,1.5708,1.06513,-0.0,-0.0,0.0
1736847130.5818489,0.0,1.5708,1.06526,-0.0,-0.0,0.0
1736847130.582642,0.0,1.5708,1.06539,-0.0,-0.0,0.0
1736847130.5834312,0.0,1.5708,1.06551,-0.0,-0.0,0.0
1736847130.5840943,0.0,1.5708,1.06563,-0.0,-0.0,0.0
1736847130.5850997,0.0,1.5708,1.06576,-0.0,-0.0,0.0
1736847130.5850997,0.0,1.5708,1.06589,-0.0,-0.0,0.0
1736847130.5860865,0.0,1.5708,1.06602,-0.0,-0.0,0.0
1736847130.5873554,0.0,1.5708,1.06616,-0.0,-0.0,0.0
1736847130.5873554,0.0,1.5708,1.0663,-0.0,-0.0,0.0
1736847130.5891707,0.0,1.5708,1.06644,-0.0,-0.0,0.0
1736847130.5901775,0.0,1.5708,1.06656,-0.0,-0.0,0.0
1736847130.5911748,0.0,1.5708,1.0667,-0.0,-0.0,0.0
1736847130.5921748,0.0,1.5708,1.06686,-0.0,-0.0,0.0
1736847130.5921748,0.0,1.5708,1.06698,-0.0,-0.0,0.0
1736847130.593176,0.0,1.5708,1.06712,-0.0,-0.0,0.0
1736847130.5946999,0.0,1.5708,1.06726,-0.0,-0.0,0.0
1736847130.5946999,0.0,1.5708,1.0674,-0.0,-0.0,0.0
1736847130.5957065,0.0,1.5708,1.06754,-0.0,-0.0,0.0
1736847130.5967045,0.0,1.5708,1.06767,-0.0,-0.0,0.0
1736847130.5977035,0.0,1.5708,1.06779,-0.0,-0.0,0.0
1736847130.5987048,0.0,1.5708,1.06791,-0.0,-0.0,0.0
1736847130.5987048,0.0,1.5708,1.06803,-0.0,-0.0,0.0
1736847130.600012,0.0,1.5708,1.06815,-0.0,-0.0,0.0
1736847130.6010232,0.0,1.5708,1.06829,-0.0,-0.0,0.0
1736847130.602038,0.0,1.5708,1.06842,-0.0,-0.0,0.0
1736847130.6028233,0.0,1.5708,1.06856,-0.0,-0.0,0.0
1736847130.6036317,0.0,1.5708,1.06869,-0.0,-0.0,0.0
1736847130.6044908,0.0,1.5708,1.06881,-0.0,-0.0,0.0
1736847130.6050637,0.0,1.5708,1.06893,-0.0,-0.0,0.0
1736847130.606098,0.0,1.5708,1.06907,-0.0,-0.0,0.0
1736847130.606098,0.0,1.5708,1.06919,-0.0,-0.0,0.0
1736847130.6070702,0.0,1.5708,1.06932,-0.0,-0.0,0.0
1736847130.6084392,0.0,1.5708,1.06946,-0.0,-0.0,0.0
1736847130.6084392,0.0,1.5708,1.06959,-0.0,-0.0,0.0
1736847130.6101348,0.0,1.5708,1.06973,-0.0,-0.0,0.0
1736847130.611147,0.0,1.5708,1.06985,-0.0,-0.0,0.0
1736847130.611147,0.0,1.5708,1.06997,-0.0,-0.0,0.0
1736847130.6121414,0.0,1.5708,1.07009,-0.0,-0.0,0.0
1736847130.6131396,0.0,1.5708,1.07021,-0.0,-0.0,0.0
1736847130.6141398,0.0,1.5708,1.07033,-0.0,-0.0,0.0
1736847130.6141398,0.0,1.5708,1.07045,-0.0,-0.0,0.0
1736847130.6156545,0.0,1.5708,1.0706,-0.0,-0.0,0.0
1736847130.6166737,0.0,1.5708,1.07074,-0.0,-0.0,0.0
1736847130.6176593,0.0,1.5708,1.07086,-0.0,-0.0,0.0
1736847130.6176593,0.0,1.5708,1.07099,-0.0,-0.0,0.0
1736847130.618659,0.0,1.5708,1.07111,-0.0,-0.0,0.0
1736847130.6196694,0.0,1.5708,1.07123,-0.0,-0.0,0.0
1736847130.6206608,0.0,1.5708,1.07134,-0.0,-0.0,0.0
1736847130.6208162,0.0,1.5708,1.07147,-0.0,-0.0,0.0
1736847130.6222851,0.0,1.5708,1.07161,-0.0,-0.0,0.0
1736847130.6232522,0.0,1.5708,1.07177,-0.0,-0.0,0.0
1736847130.6241286,0.0,1.5708,1.07191,-0.0,-0.0,0.0
1736847130.6249485,0.0,1.5708,1.07204,-0.0,-0.0,0.0
1736847130.6254897,0.0,1.5708,1.07216,-0.0,-0.0,0.0
1736847130.6254897,0.0,1.5708,1.07228,-0.0,-0.0,0.0
1736847130.6271448,0.0,1.5708,1.0724,-0.0,-0.0,0.0
1736847130.628146,0.0,1.5708,1.07252,-0.0,-0.0,0.0
1736847130.6290116,0.0,1.5708,1.07266,-0.0,-0.0,0.0
1736847130.6293778,0.0,1.5708,1.07282,-0.0,-0.0,0.0
1736847130.6304233,0.0,1.5708,1.07295,-0.0,-0.0,0.0
1736847130.6314223,0.0,1.5708,1.07308,-0.0,-0.0,0.0
1736847130.6325166,0.0,1.5708,1.0732,-0.0,-0.0,0.0
1736847130.6326044,0.0,1.5708,1.07333,-0.0,-0.0,0.0
1736847130.633606,0.0,1.5708,1.07345,-0.0,-0.0,0.0
1736847130.634606,0.0,1.5708,1.07357,-0.0,-0.0,0.0
1736847130.635606,0.0,1.5708,1.07369,-0.0,-0.0,0.0
1736847130.6362762,0.0,1.5708,1.07383,-0.0,-0.0,0.0
1736847130.637147,0.0,1.5708,1.07397,-0.0,-0.0,0.0
1736847130.6382215,0.0,1.5708,1.0741,-0.0,-0.0,0.0
1736847130.6382215,0.0,1.5708,1.07424,-0.0,-0.0,0.0
1736847130.6382215,0.0,1.5708,1.07436,-0.0,-0.0,0.0
1736847130.6382215,0.0,1.5708,1.07448,-0.0,-0.0,0.0
1736847130.6382215,0.0,1.5708,1.0746,-0.0,-0.0,0.0
1736847130.6416433,0.0,1.5708,1.07472,-0.0,-0.0,0.0
1736847130.6428552,0.0,1.5708,1.07486,-0.0,-0.0,0.0
1736847130.6439092,0.0,1.5708,1.07501,-0.0,-0.0,0.0
1736847130.6447651,0.0,1.5708,1.07515,-0.0,-0.0,0.0
1736847130.6451485,0.0,1.5708,1.07527,-0.0,-0.0,0.0
1736847130.6461535,0.0,1.5708,1.07539,-0.0,-0.0,0.0
1736847130.6471648,0.0,1.5708,1.07552,-0.0,-0.0,0.0
1736847130.6471648,0.0,1.5708,1.07565,-0.0,-0.0,0.0
1736847130.6485586,0.0,1.5708,1.07577,-0.0,-0.0,0.0
1736847130.6495595,0.0,1.5708,1.0759,-0.0,-0.0,0.0
1736847130.650389,0.0,1.5708,1.07605,-0.0,-0.0,0.0
1736847130.6514332,0.0,1.5708,1.07618,-0.0,-0.0,0.0
1736847130.6514332,0.0,1.5708,1.07631,-0.0,-0.0,0.0
1736847130.6524332,0.0,1.5708,1.07644,-0.0,-0.0,0.0
1736847130.6534326,0.0,1.5708,1.07656,-0.0,-0.0,0.0
1736847130.6546469,0.0,1.5708,1.07668,-0.0,-0.0,0.0
1736847130.654753,0.0,1.5708,1.0768,-0.0,-0.0,0.0
1736847130.655754,0.0,1.5708,1.07693,-0.0,-0.0,0.0
1736847130.6570852,0.0,1.5708,1.07706,-0.0,-0.0,0.0
1736847130.6570852,0.0,1.5708,1.07721,-0.0,-0.0,0.0
1736847130.658123,0.0,1.5708,1.07733,-0.0,-0.0,0.0
1736847130.659372,0.0,1.5708,1.07745,-0.0,-0.0,0.0
1736847130.6595685,0.0,1.5708,1.07757,-0.0,-0.0,0.0
1736847130.6595685,0.0,1.5708,1.07769,-0.0,-0.0,0.0
1736847130.6595685,0.0,1.5708,1.07781,-0.0,-0.0,0.0
1736847130.6625066,0.0,1.5708,1.07793,-0.0,-0.0,0.0
1736847130.6625066,0.0,1.5708,1.07806,-0.0,-0.0,0.0
1736847130.6636682,0.0,1.5708,1.07819,-0.0,-0.0,0.0
1736847130.6636682,0.0,1.5708,1.07832,-0.0,-0.0,0.0
1736847130.6658285,0.0,1.5708,1.07846,-0.0,-0.0,0.0
1736847130.6666045,0.0,1.5708,1.07858,-0.0,-0.0,0.0
1736847130.6674619,0.0,1.5708,1.0787,-0.0,-0.0,0.0
1736847130.6674619,0.0,1.5708,1.07882,-0.0,-0.0,0.0
1736847130.6684759,0.0,1.5708,1.07894,-0.0,-0.0,0.0
1736847130.669475,0.0,1.5708,1.07906,-0.0,-0.0,0.0
1736847130.6704795,0.0,1.5708,1.07919,-0.0,-0.0,0.0
1736847130.6714065,0.0,1.5708,1.07935,-0.0,-0.0,0.0
1736847130.6724083,0.0,1.5708,1.0795,-0.0,-0.0,0.0
1736847130.6724083,0.0,1.5708,1.07962,-0.0,-0.0,0.0
1736847130.6734073,0.0,1.5708,1.07974,-0.0,-0.0,0.0
1736847130.6744077,0.0,1.5708,1.07986,-0.0,-0.0,0.0
1736847130.675419,0.0,1.5708,1.07998,-0.0,-0.0,0.0
1736847130.6764085,0.0,1.5708,1.08009,-0.0,-0.0,0.0
1736847130.6764085,0.0,1.5708,1.08023,-0.0,-0.0,0.0
1736847130.6781182,0.0,1.5708,1.08038,-0.0,-0.0,0.0
1736847130.6781182,0.0,1.5708,1.08052,-0.0,-0.0,0.0
1736847130.6791599,0.0,1.5708,1.08064,-0.0,-0.0,0.0
1736847130.6801593,0.0,1.5708,1.08077,-0.0,-0.0,0.0
1736847130.6811593,0.0,1.5708,1.08089,-0.0,-0.0,0.0
1736847130.6821592,0.0,1.5708,1.081,-0.0,-0.0,0.0
1736847130.6821592,0.0,1.5708,1.08112,-0.0,-0.0,0.0
1736847130.6833034,0.0,1.5708,1.08124,-0.0,-0.0,0.0
1736847130.6843126,0.0,1.5708,1.08137,-0.0,-0.0,0.0
1736847130.685098,0.0,1.5708,1.08151,-0.0,-0.0,0.0
1736847130.68611,0.0,1.5708,1.08164,-0.0,-0.0,0.0
1736847130.6869094,0.0,1.5708,1.08177,-0.0,-0.0,0.0
1736847130.6877458,0.0,1.5708,1.08188,-0.0,-0.0,0.0
1736847130.6877458,0.0,1.5708,1.082,-0.0,-0.0,0.0
1736847130.6888208,0.0,1.5708,1.08212,-0.0,-0.0,0.0
1736847130.6900225,0.0,1.5708,1.08224,-0.0,-0.0,0.0
1736847130.6901512,0.0,1.5708,1.08237,-0.0,-0.0,0.0
1736847130.6917806,0.0,1.5708,1.08251,-0.0,-0.0,0.0
1736847130.6917806,0.0,1.5708,1.08264,-0.0,-0.0,0.0
1736847130.6928246,0.0,1.5708,1.08277,-0.0,-0.0,0.0
1736847130.6938355,0.0,1.5708,1.08288,-0.0,-0.0,0.0
1736847130.6947253,0.0,1.5708,1.083,-0.0,-0.0,0.0
1736847130.6947253,0.0,1.5708,1.08312,-0.0,-0.0,0.0
1736847130.6957297,0.0,1.5708,1.08325,-0.0,-0.0,0.0
1736847130.697242,0.0,1.5708,1.08337,-0.0,-0.0,0.0
1736847130.697242,0.0,1.5708,1.0835,-0.0,-0.0,0.0
1736847130.6985204,0.0,1.5708,1.08364,-0.0,-0.0,0.0
1736847130.6985204,0.0,1.5708,1.08377,-0.0,-0.0,0.0
1736847130.700331,0.0,1.5708,1.0839,-0.0,-0.0,0.0
1736847130.7013452,0.0,1.5708,1.08402,-0.0,-0.0,0.0
1736847130.7013452,0.0,1.5708,1.08414,-0.0,-0.0,0.0
1736847130.7023377,0.0,1.5708,1.08426,-0.0,-0.0,0.0
1736847130.7033362,0.0,1.5708,1.08438,-0.0,-0.0,0.0
1736847130.7043388,0.0,1.5708,1.0845,-0.0,-0.0,0.0
1736847130.7043388,0.0,1.5708,1.08461,-0.0,-0.0,0.0
1736847130.705338,0.0,1.5708,1.08478,-0.0,-0.0,0.0
1736847130.7069926,0.0,1.5708,1.08492,-0.0,-0.0,0.0
1736847130.70783,0.0,1.5708,1.08506,-0.0,-0.0,0.0
1736847130.7086933,0.0,1.5708,1.08518,-0.0,-0.0,0.0
1736847130.7086933,0.0,1.5708,1.0853,-0.0,-0.0,0.0
1736847130.7097065,0.0,1.5708,1.08542,-0.0,-0.0,0.0
1736847130.7107043,0.0,1.5708,1.08553,-0.0,-0.0,0.0
1736847130.7117083,0.0,1.5708,1.08565,-0.0,-0.0,0.0
1736847130.7128148,0.0,1.5708,1.08579,-0.0,-0.0,0.0
1736847130.7128148,0.0,1.5708,1.08595,-0.0,-0.0,0.0
1736847130.7138155,0.0,1.5708,1.08609,-0.0,-0.0,0.0
1736847130.7148166,0.0,1.5708,1.08621,-0.0,-0.0,0.0
1736847130.7158282,0.0,1.5708,1.08633,-0.0,-0.0,0.0
1736847130.716815,0.0,1.5708,1.08644,-0.0,-0.0,0.0
1736847130.716815,0.0,1.5708,1.08656,-0.0,-0.0,0.0
1736847130.7180085,0.0,1.5708,1.08667,-0.0,-0.0,0.0
1736847130.7190135,0.0,1.5708,1.08681,-0.0,-0.0,0.0
1736847130.719704,0.0,1.5708,1.08696,-0.0,-0.0,0.0
1736847130.720762,0.0,1.5708,1.08709,-0.0,-0.0,0.0
1736847130.721748,0.0,1.5708,1.08721,-0.0,-0.0,0.0
1736847130.721748,0.0,1.5708,1.08734,-0.0,-0.0,0.0
1736847130.7227485,0.0,1.5708,1.08745,-0.0,-0.0,0.0
1736847130.7240202,0.0,1.5708,1.08756,-0.0,-0.0,0.0
1736847130.7240202,0.0,1.5708,1.0877,-0.0,-0.0,0.0
1736847130.7250223,0.0,1.5708,1.08782,-0.0,-0.0,0.0
1736847130.7264326,0.0,1.5708,1.08795,-0.0,-0.0,0.0
1736847130.7271147,0.0,1.5708,1.08809,-0.0,-0.0,0.0
1736847130.7279248,0.0,1.5708,1.08822,-0.0,-0.0,0.0
1736847130.7286606,0.0,1.5708,1.08833,-0.0,-0.0,0.0
1736847130.7286606,0.0,1.5708,1.08845,-0.0,-0.0,0.0
1736847130.7296677,0.0,1.5708,1.08857,-0.0,-0.0,0.0
1736847130.7296677,0.0,1.5708,1.08869,-0.0,-0.0,0.0
1736847130.7296677,0.0,1.5708,1.08881,-0.0,-0.0,0.0
1736847130.7319415,0.0,1.5708,1.08893,-0.0,-0.0,0.0
1736847130.7331486,0.0,1.5708,1.08907,-0.0,-0.0,0.0
1736847130.7340727,0.0,1.5708,1.08921,-0.0,-0.0,0.0
1736847130.7350795,0.0,1.5708,1.08934,-0.0,-0.0,0.0
1736847130.7350795,0.0,1.5708,1.08946,-0.0,-0.0,0.0
1736847130.7360778,0.0,1.5708,1.08958,-0.0,-0.0,0.0
1736847130.737077,0.0,1.5708,1.0897,-0.0,-0.0,0.0
1736847130.7380874,0.0,1.5708,1.08983,-0.0,-0.0,0.0
1736847130.739079,0.0,1.5708,1.08996,-0.0,-0.0,0.0
1736847130.7400792,0.0,1.5708,1.09009,-0.0,-0.0,0.0
1736847130.74058,0.0,1.5708,1.09026,-0.0,-0.0,0.0
1736847130.7416313,0.0,1.5708,1.0904,-0.0,-0.0,0.0
1736847130.74264,0.0,1.5708,1.09054,-0.0,-0.0,0.0
1736847130.7436314,0.0,1.5708,1.09068,-0.0,-0.0,0.0
1736847130.744816,0.0,1.5708,1.09086,-0.0,-0.0,0.0
1736847130.745329,0.0,1.5708,1.091,-0.0,-0.0,0.0
1736847130.7465417,0.0,1.5708,1.09114,-0.0,-0.0,0.0
1736847130.7465417,0.0,1.5708,1.09127,-0.0,-0.0,0.0
1736847130.7480614,0.0,1.5708,1.09141,-0.0,-0.0,0.0
1736847130.7488465,0.0,1.5708,1.09153,-0.0,-0.0,0.0
1736847130.7498133,0.0,1.5708,1.09165,-0.0,-0.0,0.0
1736847130.7508209,0.0,1.5708,1.09179,-0.0,-0.0,0.0
1736847130.751679,0.0,1.5708,1.09192,-0.0,-0.0,0.0
1736847130.7525496,0.0,1.5708,1.09205,-0.0,-0.0,0.0
1736847130.7525496,0.0,1.5708,1.09218,-0.0,-0.0,0.0
1736847130.7540457,0.0,1.5708,1.09232,-0.0,-0.0,0.0
1736847130.7550073,0.0,1.5708,1.09247,-0.0,-0.0,0.0
1736847130.7560203,0.0,1.5708,1.09264,-0.0,-0.0,0.0
1736847130.7570286,0.0,1.5708,1.09278,-0.0,-0.0,0.0
1736847130.7580085,0.0,1.5708,1.0929,-0.0,-0.0,0.0
1736847130.7580085,0.0,1.5708,1.09304,-0.0,-0.0,0.0
1736847130.7590103,0.0,1.5708,1.09317,-0.0,-0.0,0.0
1736847130.7600098,0.0,1.5708,1.09331,-0.0,-0.0,0.0
1736847130.7613547,0.0,1.5708,1.09345,-0.0,-0.0,0.0
1736847130.7623575,0.0,1.5708,1.09359,-0.0,-0.0,0.0
1736847130.7623575,0.0,1.5708,1.09372,-0.0,-0.0,0.0
1736847130.7637956,0.0,1.5708,1.09385,-0.0,-0.0,0.0
1736847130.7637956,0.0,1.5708,1.09397,-0.0,-0.0,0.0
1736847130.7647953,0.0,1.5708,1.09409,-0.0,-0.0,0.0
1736847130.7657943,0.0,1.5708,1.09421,-0.0,-0.0,0.0
1736847130.7667952,0.0,1.5708,1.09433,-0.0,-0.0,0.0
1736847130.767782,0.0,1.5708,1.09447,-0.0,-0.0,0.0
1736847130.768162,0.0,1.5708,1.09462,-0.0,-0.0,0.0
1736847130.7698176,0.0,1.5708,1.09477,-0.0,-0.0,0.0
1736847130.7708232,0.0,1.5708,1.09491,-0.0,-0.0,0.0
1736847130.7715533,0.0,1.5708,1.09504,-0.0,-0.0,0.0
1736847130.7715533,0.0,1.5708,1.09517,-0.0,-0.0,0.0
1736847130.7725646,0.0,1.5708,1.09529,-0.0,-0.0,0.0
1736847130.7735639,0.0,1.5708,1.0954,-0.0,-0.0,0.0
1736847130.7745645,0.0,1.5708,1.09553,-0.0,-0.0,0.0
1736847130.7753313,0.0,1.5708,1.09568,-0.0,-0.0,0.0
1736847130.7763507,0.0,1.5708,1.09582,-0.0,-0.0,0.0
1736847130.7763507,0.0,1.5708,1.09594,-0.0,-0.0,0.0
1736847130.7773368,0.0,1.5708,1.09606,-0.0,-0.0,0.0
1736847130.7783358,0.0,1.5708,1.09618,-0.0,-0.0,0.0
1736847130.779345,0.0,1.5708,1.0963,-0.0,-0.0,0.0
1736847130.779345,0.0,1.5708,1.09641,-0.0,-0.0,0.0
1736847130.7804992,0.0,1.5708,1.09653,-0.0,-0.0,0.0
1736847130.7815013,0.0,1.5708,1.09666,-0.0,-0.0,0.0
1736847130.7823298,0.0,1.5708,1.0968,-0.0,-0.0,0.0
1736847130.7833633,0.0,1.5708,1.09693,-0.0,-0.0,0.0
1736847130.784361,0.0,1.5708,1.09706,-0.0,-0.0,0.0
1736847130.784361,0.0,1.5708,1.09718,-0.0,-0.0,0.0
1736847130.7853618,0.0,1.5708,1.0973,-0.0,-0.0,0.0
1736847130.7863615,0.0,1.5708,1.09741,-0.0,-0.0,0.0
1736847130.787454,0.0,1.5708,1.09753,-0.0,-0.0,0.0
1736847130.787454,0.0,1.5708,1.09766,-0.0,-0.0,0.0
1736847130.7891672,0.0,1.5708,1.0978,-0.0,-0.0,0.0
1736847130.7891672,0.0,1.5708,1.09794,-0.0,-0.0,0.0
1736847130.790762,0.0,1.5708,1.09808,-0.0,-0.0,0.0
1736847130.791768,0.0,1.5708,1.09821,-0.0,-0.0,0.0
1736847130.791975,0.0,1.5708,1.09833,-0.0,-0.0,0.0
1736847130.791975,0.0,1.5708,1.09847,-0.0,-0.0,0.0
1736847130.791975,0.0,1.5708,1.0986,-0.0,-0.0,0.0
1736847130.7944167,0.0,1.5708,1.09872,-0.0,-0.0,0.0
1736847130.7956586,0.0,1.5708,1.09885,-0.0,-0.0,0.0
1736847130.7956586,0.0,1.5708,1.09899,-0.0,-0.0,0.0
1736847130.7973294,0.0,1.5708,1.09913,-0.0,-0.0,0.0
1736847130.798337,0.0,1.5708,1.09926,-0.0,-0.0,0.0
1736847130.798337,0.0,1.5708,1.09938,-0.0,-0.0,0.0
1736847130.7993343,0.0,1.5708,1.0995,-0.0,-0.0,0.0
1736847130.8003335,0.0,1.5708,1.09962,-0.0,-0.0,0.0
1736847130.8013349,0.0,1.5708,1.09973,-0.0,-0.0,0.0
1736847130.8013349,0.0,1.5708,1.09986,-0.0,-0.0,0.0
1736847130.8025436,0.0,1.5708,1.09999,-0.0,-0.0,0.0
1736847130.8032665,0.0,1.5708,1.10016,-0.0,-0.0,0.0
1736847130.8042731,0.0,1.5708,1.1003,-0.0,-0.0,0.0
1736847130.8052711,0.0,1.5708,1.10042,-0.0,-0.0,0.0
1736847130.8062806,0.0,1.5708,1.10053,-0.0,-0.0,0.0
1736847130.8072724,0.0,1.5708,1.10065,-0.0,-0.0,0.0
1736847130.8072724,0.0,1.5708,1.10077,-0.0,-0.0,0.0
1736847130.8082712,0.0,1.5708,1.10089,-0.0,-0.0,0.0
1736847130.8096557,0.0,1.5708,1.10102,-0.0,-0.0,0.0
1736847130.8102186,0.0,1.5708,1.10118,-0.0,-0.0,0.0
1736847130.8112204,0.0,1.5708,1.10133,-0.0,-0.0,0.0
1736847130.8122306,0.0,1.5708,1.10147,-0.0,-0.0,0.0
1736847130.8132203,0.0,1.5708,1.1016,-0.0,-0.0,0.0
1736847130.8132203,0.0,1.5708,1.10172,-0.0,-0.0,0.0
1736847130.8147717,0.0,1.5708,1.10184,-0.0,-0.0,0.0
1736847130.8147717,0.0,1.5708,1.10197,-0.0,-0.0,0.0
1736847130.8168435,0.0,1.5708,1.10212,-0.0,-0.0,0.0
1736847130.8173463,0.0,1.5708,1.10232,-0.0,-0.0,0.0
1736847130.8183494,0.0,1.5708,1.10248,-0.0,-0.0,0.0
1736847130.81958,0.0,1.5708,1.10261,-0.0,-0.0,0.0
1736847130.8200753,0.0,1.5708,1.10273,-0.0,-0.0,0.0
1736847130.8213716,0.0,1.5708,1.10286,-0.0,-0.0,0.0
1736847130.8213716,0.0,1.5708,1.10299,-0.0,-0.0,0.0
1736847130.822378,0.0,1.5708,1.10313,-0.0,-0.0,0.0
1736847130.8238072,0.0,1.5708,1.10326,-0.0,-0.0,0.0
1736847130.8238072,0.0,1.5708,1.1034,-0.0,-0.0,0.0
1736847130.8253725,0.0,1.5708,1.10353,-0.0,-0.0,0.0
1736847130.826377,0.0,1.5708,1.10366,-0.0,-0.0,0.0
1736847130.826377,0.0,1.5708,1.10379,-0.0,-0.0,0.0
1736847130.826377,0.0,1.5708,1.10392,-0.0,-0.0,0.0
1736847130.826377,0.0,1.5708,1.10404,-0.0,-0.0,0.0
1736847130.829121,0.0,1.5708,1.10416,-0.0,-0.0,0.0
1736847130.830127,0.0,1.5708,1.10429,-0.0,-0.0,0.0
1736847130.8307571,0.0,1.5708,1.10444,-0.0,-0.0,0.0
1736847130.8317628,0.0,1.5708,1.10457,-0.0,-0.0,0.0
1736847130.8327725,0.0,1.5708,1.10469,-0.0,-0.0,0.0
1736847130.8337615,0.0,1.5708,1.1048,-0.0,-0.0,0.0
1736847130.8337615,0.0,1.5708,1.10492,-0.0,-0.0,0.0
1736847130.834762,0.0,1.5708,1.10504,-0.0,-0.0,0.0
1736847130.8358405,0.0,1.5708,1.10516,-0.0,-0.0,0.0
1736847130.8360844,0.0,1.5708,1.10529,-0.0,-0.0,0.0
1736847130.837925,0.0,1.5708,1.10545,-0.0,-0.0,0.0
1736847130.8387926,0.0,1.5708,1.10561,-0.0,-0.0,0.0
1736847130.8395534,0.0,1.5708,1.10575,-0.0,-0.0,0.0
1736847130.8399458,0.0,1.5708,1.10588,-0.0,-0.0,0.0
1736847130.840959,0.0,1.5708,1.106,-0.0,-0.0,0.0
1736847130.841966,0.0,1.5708,1.10611,-0.0,-0.0,0.0
1736847130.8426206,0.0,1.5708,1.10623,-0.0,-0.0,0.0
1736847130.8436267,0.0,1.5708,1.10636,-0.0,-0.0,0.0
1736847130.84431,0.0,1.5708,1.10649,-0.0,-0.0,0.0
1736847130.84431,0.0,1.5708,1.10664,-0.0,-0.0,0.0
1736847130.84431,0.0,1.5708,1.10678,-0.0,-0.0,0.0
1736847130.84431,0.0,1.5708,1.1069,-0.0,-0.0,0.0
1736847130.84431,0.0,1.5708,1.10702,-0.0,-0.0,0.0
1736847130.8483047,0.0,1.5708,1.10714,-0.0,-0.0,0.0
1736847130.8493145,0.0,1.5708,1.10726,-0.0,-0.0,0.0
1736847130.8493145,0.0,1.5708,1.10738,-0.0,-0.0,0.0
1736847130.8503118,0.0,1.5708,1.10751,-0.0,-0.0,0.0
1736847130.8516603,0.0,1.5708,1.10765,-0.0,-0.0,0.0
1736847130.8569014,0.0,1.5708,1.10843,-0.0,-0.0,0.0
1736847130.8569014,0.0,1.5708,1.10858,-0.0,-0.0,0.0
1736847130.8583672,0.0,1.5708,1.10872,-0.0,-0.0,0.0
1736847130.8596122,0.0,1.5708,1.10887,-0.0,-0.0,0.0
1736847130.8602464,0.0,1.5708,1.109,-0.0,-0.0,0.0
1736847130.8602464,0.0,1.5708,1.10912,-0.0,-0.0,0.0
1736847130.861258,0.0,1.5708,1.10924,-0.0,-0.0,0.0
1736847130.862256,0.0,1.5708,1.10936,-0.0,-0.0,0.0
1736847130.8634164,0.0,1.5708,1.10948,-0.0,-0.0,0.0
1736847130.863509,0.0,1.5708,1.1096,-0.0,-0.0,0.0
1736847130.8649442,0.0,1.5708,1.10974,-0.0,-0.0,0.0
1736847130.8653207,0.0,1.5708,1.10988,-0.0,-0.0,0.0
1736847130.8663611,0.0,1.5708,1.11002,-0.0,-0.0,0.0
1736847130.8673596,0.0,1.5708,1.11014,-0.0,-0.0,0.0
1736847130.8681438,0.0,1.5708,1.11025,-0.0,-0.0,0.0
1736847130.8691485,0.0,1.5708,1.11038,-0.0,-0.0,0.0
1736847130.8691485,0.0,1.5708,1.11051,-0.0,-0.0,0.0
1736847130.8708491,0.0,1.5708,1.11063,-0.0,-0.0,0.0
1736847130.8708491,0.0,1.5708,1.11077,-0.0,-0.0,0.0
1736847130.8720381,0.0,1.5708,1.1109,-0.0,-0.0,0.0
1736847130.8733253,0.0,1.5708,1.11104,-0.0,-0.0,0.0
1736847130.8743305,0.0,1.5708,1.11119,-0.0,-0.0,0.0
1736847130.8743305,0.0,1.5708,1.11131,-0.0,-0.0,0.0
1736847130.8753297,0.0,1.5708,1.11143,-0.0,-0.0,0.0
1736847130.876641,0.0,1.5708,1.11155,-0.0,-0.0,0.0
1736847130.876641,0.0,1.5708,1.11167,-0.0,-0.0,0.0
1736847130.877647,0.0,1.5708,1.11179,-0.0,-0.0,0.0
1736847130.8793485,0.0,1.5708,1.11195,-0.0,-0.0,0.0
1736847130.8803914,0.0,1.5708,1.11213,-0.0,-0.0,0.0
1736847130.881391,0.0,1.5708,1.11228,-0.0,-0.0,0.0
1736847130.881391,0.0,1.5708,1.11243,-0.0,-0.0,0.0
1736847130.8847277,0.0,1.5708,1.11281,-0.0,-0.0,0.0
1736847130.8857322,0.0,1.5708,1.11299,-0.0,-0.0,0.0
1736847130.886366,0.0,1.5708,1.11316,-0.0,-0.0,0.0
1736847130.8874054,0.0,1.5708,1.11331,-0.0,-0.0,0.0
1736847130.8884158,0.0,1.5708,1.11343,-0.0,-0.0,0.0
1736847130.889405,0.0,1.5708,1.11355,-0.0,-0.0,0.0
1736847130.889405,0.0,1.5708,1.11367,-0.0,-0.0,0.0
1736847130.8904052,0.0,1.5708,1.1138,-0.0,-0.0,0.0
1736847130.8916545,0.0,1.5708,1.11393,-0.0,-0.0,0.0
1736847130.8926597,0.0,1.5708,1.11406,-0.0,-0.0,0.0
1736847130.893983,0.0,1.5708,1.11428,-0.0,-0.0,0.0
1736847130.895435,0.0,1.5708,1.11449,-0.0,-0.0,0.0
1736847130.896449,0.0,1.5708,1.11466,-0.0,-0.0,0.0
1736847130.8972726,0.0,1.5708,1.11481,-0.0,-0.0,0.0
1736847130.8982875,0.0,1.5708,1.11497,-0.0,-0.0,0.0
1736847130.8997238,0.0,1.5708,1.11515,-0.0,-0.0,0.0
1736847130.9001682,0.0,1.5708,1.11534,-0.0,-0.0,0.0
1736847130.9012115,0.0,1.5708,1.11551,-0.0,-0.0,0.0
1736847130.9027271,0.0,1.5708,1.11566,-0.0,-0.0,0.0
1736847130.9027271,0.0,1.5708,1.11578,-0.0,-0.0,0.0
1736847130.9037287,0.0,1.5708,1.1159,-0.0,-0.0,0.0
1736847130.9047277,0.0,1.5708,1.11603,-0.0,-0.0,0.0
1736847130.9057286,0.0,1.5708,1.11616,-0.0,-0.0,0.0
1736847130.9069998,0.0,1.5708,1.11631,-0.0,-0.0,0.0
1736847130.9080374,0.0,1.5708,1.11647,-0.0,-0.0,0.0
1736847130.9289343,0.0,1.5708,1.11974,-0.0,-0.0,0.0
1736847130.9299603,0.0,1.5708,1.11995,-0.0,-0.0,0.0
1736847130.9309518,0.0,1.5708,1.1201,-0.0,-0.0,0.0
1736847130.9313126,0.0,1.5708,1.12024,-0.0,-0.0,0.0
1736847130.9323149,0.0,1.5708,1.12039,-0.0,-0.0,0.0
1736847130.933314,0.0,1.5708,1.12052,-0.0,-0.0,0.0
1736847130.9346101,0.0,1.5708,1.12066,-0.0,-0.0,0.0
1736847130.9354937,0.0,1.5708,1.12086,-0.0,-0.0,0.0
1736847130.9364948,0.0,1.5708,1.12108,-0.0,-0.0,0.0
1736847130.9384937,0.0,1.5708,1.12124,-0.0,-0.0,0.0
1736847130.9384937,0.0,1.5708,1.1214,-0.0,-0.0,0.0
1736847130.9394934,0.0,1.5708,1.12156,-0.0,-0.0,0.0
1736847130.941465,0.0,1.5708,1.12171,-0.0,-0.0,0.0
1736847130.9418693,0.0,1.5708,1.12188,-0.0,-0.0,0.0
1736847130.9428713,0.0,1.5708,1.12202,-0.0,-0.0,0.0
1736847130.9438708,0.0,1.5708,1.12214,-0.0,-0.0,0.0
1736847130.9448988,0.0,1.5708,1.12227,-0.0,-0.0,0.0
1736847130.945678,0.0,1.5708,1.12239,-0.0,-0.0,0.0
1736847130.945906,0.0,1.5708,1.12251,-0.0,-0.0,0.0
1736847130.9472632,0.0,1.5708,1.12264,-0.0,-0.0,0.0
1736847130.9472632,0.0,1.5708,1.12278,-0.0,-0.0,0.0
1736847130.94853,0.0,1.5708,1.12292,-0.0,-0.0,0.0
1736847130.94853,0.0,1.5708,1.12306,-0.0,-0.0,0.0
1736847130.94853,0.0,1.5708,1.12322,-0.0,-0.0,0.0
1736847130.951602,0.0,1.5708,1.12337,-0.0,-0.0,0.0
1736847130.9526196,0.0,1.5708,1.12351,-0.0,-0.0,0.0
1736847130.9526196,0.0,1.5708,1.12363,-0.0,-0.0,0.0
1736847130.9536064,0.0,1.5708,1.12375,-0.0,-0.0,0.0
1736847130.9546077,0.0,1.5708,1.12388,-0.0,-0.0,0.0
1736847130.9557827,0.0,1.5708,1.12402,-0.0,-0.0,0.0
1736847130.9568284,0.0,1.5708,1.12416,-0.0,-0.0,0.0
1736847130.957551,0.0,1.5708,1.1243,-0.0,-0.0,0.0
1736847130.9585571,0.0,1.5708,1.12443,-0.0,-0.0,0.0
1736847130.9585571,0.0,1.5708,1.12455,-0.0,-0.0,0.0
1736847130.959556,0.0,1.5708,1.12467,-0.0,-0.0,0.0
1736847130.9605556,0.0,1.5708,1.12479,-0.0,-0.0,0.0
1736847130.961569,0.0,1.5708,1.12491,-0.0,-0.0,0.0
1736847130.9626052,0.0,1.5708,1.12505,-0.0,-0.0,0.0
1736847130.9635475,0.0,1.5708,1.1252,-0.0,-0.0,0.0
1736847130.9639118,0.0,1.5708,1.12535,-0.0,-0.0,0.0
1736847130.964923,0.0,1.5708,1.12547,-0.0,-0.0,0.0
1736847130.9659295,0.0,1.5708,1.1256,-0.0,-0.0,0.0
1736847130.9669213,0.0,1.5708,1.12572,-0.0,-0.0,0.0
1736847130.9669213,0.0,1.5708,1.12584,-0.0,-0.0,0.0
1736847130.968026,0.0,1.5708,1.12597,-0.0,-0.0,0.0
1736847130.9690323,0.0,1.5708,1.1261,-0.0,-0.0,0.0
1736847130.9694083,0.0,1.5708,1.12627,-0.0,-0.0,0.0
1736847130.9694083,0.0,1.5708,1.12641,-0.0,-0.0,0.0
1736847130.9694083,0.0,1.5708,1.12653,-0.0,-0.0,0.0
1736847130.9694083,0.0,1.5708,1.12666,-0.0,-0.0,0.0
1736847130.9733305,0.0,1.5708,1.12678,-0.0,-0.0,0.0
1736847130.9743447,0.0,1.5708,1.1269,-0.0,-0.0,0.0
1736847130.9743447,0.0,1.5708,1.12703,-0.0,-0.0,0.0
1736847130.975337,0.0,1.5708,1.12716,-0.0,-0.0,0.0
1736847130.976548,0.0,1.5708,1.12733,-0.0,-0.0,0.0
1736847130.9775884,0.0,1.5708,1.12748,-0.0,-0.0,0.0
1736847130.9785862,0.0,1.5708,1.12763,-0.0,-0.0,0.0
1736847130.979436,0.0,1.5708,1.12776,-0.0,-0.0,0.0
1736847130.980742,0.0,1.5708,1.1279,-0.0,-0.0,0.0
1736847130.980742,0.0,1.5708,1.12802,-0.0,-0.0,0.0
1736847130.9817486,0.0,1.5708,1.12814,-0.0,-0.0,0.0
1736847130.9830158,0.0,1.5708,1.12826,-0.0,-0.0,0.0
1736847130.9835021,0.0,1.5708,1.12843,-0.0,-0.0,0.0
1736847130.9845507,0.0,1.5708,1.12855,-0.0,-0.0,0.0
1736847130.9853475,0.0,1.5708,1.12869,-0.0,-0.0,0.0
1736847130.986363,0.0,1.5708,1.12881,-0.0,-0.0,0.0
1736847130.9873512,0.0,1.5708,1.12893,-0.0,-0.0,0.0
1736847130.9873512,0.0,1.5708,1.12906,-0.0,-0.0,0.0
1736847130.9883516,0.0,1.5708,1.12918,-0.0,-0.0,0.0
1736847130.9893527,0.0,1.5708,1.12931,-0.0,-0.0,0.0
1736847130.990631,0.0,1.5708,1.12947,-0.0,-0.0,0.0
1736847130.991419,0.0,1.5708,1.12962,-0.0,-0.0,0.0
1736847130.992436,0.0,1.5708,1.12976,-0.0,-0.0,0.0
1736847130.9934237,0.0,1.5708,1.12989,-0.0,-0.0,0.0
1736847130.9934237,0.0,1.5708,1.13001,-0.0,-0.0,0.0
1736847130.9944236,0.0,1.5708,1.13013,-0.0,-0.0,0.0
1736847130.9954236,0.0,1.5708,1.13032,-0.0,-0.0,0.0
1736847130.9970422,0.0,1.5708,1.13048,-0.0,-0.0,0.0
1736847130.9983053,0.0,1.5708,1.13066,-0.0,-0.0,0.0
1736847130.9986863,0.0,1.5708,1.13081,-0.0,-0.0,0.0
1736847130.9996977,0.0,1.5708,1.13093,-0.0,-0.0,0.0
1736847131.000705,0.0,1.5708,1.13106,-0.0,-0.0,0.0
1736847131.000705,0.0,1.5708,1.13117,-0.0,-0.0,0.0
1736847131.0016954,0.0,1.5708,1.1313,-0.0,-0.0,0.0
1736847131.0026963,0.0,1.5708,1.13142,-0.0,-0.0,0.0
1736847131.0036998,0.0,1.5708,1.13155,-0.0,-0.0,0.0
1736847131.0046198,0.0,1.5708,1.13171,-0.0,-0.0,0.0
1736847131.0056374,0.0,1.5708,1.13185,-0.0,-0.0,0.0
1736847131.006624,0.0,1.5708,1.13197,-0.0,-0.0,0.0
1736847131.006624,0.0,1.5708,1.13209,-0.0,-0.0,0.0
1736847131.0076234,0.0,1.5708,1.13221,-0.0,-0.0,0.0
1736847131.0086234,0.0,1.5708,1.13233,-0.0,-0.0,0.0
1736847131.0096889,0.0,1.5708,1.13245,-0.0,-0.0,0.0
1736847131.0096889,0.0,1.5708,1.13259,-0.0,-0.0,0.0
1736847131.011233,0.0,1.5708,1.13274,-0.0,-0.0,0.0
1736847131.0123062,0.0,1.5708,1.13287,-0.0,-0.0,0.0
1736847131.0132835,0.0,1.5708,1.133,-0.0,-0.0,0.0
1736847131.0132835,0.0,1.5708,1.13313,-0.0,-0.0,0.0
1736847131.014283,0.0,1.5708,1.13325,-0.0,-0.0,0.0
1736847131.015506,0.0,1.5708,1.13337,-0.0,-0.0,0.0
1736847131.0163517,0.0,1.5708,1.1335,-0.0,-0.0,0.0
1736847131.0163517,0.0,1.5708,1.13363,-0.0,-0.0,0.0
1736847131.0178025,0.0,1.5708,1.13376,-0.0,-0.0,0.0
1736847131.018711,0.0,1.5708,1.1339,-0.0,-0.0,0.0
1736847131.019724,0.0,1.5708,1.13404,-0.0,-0.0,0.0
1736847131.0203233,0.0,1.5708,1.13415,-0.0,-0.0,0.0
1736847131.021328,0.0,1.5708,1.13427,-0.0,-0.0,0.0
1736847131.021328,0.0,1.5708,1.1344,-0.0,-0.0,0.0
1736847131.021328,0.0,1.5708,1.13452,-0.0,-0.0,0.0
1736847131.0236242,0.0,1.5708,1.13464,-0.0,-0.0,0.0
1736847131.0236242,0.0,1.5708,1.13477,-0.0,-0.0,0.0
1736847131.024848,0.0,1.5708,1.13491,-0.0,-0.0,0.0
1736847131.024848,0.0,1.5708,1.13504,-0.0,-0.0,0.0
1736847131.026794,0.0,1.5708,1.13518,-0.0,-0.0,0.0
1736847131.0278,0.0,1.5708,1.1353,-0.0,-0.0,0.0
1736847131.0278,0.0,1.5708,1.13543,-0.0,-0.0,0.0
1736847131.0287988,0.0,1.5708,1.13555,-0.0,-0.0,0.0
1736847131.029798,0.0,1.5708,1.13567,-0.0,-0.0,0.0
1736847131.0308013,0.0,1.5708,1.13578,-0.0,-0.0,0.0
1736847131.0317187,0.0,1.5708,1.13591,-0.0,-0.0,0.0
1736847131.03272,0.0,1.5708,1.13608,-0.0,-0.0,0.0
1736847131.0337224,0.0,1.5708,1.13622,-0.0,-0.0,0.0
1736847131.0337224,0.0,1.5708,1.13635,-0.0,-0.0,0.0
1736847131.0347204,0.0,1.5708,1.13647,-0.0,-0.0,0.0
1736847131.03572,0.0,1.5708,1.13659,-0.0,-0.0,0.0
1736847131.0367296,0.0,1.5708,1.13671,-0.0,-0.0,0.0
1736847131.0367296,0.0,1.5708,1.13684,-0.0,-0.0,0.0
1736847131.03772,0.0,1.5708,1.13697,-0.0,-0.0,0.0
1736847131.039454,0.0,1.5708,1.13713,-0.0,-0.0,0.0
1736847131.0406842,0.0,1.5708,1.1373,-0.0,-0.0,0.0
1736847131.0408592,0.0,1.5708,1.13746,-0.0,-0.0,0.0
1736847131.0418634,0.0,1.5708,1.13759,-0.0,-0.0,0.0
1736847131.0428636,0.0,1.5708,1.13771,-0.0,-0.0,0.0
1736847131.0436084,0.0,1.5708,1.13783,-0.0,-0.0,0.0
1736847131.0446124,0.0,1.5708,1.13795,-0.0,-0.0,0.0
1736847131.0456128,0.0,1.5708,1.13809,-0.0,-0.0,0.0
1736847131.0458486,0.0,1.5708,1.13824,-0.0,-0.0,0.0
1736847131.0458486,0.0,1.5708,1.13837,-0.0,-0.0,0.0
1736847131.0458486,0.0,1.5708,1.1385,-0.0,-0.0,0.0
1736847131.0458486,0.0,1.5708,1.13862,-0.0,-0.0,0.0
1736847131.0495534,0.0,1.5708,1.13874,-0.0,-0.0,0.0
1736847131.0495534,0.0,1.5708,1.13886,-0.0,-0.0,0.0
1736847131.0505593,0.0,1.5708,1.13898,-0.0,-0.0,0.0
1736847131.0515578,0.0,1.5708,1.13911,-0.0,-0.0,0.0
1736847131.0529473,0.0,1.5708,1.13925,-0.0,-0.0,0.0
1736847131.0539901,0.0,1.5708,1.1394,-0.0,-0.0,0.0
1736847131.0549996,0.0,1.5708,1.13957,-0.0,-0.0,0.0
1736847131.0558202,0.0,1.5708,1.13974,-0.0,-0.0,0.0
1736847131.056825,0.0,1.5708,1.13991,-0.0,-0.0,0.0
1736847131.0578332,0.0,1.5708,1.14004,-0.0,-0.0,0.0
1736847131.0588253,0.0,1.5708,1.14017,-0.0,-0.0,0.0
1736847131.0599952,0.0,1.5708,1.14033,-0.0,-0.0,0.0
1736847131.0610483,0.0,1.5708,1.1405,-0.0,-0.0,0.0
1736847131.0617132,0.0,1.5708,1.14065,-0.0,-0.0,0.0
1736847131.0627186,0.0,1.5708,1.14078,-0.0,-0.0,0.0
1736847131.0627186,0.0,1.5708,1.14091,-0.0,-0.0,0.0
1736847131.0637167,0.0,1.5708,1.14102,-0.0,-0.0,0.0
1736847131.0647178,0.0,1.5708,1.14114,-0.0,-0.0,0.0
1736847131.0657177,0.0,1.5708,1.14126,-0.0,-0.0,0.0
1736847131.0666356,0.0,1.5708,1.14139,-0.0,-0.0,0.0
1736847131.067498,0.0,1.5708,1.14154,-0.0,-0.0,0.0
1736847131.067633,0.0,1.5708,1.14169,-0.0,-0.0,0.0
1736847131.0686352,0.0,1.5708,1.14181,-0.0,-0.0,0.0
1736847131.0696335,0.0,1.5708,1.14196,-0.0,-0.0,0.0
1736847131.0706332,0.0,1.5708,1.14208,-0.0,-0.0,0.0
1736847131.0716429,0.0,1.5708,1.14221,-0.0,-0.0,0.0
1736847131.0721853,0.0,1.5708,1.14232,-0.0,-0.0,0.0
1736847131.0731907,0.0,1.5708,1.14246,-0.0,-0.0,0.0
1736847131.0736659,0.0,1.5708,1.14263,-0.0,-0.0,0.0
1736847131.0736659,0.0,1.5708,1.14277,-0.0,-0.0,0.0
1736847131.0736659,0.0,1.5708,1.14289,-0.0,-0.0,0.0
1736847131.0736659,0.0,1.5708,1.14301,-0.0,-0.0,0.0
1736847131.0736659,0.0,1.5708,1.14313,-0.0,-0.0,0.0
1736847131.0782263,0.0,1.5708,1.14325,-0.0,-0.0,0.0
1736847131.079233,0.0,1.5708,1.14337,-0.0,-0.0,0.0
1736847131.079233,0.0,1.5708,1.14349,-0.0,-0.0,0.0
1736847131.080234,0.0,1.5708,1.14364,-0.0,-0.0,0.0
1736847131.0812612,0.0,1.5708,1.14382,-0.0,-0.0,0.0
1736847131.0822687,0.0,1.5708,1.14397,-0.0,-0.0,0.0
1736847131.0837238,0.0,1.5708,1.1441,-0.0,-0.0,0.0
1736847131.0837238,0.0,1.5708,1.14423,-0.0,-0.0,0.0
1736847131.086014,0.0,1.5708,1.14449,-0.0,-0.0,0.0
1736847131.0870295,0.0,1.5708,1.14464,-0.0,-0.0,0.0
1736847131.0877478,0.0,1.5708,1.14479,-0.0,-0.0,0.0
1736847131.0887535,0.0,1.5708,1.14493,-0.0,-0.0,0.0
1736847131.089953,0.0,1.5708,1.14506,-0.0,-0.0,0.0
1736847131.0902488,0.0,1.5708,1.14519,-0.0,-0.0,0.0
1736847131.0912588,0.0,1.5708,1.14531,-0.0,-0.0,0.0
1736847131.0922666,0.0,1.5708,1.14544,-0.0,-0.0,0.0
1736847131.0922666,0.0,1.5708,1.14556,-0.0,-0.0,0.0
1736847131.0932598,0.0,1.5708,1.14569,-0.0,-0.0,0.0
1736847131.094593,0.0,1.5708,1.14584,-0.0,-0.0,0.0
1736847131.0951684,0.0,1.5708,1.14599,-0.0,-0.0,0.0
1736847131.096174,0.0,1.5708,1.14613,-0.0,-0.0,0.0
1736847131.0971725,0.0,1.5708,1.14625,-0.0,-0.0,0.0
1736847131.098181,0.0,1.5708,1.14638,-0.0,-0.0,0.0
1736847131.098181,0.0,1.5708,1.1465,-0.0,-0.0,0.0
1736847131.0991726,0.0,1.5708,1.14662,-0.0,-0.0,0.0
1736847131.1001728,0.0,1.5708,1.14675,-0.0,-0.0,0.0
1736847131.101561,0.0,1.5708,1.14691,-0.0,-0.0,0.0
1736847131.1026077,0.0,1.5708,1.14706,-0.0,-0.0,0.0
1736847131.1035876,0.0,1.5708,1.1472,-0.0,-0.0,0.0
1736847131.1035876,0.0,1.5708,1.14733,-0.0,-0.0,0.0
1736847131.104587,0.0,1.5708,1.14745,-0.0,-0.0,0.0
1736847131.1055868,0.0,1.5708,1.14757,-0.0,-0.0,0.0
1736847131.106725,0.0,1.5708,1.14769,-0.0,-0.0,0.0
1736847131.1068168,0.0,1.5708,1.14782,-0.0,-0.0,0.0
1736847131.10856,0.0,1.5708,1.14797,-0.0,-0.0,0.0
1736847131.1093864,0.0,1.5708,1.14811,-0.0,-0.0,0.0
1736847131.1098297,0.0,1.5708,1.14824,-0.0,-0.0,0.0
1736847131.1108475,0.0,1.5708,1.14836,-0.0,-0.0,0.0
1736847131.1115239,0.0,1.5708,1.14848,-0.0,-0.0,0.0
1736847131.1125283,0.0,1.5708,1.14861,-0.0,-0.0,0.0
1736847131.1125283,0.0,1.5708,1.14874,-0.0,-0.0,0.0
1736847131.1138284,0.0,1.5708,1.14887,-0.0,-0.0,0.0
1736847131.1150672,0.0,1.5708,1.149,-0.0,-0.0,0.0
1736847131.1150672,0.0,1.5708,1.14914,-0.0,-0.0,0.0
1736847131.1150672,0.0,1.5708,1.14927,-0.0,-0.0,0.0
1736847131.1174371,0.0,1.5708,1.14941,-0.0,-0.0,0.0
1736847131.118447,0.0,1.5708,1.14953,-0.0,-0.0,0.0
1736847131.118447,0.0,1.5708,1.14965,-0.0,-0.0,0.0
1736847131.1194463,0.0,1.5708,1.14978,-0.0,-0.0,0.0
1736847131.1204462,0.0,1.5708,1.14989,-0.0,-0.0,0.0
1736847131.1214604,0.0,1.5708,1.15002,-0.0,-0.0,0.0
1736847131.1223707,0.0,1.5708,1.15019,-0.0,-0.0,0.0
1736847131.123336,0.0,1.5708,1.15037,-0.0,-0.0,0.0
1736847131.124342,0.0,1.5708,1.15051,-0.0,-0.0,0.0
1736847131.1253562,0.0,1.5708,1.15063,-0.0,-0.0,0.0
1736847131.1253562,0.0,1.5708,1.15076,-0.0,-0.0,0.0
1736847131.1269655,0.0,1.5708,1.15087,-0.0,-0.0,0.0
1736847131.1269655,0.0,1.5708,1.15099,-0.0,-0.0,0.0
1736847131.1279776,0.0,1.5708,1.15112,-0.0,-0.0,0.0
1736847131.1294553,0.0,1.5708,1.15127,-0.0,-0.0,0.0
1736847131.1299891,0.0,1.5708,1.15142,-0.0,-0.0,0.0
1736847131.1309931,0.0,1.5708,1.15154,-0.0,-0.0,0.0
1736847131.1320052,0.0,1.5708,1.15166,-0.0,-0.0,0.0
1736847131.1320052,0.0,1.5708,1.15178,-0.0,-0.0,0.0
1736847131.1329932,0.0,1.5708,1.1519,-0.0,-0.0,0.0
1736847131.133993,0.0,1.5708,1.15201,-0.0,-0.0,0.0
1736847131.134993,0.0,1.5708,1.15213,-0.0,-0.0,0.0
1736847131.134993,0.0,1.5708,1.15226,-0.0,-0.0,0.0
1736847131.1365402,0.0,1.5708,1.15242,-0.0,-0.0,0.0
1736847131.1375582,0.0,1.5708,1.15256,-0.0,-0.0,0.0
1736847131.1385458,0.0,1.5708,1.1527,-0.0,-0.0,0.0
1736847131.1385458,0.0,1.5708,1.15282,-0.0,-0.0,0.0
1736847131.1395454,0.0,1.5708,1.15294,-0.0,-0.0,0.0
1736847131.1405454,0.0,1.5708,1.15306,-0.0,-0.0,0.0
1736847131.1416543,0.0,1.5708,1.15319,-0.0,-0.0,0.0
1736847131.142661,0.0,1.5708,1.15333,-0.0,-0.0,0.0
1736847131.143373,0.0,1.5708,1.15347,-0.0,-0.0,0.0
1736847131.1444535,0.0,1.5708,1.15361,-0.0,-0.0,0.0
1736847131.1444535,0.0,1.5708,1.15374,-0.0,-0.0,0.0
1736847131.145461,0.0,1.5708,1.15387,-0.0,-0.0,0.0
1736847131.1464581,0.0,1.5708,1.15399,-0.0,-0.0,0.0
1736847131.1474774,0.0,1.5708,1.1541,-0.0,-0.0,0.0
1736847131.147678,0.0,1.5708,1.15423,-0.0,-0.0,0.0
1736847131.1486797,0.0,1.5708,1.15436,-0.0,-0.0,0.0
1736847131.1497912,0.0,1.5708,1.15449,-0.0,-0.0,0.0
1736847131.1507254,0.0,1.5708,1.15464,-0.0,-0.0,0.0
1736847131.151735,0.0,1.5708,1.15477,-0.0,-0.0,0.0
1736847131.1522617,0.0,1.5708,1.15488,-0.0,-0.0,0.0
1736847131.1532664,0.0,1.5708,1.155,-0.0,-0.0,0.0
1736847131.1532664,0.0,1.5708,1.15513,-0.0,-0.0,0.0
1736847131.1532664,0.0,1.5708,1.15527,-0.0,-0.0,0.0
1736847131.155527,0.0,1.5708,1.15539,-0.0,-0.0,0.0
1736847131.1565325,0.0,1.5708,1.15551,-0.0,-0.0,0.0
1736847131.1572654,0.0,1.5708,1.15565,-0.0,-0.0,0.0
1736847131.1582677,0.0,1.5708,1.15579,-0.0,-0.0,0.0
1736847131.1592672,0.0,1.5708,1.15593,-0.0,-0.0,0.0
1736847131.1592672,0.0,1.5708,1.15607,-0.0,-0.0,0.0
1736847131.160794,0.0,1.5708,1.15619,-0.0,-0.0,0.0
1736847131.1614594,0.0,1.5708,1.15631,-0.0,-0.0,0.0
1736847131.1618419,0.0,1.5708,1.15643,-0.0,-0.0,0.0
1736847131.1624532,0.0,1.5708,1.15655,-0.0,-0.0,0.0
1736847131.163642,0.0,1.5708,1.1567,-0.0,-0.0,0.0
1736847131.163642,0.0,1.5708,1.15683,-0.0,-0.0,0.0
1736847131.163642,0.0,1.5708,1.15697,-0.0,-0.0,0.0
1736847131.163642,0.0,1.5708,1.15709,-0.0,-0.0,0.0
1736847131.1671216,0.0,1.5708,1.15721,-0.0,-0.0,0.0
1736847131.1681342,0.0,1.5708,1.15734,-0.0,-0.0,0.0
1736847131.1681342,0.0,1.5708,1.15746,-0.0,-0.0,0.0
1736847131.1691272,0.0,1.5708,1.15758,-0.0,-0.0,0.0
1736847131.1701267,0.0,1.5708,1.15772,-0.0,-0.0,0.0
1736847131.1708815,0.0,1.5708,1.15786,-0.0,-0.0,0.0
1736847131.1718874,0.0,1.5708,1.15799,-0.0,-0.0,0.0
1736847131.17318,0.0,1.5708,1.15813,-0.0,-0.0,0.0
1736847131.17318,0.0,1.5708,1.15825,-0.0,-0.0,0.0
1736847131.1741815,0.0,1.5708,1.15838,-0.0,-0.0,0.0
1736847131.1751802,0.0,1.5708,1.15849,-0.0,-0.0,0.0
1736847131.176182,0.0,1.5708,1.1586,-0.0,-0.0,0.0
1736847131.176182,0.0,1.5708,1.15872,-0.0,-0.0,0.0
1736847131.177855,0.0,1.5708,1.15885,-0.0,-0.0,0.0
1736847131.1787167,0.0,1.5708,1.15899,-0.0,-0.0,0.0
1736847131.179679,0.0,1.5708,1.15914,-0.0,-0.0,0.0
1736847131.1799436,0.0,1.5708,1.15928,-0.0,-0.0,0.0
1736847131.1809554,0.0,1.5708,1.1594,-0.0,-0.0,0.0
1736847131.1819637,0.0,1.5708,1.15952,-0.0,-0.0,0.0
1736847131.1819637,0.0,1.5708,1.15964,-0.0,-0.0,0.0
1736847131.1829531,0.0,1.5708,1.15976,-0.0,-0.0,0.0
1736847131.1839557,0.0,1.5708,1.15989,-0.0,-0.0,0.0
1736847131.1849647,0.0,1.5708,1.16007,-0.0,-0.0,0.0
1736847131.1860106,0.0,1.5708,1.16021,-0.0,-0.0,0.0
1736847131.1870172,0.0,1.5708,1.16033,-0.0,-0.0,0.0
1736847131.1880088,0.0,1.5708,1.16045,-0.0,-0.0,0.0
1736847131.1880088,0.0,1.5708,1.16057,-0.0,-0.0,0.0
1736847131.1890082,0.0,1.5708,1.16069,-0.0,-0.0,0.0
1736847131.1902628,0.0,1.5708,1.16081,-0.0,-0.0,0.0
1736847131.1902628,0.0,1.5708,1.16095,-0.0,-0.0,0.0
1736847131.191932,0.0,1.5708,1.1611,-0.0,-0.0,0.0
1736847131.1929903,0.0,1.5708,1.16124,-0.0,-0.0,0.0
1736847131.1929903,0.0,1.5708,1.16138,-0.0,-0.0,0.0
1736847131.1939747,0.0,1.5708,1.1615,-0.0,-0.0,0.0
1736847131.194974,0.0,1.5708,1.16162,-0.0,-0.0,0.0
1736847131.195983,0.0,1.5708,1.16174,-0.0,-0.0,0.0
1736847131.1968963,0.0,1.5708,1.16186,-0.0,-0.0,0.0
1736847131.1970015,0.0,1.5708,1.16199,-0.0,-0.0,0.0
1736847131.1984158,0.0,1.5708,1.16212,-0.0,-0.0,0.0
1736847131.1995776,0.0,1.5708,1.16226,-0.0,-0.0,0.0
1736847131.1995776,0.0,1.5708,1.16241,-0.0,-0.0,0.0
1736847131.200585,0.0,1.5708,1.16253,-0.0,-0.0,0.0
1736847131.2014997,0.0,1.5708,1.16266,-0.0,-0.0,0.0
1736847131.2014997,0.0,1.5708,1.16278,-0.0,-0.0,0.0
1736847131.2014997,0.0,1.5708,1.16291,-0.0,-0.0,0.0
1736847131.2041316,0.0,1.5708,1.16303,-0.0,-0.0,0.0
1736847131.2051382,0.0,1.5708,1.16315,-0.0,-0.0,0.0
1736847131.2053156,0.0,1.5708,1.16331,-0.0,-0.0,0.0
1736847131.2053156,0.0,1.5708,1.16344,-0.0,-0.0,0.0
1736847131.2075152,0.0,1.5708,1.16357,-0.0,-0.0,0.0
1736847131.208522,0.0,1.5708,1.16369,-0.0,-0.0,0.0
1736847131.208522,0.0,1.5708,1.16382,-0.0,-0.0,0.0
1736847131.2095203,0.0,1.5708,1.16394,-0.0,-0.0,0.0
1736847131.2105198,0.0,1.5708,1.16405,-0.0,-0.0,0.0
1736847131.211536,0.0,1.5708,1.16417,-0.0,-0.0,0.0
1736847131.2123234,0.0,1.5708,1.16431,-0.0,-0.0,0.0
1736847131.213265,0.0,1.5708,1.16446,-0.0,-0.0,0.0
1736847131.214268,0.0,1.5708,1.1646,-0.0,-0.0,0.0
1736847131.214268,0.0,1.5708,1.16473,-0.0,-0.0,0.0
1736847131.21595,0.0,1.5708,1.16485,-0.0,-0.0,0.0
1736847131.2166219,0.0,1.5708,1.16497,-0.0,-0.0,0.0
1736847131.2166219,0.0,1.5708,1.16509,-0.0,-0.0,0.0
1736847131.217633,0.0,1.5708,1.16521,-0.0,-0.0,0.0
1736847131.2186332,0.0,1.5708,1.16533,-0.0,-0.0,0.0
1736847131.2197459,0.0,1.5708,1.1655,-0.0,-0.0,0.0
1736847131.2207825,0.0,1.5708,1.16564,-0.0,-0.0,0.0
1736847131.2217474,0.0,1.5708,1.16576,-0.0,-0.0,0.0
1736847131.2217474,0.0,1.5708,1.16588,-0.0,-0.0,0.0
1736847131.2227466,0.0,1.5708,1.166,-0.0,-0.0,0.0
1736847131.2237465,0.0,1.5708,1.16613,-0.0,-0.0,0.0
1736847131.224746,0.0,1.5708,1.16624,-0.0,-0.0,0.0
1736847131.224954,0.0,1.5708,1.16638,-0.0,-0.0,0.0
1736847131.2263832,0.0,1.5708,1.16651,-0.0,-0.0,0.0
1736847131.2269554,0.0,1.5708,1.16668,-0.0,-0.0,0.0
1736847131.2279997,0.0,1.5708,1.16683,-0.0,-0.0,0.0
1736847131.2289977,0.0,1.5708,1.16696,-0.0,-0.0,0.0
1736847131.2300067,0.0,1.5708,1.16708,-0.0,-0.0,0.0
1736847131.2300067,0.0,1.5708,1.1672,-0.0,-0.0,0.0
1736847131.2316706,0.0,1.5708,1.16732,-0.0,-0.0,0.0
1736847131.2318246,0.0,1.5708,1.16745,-0.0,-0.0,0.0
1736847131.233396,0.0,1.5708,1.16758,-0.0,-0.0,0.0
1736847131.2341168,0.0,1.5708,1.16772,-0.0,-0.0,0.0
1736847131.234655,0.0,1.5708,1.16785,-0.0,-0.0,0.0
1736847131.2356765,0.0,1.5708,1.16797,-0.0,-0.0,0.0
1736847131.2364094,0.0,1.5708,1.16809,-0.0,-0.0,0.0
1736847131.2364094,0.0,1.5708,1.16821,-0.0,-0.0,0.0
1736847131.2374163,0.0,1.5708,1.16833,-0.0,-0.0,0.0
1736847131.2388718,0.0,1.5708,1.16844,-0.0,-0.0,0.0
1736847131.2388718,0.0,1.5708,1.16858,-0.0,-0.0,0.0
1736847131.240114,0.0,1.5708,1.16872,-0.0,-0.0,0.0
1736847131.240114,0.0,1.5708,1.16885,-0.0,-0.0,0.0
1736847131.242046,0.0,1.5708,1.16899,-0.0,-0.0,0.0
1736847131.2430546,0.0,1.5708,1.16911,-0.0,-0.0,0.0
1736847131.2430546,0.0,1.5708,1.16924,-0.0,-0.0,0.0
1736847131.2440517,0.0,1.5708,1.16935,-0.0,-0.0,0.0
1736847131.245051,0.0,1.5708,1.16947,-0.0,-0.0,0.0
1736847131.2460523,0.0,1.5708,1.16958,-0.0,-0.0,0.0
1736847131.246973,0.0,1.5708,1.16971,-0.0,-0.0,0.0
1736847131.247847,0.0,1.5708,1.16986,-0.0,-0.0,0.0
1736847131.2488592,0.0,1.5708,1.17003,-0.0,-0.0,0.0
1736847131.2488592,0.0,1.5708,1.17016,-0.0,-0.0,0.0
1736847131.2498505,0.0,1.5708,1.17028,-0.0,-0.0,0.0
1736847131.250849,0.0,1.5708,1.1704,-0.0,-0.0,0.0
1736847131.2518604,0.0,1.5708,1.17052,-0.0,-0.0,0.0
1736847131.2518604,0.0,1.5708,1.17064,-0.0,-0.0,0.0
1736847131.2528489,0.0,1.5708,1.17076,-0.0,-0.0,0.0
1736847131.2546794,0.0,1.5708,1.17089,-0.0,-0.0,0.0
1736847131.2548065,0.0,1.5708,1.17107,-0.0,-0.0,0.0
1736847131.2558482,0.0,1.5708,1.17121,-0.0,-0.0,0.0
1736847131.2570415,0.0,1.5708,1.17132,-0.0,-0.0,0.0
1736847131.2578917,0.0,1.5708,1.17145,-0.0,-0.0,0.0
1736847131.2578917,0.0,1.5708,1.17156,-0.0,-0.0,0.0
1736847131.2592082,0.0,1.5708,1.17168,-0.0,-0.0,0.0
1736847131.2602093,0.0,1.5708,1.17179,-0.0,-0.0,0.0
1736847131.261159,0.0,1.5708,1.17193,-0.0,-0.0,0.0
1736847131.261159,0.0,1.5708,1.17208,-0.0,-0.0,0.0
1736847131.261159,0.0,1.5708,1.17221,-0.0,-0.0,0.0
1736847131.261159,0.0,1.5708,1.17234,-0.0,-0.0,0.0
1736847131.2643855,0.0,1.5708,1.17246,-0.0,-0.0,0.0
1736847131.2644913,0.0,1.5708,1.17259,-0.0,-0.0,0.0
1736847131.265493,0.0,1.5708,1.17271,-0.0,-0.0,0.0
1736847131.2664921,0.0,1.5708,1.17284,-0.0,-0.0,0.0
1736847131.267496,0.0,1.5708,1.17297,-0.0,-0.0,0.0
1736847131.2683098,0.0,1.5708,1.17314,-0.0,-0.0,0.0
1736847131.2696164,0.0,1.5708,1.17328,-0.0,-0.0,0.0
1736847131.2697263,0.0,1.5708,1.17341,-0.0,-0.0,0.0
1736847131.2707276,0.0,1.5708,1.17355,-0.0,-0.0,0.0
1736847131.2717273,0.0,1.5708,1.17367,-0.0,-0.0,0.0
1736847131.272752,0.0,1.5708,1.17378,-0.0,-0.0,0.0
1736847131.272752,0.0,1.5708,1.1739,-0.0,-0.0,0.0
1736847131.2737288,0.0,1.5708,1.17403,-0.0,-0.0,0.0
1736847131.2752247,0.0,1.5708,1.17417,-0.0,-0.0,0.0
1736847131.276057,0.0,1.5708,1.17431,-0.0,-0.0,0.0
1736847131.277014,0.0,1.5708,1.17445,-0.0,-0.0,0.0
1736847131.277014,0.0,1.5708,1.17457,-0.0,-0.0,0.0
1736847131.2780278,0.0,1.5708,1.17469,-0.0,-0.0,0.0
1736847131.2790256,0.0,1.5708,1.17481,-0.0,-0.0,0.0
1736847131.2800362,0.0,1.5708,1.17493,-0.0,-0.0,0.0
1736847131.2805085,0.0,1.5708,1.17504,-0.0,-0.0,0.0
1736847131.281514,0.0,1.5708,1.17518,-0.0,-0.0,0.0
1736847131.2822237,0.0,1.5708,1.17532,-0.0,-0.0,0.0
1736847131.2832792,0.0,1.5708,1.17545,-0.0,-0.0,0.0
1736847131.2842648,0.0,1.5708,1.17557,-0.0,-0.0,0.0
1736847131.2842648,0.0,1.5708,1.17569,-0.0,-0.0,0.0
1736847131.2854872,0.0,1.5708,1.17581,-0.0,-0.0,0.0
1736847131.286492,0.0,1.5708,1.17592,-0.0,-0.0,0.0
1736847131.286492,0.0,1.5708,1.17605,-0.0,-0.0,0.0
1736847131.287481,0.0,1.5708,1.17618,-0.0,-0.0,0.0
1736847131.2886603,0.0,1.5708,1.17631,-0.0,-0.0,0.0
1736847131.2886603,0.0,1.5708,1.17645,-0.0,-0.0,0.0
1736847131.2886603,0.0,1.5708,1.17657,-0.0,-0.0,0.0
1736847131.2910752,0.0,1.5708,1.17669,-0.0,-0.0,0.0
1736847131.2920804,0.0,1.5708,1.17681,-0.0,-0.0,0.0
1736847131.2920804,0.0,1.5708,1.17694,-0.0,-0.0,0.0
1736847131.2935238,0.0,1.5708,1.17706,-0.0,-0.0,0.0
1736847131.294264,0.0,1.5708,1.17717,-0.0,-0.0,0.0
1736847131.2947772,0.0,1.5708,1.17731,-0.0,-0.0,0.0
1736847131.296419,0.0,1.5708,1.17748,-0.0,-0.0,0.0
1736847131.297259,0.0,1.5708,1.17764,-0.0,-0.0,0.0
1736847131.2982664,0.0,1.5708,1.17778,-0.0,-0.0,0.0
1736847131.2982664,0.0,1.5708,1.1779,-0.0,-0.0,0.0
1736847131.299264,0.0,1.5708,1.17802,-0.0,-0.0,0.0
1736847131.3002636,0.0,1.5708,1.17813,-0.0,-0.0,0.0
1736847131.3012643,0.0,1.5708,1.17825,-0.0,-0.0,0.0
1736847131.3012643,0.0,1.5708,1.17838,-0.0,-0.0,0.0
1736847131.3028426,0.0,1.5708,1.17851,-0.0,-0.0,0.0
1736847131.3031688,0.0,1.5708,1.17865,-0.0,-0.0,0.0
1736847131.3041716,0.0,1.5708,1.17879,-0.0,-0.0,0.0
1736847131.3051693,0.0,1.5708,1.17891,-0.0,-0.0,0.0
1736847131.3061695,0.0,1.5708,1.17902,-0.0,-0.0,0.0
1736847131.3061695,0.0,1.5708,1.17913,-0.0,-0.0,0.0
1736847131.3071685,0.0,1.5708,1.17925,-0.0,-0.0,0.0
1736847131.308301,0.0,1.5708,1.17937,-0.0,-0.0,0.0
1736847131.3093088,0.0,1.5708,1.1795,-0.0,-0.0,0.0
1736847131.3099372,0.0,1.5708,1.17965,-0.0,-0.0,0.0
1736847131.3109868,0.0,1.5708,1.17979,-0.0,-0.0,0.0
1736847131.3109868,0.0,1.5708,1.17992,-0.0,-0.0,0.0
1736847131.3119795,0.0,1.5708,1.18004,-0.0,-0.0,0.0
1736847131.3131547,0.0,1.5708,1.18016,-0.0,-0.0,0.0
1736847131.3141596,0.0,1.5708,1.18027,-0.0,-0.0,0.0
1736847131.3141596,0.0,1.5708,1.1804,-0.0,-0.0,0.0
1736847131.3152304,0.0,1.5708,1.18053,-0.0,-0.0,0.0
1736847131.3163507,0.0,1.5708,1.18067,-0.0,-0.0,0.0
1736847131.3163507,0.0,1.5708,1.1808,-0.0,-0.0,0.0
1736847131.3182561,0.0,1.5708,1.18094,-0.0,-0.0,0.0
1736847131.3190458,0.0,1.5708,1.18106,-0.0,-0.0,0.0
1736847131.3199048,0.0,1.5708,1.18118,-0.0,-0.0,0.0
1736847131.3199048,0.0,1.5708,1.1813,-0.0,-0.0,0.0
1736847131.3209193,0.0,1.5708,1.18142,-0.0,-0.0,0.0
1736847131.3219178,0.0,1.5708,1.18154,-0.0,-0.0,0.0
1736847131.322922,0.0,1.5708,1.18167,-0.0,-0.0,0.0
1736847131.3240378,0.0,1.5708,1.18181,-0.0,-0.0,0.0
1736847131.3250396,0.0,1.5708,1.18198,-0.0,-0.0,0.0
1736847131.3250396,0.0,1.5708,1.18212,-0.0,-0.0,0.0
1736847131.3260367,0.0,1.5708,1.18224,-0.0,-0.0,0.0
1736847131.3270369,0.0,1.5708,1.18236,-0.0,-0.0,0.0
1736847131.328048,0.0,1.5708,1.18248,-0.0,-0.0,0.0
1736847131.328048,0.0,1.5708,1.18259,-0.0,-0.0,0.0
1736847131.3290367,0.0,1.5708,1.18271,-0.0,-0.0,0.0
1736847131.3300393,0.0,1.5708,1.18284,-0.0,-0.0,0.0
1736847131.3309982,0.0,1.5708,1.18298,-0.0,-0.0,0.0
1736847131.3320155,0.0,1.5708,1.18311,-0.0,-0.0,0.0
1736847131.3320155,0.0,1.5708,1.18323,-0.0,-0.0,0.0
1736847131.3329992,0.0,1.5708,1.18334,-0.0,-0.0,0.0
1736847131.3339992,0.0,1.5708,1.18346,-0.0,-0.0,0.0
1736847131.3350103,0.0,1.5708,1.18358,-0.0,-0.0,0.0
1736847131.335874,0.0,1.5708,1.18369,-0.0,-0.0,0.0
1736847131.3359647,0.0,1.5708,1.18382,-0.0,-0.0,0.0
1736847131.3376098,0.0,1.5708,1.18396,-0.0,-0.0,0.0
1736847131.3383963,0.0,1.5708,1.1841,-0.0,-0.0,0.0
1736847131.3393536,0.0,1.5708,1.18424,-0.0,-0.0,0.0
1736847131.3393536,0.0,1.5708,1.18436,-0.0,-0.0,0.0
1736847131.3404303,0.0,1.5708,1.18448,-0.0,-0.0,0.0
1736847131.3404303,0.0,1.5708,1.18461,-0.0,-0.0,0.0
1736847131.3404303,0.0,1.5708,1.18473,-0.0,-0.0,0.0
1736847131.3429952,0.0,1.5708,1.18485,-0.0,-0.0,0.0
1736847131.3440027,0.0,1.5708,1.18498,-0.0,-0.0,0.0
1736847131.344214,0.0,1.5708,1.18514,-0.0,-0.0,0.0
1736847131.344214,0.0,1.5708,1.18527,-0.0,-0.0,0.0
1736847131.3467681,0.0,1.5708,1.1854,-0.0,-0.0,0.0
1736847131.3468883,0.0,1.5708,1.18553,-0.0,-0.0,0.0
1736847131.34789,0.0,1.5708,1.18565,-0.0,-0.0,0.0
1736847131.3489032,0.0,1.5708,1.18577,-0.0,-0.0,0.0
1736847131.349889,0.0,1.5708,1.18589,-0.0,-0.0,0.0
1736847131.349889,0.0,1.5708,1.18602,-0.0,-0.0,0.0
1736847131.3514166,0.0,1.5708,1.18617,-0.0,-0.0,0.0
1736847131.352604,0.0,1.5708,1.18631,-0.0,-0.0,0.0
1736847131.3528152,0.0,1.5708,1.18645,-0.0,-0.0,0.0
1736847131.353817,0.0,1.5708,1.18658,-0.0,-0.0,0.0
1736847131.3550098,0.0,1.5708,1.18671,-0.0,-0.0,0.0
1736847131.3558893,0.0,1.5708,1.18683,-0.0,-0.0,0.0
1736847131.3558893,0.0,1.5708,1.18695,-0.0,-0.0,0.0
1736847131.3568947,0.0,1.5708,1.18707,-0.0,-0.0,0.0
1736847131.3581285,0.0,1.5708,1.18719,-0.0,-0.0,0.0
1736847131.4363394,0.0,1.5708,1.20008,-0.0,-0.0,0.0
1736847131.4363394,0.0,1.5708,1.20034,-0.0,-0.0,0.0
1736847131.4363394,0.0,1.5708,1.20061,-0.0,-0.0,0.0
1736847131.4363394,0.0,1.5708,1.2008,-0.0,-0.0,0.0
1736847131.4363394,0.0,1.5708,1.20099,-0.0,-0.0,0.0
1736847131.4363394,0.0,1.5708,1.20113,-0.0,-0.0,0.0
1736847131.4477816,0.0,1.5708,1.20126,-0.0,-0.0,0.0
1736847131.4487045,0.0,1.5708,1.20139,-0.0,-0.0,0.0
1736847131.449037,0.0,1.5708,1.20153,-0.0,-0.0,0.0
1736847131.4503593,0.0,1.5708,1.20166,-0.0,-0.0,0.0
1736847131.4505634,0.0,1.5708,1.20179,-0.0,-0.0,0.0
1736847131.4515762,0.0,1.5708,1.20191,-0.0,-0.0,0.0
1736847131.4521875,0.0,1.5708,1.20203,-0.0,-0.0,0.0
1736847131.4521875,0.0,1.5708,1.20215,-0.0,-0.0,0.0
1736847131.4541693,0.0,1.5708,1.20228,-0.0,-0.0,0.0
1736847131.455176,0.0,1.5708,1.20241,-0.0,-0.0,0.0
1736847131.4554434,0.0,1.5708,1.20256,-0.0,-0.0,0.0
1736847131.4554434,0.0,1.5708,1.2027,-0.0,-0.0,0.0
1736847131.4554434,0.0,1.5708,1.20283,-0.0,-0.0,0.0
1736847131.458278,0.0,1.5708,1.20295,-0.0,-0.0,0.0
1736847131.4592843,0.0,1.5708,1.20307,-0.0,-0.0,0.0
1736847131.4592843,0.0,1.5708,1.2032,-0.0,-0.0,0.0
1736847131.4602826,0.0,1.5708,1.20333,-0.0,-0.0,0.0
1736847131.4612834,0.0,1.5708,1.2035,-0.0,-0.0,0.0
1736847131.4626658,0.0,1.5708,1.20367,-0.0,-0.0,0.0
1736847131.463701,0.0,1.5708,1.20381,-0.0,-0.0,0.0
1736847131.4645157,0.0,1.5708,1.20394,-0.0,-0.0,0.0
1736847131.4655316,0.0,1.5708,1.20407,-0.0,-0.0,0.0
1736847131.4655316,0.0,1.5708,1.2042,-0.0,-0.0,0.0
1736847131.4672322,0.0,1.5708,1.20431,-0.0,-0.0,0.0
1736847131.4672322,0.0,1.5708,1.20444,-0.0,-0.0,0.0
1736847131.4682386,0.0,1.5708,1.20458,-0.0,-0.0,0.0
1736847131.469558,0.0,1.5708,1.20472,-0.0,-0.0,0.0
1736847131.4701595,0.0,1.5708,1.20488,-0.0,-0.0,0.0
1736847131.4711661,0.0,1.5708,1.20502,-0.0,-0.0,0.0
1736847131.4721642,0.0,1.5708,1.20514,-0.0,-0.0,0.0
1736847131.473169,0.0,1.5708,1.20526,-0.0,-0.0,0.0
1736847131.4741638,0.0,1.5708,1.2054,-0.0,-0.0,0.0
1736847131.4741638,0.0,1.5708,1.20552,-0.0,-0.0,0.0
1736847131.4751656,0.0,1.5708,1.20566,-0.0,-0.0,0.0
1736847131.476719,0.0,1.5708,1.20582,-0.0,-0.0,0.0
1736847131.477767,0.0,1.5708,1.20597,-0.0,-0.0,0.0
1736847131.477767,0.0,1.5708,1.20611,-0.0,-0.0,0.0
1736847131.4787667,0.0,1.5708,1.20623,-0.0,-0.0,0.0
1736847131.4797657,0.0,1.5708,1.20636,-0.0,-0.0,0.0
1736847131.4807756,0.0,1.5708,1.20648,-0.0,-0.0,0.0
1736847131.4817421,0.0,1.5708,1.20659,-0.0,-0.0,0.0
1736847131.4817421,0.0,1.5708,1.20672,-0.0,-0.0,0.0
1736847131.483421,0.0,1.5708,1.20686,-0.0,-0.0,0.0
1736847131.4843166,0.0,1.5708,1.20701,-0.0,-0.0,0.0
1736847131.4843166,0.0,1.5708,1.20714,-0.0,-0.0,0.0
1736847131.485329,0.0,1.5708,1.20726,-0.0,-0.0,0.0
1736847131.4863284,0.0,1.5708,1.20739,-0.0,-0.0,0.0
1736847131.4875164,0.0,1.5708,1.2075,-0.0,-0.0,0.0
1736847131.48761,0.0,1.5708,1.20763,-0.0,-0.0,0.0
1736847131.4886122,0.0,1.5708,1.20775,-0.0,-0.0,0.0
1736847131.4896111,0.0,1.5708,1.20788,-0.0,-0.0,0.0
1736847131.4906373,0.0,1.5708,1.20802,-0.0,-0.0,0.0
1736847131.4916527,0.0,1.5708,1.20817,-0.0,-0.0,0.0
1736847131.4921732,0.0,1.5708,1.2083,-0.0,-0.0,0.0
1736847131.4932513,0.0,1.5708,1.20843,-0.0,-0.0,0.0
1736847131.4932513,0.0,1.5708,1.20855,-0.0,-0.0,0.0
1736847131.4932513,0.0,1.5708,1.20867,-0.0,-0.0,0.0
1736847131.4957938,0.0,1.5708,1.20879,-0.0,-0.0,0.0
1736847131.4957938,0.0,1.5708,1.20894,-0.0,-0.0,0.0
1736847131.4970746,0.0,1.5708,1.2091,-0.0,-0.0,0.0
1736847131.4983835,0.0,1.5708,1.20927,-0.0,-0.0,0.0
1736847131.4994013,0.0,1.5708,1.2094,-0.0,-0.0,0.0
1736847131.5003889,0.0,1.5708,1.20952,-0.0,-0.0,0.0
1736847131.5010803,0.0,1.5708,1.20964,-0.0,-0.0,0.0
1736847131.5010803,0.0,1.5708,1.20976,-0.0,-0.0,0.0
1736847131.5020921,0.0,1.5708,1.20988,-0.0,-0.0,0.0
1736847131.5030923,0.0,1.5708,1.21001,-0.0,-0.0,0.0
1736847131.5042968,0.0,1.5708,1.21016,-0.0,-0.0,0.0
1736847131.505312,0.0,1.5708,1.21031,-0.0,-0.0,0.0
1736847131.5063088,0.0,1.5708,1.21052,-0.0,-0.0,0.0
1736847131.5073197,0.0,1.5708,1.21066,-0.0,-0.0,0.0
1736847131.508298,0.0,1.5708,1.21077,-0.0,-0.0,0.0
1736847131.508298,0.0,1.5708,1.21089,-0.0,-0.0,0.0
1736847131.5096653,0.0,1.5708,1.21102,-0.0,-0.0,0.0
1736847131.510677,0.0,1.5708,1.21115,-0.0,-0.0,0.0
1736847131.5114155,0.0,1.5708,1.21131,-0.0,-0.0,0.0
1736847131.5124676,0.0,1.5708,1.21145,-0.0,-0.0,0.0
1736847131.513456,0.0,1.5708,1.21157,-0.0,-0.0,0.0
1736847131.513456,0.0,1.5708,1.2117,-0.0,-0.0,0.0
1736847131.5144553,0.0,1.5708,1.21182,-0.0,-0.0,0.0
1736847131.5157518,0.0,1.5708,1.21194,-0.0,-0.0,0.0
1736847131.5157518,0.0,1.5708,1.21207,-0.0,-0.0,0.0
1736847131.5167534,0.0,1.5708,1.21221,-0.0,-0.0,0.0
1736847131.5181885,0.0,1.5708,1.21235,-0.0,-0.0,0.0
1736847131.519235,0.0,1.5708,1.21249,-0.0,-0.0,0.0
1736847131.519235,0.0,1.5708,1.21263,-0.0,-0.0,0.0
1736847131.520437,0.0,1.5708,1.21276,-0.0,-0.0,0.0
1736847131.520437,0.0,1.5708,1.21288,-0.0,-0.0,0.0
1736847131.520437,0.0,1.5708,1.21301,-0.0,-0.0,0.0
1736847131.520437,0.0,1.5708,1.21313,-0.0,-0.0,0.0
1736847131.5235593,0.0,1.5708,1.21324,-0.0,-0.0,0.0
1736847131.5247004,0.0,1.5708,1.21337,-0.0,-0.0,0.0
1736847131.5247004,0.0,1.5708,1.21351,-0.0,-0.0,0.0
1736847131.5247004,0.0,1.5708,1.21365,-0.0,-0.0,0.0
1736847131.5247004,0.0,1.5708,1.21381,-0.0,-0.0,0.0
1736847131.5247004,0.0,1.5708,1.21398,-0.0,-0.0,0.0
1736847131.5247004,0.0,1.5708,1.21414,-0.0,-0.0,0.0
1736847131.5247004,0.0,1.5708,1.21431,-0.0,-0.0,0.0
1736847131.5247004,0.0,1.5708,1.21448,-0.0,-0.0,0.0
1736847131.5326247,0.0,1.5708,1.21464,-0.0,-0.0,0.0
1736847131.5335171,0.0,1.5708,1.21484,-0.0,-0.0,0.0
1736847131.5335171,0.0,1.5708,1.21504,-0.0,-0.0,0.0
1736847131.5335171,0.0,1.5708,1.21524,-0.0,-0.0,0.0
1736847131.5375285,0.0,1.5708,1.21539,-0.0,-0.0,0.0
1736847131.5385404,0.0,1.5708,1.21558,-0.0,-0.0,0.0
1736847131.5400438,0.0,1.5708,1.21577,-0.0,-0.0,0.0
1736847131.5400438,0.0,1.5708,1.21598,-0.0,-0.0,0.0
1736847131.5400438,0.0,1.5708,1.21621,-0.0,-0.0,0.0
1736847131.5400438,0.0,1.5708,1.21638,-0.0,-0.0,0.0
1736847131.54448,0.0,1.5708,1.21653,-0.0,-0.0,0.0
1736847131.5454934,0.0,1.5708,1.2167,-0.0,-0.0,0.0
1736847131.54677,0.0,1.5708,1.2169,-0.0,-0.0,0.0
1736847131.54677,0.0,1.5708,1.21708,-0.0,-0.0,0.0
1736847131.54677,0.0,1.5708,1.21727,-0.0,-0.0,0.0
1736847131.54677,0.0,1.5708,1.21743,-0.0,-0.0,0.0
1736847131.5514216,0.0,1.5708,1.21758,-0.0,-0.0,0.0
1736847131.5524333,0.0,1.5708,1.21775,-0.0,-0.0,0.0
1736847131.5533905,0.0,1.5708,1.21795,-0.0,-0.0,0.0
1736847131.5533905,0.0,1.5708,1.21816,-0.0,-0.0,0.0
1736847131.5533905,0.0,1.5708,1.21835,-0.0,-0.0,0.0
1736847131.5533905,0.0,1.5708,1.21854,-0.0,-0.0,0.0
1736847131.5584242,0.0,1.5708,1.21874,-0.0,-0.0,0.0
1736847131.5594313,0.0,1.5708,1.21888,-0.0,-0.0,0.0
1736847131.5604298,0.0,1.5708,1.21902,-0.0,-0.0,0.0
1736847131.5614328,0.0,1.5708,1.21915,-0.0,-0.0,0.0
1736847131.5624309,0.0,1.5708,1.21931,-0.0,-0.0,0.0
1736847131.5634356,0.0,1.5708,1.21947,-0.0,-0.0,0.0
1736847131.5643075,0.0,1.5708,1.21963,-0.0,-0.0,0.0
1736847131.5653133,0.0,1.5708,1.2198,-0.0,-0.0,0.0
1736847131.5673234,0.0,1.5708,1.22001,-0.0,-0.0,0.0
1736847131.5683212,0.0,1.5708,1.22021,-0.0,-0.0,0.0
1736847131.569643,0.0,1.5708,1.22041,-0.0,-0.0,0.0
1736847131.5706713,0.0,1.5708,1.2206,-0.0,-0.0,0.0
1736847131.571653,0.0,1.5708,1.22072,-0.0,-0.0,0.0
1736847131.5721595,0.0,1.5708,1.22085,-0.0,-0.0,0.0
1736847131.5731716,0.0,1.5708,1.22098,-0.0,-0.0,0.0
1736847131.5734024,0.0,1.5708,1.22113,-0.0,-0.0,0.0
1736847131.5734024,0.0,1.5708,1.22126,-0.0,-0.0,0.0
1736847131.5757413,0.0,1.5708,1.22138,-0.0,-0.0,0.0
1736847131.5757413,0.0,1.5708,1.2215,-0.0,-0.0,0.0
1736847131.5767524,0.0,1.5708,1.22162,-0.0,-0.0,0.0
1736847131.57775,0.0,1.5708,1.22174,-0.0,-0.0,0.0
1736847131.5787616,0.0,1.5708,1.22186,-0.0,-0.0,0.0
1736847131.5787616,0.0,1.5708,1.22197,-0.0,-0.0,0.0
1736847131.5803668,0.0,1.5708,1.2221,-0.0,-0.0,0.0
1736847131.5811791,0.0,1.5708,1.22225,-0.0,-0.0,0.0
1736847131.5821848,0.0,1.5708,1.22239,-0.0,-0.0,0.0
1736847131.5821848,0.0,1.5708,1.2225,-0.0,-0.0,0.0
1736847131.5831838,0.0,1.5708,1.22262,-0.0,-0.0,0.0
1736847131.5841832,0.0,1.5708,1.22274,-0.0,-0.0,0.0
1736847131.5851827,0.0,1.5708,1.22285,-0.0,-0.0,0.0
1736847131.5851827,0.0,1.5708,1.22297,-0.0,-0.0,0.0
1736847131.586183,0.0,1.5708,1.22311,-0.0,-0.0,0.0
1736847131.587755,0.0,1.5708,1.22326,-0.0,-0.0,0.0
1736847131.587755,0.0,1.5708,1.2234,-0.0,-0.0,0.0
1736847131.5887985,0.0,1.5708,1.22353,-0.0,-0.0,0.0
1736847131.5897965,0.0,1.5708,1.22365,-0.0,-0.0,0.0
1736847131.5907962,0.0,1.5708,1.22377,-0.0,-0.0,0.0
1736847131.5917964,0.0,1.5708,1.22388,-0.0,-0.0,0.0
1736847131.5920453,0.0,1.5708,1.224,-0.0,-0.0,0.0
1736847131.5929902,0.0,1.5708,1.22412,-0.0,-0.0,0.0
1736847131.5941358,0.0,1.5708,1.22425,-0.0,-0.0,0.0
1736847131.5941358,0.0,1.5708,1.2244,-0.0,-0.0,0.0
1736847131.5941358,0.0,1.5708,1.22454,-0.0,-0.0,0.0
1736847131.5941358,0.0,1.5708,1.22466,-0.0,-0.0,0.0
1736847131.597391,0.0,1.5708,1.22478,-0.0,-0.0,0.0
1736847131.5981417,0.0,1.5708,1.2249,-0.0,-0.0,0.0
1736847131.5989156,0.0,1.5708,1.22502,-0.0,-0.0,0.0
1736847131.5989156,0.0,1.5708,1.22514,-0.0,-0.0,0.0
1736847131.599928,0.0,1.5708,1.22526,-0.0,-0.0,0.0
1736847131.6012895,0.0,1.5708,1.22539,-0.0,-0.0,0.0
1736847131.6016426,0.0,1.5708,1.22553,-0.0,-0.0,0.0
1736847131.60269,0.0,1.5708,1.22566,-0.0,-0.0,0.0
1736847131.6039362,0.0,1.5708,1.22579,-0.0,-0.0,0.0
1736847131.6039362,0.0,1.5708,1.22592,-0.0,-0.0,0.0
1736847131.6049383,0.0,1.5708,1.22605,-0.0,-0.0,0.0
1736847131.6059363,0.0,1.5708,1.22616,-0.0,-0.0,0.0
1736847131.6069362,0.0,1.5708,1.22628,-0.0,-0.0,0.0
1736847131.6069362,0.0,1.5708,1.2264,-0.0,-0.0,0.0
1736847131.6084585,0.0,1.5708,1.22654,-0.0,-0.0,0.0
1736847131.6096659,0.0,1.5708,1.22668,-0.0,-0.0,0.0
1736847131.6096659,0.0,1.5708,1.22682,-0.0,-0.0,0.0
1736847131.6106682,0.0,1.5708,1.22696,-0.0,-0.0,0.0
1736847131.6116667,0.0,1.5708,1.22707,-0.0,-0.0,0.0
1736847131.6126761,0.0,1.5708,1.22719,-0.0,-0.0,0.0
1736847131.6126761,0.0,1.5708,1.2273,-0.0,-0.0,0.0
1736847131.6136675,0.0,1.5708,1.22742,-0.0,-0.0,0.0
1736847131.615033,0.0,1.5708,1.22754,-0.0,-0.0,0.0
1736847131.6159122,0.0,1.5708,1.22769,-0.0,-0.0,0.0
1736847131.6167767,0.0,1.5708,1.22783,-0.0,-0.0,0.0
1736847131.617644,0.0,1.5708,1.22795,-0.0,-0.0,0.0
1736847131.617644,0.0,1.5708,1.22807,-0.0,-0.0,0.0
1736847131.618659,0.0,1.5708,1.22819,-0.0,-0.0,0.0
1736847131.619657,0.0,1.5708,1.22831,-0.0,-0.0,0.0
1736847131.6207867,0.0,1.5708,1.22843,-0.0,-0.0,0.0
1736847131.6207867,0.0,1.5708,1.22856,-0.0,-0.0,0.0
1736847131.6224606,0.0,1.5708,1.22871,-0.0,-0.0,0.0
1736847131.6224606,0.0,1.5708,1.22885,-0.0,-0.0,0.0
1736847131.6235101,0.0,1.5708,1.22898,-0.0,-0.0,0.0
1736847131.624509,0.0,1.5708,1.2291,-0.0,-0.0,0.0
1736847131.6255195,0.0,1.5708,1.22922,-0.0,-0.0,0.0
1736847131.6255195,0.0,1.5708,1.22933,-0.0,-0.0,0.0
1736847131.6265085,0.0,1.5708,1.22944,-0.0,-0.0,0.0
1736847131.6277175,0.0,1.5708,1.22956,-0.0,-0.0,0.0
1736847131.6287236,0.0,1.5708,1.22969,-0.0,-0.0,0.0
1736847131.62941,0.0,1.5708,1.22985,-0.0,-0.0,0.0
1736847131.6304667,0.0,1.5708,1.22998,-0.0,-0.0,0.0
1736847131.6304667,0.0,1.5708,1.2301,-0.0,-0.0,0.0
1736847131.6314523,0.0,1.5708,1.23022,-0.0,-0.0,0.0
1736847131.6324527,0.0,1.5708,1.23034,-0.0,-0.0,0.0
1736847131.6336267,0.0,1.5708,1.23045,-0.0,-0.0,0.0
1736847131.6342835,0.0,1.5708,1.23058,-0.0,-0.0,0.0
1736847131.6342835,0.0,1.5708,1.2307,-0.0,-0.0,0.0
1736847131.635296,0.0,1.5708,1.23083,-0.0,-0.0,0.0
1736847131.6367283,0.0,1.5708,1.23097,-0.0,-0.0,0.0
1736847131.6375518,0.0,1.5708,1.23109,-0.0,-0.0,0.0
1736847131.6382346,0.0,1.5708,1.23122,-0.0,-0.0,0.0
1736847131.6392407,0.0,1.5708,1.23133,-0.0,-0.0,0.0
1736847131.6392407,0.0,1.5708,1.23145,-0.0,-0.0,0.0
1736847131.6392407,0.0,1.5708,1.23157,-0.0,-0.0,0.0
1736847131.6392407,0.0,1.5708,1.23168,-0.0,-0.0,0.0
1736847131.6416261,0.0,1.5708,1.23181,-0.0,-0.0,0.0
1736847131.6427822,0.0,1.5708,1.23193,-0.0,-0.0,0.0
1736847131.6433468,0.0,1.5708,1.23207,-0.0,-0.0,0.0
1736847131.644353,0.0,1.5708,1.23219,-0.0,-0.0,0.0
1736847131.6453605,0.0,1.5708,1.23232,-0.0,-0.0,0.0
1736847131.6453605,0.0,1.5708,1.23244,-0.0,-0.0,0.0
1736847131.6463532,0.0,1.5708,1.23255,-0.0,-0.0,0.0
1736847131.6473508,0.0,1.5708,1.23267,-0.0,-0.0,0.0
1736847131.648154,0.0,1.5708,1.23279,-0.0,-0.0,0.0
1736847131.649165,0.0,1.5708,1.23292,-0.0,-0.0,0.0
1736847131.6498663,0.0,1.5708,1.23307,-0.0,-0.0,0.0
1736847131.6498663,0.0,1.5708,1.2332,-0.0,-0.0,0.0
1736847131.6498663,0.0,1.5708,1.23333,-0.0,-0.0,0.0
1736847131.6498663,0.0,1.5708,1.23344,-0.0,-0.0,0.0
1736847131.6531053,0.0,1.5708,1.23356,-0.0,-0.0,0.0
1736847131.6541114,0.0,1.5708,1.23368,-0.0,-0.0,0.0
1736847131.6548922,0.0,1.5708,1.23379,-0.0,-0.0,0.0
1736847131.65537,0.0,1.5708,1.23391,-0.0,-0.0,0.0
1736847131.656376,0.0,1.5708,1.23403,-0.0,-0.0,0.0
1736847131.6572278,0.0,1.5708,1.23418,-0.0,-0.0,0.0
1736847131.6582787,0.0,1.5708,1.23432,-0.0,-0.0,0.0
1736847131.6588118,0.0,1.5708,1.23445,-0.0,-0.0,0.0
1736847131.6598167,0.0,1.5708,1.23458,-0.0,-0.0,0.0
1736847131.6598167,0.0,1.5708,1.2347,-0.0,-0.0,0.0
1736847131.6608164,0.0,1.5708,1.23482,-0.0,-0.0,0.0
1736847131.6618161,0.0,1.5708,1.23494,-0.0,-0.0,0.0
1736847131.6628168,0.0,1.5708,1.23505,-0.0,-0.0,0.0
1736847131.663688,0.0,1.5708,1.23517,-0.0,-0.0,0.0
1736847131.6645963,0.0,1.5708,1.23532,-0.0,-0.0,0.0
1736847131.6645963,0.0,1.5708,1.23546,-0.0,-0.0,0.0
1736847131.665598,0.0,1.5708,1.23558,-0.0,-0.0,0.0
1736847131.6665967,0.0,1.5708,1.2357,-0.0,-0.0,0.0
1736847131.6676066,0.0,1.5708,1.23582,-0.0,-0.0,0.0
1736847131.6676066,0.0,1.5708,1.23593,-0.0,-0.0,0.0
1736847131.6685975,0.0,1.5708,1.23605,-0.0,-0.0,0.0
1736847131.669597,0.0,1.5708,1.23617,-0.0,-0.0,0.0
1736847131.6705976,0.0,1.5708,1.23629,-0.0,-0.0,0.0
1736847131.671515,0.0,1.5708,1.23643,-0.0,-0.0,0.0
1736847131.6723578,0.0,1.5708,1.23656,-0.0,-0.0,0.0
1736847131.6731827,0.0,1.5708,1.23669,-0.0,-0.0,0.0
1736847131.6731827,0.0,1.5708,1.23681,-0.0,-0.0,0.0
1736847131.674194,0.0,1.5708,1.23693,-0.0,-0.0,0.0
1736847131.6751926,0.0,1.5708,1.23704,-0.0,-0.0,0.0
1736847131.6763294,0.0,1.5708,1.23716,-0.0,-0.0,0.0
1736847131.6763294,0.0,1.5708,1.2373,-0.0,-0.0,0.0
1736847131.6778312,0.0,1.5708,1.23744,-0.0,-0.0,0.0
1736847131.6783712,0.0,1.5708,1.23757,-0.0,-0.0,0.0
1736847131.6793754,0.0,1.5708,1.2377,-0.0,-0.0,0.0
1736847131.6803849,0.0,1.5708,1.23783,-0.0,-0.0,0.0
1736847131.6807785,0.0,1.5708,1.23794,-0.0,-0.0,0.0
1736847131.6807785,0.0,1.5708,1.23807,-0.0,-0.0,0.0
1736847131.6807785,0.0,1.5708,1.23819,-0.0,-0.0,0.0
1736847131.6832652,0.0,1.5708,1.23831,-0.0,-0.0,0.0
1736847131.684471,0.0,1.5708,1.23843,-0.0,-0.0,0.0
1736847131.684471,0.0,1.5708,1.23859,-0.0,-0.0,0.0
1736847131.684471,0.0,1.5708,1.23873,-0.0,-0.0,0.0
1736847131.6870902,0.0,1.5708,1.23889,-0.0,-0.0,0.0
1736847131.688106,0.0,1.5708,1.23903,-0.0,-0.0,0.0
1736847131.688106,0.0,1.5708,1.23915,-0.0,-0.0,0.0
1736847131.6897242,0.0,1.5708,1.23927,-0.0,-0.0,0.0
1736847131.6897242,0.0,1.5708,1.23939,-0.0,-0.0,0.0
1736847131.690731,0.0,1.5708,1.2395,-0.0,-0.0,0.0
1736847131.6921582,0.0,1.5708,1.23965,-0.0,-0.0,0.0
1736847131.6927638,0.0,1.5708,1.23981,-0.0,-0.0,0.0
1736847131.6937654,0.0,1.5708,1.23995,-0.0,-0.0,0.0
1736847131.6947646,0.0,1.5708,1.24007,-0.0,-0.0,0.0
1736847131.6947646,0.0,1.5708,1.24018,-0.0,-0.0,0.0
1736847131.6957643,0.0,1.5708,1.2403,-0.0,-0.0,0.0
1736847131.6967642,0.0,1.5708,1.24042,-0.0,-0.0,0.0
1736847131.6977654,0.0,1.5708,1.24055,-0.0,-0.0,0.0
1736847131.6989038,0.0,1.5708,1.24069,-0.0,-0.0,0.0
1736847131.6990433,0.0,1.5708,1.24087,-0.0,-0.0,0.0
1736847131.7000487,0.0,1.5708,1.24101,-0.0,-0.0,0.0
1736847131.7010453,0.0,1.5708,1.24113,-0.0,-0.0,0.0
1736847131.7020535,0.0,1.5708,1.24125,-0.0,-0.0,0.0
1736847131.7030442,0.0,1.5708,1.24137,-0.0,-0.0,0.0
1736847131.7036364,0.0,1.5708,1.24148,-0.0,-0.0,0.0
1736847131.7036364,0.0,1.5708,1.2416,-0.0,-0.0,0.0
1736847131.7054605,0.0,1.5708,1.24173,-0.0,-0.0,0.0
1736847131.7054605,0.0,1.5708,1.24187,-0.0,-0.0,0.0
1736847131.7054605,0.0,1.5708,1.242,-0.0,-0.0,0.0
1736847131.7054605,0.0,1.5708,1.24212,-0.0,-0.0,0.0
1736847131.7085238,0.0,1.5708,1.24224,-0.0,-0.0,0.0
1736847131.7092772,0.0,1.5708,1.24236,-0.0,-0.0,0.0
1736847131.710066,0.0,1.5708,1.24248,-0.0,-0.0,0.0
1736847131.710066,0.0,1.5708,1.2426,-0.0,-0.0,0.0
1736847131.7110765,0.0,1.5708,1.24274,-0.0,-0.0,0.0
1736847131.7126489,0.0,1.5708,1.24287,-0.0,-0.0,0.0
1736847131.7126489,0.0,1.5708,1.24301,-0.0,-0.0,0.0
1736847131.7142026,0.0,1.5708,1.24314,-0.0,-0.0,0.0
1736847131.7152069,0.0,1.5708,1.24327,-0.0,-0.0,0.0
1736847131.7162066,0.0,1.5708,1.24341,-0.0,-0.0,0.0
1736847131.7162066,0.0,1.5708,1.24355,-0.0,-0.0,0.0
1736847131.7172065,0.0,1.5708,1.24367,-0.0,-0.0,0.0
1736847131.718208,0.0,1.5708,1.24378,-0.0,-0.0,0.0
1736847131.7192073,0.0,1.5708,1.24391,-0.0,-0.0,0.0
1736847131.7199812,0.0,1.5708,1.24407,-0.0,-0.0,0.0
1736847131.7210038,0.0,1.5708,1.24422,-0.0,-0.0,0.0
1736847131.7219877,0.0,1.5708,1.24433,-0.0,-0.0,0.0
1736847131.7219877,0.0,1.5708,1.24445,-0.0,-0.0,0.0
1736847131.722986,0.0,1.5708,1.24457,-0.0,-0.0,0.0
1736847131.7240033,0.0,1.5708,1.24468,-0.0,-0.0,0.0
1736847131.724986,0.0,1.5708,1.2448,-0.0,-0.0,0.0
1736847131.7259884,0.0,1.5708,1.24494,-0.0,-0.0,0.0
1736847131.7266276,0.0,1.5708,1.24511,-0.0,-0.0,0.0
1736847131.7276614,0.0,1.5708,1.24525,-0.0,-0.0,0.0
1736847131.7285812,0.0,1.5708,1.24538,-0.0,-0.0,0.0
1736847131.7285812,0.0,1.5708,1.2455,-0.0,-0.0,0.0
1736847131.7295961,0.0,1.5708,1.24562,-0.0,-0.0,0.0
1736847131.7305927,0.0,1.5708,1.24575,-0.0,-0.0,0.0
1736847131.731761,0.0,1.5708,1.24586,-0.0,-0.0,0.0
1736847131.731761,0.0,1.5708,1.24599,-0.0,-0.0,0.0
1736847131.733408,0.0,1.5708,1.24614,-0.0,-0.0,0.0
1736847131.733408,0.0,1.5708,1.24627,-0.0,-0.0,0.0
1736847131.7344496,0.0,1.5708,1.2464,-0.0,-0.0,0.0
1736847131.7354493,0.0,1.5708,1.24652,-0.0,-0.0,0.0
1736847131.7364213,0.0,1.5708,1.24663,-0.0,-0.0,0.0
1736847131.7364213,0.0,1.5708,1.24675,-0.0,-0.0,0.0
1736847131.7374253,0.0,1.5708,1.24688,-0.0,-0.0,0.0
1736847131.738852,0.0,1.5708,1.247,-0.0,-0.0,0.0
1736847131.738852,0.0,1.5708,1.24713,-0.0,-0.0,0.0
1736847131.7400475,0.0,1.5708,1.24727,-0.0,-0.0,0.0
1736847131.7400475,0.0,1.5708,1.2474,-0.0,-0.0,0.0
1736847131.7420437,0.0,1.5708,1.24753,-0.0,-0.0,0.0
1736847131.7430494,0.0,1.5708,1.24765,-0.0,-0.0,0.0
1736847131.7430494,0.0,1.5708,1.24777,-0.0,-0.0,0.0
1736847131.7440488,0.0,1.5708,1.24789,-0.0,-0.0,0.0
1736847131.7451935,0.0,1.5708,1.248,-0.0,-0.0,0.0
1736847131.7456458,0.0,1.5708,1.24811,-0.0,-0.0,0.0
1736847131.7456458,0.0,1.5708,1.24823,-0.0,-0.0,0.0
1736847131.747818,0.0,1.5708,1.24839,-0.0,-0.0,0.0
1736847131.7488184,0.0,1.5708,1.24857,-0.0,-0.0,0.0
1736847131.7488184,0.0,1.5708,1.2487,-0.0,-0.0,0.0
1736847131.7498205,0.0,1.5708,1.24881,-0.0,-0.0,0.0
1736847131.7508183,0.0,1.5708,1.24892,-0.0,-0.0,0.0
1736847131.7514431,0.0,1.5708,1.24905,-0.0,-0.0,0.0
1736847131.7528229,0.0,1.5708,1.24917,-0.0,-0.0,0.0
1736847131.7528229,0.0,1.5708,1.2493,-0.0,-0.0,0.0
1736847131.7545886,0.0,1.5708,1.24944,-0.0,-0.0,0.0
1736847131.7545886,0.0,1.5708,1.24959,-0.0,-0.0,0.0
1736847131.7556403,0.0,1.5708,1.24973,-0.0,-0.0,0.0
1736847131.756638,0.0,1.5708,1.24986,-0.0,-0.0,0.0
1736847131.7576475,0.0,1.5708,1.24997,-0.0,-0.0,0.0
1736847131.758639,0.0,1.5708,1.25009,-0.0,-0.0,0.0
1736847131.7594178,0.0,1.5708,1.2502,-0.0,-0.0,0.0
1736847131.7594874,0.0,1.5708,1.25034,-0.0,-0.0,0.0
1736847131.7608693,0.0,1.5708,1.25048,-0.0,-0.0,0.0
1736847131.7612195,0.0,1.5708,1.25062,-0.0,-0.0,0.0
1736847131.7622693,0.0,1.5708,1.25076,-0.0,-0.0,0.0
1736847131.7632656,0.0,1.5708,1.25087,-0.0,-0.0,0.0
1736847131.7640915,0.0,1.5708,1.25099,-0.0,-0.0,0.0
1736847131.7650957,0.0,1.5708,1.25111,-0.0,-0.0,0.0
1736847131.7650957,0.0,1.5708,1.25124,-0.0,-0.0,0.0
1736847131.766623,0.0,1.5708,1.25137,-0.0,-0.0,0.0
1736847131.766623,0.0,1.5708,1.25149,-0.0,-0.0,0.0
1736847131.7678158,0.0,1.5708,1.25164,-0.0,-0.0,0.0
1736847131.769202,0.0,1.5708,1.25177,-0.0,-0.0,0.0
1736847131.7700467,0.0,1.5708,1.2519,-0.0,-0.0,0.0
1736847131.7708206,0.0,1.5708,1.25202,-0.0,-0.0,0.0
1736847131.7715957,0.0,1.5708,1.25215,-0.0,-0.0,0.0
1736847131.7715957,0.0,1.5708,1.25226,-0.0,-0.0,0.0
1736847131.7726061,0.0,1.5708,1.25238,-0.0,-0.0,0.0
1736847131.773607,0.0,1.5708,1.2525,-0.0,-0.0,0.0
1736847131.774736,0.0,1.5708,1.25263,-0.0,-0.0,0.0
1736847131.7756333,0.0,1.5708,1.25278,-0.0,-0.0,0.0
1736847131.7766385,0.0,1.5708,1.25292,-0.0,-0.0,0.0
1736847131.7766385,0.0,1.5708,1.25303,-0.0,-0.0,0.0
1736847131.777637,0.0,1.5708,1.25315,-0.0,-0.0,0.0
1736847131.7786467,0.0,1.5708,1.25327,-0.0,-0.0,0.0
1736847131.7786467,0.0,1.5708,1.25338,-0.0,-0.0,0.0
1736847131.780322,0.0,1.5708,1.2535,-0.0,-0.0,0.0
1736847131.780492,0.0,1.5708,1.25363,-0.0,-0.0,0.0
1736847131.7820277,0.0,1.5708,1.25376,-0.0,-0.0,0.0
1736847131.7820277,0.0,1.5708,1.25389,-0.0,-0.0,0.0
1736847131.7830718,0.0,1.5708,1.25402,-0.0,-0.0,0.0
1736847131.7840695,0.0,1.5708,1.25413,-0.0,-0.0,0.0
1736847131.7850704,0.0,1.5708,1.25425,-0.0,-0.0,0.0
1736847131.785867,0.0,1.5708,1.25437,-0.0,-0.0,0.0
1736847131.78604,0.0,1.5708,1.2545,-0.0,-0.0,0.0
1736847131.7870407,0.0,1.5708,1.25462,-0.0,-0.0,0.0
1736847131.7880511,0.0,1.5708,1.25475,-0.0,-0.0,0.0
1736847131.7892988,0.0,1.5708,1.2549,-0.0,-0.0,0.0
1736847131.7900443,0.0,1.5708,1.25505,-0.0,-0.0,0.0
1736847131.79105,0.0,1.5708,1.25518,-0.0,-0.0,0.0
1736847131.791856,0.0,1.5708,1.25531,-0.0,-0.0,0.0
1736847131.7921007,0.0,1.5708,1.25544,-0.0,-0.0,0.0
1736847131.7931054,0.0,1.5708,1.25556,-0.0,-0.0,0.0
1736847131.794107,0.0,1.5708,1.25568,-0.0,-0.0,0.0
1736847131.794107,0.0,1.5708,1.25579,-0.0,-0.0,0.0
1736847131.7958395,0.0,1.5708,1.25593,-0.0,-0.0,0.0
1736847131.7958395,0.0,1.5708,1.25608,-0.0,-0.0,0.0
1736847131.7973573,0.0,1.5708,1.25621,-0.0,-0.0,0.0
1736847131.798357,0.0,1.5708,1.25634,-0.0,-0.0,0.0
1736847131.798357,0.0,1.5708,1.25646,-0.0,-0.0,0.0
1736847131.799357,0.0,1.5708,1.25658,-0.0,-0.0,0.0
1736847131.8003566,0.0,1.5708,1.25669,-0.0,-0.0,0.0
1736847131.8013563,0.0,1.5708,1.25681,-0.0,-0.0,0.0
1736847131.8013563,0.0,1.5708,1.25693,-0.0,-0.0,0.0
1736847131.8025763,0.0,1.5708,1.25708,-0.0,-0.0,0.0
1736847131.8032165,0.0,1.5708,1.25723,-0.0,-0.0,0.0
1736847131.8042235,0.0,1.5708,1.25735,-0.0,-0.0,0.0
1736847131.805221,0.0,1.5708,1.25746,-0.0,-0.0,0.0
1736847131.80622,0.0,1.5708,1.25758,-0.0,-0.0,0.0
1736847131.80622,0.0,1.5708,1.2577,-0.0,-0.0,0.0
1736847131.8072212,0.0,1.5708,1.25781,-0.0,-0.0,0.0
1736847131.8082511,0.0,1.5708,1.25793,-0.0,-0.0,0.0
1736847131.8092575,0.0,1.5708,1.25807,-0.0,-0.0,0.0
1736847131.8096933,0.0,1.5708,1.25822,-0.0,-0.0,0.0
1736847131.8096933,0.0,1.5708,1.25836,-0.0,-0.0,0.0
1736847131.8096933,0.0,1.5708,1.25849,-0.0,-0.0,0.0
1736847131.8096933,0.0,1.5708,1.25861,-0.0,-0.0,0.0
1736847131.8096933,0.0,1.5708,1.25873,-0.0,-0.0,0.0
1736847131.8141956,0.0,1.5708,1.25884,-0.0,-0.0,0.0
1736847131.814952,0.0,1.5708,1.25896,-0.0,-0.0,0.0
1736847131.814952,0.0,1.5708,1.25908,-0.0,-0.0,0.0
1736847131.8166783,0.0,1.5708,1.25922,-0.0,-0.0,0.0
1736847131.8170798,0.0,1.5708,1.25936,-0.0,-0.0,0.0
1736847131.8180854,0.0,1.5708,1.25949,-0.0,-0.0,0.0
1736847131.81878,0.0,1.5708,1.25962,-0.0,-0.0,0.0
1736847131.81878,0.0,1.5708,1.25974,-0.0,-0.0,0.0
1736847131.81878,0.0,1.5708,1.25987,-0.0,-0.0,0.0
1736847131.81878,0.0,1.5708,1.25999,-0.0,-0.0,0.0
1736847131.8221798,0.0,1.5708,1.26011,-0.0,-0.0,0.0
1736847131.8231857,0.0,1.5708,1.26023,-0.0,-0.0,0.0
1736847131.8233454,0.0,1.5708,1.26039,-0.0,-0.0,0.0
1736847131.8248565,0.0,1.5708,1.26052,-0.0,-0.0,0.0
1736847131.825862,0.0,1.5708,1.26065,-0.0,-0.0,0.0
1736847131.825862,0.0,1.5708,1.26077,-0.0,-0.0,0.0
1736847131.8268614,0.0,1.5708,1.26089,-0.0,-0.0,0.0
1736847131.827861,0.0,1.5708,1.26101,-0.0,-0.0,0.0
1736847131.8288608,0.0,1.5708,1.26113,-0.0,-0.0,0.0
1736847131.8288608,0.0,1.5708,1.26124,-0.0,-0.0,0.0
1736847131.8303688,0.0,1.5708,1.26137,-0.0,-0.0,0.0
1736847131.8310182,0.0,1.5708,1.26154,-0.0,-0.0,0.0
1736847131.832019,0.0,1.5708,1.26168,-0.0,-0.0,0.0
1736847131.8331769,0.0,1.5708,1.2618,-0.0,-0.0,0.0
1736847131.8331769,0.0,1.5708,1.26192,-0.0,-0.0,0.0
1736847131.8341823,0.0,1.5708,1.26204,-0.0,-0.0,0.0
1736847131.8351996,0.0,1.5708,1.26215,-0.0,-0.0,0.0
1736847131.8361819,0.0,1.5708,1.26227,-0.0,-0.0,0.0
1736847131.8361819,0.0,1.5708,1.26239,-0.0,-0.0,0.0
1736847131.8379214,0.0,1.5708,1.26254,-0.0,-0.0,0.0
1736847131.8379214,0.0,1.5708,1.26269,-0.0,-0.0,0.0
1736847131.838927,0.0,1.5708,1.26283,-0.0,-0.0,0.0
1736847131.8399267,0.0,1.5708,1.26296,-0.0,-0.0,0.0
1736847131.8409255,0.0,1.5708,1.26307,-0.0,-0.0,0.0
1736847131.841928,0.0,1.5708,1.26319,-0.0,-0.0,0.0
1736847131.8428004,0.0,1.5708,1.26331,-0.0,-0.0,0.0
1736847131.8429537,0.0,1.5708,1.26344,-0.0,-0.0,0.0
1736847131.8445225,0.0,1.5708,1.26358,-0.0,-0.0,0.0
1736847131.8445225,0.0,1.5708,1.26372,-0.0,-0.0,0.0
1736847131.8455667,0.0,1.5708,1.26386,-0.0,-0.0,0.0
1736847131.846564,0.0,1.5708,1.26399,-0.0,-0.0,0.0
1736847131.8476098,0.0,1.5708,1.26411,-0.0,-0.0,0.0
1736847131.8486145,0.0,1.5708,1.26423,-0.0,-0.0,0.0
1736847131.8486145,0.0,1.5708,1.26436,-0.0,-0.0,0.0
1736847131.849939,0.0,1.5708,1.26448,-0.0,-0.0,0.0
1736847131.850946,0.0,1.5708,1.2646,-0.0,-0.0,0.0
1736847131.8511224,0.0,1.5708,1.26475,-0.0,-0.0,0.0
1736847131.8511224,0.0,1.5708,1.26488,-0.0,-0.0,0.0
1736847131.8534436,0.0,1.5708,1.265,-0.0,-0.0,0.0
1736847131.8543518,0.0,1.5708,1.26512,-0.0,-0.0,0.0
1736847131.8543518,0.0,1.5708,1.26525,-0.0,-0.0,0.0
1736847131.8553593,0.0,1.5708,1.26536,-0.0,-0.0,0.0
1736847131.8563566,0.0,1.5708,1.26548,-0.0,-0.0,0.0
1736847131.8573568,0.0,1.5708,1.26559,-0.0,-0.0,0.0
1736847131.8581054,0.0,1.5708,1.26573,-0.0,-0.0,0.0
1736847131.8591337,0.0,1.5708,1.26593,-0.0,-0.0,0.0
1736847131.8601367,0.0,1.5708,1.26607,-0.0,-0.0,0.0
1736847131.8611343,0.0,1.5708,1.26619,-0.0,-0.0,0.0
1736847131.8611343,0.0,1.5708,1.26632,-0.0,-0.0,0.0
1736847131.8621333,0.0,1.5708,1.26644,-0.0,-0.0,0.0
1736847131.8631341,0.0,1.5708,1.26656,-0.0,-0.0,0.0
1736847131.8641365,0.0,1.5708,1.26667,-0.0,-0.0,0.0
1736847131.8650157,0.0,1.5708,1.26679,-0.0,-0.0,0.0
1736847131.8656929,0.0,1.5708,1.26697,-0.0,-0.0,0.0
1736847131.8666992,0.0,1.5708,1.26713,-0.0,-0.0,0.0
1736847131.8677084,0.0,1.5708,1.26726,-0.0,-0.0,0.0
1736847131.868698,0.0,1.5708,1.26738,-0.0,-0.0,0.0
1736847131.868698,0.0,1.5708,1.26752,-0.0,-0.0,0.0
1736847131.8701103,0.0,1.5708,1.26766,-0.0,-0.0,0.0
1736847131.8711097,0.0,1.5708,1.26778,-0.0,-0.0,0.0
1736847131.8720732,0.0,1.5708,1.26791,-0.0,-0.0,0.0
1736847131.8720732,0.0,1.5708,1.26808,-0.0,-0.0,0.0
1736847131.8720732,0.0,1.5708,1.26823,-0.0,-0.0,0.0
1736847131.8720732,0.0,1.5708,1.26835,-0.0,-0.0,0.0
1736847131.8754997,0.0,1.5708,1.26847,-0.0,-0.0,0.0
1736847131.8764129,0.0,1.5708,1.26859,-0.0,-0.0,0.0
1736847131.8764129,0.0,1.5708,1.26871,-0.0,-0.0,0.0
1736847131.877418,0.0,1.5708,1.26883,-0.0,-0.0,0.0
1736847131.8784301,0.0,1.5708,1.26894,-0.0,-0.0,0.0
1736847131.8793387,0.0,1.5708,1.26908,-0.0,-0.0,0.0
1736847131.8803768,0.0,1.5708,1.26921,-0.0,-0.0,0.0
1736847131.8803768,0.0,1.5708,1.26935,-0.0,-0.0,0.0
1736847131.881686,0.0,1.5708,1.26947,-0.0,-0.0,0.0
1736847131.8826957,0.0,1.5708,1.26959,-0.0,-0.0,0.0
1736847131.971952,0.0,1.5708,1.28444,-0.0,-0.0,0.0
1736847131.971952,0.0,1.5708,1.28469,-0.0,-0.0,0.0
1736847131.971952,0.0,1.5708,1.28488,-0.0,-0.0,0.0
1736847131.971952,0.0,1.5708,1.28503,-0.0,-0.0,0.0
1736847131.971952,0.0,1.5708,1.28515,-0.0,-0.0,0.0
1736847131.971952,0.0,1.5708,1.28528,-0.0,-0.0,0.0
1736847131.9831836,0.0,1.5708,1.2854,-0.0,-0.0,0.0
1736847131.9842353,0.0,1.5708,1.28552,-0.0,-0.0,0.0
1736847131.9851182,0.0,1.5708,1.28568,-0.0,-0.0,0.0
1736847131.9859087,0.0,1.5708,1.28581,-0.0,-0.0,0.0
1736847131.9865618,0.0,1.5708,1.28594,-0.0,-0.0,0.0
1736847131.9875681,0.0,1.5708,1.28605,-0.0,-0.0,0.0
1736847131.9878542,0.0,1.5708,1.28618,-0.0,-0.0,0.0
1736847131.9888175,0.0,1.5708,1.2863,-0.0,-0.0,0.0
1736847131.9898229,0.0,1.5708,1.28642,-0.0,-0.0,0.0
1736847131.9900475,0.0,1.5708,1.28657,-0.0,-0.0,0.0
1736847131.9900475,0.0,1.5708,1.28671,-0.0,-0.0,0.0
1736847131.9900475,0.0,1.5708,1.28684,-0.0,-0.0,0.0
1736847131.993119,0.0,1.5708,1.28696,-0.0,-0.0,0.0
1736847131.9941251,0.0,1.5708,1.28708,-0.0,-0.0,0.0
1736847131.9941251,0.0,1.5708,1.2872,-0.0,-0.0,0.0
1736847131.9951236,0.0,1.5708,1.28732,-0.0,-0.0,0.0
1736847131.9961343,0.0,1.5708,1.28743,-0.0,-0.0,0.0
1736847131.996928,0.0,1.5708,1.28756,-0.0,-0.0,0.0
1736847131.9974174,0.0,1.5708,1.2877,-0.0,-0.0,0.0
1736847131.9989314,0.0,1.5708,1.28784,-0.0,-0.0,0.0
1736847131.9990294,0.0,1.5708,1.28797,-0.0,-0.0,0.0
1736847132.000031,0.0,1.5708,1.2881,-0.0,-0.0,0.0
1736847132.00103,0.0,1.5708,1.28822,-0.0,-0.0,0.0
1736847132.0020301,0.0,1.5708,1.28833,-0.0,-0.0,0.0
1736847132.0020301,0.0,1.5708,1.28845,-0.0,-0.0,0.0
1736847132.0030308,0.0,1.5708,1.28858,-0.0,-0.0,0.0
1736847132.0045626,0.0,1.5708,1.28872,-0.0,-0.0,0.0
1736847132.0053089,0.0,1.5708,1.28886,-0.0,-0.0,0.0
1736847132.0058036,0.0,1.5708,1.28899,-0.0,-0.0,0.0
1736847132.0068212,0.0,1.5708,1.2891,-0.0,-0.0,0.0
1736847132.0068212,0.0,1.5708,1.28921,-0.0,-0.0,0.0
1736847132.0078092,0.0,1.5708,1.28933,-0.0,-0.0,0.0
1736847132.0088084,0.0,1.5708,1.28945,-0.0,-0.0,0.0
1736847132.0098078,0.0,1.5708,1.28956,-0.0,-0.0,0.0
1736847132.010812,0.0,1.5708,1.2897,-0.0,-0.0,0.0
1736847132.0119448,0.0,1.5708,1.28986,-0.0,-0.0,0.0
1736847132.0123863,0.0,1.5708,1.29001,-0.0,-0.0,0.0
1736847132.0133884,0.0,1.5708,1.29015,-0.0,-0.0,0.0
1736847132.0143874,0.0,1.5708,1.29028,-0.0,-0.0,0.0
1736847132.0143874,0.0,1.5708,1.2904,-0.0,-0.0,0.0
1736847132.0153873,0.0,1.5708,1.29052,-0.0,-0.0,0.0
1736847132.0166364,0.0,1.5708,1.29064,-0.0,-0.0,0.0
1736847132.0176415,0.0,1.5708,1.29078,-0.0,-0.0,0.0
1736847132.0182912,0.0,1.5708,1.29092,-0.0,-0.0,0.0
1736847132.0193143,0.0,1.5708,1.29105,-0.0,-0.0,0.0
1736847132.0193143,0.0,1.5708,1.29118,-0.0,-0.0,0.0
1736847132.0202968,0.0,1.5708,1.2913,-0.0,-0.0,0.0
1736847132.021295,0.0,1.5708,1.29141,-0.0,-0.0,0.0
1736847132.0224576,0.0,1.5708,1.29153,-0.0,-0.0,0.0
1736847132.0230885,0.0,1.5708,1.29165,-0.0,-0.0,0.0
1736847132.0230885,0.0,1.5708,1.29177,-0.0,-0.0,0.0
1736847132.024099,0.0,1.5708,1.2919,-0.0,-0.0,0.0
1736847132.0250945,0.0,1.5708,1.29205,-0.0,-0.0,0.0
1736847132.0264094,0.0,1.5708,1.29218,-0.0,-0.0,0.0
1736847132.0270858,0.0,1.5708,1.2923,-0.0,-0.0,0.0
1736847132.0280907,0.0,1.5708,1.29242,-0.0,-0.0,0.0
1736847132.0280907,0.0,1.5708,1.29255,-0.0,-0.0,0.0
1736847132.0280907,0.0,1.5708,1.29267,-0.0,-0.0,0.0
1736847132.030508,0.0,1.5708,1.29279,-0.0,-0.0,0.0
1736847132.030508,0.0,1.5708,1.29292,-0.0,-0.0,0.0
1736847132.031677,0.0,1.5708,1.29305,-0.0,-0.0,0.0
1736847132.0322506,0.0,1.5708,1.2932,-0.0,-0.0,0.0
1736847132.033257,0.0,1.5708,1.29333,-0.0,-0.0,0.0
1736847132.034255,0.0,1.5708,1.29345,-0.0,-0.0,0.0
1736847132.0352647,0.0,1.5708,1.29357,-0.0,-0.0,0.0
1736847132.0352647,0.0,1.5708,1.29368,-0.0,-0.0,0.0
1736847132.036256,0.0,1.5708,1.2938,-0.0,-0.0,0.0
1736847132.0374346,0.0,1.5708,1.29392,-0.0,-0.0,0.0
1736847132.0384414,0.0,1.5708,1.29405,-0.0,-0.0,0.0
1736847132.038804,0.0,1.5708,1.29422,-0.0,-0.0,0.0
1736847132.038804,0.0,1.5708,1.29436,-0.0,-0.0,0.0
1736847132.038804,0.0,1.5708,1.29448,-0.0,-0.0,0.0
1736847132.038804,0.0,1.5708,1.2946,-0.0,-0.0,0.0
1736847132.038804,0.0,1.5708,1.29472,-0.0,-0.0,0.0
1736847132.043333,0.0,1.5708,1.29483,-0.0,-0.0,0.0
1736847132.044216,0.0,1.5708,1.29495,-0.0,-0.0,0.0
1736847132.044216,0.0,1.5708,1.29507,-0.0,-0.0,0.0
1736847132.045636,0.0,1.5708,1.2952,-0.0,-0.0,0.0
1736847132.0459588,0.0,1.5708,1.29533,-0.0,-0.0,0.0
1736847132.0470052,0.0,1.5708,1.29545,-0.0,-0.0,0.0
1736847132.048015,0.0,1.5708,1.29557,-0.0,-0.0,0.0
1736847132.0488706,0.0,1.5708,1.29568,-0.0,-0.0,0.0
1736847132.0489652,0.0,1.5708,1.29581,-0.0,-0.0,0.0
1736847132.049966,0.0,1.5708,1.29595,-0.0,-0.0,0.0
1736847132.0509658,0.0,1.5708,1.29608,-0.0,-0.0,0.0
1736847132.0519795,0.0,1.5708,1.2962,-0.0,-0.0,0.0
1736847132.0528407,0.0,1.5708,1.29633,-0.0,-0.0,0.0
1736847132.0536354,0.0,1.5708,1.29648,-0.0,-0.0,0.0
1736847132.0547333,0.0,1.5708,1.29661,-0.0,-0.0,0.0
1736847132.0547333,0.0,1.5708,1.29673,-0.0,-0.0,0.0
1736847132.0547333,0.0,1.5708,1.29685,-0.0,-0.0,0.0
1736847132.0547333,0.0,1.5708,1.29697,-0.0,-0.0,0.0
1736847132.0547333,0.0,1.5708,1.29709,-0.0,-0.0,0.0
1736847132.0582523,0.0,1.5708,1.2972,-0.0,-0.0,0.0
1736847132.0592573,0.0,1.5708,1.29732,-0.0,-0.0,0.0
1736847132.0602627,0.0,1.5708,1.29749,-0.0,-0.0,0.0
1736847132.0611575,0.0,1.5708,1.29763,-0.0,-0.0,0.0
1736847132.0620637,0.0,1.5708,1.29776,-0.0,-0.0,0.0
1736847132.0620637,0.0,1.5708,1.29788,-0.0,-0.0,0.0
1736847132.0630782,0.0,1.5708,1.298,-0.0,-0.0,0.0
1736847132.063881,0.0,1.5708,1.29812,-0.0,-0.0,0.0
1736847132.063881,0.0,1.5708,1.29824,-0.0,-0.0,0.0
1736847132.0652413,0.0,1.5708,1.29837,-0.0,-0.0,0.0
1736847132.0665262,0.0,1.5708,1.29851,-0.0,-0.0,0.0
1736847132.0665262,0.0,1.5708,1.29864,-0.0,-0.0,0.0
1736847132.0665262,0.0,1.5708,1.29877,-0.0,-0.0,0.0
1736847132.0690799,0.0,1.5708,1.2989,-0.0,-0.0,0.0
1736847132.0700865,0.0,1.5708,1.29902,-0.0,-0.0,0.0
1736847132.0700865,0.0,1.5708,1.29913,-0.0,-0.0,0.0
1736847132.0710862,0.0,1.5708,1.29925,-0.0,-0.0,0.0
1736847132.0720863,0.0,1.5708,1.29937,-0.0,-0.0,0.0
1736847132.0730917,0.0,1.5708,1.29949,-0.0,-0.0,0.0
1736847132.0739655,0.0,1.5708,1.29964,-0.0,-0.0,0.0
1736847132.0739655,0.0,1.5708,1.2998,-0.0,-0.0,0.0
1736847132.0739655,0.0,1.5708,1.29998,-0.0,-0.0,0.0
1736847132.0739655,0.0,1.5708,1.30013,-0.0,-0.0,0.0
1736847132.0739655,0.0,1.5708,1.30025,-0.0,-0.0,0.0
1736847132.0739655,0.0,1.5708,1.30037,-0.0,-0.0,0.0
1736847132.079099,0.0,1.5708,1.30049,-0.0,-0.0,0.0
1736847132.0801113,0.0,1.5708,1.30062,-0.0,-0.0,0.0
1736847132.0813513,0.0,1.5708,1.30078,-0.0,-0.0,0.0
1736847132.08214,0.0,1.5708,1.30091,-0.0,-0.0,0.0
1736847132.08214,0.0,1.5708,1.30103,-0.0,-0.0,0.0
1736847132.083153,0.0,1.5708,1.30115,-0.0,-0.0,0.0
1736847132.0839522,0.0,1.5708,1.30128,-0.0,-0.0,0.0
1736847132.0839522,0.0,1.5708,1.3014,-0.0,-0.0,0.0
1736847132.0860949,0.0,1.5708,1.30153,-0.0,-0.0,0.0
1736847132.0860949,0.0,1.5708,1.30166,-0.0,-0.0,0.0
1736847132.0872636,0.0,1.5708,1.3018,-0.0,-0.0,0.0
1736847132.0872636,0.0,1.5708,1.30194,-0.0,-0.0,0.0
1736847132.0892649,0.0,1.5708,1.30206,-0.0,-0.0,0.0
1736847132.0902803,0.0,1.5708,1.30219,-0.0,-0.0,0.0
1736847132.0902803,0.0,1.5708,1.30231,-0.0,-0.0,0.0
1736847132.0912695,0.0,1.5708,1.30243,-0.0,-0.0,0.0
1736847132.0922687,0.0,1.5708,1.30254,-0.0,-0.0,0.0
1736847132.0932696,0.0,1.5708,1.30266,-0.0,-0.0,0.0
1736847132.0942287,0.0,1.5708,1.30279,-0.0,-0.0,0.0
1736847132.0945997,0.0,1.5708,1.30295,-0.0,-0.0,0.0
1736847132.0961099,0.0,1.5708,1.3031,-0.0,-0.0,0.0
1736847132.0961099,0.0,1.5708,1.30323,-0.0,-0.0,0.0
1736847132.0971107,0.0,1.5708,1.30336,-0.0,-0.0,0.0
1736847132.0985966,0.0,1.5708,1.30349,-0.0,-0.0,0.0
1736847132.0985966,0.0,1.5708,1.30361,-0.0,-0.0,0.0
1736847132.0996022,0.0,1.5708,1.30373,-0.0,-0.0,0.0
1736847132.1006045,0.0,1.5708,1.30385,-0.0,-0.0,0.0
1736847132.1016605,0.0,1.5708,1.304,-0.0,-0.0,0.0
1736847132.1027107,0.0,1.5708,1.30414,-0.0,-0.0,0.0
1736847132.103709,0.0,1.5708,1.30429,-0.0,-0.0,0.0
1736847132.103709,0.0,1.5708,1.30441,-0.0,-0.0,0.0
1736847132.1047096,0.0,1.5708,1.30453,-0.0,-0.0,0.0
1736847132.1057098,0.0,1.5708,1.30465,-0.0,-0.0,0.0
1736847132.1067095,0.0,1.5708,1.30477,-0.0,-0.0,0.0
1736847132.1068969,0.0,1.5708,1.30491,-0.0,-0.0,0.0
1736847132.108609,0.0,1.5708,1.30505,-0.0,-0.0,0.0
1736847132.108609,0.0,1.5708,1.3052,-0.0,-0.0,0.0
1736847132.1096535,0.0,1.5708,1.30533,-0.0,-0.0,0.0
1736847132.1106522,0.0,1.5708,1.30545,-0.0,-0.0,0.0
1736847132.1116707,0.0,1.5708,1.30556,-0.0,-0.0,0.0
1736847132.1116707,0.0,1.5708,1.30568,-0.0,-0.0,0.0
1736847132.1128082,0.0,1.5708,1.3058,-0.0,-0.0,0.0
1736847132.113807,0.0,1.5708,1.30594,-0.0,-0.0,0.0
1736847132.1149828,0.0,1.5708,1.30605,-0.0,-0.0,0.0
1736847132.1149828,0.0,1.5708,1.30621,-0.0,-0.0,0.0
1736847132.1149828,0.0,1.5708,1.30634,-0.0,-0.0,0.0
1736847132.1149828,0.0,1.5708,1.30646,-0.0,-0.0,0.0
1736847132.11826,0.0,1.5708,1.30659,-0.0,-0.0,0.0
1736847132.1189513,0.0,1.5708,1.30671,-0.0,-0.0,0.0
1736847132.1189513,0.0,1.5708,1.30683,-0.0,-0.0,0.0
1736847132.1199636,0.0,1.5708,1.30695,-0.0,-0.0,0.0
1736847132.1209629,0.0,1.5708,1.30707,-0.0,-0.0,0.0
1736847132.1223862,0.0,1.5708,1.30721,-0.0,-0.0,0.0
1736847132.1223862,0.0,1.5708,1.30736,-0.0,-0.0,0.0
1736847132.123993,0.0,1.5708,1.3075,-0.0,-0.0,0.0
1736847132.123993,0.0,1.5708,1.30762,-0.0,-0.0,0.0
1736847132.1249979,0.0,1.5708,1.30775,-0.0,-0.0,0.0
1736847132.125997,0.0,1.5708,1.30787,-0.0,-0.0,0.0
1736847132.1270065,0.0,1.5708,1.30799,-0.0,-0.0,0.0
1736847132.1270065,0.0,1.5708,1.3081,-0.0,-0.0,0.0
1736847132.1279984,0.0,1.5708,1.30822,-0.0,-0.0,0.0
1736847132.12953,0.0,1.5708,1.30836,-0.0,-0.0,0.0
1736847132.1305315,0.0,1.5708,1.30851,-0.0,-0.0,0.0
1736847132.1315312,0.0,1.5708,1.30866,-0.0,-0.0,0.0
1736847132.1315312,0.0,1.5708,1.30878,-0.0,-0.0,0.0
1736847132.1325305,0.0,1.5708,1.3089,-0.0,-0.0,0.0
1736847132.1335304,0.0,1.5708,1.30902,-0.0,-0.0,0.0
1736847132.1345298,0.0,1.5708,1.30914,-0.0,-0.0,0.0
1736847132.1345298,0.0,1.5708,1.30927,-0.0,-0.0,0.0
1736847132.1355324,0.0,1.5708,1.30941,-0.0,-0.0,0.0
1736847132.137206,0.0,1.5708,1.30954,-0.0,-0.0,0.0
1736847132.1374567,0.0,1.5708,1.30968,-0.0,-0.0,0.0
1736847132.138462,0.0,1.5708,1.30979,-0.0,-0.0,0.0
1736847132.139461,0.0,1.5708,1.30991,-0.0,-0.0,0.0
1736847132.1400735,0.0,1.5708,1.31003,-0.0,-0.0,0.0
1736847132.1400735,0.0,1.5708,1.31015,-0.0,-0.0,0.0
1736847132.1416028,0.0,1.5708,1.31027,-0.0,-0.0,0.0
1736847132.142608,0.0,1.5708,1.31039,-0.0,-0.0,0.0
1736847132.1428168,0.0,1.5708,1.31054,-0.0,-0.0,0.0
1736847132.1428168,0.0,1.5708,1.31067,-0.0,-0.0,0.0
1736847132.1428168,0.0,1.5708,1.3108,-0.0,-0.0,0.0
1736847132.145662,0.0,1.5708,1.31093,-0.0,-0.0,0.0
1736847132.146668,0.0,1.5708,1.31105,-0.0,-0.0,0.0
1736847132.146668,0.0,1.5708,1.31117,-0.0,-0.0,0.0
1736847132.147667,0.0,1.5708,1.31129,-0.0,-0.0,0.0
1736847132.1486673,0.0,1.5708,1.31141,-0.0,-0.0,0.0
1736847132.1497424,0.0,1.5708,1.31154,-0.0,-0.0,0.0
1736847132.1501834,0.0,1.5708,1.31169,-0.0,-0.0,0.0
1736847132.1517253,0.0,1.5708,1.31182,-0.0,-0.0,0.0
1736847132.1517253,0.0,1.5708,1.31196,-0.0,-0.0,0.0
1736847132.1527264,0.0,1.5708,1.31209,-0.0,-0.0,0.0
1736847132.1541107,0.0,1.5708,1.31221,-0.0,-0.0,0.0
1736847132.1541107,0.0,1.5708,1.31233,-0.0,-0.0,0.0
1736847132.155116,0.0,1.5708,1.31244,-0.0,-0.0,0.0
1736847132.1561282,0.0,1.5708,1.31257,-0.0,-0.0,0.0
1736847132.1567633,0.0,1.5708,1.3127,-0.0,-0.0,0.0
1736847132.157749,0.0,1.5708,1.31285,-0.0,-0.0,0.0
1736847132.1587543,0.0,1.5708,1.31299,-0.0,-0.0,0.0
1736847132.159756,0.0,1.5708,1.31311,-0.0,-0.0,0.0
1736847132.159756,0.0,1.5708,1.31323,-0.0,-0.0,0.0
1736847132.160754,0.0,1.5708,1.31334,-0.0,-0.0,0.0
1736847132.1617532,0.0,1.5708,1.31346,-0.0,-0.0,0.0
1736847132.162753,0.0,1.5708,1.31357,-0.0,-0.0,0.0
1736847132.1636314,0.0,1.5708,1.31369,-0.0,-0.0,0.0
1736847132.1641405,0.0,1.5708,1.31386,-0.0,-0.0,0.0
1736847132.1651855,0.0,1.5708,1.314,-0.0,-0.0,0.0
1736847132.1661909,0.0,1.5708,1.31412,-0.0,-0.0,0.0
1736847132.1661909,0.0,1.5708,1.31424,-0.0,-0.0,0.0
1736847132.167184,0.0,1.5708,1.31436,-0.0,-0.0,0.0
1736847132.1681836,0.0,1.5708,1.31447,-0.0,-0.0,0.0
1736847132.169199,0.0,1.5708,1.31459,-0.0,-0.0,0.0
1736847132.1693125,0.0,1.5708,1.31471,-0.0,-0.0,0.0
1736847132.1703172,0.0,1.5708,1.31485,-0.0,-0.0,0.0
1736847132.1716905,0.0,1.5708,1.315,-0.0,-0.0,0.0
1736847132.1723151,0.0,1.5708,1.31513,-0.0,-0.0,0.0
1736847132.1733212,0.0,1.5708,1.31525,-0.0,-0.0,0.0
1736847132.1733212,0.0,1.5708,1.31536,-0.0,-0.0,0.0
1736847132.1749442,0.0,1.5708,1.31548,-0.0,-0.0,0.0
1736847132.1750605,0.0,1.5708,1.3156,-0.0,-0.0,0.0
1736847132.1760616,0.0,1.5708,1.31572,-0.0,-0.0,0.0
1736847132.1770742,0.0,1.5708,1.31584,-0.0,-0.0,0.0
1736847132.1779008,0.0,1.5708,1.31598,-0.0,-0.0,0.0
1736847132.1789382,0.0,1.5708,1.31612,-0.0,-0.0,0.0
1736847132.179938,0.0,1.5708,1.31626,-0.0,-0.0,0.0
1736847132.180497,0.0,1.5708,1.31638,-0.0,-0.0,0.0
1736847132.180497,0.0,1.5708,1.3165,-0.0,-0.0,0.0
1736847132.1815016,0.0,1.5708,1.31662,-0.0,-0.0,0.0
1736847132.182501,0.0,1.5708,1.31674,-0.0,-0.0,0.0
1736847132.1835022,0.0,1.5708,1.31686,-0.0,-0.0,0.0
1736847132.184445,0.0,1.5708,1.31699,-0.0,-0.0,0.0
1736847132.1848674,0.0,1.5708,1.31714,-0.0,-0.0,0.0
1736847132.186393,0.0,1.5708,1.31727,-0.0,-0.0,0.0
1736847132.186393,0.0,1.5708,1.3174,-0.0,-0.0,0.0
1736847132.187395,0.0,1.5708,1.31753,-0.0,-0.0,0.0
1736847132.1888068,0.0,1.5708,1.31766,-0.0,-0.0,0.0
1736847132.1888068,0.0,1.5708,1.31778,-0.0,-0.0,0.0
1736847132.1898117,0.0,1.5708,1.3179,-0.0,-0.0,0.0
1736847132.1908133,0.0,1.5708,1.31802,-0.0,-0.0,0.0
1736847132.1921053,0.0,1.5708,1.31816,-0.0,-0.0,0.0
1736847132.1921053,0.0,1.5708,1.31832,-0.0,-0.0,0.0
1736847132.1931062,0.0,1.5708,1.31846,-0.0,-0.0,0.0
1736847132.1941059,0.0,1.5708,1.31859,-0.0,-0.0,0.0
1736847132.195105,0.0,1.5708,1.31871,-0.0,-0.0,0.0
1736847132.196106,0.0,1.5708,1.31882,-0.0,-0.0,0.0
1736847132.196106,0.0,1.5708,1.31894,-0.0,-0.0,0.0
1736847132.1971748,0.0,1.5708,1.31906,-0.0,-0.0,0.0
1736847132.198178,0.0,1.5708,1.31919,-0.0,-0.0,0.0
1736847132.1990035,0.0,1.5708,1.31934,-0.0,-0.0,0.0
1736847132.2000086,0.0,1.5708,1.31947,-0.0,-0.0,0.0
1736847132.201027,0.0,1.5708,1.3196,-0.0,-0.0,0.0
1736847132.201027,0.0,1.5708,1.31971,-0.0,-0.0,0.0
1736847132.2020087,0.0,1.5708,1.31983,-0.0,-0.0,0.0
1736847132.2028868,0.0,1.5708,1.31996,-0.0,-0.0,0.0
1736847132.2041466,0.0,1.5708,1.32008,-0.0,-0.0,0.0
1736847132.2041466,0.0,1.5708,1.32021,-0.0,-0.0,0.0
1736847132.2053607,0.0,1.5708,1.32034,-0.0,-0.0,0.0
1736847132.2053607,0.0,1.5708,1.32048,-0.0,-0.0,0.0
1736847132.2053607,0.0,1.5708,1.32062,-0.0,-0.0,0.0
1736847132.2082512,0.0,1.5708,1.32074,-0.0,-0.0,0.0
1736847132.2090986,0.0,1.5708,1.32086,-0.0,-0.0,0.0
1736847132.2090986,0.0,1.5708,1.32098,-0.0,-0.0,0.0
1736847132.2101133,0.0,1.5708,1.32109,-0.0,-0.0,0.0
1736847132.2111118,0.0,1.5708,1.32121,-0.0,-0.0,0.0
1736847132.2121162,0.0,1.5708,1.32135,-0.0,-0.0,0.0
1736847132.2125242,0.0,1.5708,1.32149,-0.0,-0.0,0.0
1736847132.2142396,0.0,1.5708,1.32164,-0.0,-0.0,0.0
1736847132.2400208,0.0,1.5708,1.3264,-0.0,-0.0,0.0
1736847132.2400208,0.0,1.5708,1.32656,-0.0,-0.0,0.0
1736847132.2457657,0.0,1.5708,1.32669,-0.0,-0.0,0.0
1736847132.2467573,0.0,1.5708,1.32683,-0.0,-0.0,0.0
1736847132.2467573,0.0,1.5708,1.32698,-0.0,-0.0,0.0
1736847132.2467573,0.0,1.5708,1.32711,-0.0,-0.0,0.0
1736847132.2467573,0.0,1.5708,1.32723,-0.0,-0.0,0.0
1736847132.2503388,0.0,1.5708,1.32735,-0.0,-0.0,0.0
1736847132.2512298,0.0,1.5708,1.32747,-0.0,-0.0,0.0
1736847132.2512298,0.0,1.5708,1.32759,-0.0,-0.0,0.0
1736847132.252236,0.0,1.5708,1.3277,-0.0,-0.0,0.0
1736847132.2532365,0.0,1.5708,1.32784,-0.0,-0.0,0.0
1736847132.2542849,0.0,1.5708,1.32798,-0.0,-0.0,0.0
1736847132.2550912,0.0,1.5708,1.32812,-0.0,-0.0,0.0
1736847132.25617,0.0,1.5708,1.32828,-0.0,-0.0,0.0
1736847132.25617,0.0,1.5708,1.32843,-0.0,-0.0,0.0
1736847132.25617,0.0,1.5708,1.32855,-0.0,-0.0,0.0
1736847132.25617,0.0,1.5708,1.32867,-0.0,-0.0,0.0
1736847132.2596989,0.0,1.5708,1.32879,-0.0,-0.0,0.0
1736847132.2596989,0.0,1.5708,1.32892,-0.0,-0.0,0.0
1736847132.2613134,0.0,1.5708,1.32907,-0.0,-0.0,0.0
1736847132.2613134,0.0,1.5708,1.32921,-0.0,-0.0,0.0
1736847132.2623668,0.0,1.5708,1.32933,-0.0,-0.0,0.0
1736847132.2633665,0.0,1.5708,1.32945,-0.0,-0.0,0.0
1736847132.2643664,0.0,1.5708,1.32957,-0.0,-0.0,0.0
1736847132.2653654,0.0,1.5708,1.32969,-0.0,-0.0,0.0
1736847132.2653654,0.0,1.5708,1.32981,-0.0,-0.0,0.0
1736847132.266588,0.0,1.5708,1.32993,-0.0,-0.0,0.0
1736847132.267591,0.0,1.5708,1.33007,-0.0,-0.0,0.0
1736847132.2687502,0.0,1.5708,1.33022,-0.0,-0.0,0.0
1736847132.26948,0.0,1.5708,1.33035,-0.0,-0.0,0.0
1736847132.2703762,0.0,1.5708,1.33048,-0.0,-0.0,0.0
1736847132.2703762,0.0,1.5708,1.33061,-0.0,-0.0,0.0
1736847132.2713892,0.0,1.5708,1.33073,-0.0,-0.0,0.0
1736847132.2727692,0.0,1.5708,1.33085,-0.0,-0.0,0.0
1736847132.2728782,0.0,1.5708,1.33098,-0.0,-0.0,0.0
1736847132.273882,0.0,1.5708,1.33111,-0.0,-0.0,0.0
1736847132.2751045,0.0,1.5708,1.33125,-0.0,-0.0,0.0
1736847132.2761567,0.0,1.5708,1.33138,-0.0,-0.0,0.0
1736847132.2761567,0.0,1.5708,1.33151,-0.0,-0.0,0.0
1736847132.277514,0.0,1.5708,1.33163,-0.0,-0.0,0.0
1736847132.278515,0.0,1.5708,1.33176,-0.0,-0.0,0.0
1736847132.278515,0.0,1.5708,1.33189,-0.0,-0.0,0.0
1736847132.278515,0.0,1.5708,1.33202,-0.0,-0.0,0.0
1736847132.280475,0.0,1.5708,1.33213,-0.0,-0.0,0.0
1736847132.2816727,0.0,1.5708,1.33226,-0.0,-0.0,0.0
1736847132.2816727,0.0,1.5708,1.33241,-0.0,-0.0,0.0
1736847132.283382,0.0,1.5708,1.33256,-0.0,-0.0,0.0
1736847132.2843878,0.0,1.5708,1.33267,-0.0,-0.0,0.0
1736847132.2843878,0.0,1.5708,1.3328,-0.0,-0.0,0.0
1736847132.2853885,0.0,1.5708,1.33291,-0.0,-0.0,0.0
1736847132.2865222,0.0,1.5708,1.33303,-0.0,-0.0,0.0
1736847132.2872355,0.0,1.5708,1.33314,-0.0,-0.0,0.0
1736847132.2872355,0.0,1.5708,1.33327,-0.0,-0.0,0.0
1736847132.2886705,0.0,1.5708,1.33341,-0.0,-0.0,0.0
1736847132.2900503,0.0,1.5708,1.33356,-0.0,-0.0,0.0
1736847132.2908788,0.0,1.5708,1.33372,-0.0,-0.0,0.0
1736847132.2912915,0.0,1.5708,1.33385,-0.0,-0.0,0.0
1736847132.292304,0.0,1.5708,1.33397,-0.0,-0.0,0.0
1736847132.2933104,0.0,1.5708,1.33409,-0.0,-0.0,0.0
1736847132.2933104,0.0,1.5708,1.33421,-0.0,-0.0,0.0
1736847132.2943034,0.0,1.5708,1.33432,-0.0,-0.0,0.0
1736847132.2953036,0.0,1.5708,1.33445,-0.0,-0.0,0.0
1736847132.2961583,0.0,1.5708,1.33461,-0.0,-0.0,0.0
1736847132.2971632,0.0,1.5708,1.33475,-0.0,-0.0,0.0
1736847132.2981718,0.0,1.5708,1.33487,-0.0,-0.0,0.0
1736847132.2991626,0.0,1.5708,1.33499,-0.0,-0.0,0.0
1736847132.2991626,0.0,1.5708,1.33511,-0.0,-0.0,0.0
1736847132.3001618,0.0,1.5708,1.33523,-0.0,-0.0,0.0
1736847132.3012671,0.0,1.5708,1.33535,-0.0,-0.0,0.0
1736847132.302274,0.0,1.5708,1.33548,-0.0,-0.0,0.0
1736847132.3031454,0.0,1.5708,1.33562,-0.0,-0.0,0.0
1736847132.3031454,0.0,1.5708,1.33576,-0.0,-0.0,0.0
1736847132.3041513,0.0,1.5708,1.3359,-0.0,-0.0,0.0
1736847132.3051498,0.0,1.5708,1.33602,-0.0,-0.0,0.0
1736847132.3059747,0.0,1.5708,1.33614,-0.0,-0.0,0.0
1736847132.3059747,0.0,1.5708,1.33627,-0.0,-0.0,0.0
1736847132.3059747,0.0,1.5708,1.3364,-0.0,-0.0,0.0
1736847132.3082576,0.0,1.5708,1.33651,-0.0,-0.0,0.0
1736847132.3094802,0.0,1.5708,1.33665,-0.0,-0.0,0.0
1736847132.3094802,0.0,1.5708,1.3368,-0.0,-0.0,0.0
1736847132.3113332,0.0,1.5708,1.33693,-0.0,-0.0,0.0
1736847132.3122113,0.0,1.5708,1.33705,-0.0,-0.0,0.0
1736847132.3122113,0.0,1.5708,1.33718,-0.0,-0.0,0.0
1736847132.3132257,0.0,1.5708,1.3373,-0.0,-0.0,0.0
1736847132.314223,0.0,1.5708,1.33742,-0.0,-0.0,0.0
1736847132.3152235,0.0,1.5708,1.33754,-0.0,-0.0,0.0
1736847132.3162262,0.0,1.5708,1.33766,-0.0,-0.0,0.0
1736847132.3170497,0.0,1.5708,1.33782,-0.0,-0.0,0.0
1736847132.3180556,0.0,1.5708,1.33796,-0.0,-0.0,0.0
1736847132.3180556,0.0,1.5708,1.3381,-0.0,-0.0,0.0
1736847132.3190548,0.0,1.5708,1.33822,-0.0,-0.0,0.0
1736847132.320055,0.0,1.5708,1.33834,-0.0,-0.0,0.0
1736847132.321066,0.0,1.5708,1.33846,-0.0,-0.0,0.0
1736847132.3221626,0.0,1.5708,1.33859,-0.0,-0.0,0.0
1736847132.3221626,0.0,1.5708,1.33874,-0.0,-0.0,0.0
1736847132.3239431,0.0,1.5708,1.33888,-0.0,-0.0,0.0
1736847132.3239968,0.0,1.5708,1.33902,-0.0,-0.0,0.0
1736847132.3250017,0.0,1.5708,1.33915,-0.0,-0.0,0.0
1736847132.3260014,0.0,1.5708,1.33927,-0.0,-0.0,0.0
1736847132.3270116,0.0,1.5708,1.33938,-0.0,-0.0,0.0
1736847132.3270116,0.0,1.5708,1.3395,-0.0,-0.0,0.0
1736847132.3280685,0.0,1.5708,1.33961,-0.0,-0.0,0.0
1736847132.3290832,0.0,1.5708,1.33975,-0.0,-0.0,0.0
1736847132.3303092,0.0,1.5708,1.33987,-0.0,-0.0,0.0
1736847132.3303092,0.0,1.5708,1.34002,-0.0,-0.0,0.0
1736847132.3303092,0.0,1.5708,1.34015,-0.0,-0.0,0.0
1736847132.3303092,0.0,1.5708,1.34028,-0.0,-0.0,0.0
1736847132.3303092,0.0,1.5708,1.3404,-0.0,-0.0,0.0
1736847132.3341768,0.0,1.5708,1.34052,-0.0,-0.0,0.0
1736847132.335083,0.0,1.5708,1.34064,-0.0,-0.0,0.0
1736847132.335083,0.0,1.5708,1.34076,-0.0,-0.0,0.0
1736847132.3360891,0.0,1.5708,1.34088,-0.0,-0.0,0.0
1736847132.337279,0.0,1.5708,1.34101,-0.0,-0.0,0.0
1736847132.3376844,0.0,1.5708,1.34118,-0.0,-0.0,0.0
1736847132.338832,0.0,1.5708,1.34131,-0.0,-0.0,0.0
1736847132.338832,0.0,1.5708,1.34145,-0.0,-0.0,0.0
1736847132.338832,0.0,1.5708,1.34157,-0.0,-0.0,0.0
1736847132.338832,0.0,1.5708,1.34169,-0.0,-0.0,0.0
1736847132.338832,0.0,1.5708,1.34181,-0.0,-0.0,0.0
1736847132.3429673,0.0,1.5708,1.34193,-0.0,-0.0,0.0
1736847132.344137,0.0,1.5708,1.34204,-0.0,-0.0,0.0
1736847132.344696,0.0,1.5708,1.3422,-0.0,-0.0,0.0
1736847132.3457134,0.0,1.5708,1.34234,-0.0,-0.0,0.0
1736847132.346701,0.0,1.5708,1.34246,-0.0,-0.0,0.0
1736847132.346701,0.0,1.5708,1.34258,-0.0,-0.0,0.0
1736847132.3477,0.0,1.5708,1.3427,-0.0,-0.0,0.0
1736847132.3486998,0.0,1.5708,1.34282,-0.0,-0.0,0.0
1736847132.3497007,0.0,1.5708,1.34293,-0.0,-0.0,0.0
1736847132.3499272,0.0,1.5708,1.34305,-0.0,-0.0,0.0
1736847132.3509297,0.0,1.5708,1.3432,-0.0,-0.0,0.0
1736847132.3521576,0.0,1.5708,1.34334,-0.0,-0.0,0.0
1736847132.3528495,0.0,1.5708,1.34347,-0.0,-0.0,0.0
1736847132.353866,0.0,1.5708,1.34359,-0.0,-0.0,0.0
1736847132.353866,0.0,1.5708,1.34373,-0.0,-0.0,0.0
1736847132.3553224,0.0,1.5708,1.34385,-0.0,-0.0,0.0
1736847132.3563223,0.0,1.5708,1.34397,-0.0,-0.0,0.0
1736847132.3568628,0.0,1.5708,1.3441,-0.0,-0.0,0.0
1736847132.3578703,0.0,1.5708,1.34423,-0.0,-0.0,0.0
1736847132.3580503,0.0,1.5708,1.34437,-0.0,-0.0,0.0
1736847132.3580503,0.0,1.5708,1.34451,-0.0,-0.0,0.0
1736847132.3602834,0.0,1.5708,1.34464,-0.0,-0.0,0.0
1736847132.3612893,0.0,1.5708,1.34476,-0.0,-0.0,0.0
1736847132.3612893,0.0,1.5708,1.34488,-0.0,-0.0,0.0
1736847132.362289,0.0,1.5708,1.345,-0.0,-0.0,0.0
1736847132.3632882,0.0,1.5708,1.34512,-0.0,-0.0,0.0
1736847132.3642895,0.0,1.5708,1.34523,-0.0,-0.0,0.0
1736847132.3650105,0.0,1.5708,1.34537,-0.0,-0.0,0.0
1736847132.3654268,0.0,1.5708,1.34553,-0.0,-0.0,0.0
1736847132.3670874,0.0,1.5708,1.34567,-0.0,-0.0,0.0
1736847132.3671699,0.0,1.5708,1.3458,-0.0,-0.0,0.0
1736847132.3681731,0.0,1.5708,1.34593,-0.0,-0.0,0.0
1736847132.3695252,0.0,1.5708,1.34605,-0.0,-0.0,0.0
1736847132.3695252,0.0,1.5708,1.34617,-0.0,-0.0,0.0
1736847132.3705308,0.0,1.5708,1.34628,-0.0,-0.0,0.0
1736847132.3715427,0.0,1.5708,1.3464,-0.0,-0.0,0.0
1736847132.3724482,0.0,1.5708,1.34655,-0.0,-0.0,0.0
1736847132.373467,0.0,1.5708,1.34669,-0.0,-0.0,0.0
1736847132.373467,0.0,1.5708,1.34682,-0.0,-0.0,0.0
1736847132.3744535,0.0,1.5708,1.34694,-0.0,-0.0,0.0
1736847132.3754525,0.0,1.5708,1.34706,-0.0,-0.0,0.0
1736847132.3764524,0.0,1.5708,1.34717,-0.0,-0.0,0.0
1736847132.3774526,0.0,1.5708,1.34729,-0.0,-0.0,0.0
1736847132.377695,0.0,1.5708,1.34743,-0.0,-0.0,0.0
1736847132.3794055,0.0,1.5708,1.34758,-0.0,-0.0,0.0
1736847132.3804114,0.0,1.5708,1.34775,-0.0,-0.0,0.0
1736847132.3804114,0.0,1.5708,1.34789,-0.0,-0.0,0.0
1736847132.381411,0.0,1.5708,1.34802,-0.0,-0.0,0.0
1736847132.38241,0.0,1.5708,1.34814,-0.0,-0.0,0.0
1736847132.3833363,0.0,1.5708,1.34826,-0.0,-0.0,0.0
1736847132.3843398,0.0,1.5708,1.34838,-0.0,-0.0,0.0
1736847132.3846347,0.0,1.5708,1.34851,-0.0,-0.0,0.0
1736847132.3858752,0.0,1.5708,1.34864,-0.0,-0.0,0.0
1736847132.3858752,0.0,1.5708,1.3488,-0.0,-0.0,0.0
1736847132.3858752,0.0,1.5708,1.34894,-0.0,-0.0,0.0
1736847132.3858752,0.0,1.5708,1.34905,-0.0,-0.0,0.0
1736847132.3892777,0.0,1.5708,1.34917,-0.0,-0.0,0.0
1736847132.3902006,0.0,1.5708,1.34929,-0.0,-0.0,0.0
1736847132.3902006,0.0,1.5708,1.34941,-0.0,-0.0,0.0
1736847132.3912067,0.0,1.5708,1.34953,-0.0,-0.0,0.0
1736847132.3922074,0.0,1.5708,1.34966,-0.0,-0.0,0.0
1736847132.3932915,0.0,1.5708,1.3498,-0.0,-0.0,0.0
1736847132.3932915,0.0,1.5708,1.34994,-0.0,-0.0,0.0
1736847132.3948948,0.0,1.5708,1.35006,-0.0,-0.0,0.0
1736847132.3948948,0.0,1.5708,1.35019,-0.0,-0.0,0.0
1736847132.3959005,0.0,1.5708,1.3503,-0.0,-0.0,0.0
1736847132.3968992,0.0,1.5708,1.35042,-0.0,-0.0,0.0
1736847132.3979094,0.0,1.5708,1.35054,-0.0,-0.0,0.0
1736847132.3979094,0.0,1.5708,1.35065,-0.0,-0.0,0.0
1736847132.3989003,0.0,1.5708,1.35077,-0.0,-0.0,0.0
1736847132.4005451,0.0,1.5708,1.35091,-0.0,-0.0,0.0
1736847132.4005451,0.0,1.5708,1.35106,-0.0,-0.0,0.0
1736847132.4015498,0.0,1.5708,1.35118,-0.0,-0.0,0.0
1736847132.4025502,0.0,1.5708,1.3513,-0.0,-0.0,0.0
1736847132.4035614,0.0,1.5708,1.35142,-0.0,-0.0,0.0
1736847132.4035614,0.0,1.5708,1.35153,-0.0,-0.0,0.0
1736847132.4045515,0.0,1.5708,1.35165,-0.0,-0.0,0.0
1736847132.40555,0.0,1.5708,1.35176,-0.0,-0.0,0.0
1736847132.4069216,0.0,1.5708,1.35191,-0.0,-0.0,0.0
1736847132.4077437,0.0,1.5708,1.35207,-0.0,-0.0,0.0
1736847132.4086318,0.0,1.5708,1.35221,-0.0,-0.0,0.0
1736847132.4095442,0.0,1.5708,1.35234,-0.0,-0.0,0.0
1736847132.4095442,0.0,1.5708,1.35246,-0.0,-0.0,0.0
1736847132.4105587,0.0,1.5708,1.35258,-0.0,-0.0,0.0
1736847132.4115567,0.0,1.5708,1.35269,-0.0,-0.0,0.0
1736847132.412418,0.0,1.5708,1.3528,-0.0,-0.0,0.0
1736847132.4134235,0.0,1.5708,1.35293,-0.0,-0.0,0.0
1736847132.4139855,0.0,1.5708,1.35307,-0.0,-0.0,0.0
1736847132.4150422,0.0,1.5708,1.35321,-0.0,-0.0,0.0
1736847132.4150422,0.0,1.5708,1.35333,-0.0,-0.0,0.0
1736847132.4160275,0.0,1.5708,1.35345,-0.0,-0.0,0.0
1736847132.4170272,0.0,1.5708,1.35356,-0.0,-0.0,0.0
1736847132.4180274,0.0,1.5708,1.35367,-0.0,-0.0,0.0
1736847132.4186547,0.0,1.5708,1.3538,-0.0,-0.0,0.0
1736847132.4196632,0.0,1.5708,1.35392,-0.0,-0.0,0.0
1736847132.420516,0.0,1.5708,1.35404,-0.0,-0.0,0.0
1736847132.420925,0.0,1.5708,1.3542,-0.0,-0.0,0.0
1736847132.421969,0.0,1.5708,1.35433,-0.0,-0.0,0.0
1736847132.4229686,0.0,1.5708,1.35445,-0.0,-0.0,0.0
1736847132.4229686,0.0,1.5708,1.35457,-0.0,-0.0,0.0
1736847132.4245348,0.0,1.5708,1.35468,-0.0,-0.0,0.0
1736847132.4245348,0.0,1.5708,1.35481,-0.0,-0.0,0.0
1736847132.426001,0.0,1.5708,1.35494,-0.0,-0.0,0.0
1736847132.426001,0.0,1.5708,1.35506,-0.0,-0.0,0.0
1736847132.4275286,0.0,1.5708,1.3552,-0.0,-0.0,0.0
1736847132.4285557,0.0,1.5708,1.35534,-0.0,-0.0,0.0
1736847132.4290733,0.0,1.5708,1.35549,-0.0,-0.0,0.0
1736847132.4290733,0.0,1.5708,1.35561,-0.0,-0.0,0.0
1736847132.4290733,0.0,1.5708,1.35573,-0.0,-0.0,0.0
1736847132.4290733,0.0,1.5708,1.35584,-0.0,-0.0,0.0
1736847132.4290733,0.0,1.5708,1.35596,-0.0,-0.0,0.0
1736847132.4333038,0.0,1.5708,1.35608,-0.0,-0.0,0.0
1736847132.4333038,0.0,1.5708,1.35621,-0.0,-0.0,0.0
1736847132.4350803,0.0,1.5708,1.35636,-0.0,-0.0,0.0
1736847132.4354892,0.0,1.5708,1.35649,-0.0,-0.0,0.0
1736847132.436496,0.0,1.5708,1.35663,-0.0,-0.0,0.0
1736847132.4988852,0.0,1.5708,1.36723,-0.0,-0.0,0.0
1736847132.4988852,0.0,1.5708,1.36752,-0.0,-0.0,0.0
1736847132.4988852,0.0,1.5708,1.36774,-0.0,-0.0,0.0
1736847132.4988852,0.0,1.5708,1.36791,-0.0,-0.0,0.0
1736847132.4988852,0.0,1.5708,1.36809,-0.0,-0.0,0.0
1736847132.510898,0.0,1.5708,1.36823,-0.0,-0.0,0.0
1736847132.5117836,0.0,1.5708,1.3684,-0.0,-0.0,0.0
1736847132.51248,0.0,1.5708,1.36853,-0.0,-0.0,0.0
1736847132.5132546,0.0,1.5708,1.36868,-0.0,-0.0,0.0
1736847132.514378,0.0,1.5708,1.36882,-0.0,-0.0,0.0
1736847132.515193,0.0,1.5708,1.36895,-0.0,-0.0,0.0
1736847132.515193,0.0,1.5708,1.36907,-0.0,-0.0,0.0
1736847132.5165987,0.0,1.5708,1.36919,-0.0,-0.0,0.0
1736847132.5176015,0.0,1.5708,1.36934,-0.0,-0.0,0.0
1736847132.5184693,0.0,1.5708,1.36949,-0.0,-0.0,0.0
1736847132.5196435,0.0,1.5708,1.36963,-0.0,-0.0,0.0
1736847132.5196435,0.0,1.5708,1.36975,-0.0,-0.0,0.0
1736847132.5206504,0.0,1.5708,1.36987,-0.0,-0.0,0.0
1736847132.5216484,0.0,1.5708,1.36999,-0.0,-0.0,0.0
1736847132.5224059,0.0,1.5708,1.3701,-0.0,-0.0,0.0
1736847132.5235374,0.0,1.5708,1.37022,-0.0,-0.0,0.0
1736847132.5235374,0.0,1.5708,1.37036,-0.0,-0.0,0.0
1736847132.524648,0.0,1.5708,1.37051,-0.0,-0.0,0.0
1736847132.524648,0.0,1.5708,1.37065,-0.0,-0.0,0.0
1736847132.524648,0.0,1.5708,1.37078,-0.0,-0.0,0.0
1736847132.524648,0.0,1.5708,1.37091,-0.0,-0.0,0.0
1736847132.5283353,0.0,1.5708,1.37103,-0.0,-0.0,0.0
1736847132.5283353,0.0,1.5708,1.37115,-0.0,-0.0,0.0
1736847132.5293472,0.0,1.5708,1.37127,-0.0,-0.0,0.0
1736847132.5303457,0.0,1.5708,1.37138,-0.0,-0.0,0.0
1736847132.5313478,0.0,1.5708,1.3715,-0.0,-0.0,0.0
1736847132.5320358,0.0,1.5708,1.37165,-0.0,-0.0,0.0
1736847132.5330713,0.0,1.5708,1.37178,-0.0,-0.0,0.0
1736847132.5341315,0.0,1.5708,1.37191,-0.0,-0.0,0.0
1736847132.5347412,0.0,1.5708,1.37204,-0.0,-0.0,0.0
1736847132.5357738,0.0,1.5708,1.37216,-0.0,-0.0,0.0
1736847132.5363922,0.0,1.5708,1.37228,-0.0,-0.0,0.0
1736847132.5371385,0.0,1.5708,1.3724,-0.0,-0.0,0.0
1736847132.5371385,0.0,1.5708,1.37252,-0.0,-0.0,0.0
1736847132.5390081,0.0,1.5708,1.37265,-0.0,-0.0,0.0
1736847132.5390081,0.0,1.5708,1.3728,-0.0,-0.0,0.0
1736847132.5405972,0.0,1.5708,1.37293,-0.0,-0.0,0.0
1736847132.5405972,0.0,1.5708,1.37305,-0.0,-0.0,0.0
1736847132.5416028,0.0,1.5708,1.37318,-0.0,-0.0,0.0
1736847132.5426018,0.0,1.5708,1.3733,-0.0,-0.0,0.0
1736847132.5436113,0.0,1.5708,1.37342,-0.0,-0.0,0.0
1736847132.5436113,0.0,1.5708,1.37354,-0.0,-0.0,0.0
1736847132.5446026,0.0,1.5708,1.37367,-0.0,-0.0,0.0
1736847132.5462625,0.0,1.5708,1.37382,-0.0,-0.0,0.0
1736847132.5472682,0.0,1.5708,1.37397,-0.0,-0.0,0.0
1736847132.5472682,0.0,1.5708,1.3741,-0.0,-0.0,0.0
1736847132.5482671,0.0,1.5708,1.37422,-0.0,-0.0,0.0
1736847132.5492666,0.0,1.5708,1.37434,-0.0,-0.0,0.0
1736847132.5502658,0.0,1.5708,1.37445,-0.0,-0.0,0.0
1736847132.5502658,0.0,1.5708,1.37457,-0.0,-0.0,0.0
1736847132.5513334,0.0,1.5708,1.37469,-0.0,-0.0,0.0
1736847132.5523343,0.0,1.5708,1.37481,-0.0,-0.0,0.0
1736847132.5532897,0.0,1.5708,1.37495,-0.0,-0.0,0.0
1736847132.554334,0.0,1.5708,1.37509,-0.0,-0.0,0.0
1736847132.555081,0.0,1.5708,1.37521,-0.0,-0.0,0.0
1736847132.55598,0.0,1.5708,1.37533,-0.0,-0.0,0.0
1736847132.55598,0.0,1.5708,1.37546,-0.0,-0.0,0.0
1736847132.5572708,0.0,1.5708,1.37557,-0.0,-0.0,0.0
1736847132.5582726,0.0,1.5708,1.37569,-0.0,-0.0,0.0
1736847132.5582726,0.0,1.5708,1.37583,-0.0,-0.0,0.0
1736847132.5595613,0.0,1.5708,1.37598,-0.0,-0.0,0.0
1736847132.5595613,0.0,1.5708,1.37612,-0.0,-0.0,0.0
1736847132.5595613,0.0,1.5708,1.37626,-0.0,-0.0,0.0
1736847132.5623527,0.0,1.5708,1.37638,-0.0,-0.0,0.0
1736847132.5633583,0.0,1.5708,1.3765,-0.0,-0.0,0.0
1736847132.5633583,0.0,1.5708,1.37662,-0.0,-0.0,0.0
1736847132.5643585,0.0,1.5708,1.37674,-0.0,-0.0,0.0
1736847132.565359,0.0,1.5708,1.37685,-0.0,-0.0,0.0
1736847132.566446,0.0,1.5708,1.37698,-0.0,-0.0,0.0
1736847132.566785,0.0,1.5708,1.37714,-0.0,-0.0,0.0
1736847132.5684278,0.0,1.5708,1.37729,-0.0,-0.0,0.0
1736847132.5684278,0.0,1.5708,1.37741,-0.0,-0.0,0.0
1736847132.569433,0.0,1.5708,1.37754,-0.0,-0.0,0.0
1736847132.570432,0.0,1.5708,1.37766,-0.0,-0.0,0.0
1736847132.5714312,0.0,1.5708,1.37777,-0.0,-0.0,0.0
1736847132.5714312,0.0,1.5708,1.37789,-0.0,-0.0,0.0
1736847132.5724316,0.0,1.5708,1.37802,-0.0,-0.0,0.0
1736847132.5738945,0.0,1.5708,1.37816,-0.0,-0.0,0.0
1736847132.5747497,0.0,1.5708,1.37831,-0.0,-0.0,0.0
1736847132.5756,0.0,1.5708,1.37844,-0.0,-0.0,0.0
1736847132.5756,0.0,1.5708,1.37856,-0.0,-0.0,0.0
1736847132.576612,0.0,1.5708,1.37868,-0.0,-0.0,0.0
1736847132.57761,0.0,1.5708,1.3788,-0.0,-0.0,0.0
1736847132.5786164,0.0,1.5708,1.37891,-0.0,-0.0,0.0
1736847132.5790904,0.0,1.5708,1.37903,-0.0,-0.0,0.0
1736847132.580103,0.0,1.5708,1.37916,-0.0,-0.0,0.0
1736847132.5809398,0.0,1.5708,1.37929,-0.0,-0.0,0.0
1736847132.5819848,0.0,1.5708,1.37943,-0.0,-0.0,0.0
1736847132.5819848,0.0,1.5708,1.37957,-0.0,-0.0,0.0
1736847132.5829842,0.0,1.5708,1.37969,-0.0,-0.0,0.0
1736847132.5842469,0.0,1.5708,1.37981,-0.0,-0.0,0.0
1736847132.585252,0.0,1.5708,1.37993,-0.0,-0.0,0.0
1736847132.585252,0.0,1.5708,1.38005,-0.0,-0.0,0.0
1736847132.5860639,0.0,1.5708,1.38018,-0.0,-0.0,0.0
1736847132.5873444,0.0,1.5708,1.38032,-0.0,-0.0,0.0
1736847132.5873444,0.0,1.5708,1.38046,-0.0,-0.0,0.0
1736847132.5892658,0.0,1.5708,1.3806,-0.0,-0.0,0.0
1736847132.5902715,0.0,1.5708,1.38073,-0.0,-0.0,0.0
1736847132.5902715,0.0,1.5708,1.38085,-0.0,-0.0,0.0
1736847132.5918343,0.0,1.5708,1.38097,-0.0,-0.0,0.0
1736847132.5918343,0.0,1.5708,1.38109,-0.0,-0.0,0.0
1736847132.5928402,0.0,1.5708,1.38121,-0.0,-0.0,0.0
1736847132.5941188,0.0,1.5708,1.38134,-0.0,-0.0,0.0
1736847132.5952053,0.0,1.5708,1.38149,-0.0,-0.0,0.0
1736847132.596208,0.0,1.5708,1.38166,-0.0,-0.0,0.0
1736847132.596208,0.0,1.5708,1.38179,-0.0,-0.0,0.0
1736847132.5972068,0.0,1.5708,1.38191,-0.0,-0.0,0.0
1736847132.5982063,0.0,1.5708,1.38203,-0.0,-0.0,0.0
1736847132.5992236,0.0,1.5708,1.38215,-0.0,-0.0,0.0
1736847132.5992236,0.0,1.5708,1.38226,-0.0,-0.0,0.0
1736847132.6002073,0.0,1.5708,1.38239,-0.0,-0.0,0.0
1736847132.6018255,0.0,1.5708,1.38254,-0.0,-0.0,0.0
1736847132.602832,0.0,1.5708,1.38272,-0.0,-0.0,0.0
1736847132.6038322,0.0,1.5708,1.38286,-0.0,-0.0,0.0
1736847132.6038322,0.0,1.5708,1.38298,-0.0,-0.0,0.0
1736847132.604831,0.0,1.5708,1.38311,-0.0,-0.0,0.0
1736847132.6058304,0.0,1.5708,1.38323,-0.0,-0.0,0.0
1736847132.6068864,0.0,1.5708,1.38334,-0.0,-0.0,0.0
1736847132.6068864,0.0,1.5708,1.38347,-0.0,-0.0,0.0
1736847132.6084833,0.0,1.5708,1.38361,-0.0,-0.0,0.0
1736847132.6093965,0.0,1.5708,1.38375,-0.0,-0.0,0.0
1736847132.6103597,0.0,1.5708,1.38389,-0.0,-0.0,0.0
1736847132.6103597,0.0,1.5708,1.38401,-0.0,-0.0,0.0
1736847132.6113722,0.0,1.5708,1.38413,-0.0,-0.0,0.0
1736847132.6126947,0.0,1.5708,1.38425,-0.0,-0.0,0.0
1736847132.6128905,0.0,1.5708,1.38438,-0.0,-0.0,0.0
1736847132.6138916,0.0,1.5708,1.38451,-0.0,-0.0,0.0
1736847132.6153257,0.0,1.5708,1.38466,-0.0,-0.0,0.0
1736847132.6153257,0.0,1.5708,1.38479,-0.0,-0.0,0.0
1736847132.6163652,0.0,1.5708,1.38492,-0.0,-0.0,0.0
1736847132.6175177,0.0,1.5708,1.38504,-0.0,-0.0,0.0
1736847132.618573,0.0,1.5708,1.38517,-0.0,-0.0,0.0
1736847132.618573,0.0,1.5708,1.3853,-0.0,-0.0,0.0
1736847132.618573,0.0,1.5708,1.38543,-0.0,-0.0,0.0
1736847132.6207602,0.0,1.5708,1.38555,-0.0,-0.0,0.0
1736847132.6217663,0.0,1.5708,1.38567,-0.0,-0.0,0.0
1736847132.6219368,0.0,1.5708,1.38584,-0.0,-0.0,0.0
1736847132.6235952,0.0,1.5708,1.38599,-0.0,-0.0,0.0
1736847132.6246004,0.0,1.5708,1.38612,-0.0,-0.0,0.0
1736847132.6246004,0.0,1.5708,1.38625,-0.0,-0.0,0.0
1736847132.625601,0.0,1.5708,1.38636,-0.0,-0.0,0.0
1736847132.6269784,0.0,1.5708,1.38648,-0.0,-0.0,0.0
1736847132.62768,0.0,1.5708,1.3866,-0.0,-0.0,0.0
1736847132.6286871,0.0,1.5708,1.38673,-0.0,-0.0,0.0
1736847132.6296284,0.0,1.5708,1.38689,-0.0,-0.0,0.0
1736847132.629728,0.0,1.5708,1.38704,-0.0,-0.0,0.0
1736847132.63073,0.0,1.5708,1.38718,-0.0,-0.0,0.0
1736847132.6317282,0.0,1.5708,1.38731,-0.0,-0.0,0.0
1736847132.632737,0.0,1.5708,1.38743,-0.0,-0.0,0.0
1736847132.6337285,0.0,1.5708,1.38754,-0.0,-0.0,0.0
1736847132.6337285,0.0,1.5708,1.38766,-0.0,-0.0,0.0
1736847132.6347291,0.0,1.5708,1.38778,-0.0,-0.0,0.0
1736847132.6357322,0.0,1.5708,1.38792,-0.0,-0.0,0.0
1736847132.6364133,0.0,1.5708,1.38807,-0.0,-0.0,0.0
1736847132.637419,0.0,1.5708,1.3882,-0.0,-0.0,0.0
1736847132.6384263,0.0,1.5708,1.38832,-0.0,-0.0,0.0
1736847132.6394174,0.0,1.5708,1.38844,-0.0,-0.0,0.0
1736847132.6394174,0.0,1.5708,1.38856,-0.0,-0.0,0.0
1736847132.640417,0.0,1.5708,1.38868,-0.0,-0.0,0.0
1736847132.6415884,0.0,1.5708,1.3888,-0.0,-0.0,0.0
1736847132.6425955,0.0,1.5708,1.38893,-0.0,-0.0,0.0
1736847132.6431909,0.0,1.5708,1.38909,-0.0,-0.0,0.0
1736847132.6443954,0.0,1.5708,1.38922,-0.0,-0.0,0.0
1736847132.645141,0.0,1.5708,1.38935,-0.0,-0.0,0.0
1736847132.645141,0.0,1.5708,1.38947,-0.0,-0.0,0.0
1736847132.6461544,0.0,1.5708,1.38959,-0.0,-0.0,0.0
1736847132.6474712,0.0,1.5708,1.38971,-0.0,-0.0,0.0
1736847132.647563,0.0,1.5708,1.38984,-0.0,-0.0,0.0
1736847132.6485639,0.0,1.5708,1.38999,-0.0,-0.0,0.0
1736847132.650106,0.0,1.5708,1.39014,-0.0,-0.0,0.0
1736847132.651149,0.0,1.5708,1.39028,-0.0,-0.0,0.0
1736847132.651149,0.0,1.5708,1.39042,-0.0,-0.0,0.0
1736847132.6528208,0.0,1.5708,1.39055,-0.0,-0.0,0.0
1736847132.6529155,0.0,1.5708,1.39069,-0.0,-0.0,0.0
1736847132.6539156,0.0,1.5708,1.39083,-0.0,-0.0,0.0
1736847132.6549163,0.0,1.5708,1.39095,-0.0,-0.0,0.0
1736847132.6559165,0.0,1.5708,1.39109,-0.0,-0.0,0.0
1736847132.6570742,0.0,1.5708,1.39124,-0.0,-0.0,0.0
1736847132.6581233,0.0,1.5708,1.39137,-0.0,-0.0,0.0
1736847132.6587315,0.0,1.5708,1.39151,-0.0,-0.0,0.0
1736847132.6597373,0.0,1.5708,1.39164,-0.0,-0.0,0.0
1736847132.6597373,0.0,1.5708,1.39177,-0.0,-0.0,0.0
1736847132.660736,0.0,1.5708,1.39189,-0.0,-0.0,0.0
1736847132.6621916,0.0,1.5708,1.39201,-0.0,-0.0,0.0
1736847132.6627116,0.0,1.5708,1.39213,-0.0,-0.0,0.0
1736847132.6635864,0.0,1.5708,1.39226,-0.0,-0.0,0.0
1736847132.6644819,0.0,1.5708,1.39241,-0.0,-0.0,0.0
1736847132.6654868,0.0,1.5708,1.39256,-0.0,-0.0,0.0
1736847132.6654868,0.0,1.5708,1.39268,-0.0,-0.0,0.0
1736847132.666487,0.0,1.5708,1.3928,-0.0,-0.0,0.0
1736847132.6674862,0.0,1.5708,1.39292,-0.0,-0.0,0.0
1736847132.6684961,0.0,1.5708,1.39304,-0.0,-0.0,0.0
1736847132.6694865,0.0,1.5708,1.39316,-0.0,-0.0,0.0
1736847132.6694865,0.0,1.5708,1.39329,-0.0,-0.0,0.0
1736847132.67125,0.0,1.5708,1.39345,-0.0,-0.0,0.0
1736847132.6723013,0.0,1.5708,1.3936,-0.0,-0.0,0.0
1736847132.6723013,0.0,1.5708,1.39373,-0.0,-0.0,0.0
1736847132.6732984,0.0,1.5708,1.39385,-0.0,-0.0,0.0
1736847132.674298,0.0,1.5708,1.39397,-0.0,-0.0,0.0
1736847132.6753123,0.0,1.5708,1.39409,-0.0,-0.0,0.0
1736847132.6763613,0.0,1.5708,1.39424,-0.0,-0.0,0.0
1736847132.6773622,0.0,1.5708,1.39439,-0.0,-0.0,0.0
1736847132.6780992,0.0,1.5708,1.39457,-0.0,-0.0,0.0
1736847132.6791496,0.0,1.5708,1.39471,-0.0,-0.0,0.0
1736847132.6801376,0.0,1.5708,1.39483,-0.0,-0.0,0.0
1736847132.6808572,0.0,1.5708,1.39495,-0.0,-0.0,0.0
1736847132.6808572,0.0,1.5708,1.39508,-0.0,-0.0,0.0
1736847132.6821496,0.0,1.5708,1.39519,-0.0,-0.0,0.0
1736847132.683151,0.0,1.5708,1.39531,-0.0,-0.0,0.0
1736847132.6832585,0.0,1.5708,1.39543,-0.0,-0.0,0.0
1736847132.6844218,0.0,1.5708,1.39557,-0.0,-0.0,0.0
1736847132.6844218,0.0,1.5708,1.39571,-0.0,-0.0,0.0
1736847132.6844218,0.0,1.5708,1.39585,-0.0,-0.0,0.0
1736847132.687073,0.0,1.5708,1.39597,-0.0,-0.0,0.0
1736847132.68809,0.0,1.5708,1.3961,-0.0,-0.0,0.0
1736847132.68809,0.0,1.5708,1.39621,-0.0,-0.0,0.0
1736847132.6890783,0.0,1.5708,1.39633,-0.0,-0.0,0.0
1736847132.6900866,0.0,1.5708,1.39646,-0.0,-0.0,0.0
1736847132.6914237,0.0,1.5708,1.39659,-0.0,-0.0,0.0
1736847132.6918468,0.0,1.5708,1.39675,-0.0,-0.0,0.0
1736847132.6918468,0.0,1.5708,1.39691,-0.0,-0.0,0.0
1736847132.6918468,0.0,1.5708,1.39704,-0.0,-0.0,0.0
1736847132.6918468,0.0,1.5708,1.39716,-0.0,-0.0,0.0
1736847132.6918468,0.0,1.5708,1.39728,-0.0,-0.0,0.0
1736847132.6918468,0.0,1.5708,1.39739,-0.0,-0.0,0.0
1736847132.6971862,0.0,1.5708,1.39751,-0.0,-0.0,0.0
1736847132.6971862,0.0,1.5708,1.39764,-0.0,-0.0,0.0
1736847132.6988306,0.0,1.5708,1.39779,-0.0,-0.0,0.0
1736847132.6998975,0.0,1.5708,1.39793,-0.0,-0.0,0.0
1736847132.6998975,0.0,1.5708,1.39807,-0.0,-0.0,0.0
1736847132.7009041,0.0,1.5708,1.39819,-0.0,-0.0,0.0
1736847132.7019022,0.0,1.5708,1.39831,-0.0,-0.0,0.0
1736847132.7029026,0.0,1.5708,1.39842,-0.0,-0.0,0.0
1736847132.7036955,0.0,1.5708,1.39854,-0.0,-0.0,0.0
1736847132.703785,0.0,1.5708,1.39866,-0.0,-0.0,0.0
1736847132.705313,0.0,1.5708,1.3988,-0.0,-0.0,0.0
1736847132.7056563,0.0,1.5708,1.39894,-0.0,-0.0,0.0
1736847132.7066977,0.0,1.5708,1.39907,-0.0,-0.0,0.0
1736847132.7077067,0.0,1.5708,1.3992,-0.0,-0.0,0.0
1736847132.7084033,0.0,1.5708,1.39931,-0.0,-0.0,0.0
1736847132.709408,0.0,1.5708,1.39943,-0.0,-0.0,0.0
1736847132.709408,0.0,1.5708,1.39957,-0.0,-0.0,0.0
1736847132.7110696,0.0,1.5708,1.39969,-0.0,-0.0,0.0
1736847132.7110696,0.0,1.5708,1.39982,-0.0,-0.0,0.0
1736847132.7123454,0.0,1.5708,1.39995,-0.0,-0.0,0.0
1736847132.7123454,0.0,1.5708,1.40009,-0.0,-0.0,0.0
1736847132.7141814,0.0,1.5708,1.40022,-0.0,-0.0,0.0
1736847132.7151895,0.0,1.5708,1.40035,-0.0,-0.0,0.0
1736847132.7151895,0.0,1.5708,1.40048,-0.0,-0.0,0.0
1736847132.716753,0.0,1.5708,1.40059,-0.0,-0.0,0.0
1736847132.716753,0.0,1.5708,1.40071,-0.0,-0.0,0.0
1736847132.7177646,0.0,1.5708,1.40083,-0.0,-0.0,0.0
1736847132.7190852,0.0,1.5708,1.40096,-0.0,-0.0,0.0
1736847132.7200482,0.0,1.5708,1.40111,-0.0,-0.0,0.0
1736847132.7210515,0.0,1.5708,1.40127,-0.0,-0.0,0.0
1736847132.7210515,0.0,1.5708,1.4014,-0.0,-0.0,0.0
1736847132.7220492,0.0,1.5708,1.40152,-0.0,-0.0,0.0
1736847132.7230482,0.0,1.5708,1.40164,-0.0,-0.0,0.0
1736847132.7240589,0.0,1.5708,1.40176,-0.0,-0.0,0.0
1736847132.7240589,0.0,1.5708,1.40187,-0.0,-0.0,0.0
1736847132.7250485,0.0,1.5708,1.40201,-0.0,-0.0,0.0
1736847132.7267394,0.0,1.5708,1.40214,-0.0,-0.0,0.0
1736847132.7267394,0.0,1.5708,1.40229,-0.0,-0.0,0.0
1736847132.727783,0.0,1.5708,1.40243,-0.0,-0.0,0.0
1736847132.728781,0.0,1.5708,1.40255,-0.0,-0.0,0.0
1736847132.7297907,0.0,1.5708,1.40267,-0.0,-0.0,0.0
1736847132.7297907,0.0,1.5708,1.40278,-0.0,-0.0,0.0
1736847132.7309396,0.0,1.5708,1.4029,-0.0,-0.0,0.0
1736847132.7318537,0.0,1.5708,1.40303,-0.0,-0.0,0.0
1736847132.7331045,0.0,1.5708,1.40316,-0.0,-0.0,0.0
1736847132.7331045,0.0,1.5708,1.40331,-0.0,-0.0,0.0
1736847132.7331045,0.0,1.5708,1.40345,-0.0,-0.0,0.0
1736847132.7331045,0.0,1.5708,1.40357,-0.0,-0.0,0.0
1736847132.7363596,0.0,1.5708,1.40369,-0.0,-0.0,0.0
1736847132.7372339,0.0,1.5708,1.40381,-0.0,-0.0,0.0
1736847132.7372339,0.0,1.5708,1.40393,-0.0,-0.0,0.0
1736847132.7382464,0.0,1.5708,1.40405,-0.0,-0.0,0.0
1736847132.7392457,0.0,1.5708,1.40418,-0.0,-0.0,0.0
1736847132.7404394,0.0,1.5708,1.40432,-0.0,-0.0,0.0
1736847132.7410457,0.0,1.5708,1.40446,-0.0,-0.0,0.0
1736847132.7421174,0.0,1.5708,1.40459,-0.0,-0.0,0.0
1736847132.7421174,0.0,1.5708,1.40473,-0.0,-0.0,0.0
1736847132.7421174,0.0,1.5708,1.40485,-0.0,-0.0,0.0
1736847132.7421174,0.0,1.5708,1.40497,-0.0,-0.0,0.0
1736847132.7421174,0.0,1.5708,1.40508,-0.0,-0.0,0.0
1736847132.745742,0.0,1.5708,1.4052,-0.0,-0.0,0.0
1736847132.7467475,0.0,1.5708,1.40532,-0.0,-0.0,0.0
1736847132.747415,0.0,1.5708,1.40548,-0.0,-0.0,0.0
1736847132.7484212,0.0,1.5708,1.40563,-0.0,-0.0,0.0
1736847132.749432,0.0,1.5708,1.40576,-0.0,-0.0,0.0
1736847132.7504356,0.0,1.5708,1.40589,-0.0,-0.0,0.0
1736847132.7504356,0.0,1.5708,1.40601,-0.0,-0.0,0.0
1736847132.75142,0.0,1.5708,1.40612,-0.0,-0.0,0.0
1736847132.7527187,0.0,1.5708,1.40624,-0.0,-0.0,0.0
1736847132.753726,0.0,1.5708,1.4064,-0.0,-0.0,0.0
1736847132.7545788,0.0,1.5708,1.40657,-0.0,-0.0,0.0
1736847132.755627,0.0,1.5708,1.40672,-0.0,-0.0,0.0
1736847132.755627,0.0,1.5708,1.40685,-0.0,-0.0,0.0
1736847132.7572339,0.0,1.5708,1.40696,-0.0,-0.0,0.0
1736847132.7574637,0.0,1.5708,1.40708,-0.0,-0.0,0.0
1736847132.758466,0.0,1.5708,1.4072,-0.0,-0.0,0.0
1736847132.758466,0.0,1.5708,1.40731,-0.0,-0.0,0.0
1736847132.7596624,0.0,1.5708,1.40745,-0.0,-0.0,0.0
1736847132.760952,0.0,1.5708,1.40759,-0.0,-0.0,0.0
1736847132.760952,0.0,1.5708,1.40792,-0.0,-0.0,0.0
1736847132.760952,0.0,1.5708,1.40812,-0.0,-0.0,0.0
1736847132.760952,0.0,1.5708,1.40829,-0.0,-0.0,0.0
1736847132.7666845,0.0,1.5708,1.40845,-0.0,-0.0,0.0
1736847132.7676988,0.0,1.5708,1.4086,-0.0,-0.0,0.0
1736847132.768696,0.0,1.5708,1.40875,-0.0,-0.0,0.0
1736847132.7696955,0.0,1.5708,1.40892,-0.0,-0.0,0.0
1736847132.770693,0.0,1.5708,1.40907,-0.0,-0.0,0.0
1736847132.7716947,0.0,1.5708,1.40922,-0.0,-0.0,0.0
1736847132.7716947,0.0,1.5708,1.40936,-0.0,-0.0,0.0
1736847132.7726934,0.0,1.5708,1.4095,-0.0,-0.0,0.0
1736847132.7738652,0.0,1.5708,1.40966,-0.0,-0.0,0.0
1736847132.7758906,0.0,1.5708,1.40984,-0.0,-0.0,0.0
1736847132.7768898,0.0,1.5708,1.41002,-0.0,-0.0,0.0
1736847132.777891,0.0,1.5708,1.4102,-0.0,-0.0,0.0
1736847132.7788916,0.0,1.5708,1.41036,-0.0,-0.0,0.0
1736847132.7798905,0.0,1.5708,1.41051,-0.0,-0.0,0.0
1736847132.780708,0.0,1.5708,1.41065,-0.0,-0.0,0.0
1736847132.781717,0.0,1.5708,1.41082,-0.0,-0.0,0.0
1736847132.782718,0.0,1.5708,1.41097,-0.0,-0.0,0.0
1736847132.7837138,0.0,1.5708,1.41111,-0.0,-0.0,0.0
1736847132.7847161,0.0,1.5708,1.41126,-0.0,-0.0,0.0
1736847132.785775,0.0,1.5708,1.41147,-0.0,-0.0,0.0
1736847132.787715,0.0,1.5708,1.41169,-0.0,-0.0,0.0
1736847132.7884703,0.0,1.5708,1.4119,-0.0,-0.0,0.0
1736847132.7894912,0.0,1.5708,1.41205,-0.0,-0.0,0.0
1736847132.7904835,0.0,1.5708,1.41218,-0.0,-0.0,0.0
1736847132.7904835,0.0,1.5708,1.4123,-0.0,-0.0,0.0
1736847132.7916777,0.0,1.5708,1.41245,-0.0,-0.0,0.0
1736847132.7935028,0.0,1.5708,1.41262,-0.0,-0.0,0.0
1736847132.7935705,0.0,1.5708,1.41278,-0.0,-0.0,0.0
1736847132.7935705,0.0,1.5708,1.413,-0.0,-0.0,0.0
1736847132.7935705,0.0,1.5708,1.4132,-0.0,-0.0,0.0
1736847132.7976649,0.0,1.5708,1.41339,-0.0,-0.0,0.0
1736847132.7993803,0.0,1.5708,1.41358,-0.0,-0.0,0.0
1736847132.8001823,0.0,1.5708,1.41372,-0.0,-0.0,0.0
1736847132.8001823,0.0,1.5708,1.41384,-0.0,-0.0,0.0
1736847132.8011944,0.0,1.5708,1.41396,-0.0,-0.0,0.0
1736847132.802605,0.0,1.5708,1.41409,-0.0,-0.0,0.0
1736847132.802605,0.0,1.5708,1.41423,-0.0,-0.0,0.0
1736847132.802605,0.0,1.5708,1.41436,-0.0,-0.0,0.0
1736847132.802605,0.0,1.5708,1.41448,-0.0,-0.0,0.0
1736847132.8058133,0.0,1.5708,1.4146,-0.0,-0.0,0.0
1736847132.8065886,0.0,1.5708,1.41472,-0.0,-0.0,0.0
1736847132.8065886,0.0,1.5708,1.41484,-0.0,-0.0,0.0
1736847132.8076015,0.0,1.5708,1.41497,-0.0,-0.0,0.0
1736847132.8086,0.0,1.5708,1.4151,-0.0,-0.0,0.0
1736847132.8099868,0.0,1.5708,1.41526,-0.0,-0.0,0.0
1736847132.8110492,0.0,1.5708,1.41543,-0.0,-0.0,0.0
1736847132.8117714,0.0,1.5708,1.41557,-0.0,-0.0,0.0
1736847132.8127859,0.0,1.5708,1.4157,-0.0,-0.0,0.0
1736847132.8127859,0.0,1.5708,1.41582,-0.0,-0.0,0.0
1736847132.8137774,0.0,1.5708,1.41594,-0.0,-0.0,0.0
1736847132.8147752,0.0,1.5708,1.41606,-0.0,-0.0,0.0
1736847132.8157773,0.0,1.5708,1.41619,-0.0,-0.0,0.0
1736847132.8167298,0.0,1.5708,1.41633,-0.0,-0.0,0.0
1736847132.8175986,0.0,1.5708,1.41648,-0.0,-0.0,0.0
1736847132.8186152,0.0,1.5708,1.41662,-0.0,-0.0,0.0
1736847132.819604,0.0,1.5708,1.41674,-0.0,-0.0,0.0
1736847132.819604,0.0,1.5708,1.41686,-0.0,-0.0,0.0
1736847132.820603,0.0,1.5708,1.41698,-0.0,-0.0,0.0
1736847132.8216028,0.0,1.5708,1.4171,-0.0,-0.0,0.0
1736847132.8226042,0.0,1.5708,1.41722,-0.0,-0.0,0.0
1736847132.823378,0.0,1.5708,1.41736,-0.0,-0.0,0.0
1736847132.8245988,0.0,1.5708,1.41752,-0.0,-0.0,0.0
1736847132.8245988,0.0,1.5708,1.41767,-0.0,-0.0,0.0
1736847132.8256052,0.0,1.5708,1.4178,-0.0,-0.0,0.0
1736847132.8266032,0.0,1.5708,1.41792,-0.0,-0.0,0.0
1736847132.827613,0.0,1.5708,1.41804,-0.0,-0.0,0.0
1736847132.8286035,0.0,1.5708,1.41816,-0.0,-0.0,0.0
1736847132.82908,0.0,1.5708,1.41828,-0.0,-0.0,0.0
1736847132.8300812,0.0,1.5708,1.41842,-0.0,-0.0,0.0
1736847132.8309479,0.0,1.5708,1.41858,-0.0,-0.0,0.0
1736847132.8319972,0.0,1.5708,1.41873,-0.0,-0.0,0.0
1736847132.8329852,0.0,1.5708,1.41885,-0.0,-0.0,0.0
1736847132.8329852,0.0,1.5708,1.41898,-0.0,-0.0,0.0
1736847132.8339853,0.0,1.5708,1.4191,-0.0,-0.0,0.0
1736847132.8339853,0.0,1.5708,1.41924,-0.0,-0.0,0.0
1736847132.8360193,0.0,1.5708,1.41939,-0.0,-0.0,0.0
1736847132.8371792,0.0,1.5708,1.41952,-0.0,-0.0,0.0
1736847132.8371792,0.0,1.5708,1.41967,-0.0,-0.0,0.0
1736847132.8371792,0.0,1.5708,1.41981,-0.0,-0.0,0.0
1736847132.8396032,0.0,1.5708,1.41994,-0.0,-0.0,0.0
1736847132.8406446,0.0,1.5708,1.42005,-0.0,-0.0,0.0
1736847132.8414454,0.0,1.5708,1.42018,-0.0,-0.0,0.0
1736847132.8414454,0.0,1.5708,1.4203,-0.0,-0.0,0.0
1736847132.8424587,0.0,1.5708,1.42042,-0.0,-0.0,0.0
1736847132.8434587,0.0,1.5708,1.42055,-0.0,-0.0,0.0
1736847132.844675,0.0,1.5708,1.42069,-0.0,-0.0,0.0
1736847132.8452895,0.0,1.5708,1.42083,-0.0,-0.0,0.0
1736847132.8462954,0.0,1.5708,1.42098,-0.0,-0.0,0.0
1736847132.8473036,0.0,1.5708,1.42111,-0.0,-0.0,0.0
1736847132.8473036,0.0,1.5708,1.42123,-0.0,-0.0,0.0
1736847132.8482943,0.0,1.5708,1.42135,-0.0,-0.0,0.0
1736847132.8492937,0.0,1.5708,1.42147,-0.0,-0.0,0.0
1736847132.8503096,0.0,1.5708,1.42159,-0.0,-0.0,0.0
1736847132.8511107,0.0,1.5708,1.42172,-0.0,-0.0,0.0
1736847132.85227,0.0,1.5708,1.42187,-0.0,-0.0,0.0
1736847132.8532822,0.0,1.5708,1.42204,-0.0,-0.0,0.0
1736847132.8532822,0.0,1.5708,1.42217,-0.0,-0.0,0.0
1736847132.8542702,0.0,1.5708,1.42231,-0.0,-0.0,0.0
1736847132.8552701,0.0,1.5708,1.42245,-0.0,-0.0,0.0
1736847132.8562698,0.0,1.5708,1.4226,-0.0,-0.0,0.0
1736847132.857273,0.0,1.5708,1.42274,-0.0,-0.0,0.0
1736847132.8586571,0.0,1.5708,1.42288,-0.0,-0.0,0.0
1736847132.8596625,0.0,1.5708,1.42304,-0.0,-0.0,0.0
1736847132.8605912,0.0,1.5708,1.42318,-0.0,-0.0,0.0
1736847132.861234,0.0,1.5708,1.42331,-0.0,-0.0,0.0
1736847132.861234,0.0,1.5708,1.42343,-0.0,-0.0,0.0
1736847132.8622448,0.0,1.5708,1.42356,-0.0,-0.0,0.0
1736847132.8636465,0.0,1.5708,1.42368,-0.0,-0.0,0.0
1736847132.8637953,0.0,1.5708,1.4238,-0.0,-0.0,0.0
1736847132.8653438,0.0,1.5708,1.42394,-0.0,-0.0,0.0
1736847132.8653438,0.0,1.5708,1.42407,-0.0,-0.0,0.0
1736847132.866386,0.0,1.5708,1.4242,-0.0,-0.0,0.0
1736847132.8673837,0.0,1.5708,1.42433,-0.0,-0.0,0.0
1736847132.8683996,0.0,1.5708,1.42445,-0.0,-0.0,0.0
1736847132.869339,0.0,1.5708,1.42456,-0.0,-0.0,0.0
1736847132.869431,0.0,1.5708,1.4247,-0.0,-0.0,0.0
1736847132.8704333,0.0,1.5708,1.42484,-0.0,-0.0,0.0
1736847132.8719587,0.0,1.5708,1.42496,-0.0,-0.0,0.0
1736847132.8723094,0.0,1.5708,1.42511,-0.0,-0.0,0.0
1736847132.873347,0.0,1.5708,1.42525,-0.0,-0.0,0.0
1736847132.8740752,0.0,1.5708,1.42539,-0.0,-0.0,0.0
1736847132.8740752,0.0,1.5708,1.42552,-0.0,-0.0,0.0
1736847132.8740752,0.0,1.5708,1.42565,-0.0,-0.0,0.0
1736847132.8740752,0.0,1.5708,1.42577,-0.0,-0.0,0.0
1736847132.8777022,0.0,1.5708,1.42589,-0.0,-0.0,0.0
1736847132.8777022,0.0,1.5708,1.42601,-0.0,-0.0,0.0
1736847132.8789153,0.0,1.5708,1.42615,-0.0,-0.0,0.0
1736847132.8804085,0.0,1.5708,1.42629,-0.0,-0.0,0.0
1736847132.8811147,0.0,1.5708,1.42643,-0.0,-0.0,0.0
1736847132.882127,0.0,1.5708,1.42656,-0.0,-0.0,0.0
1736847132.882127,0.0,1.5708,1.42668,-0.0,-0.0,0.0
1736847132.883125,0.0,1.5708,1.4268,-0.0,-0.0,0.0
1736847132.8841248,0.0,1.5708,1.42692,-0.0,-0.0,0.0
1736847132.8851252,0.0,1.5708,1.42705,-0.0,-0.0,0.0
1736847132.8859797,0.0,1.5708,1.42719,-0.0,-0.0,0.0
1736847132.8862877,0.0,1.5708,1.42734,-0.0,-0.0,0.0
1736847132.8873382,0.0,1.5708,1.42747,-0.0,-0.0,0.0
1736847132.888337,0.0,1.5708,1.42759,-0.0,-0.0,0.0
1736847132.889337,0.0,1.5708,1.42771,-0.0,-0.0,0.0
1736847132.889337,0.0,1.5708,1.42783,-0.0,-0.0,0.0
1736847132.8903372,0.0,1.5708,1.42795,-0.0,-0.0,0.0
1736847132.8915684,0.0,1.5708,1.42808,-0.0,-0.0,0.0
1736847132.892575,0.0,1.5708,1.42821,-0.0,-0.0,0.0
1736847132.893161,0.0,1.5708,1.42835,-0.0,-0.0,0.0
1736847132.8942173,0.0,1.5708,1.42849,-0.0,-0.0,0.0
1736847132.8952036,0.0,1.5708,1.42862,-0.0,-0.0,0.0
1736847132.8952036,0.0,1.5708,1.42876,-0.0,-0.0,0.0
1736847132.8963253,0.0,1.5708,1.42888,-0.0,-0.0,0.0
1736847132.8963253,0.0,1.5708,1.42901,-0.0,-0.0,0.0
1736847132.8985715,0.0,1.5708,1.42914,-0.0,-0.0,0.0
1736847132.8985715,0.0,1.5708,1.42928,-0.0,-0.0,0.0
1736847132.8997576,0.0,1.5708,1.42942,-0.0,-0.0,0.0
1736847132.8997576,0.0,1.5708,1.42955,-0.0,-0.0,0.0
1736847132.8997576,0.0,1.5708,1.42969,-0.0,-0.0,0.0
1736847132.9028306,0.0,1.5708,1.42982,-0.0,-0.0,0.0
1736847132.9034634,0.0,1.5708,1.42994,-0.0,-0.0,0.0
1736847132.9034634,0.0,1.5708,1.43006,-0.0,-0.0,0.0
1736847132.9044752,0.0,1.5708,1.43018,-0.0,-0.0,0.0
1736847132.9054742,0.0,1.5708,1.4303,-0.0,-0.0,0.0
1736847132.9066107,0.0,1.5708,1.43044,-0.0,-0.0,0.0
1736847132.9074826,0.0,1.5708,1.43058,-0.0,-0.0,0.0
1736847132.9084852,0.0,1.5708,1.43071,-0.0,-0.0,0.0
1736847132.9086435,0.0,1.5708,1.43084,-0.0,-0.0,0.0
1736847132.9096448,0.0,1.5708,1.43098,-0.0,-0.0,0.0
1736847132.910644,0.0,1.5708,1.4311,-0.0,-0.0,0.0
1736847132.9116445,0.0,1.5708,1.43122,-0.0,-0.0,0.0
1736847132.9116445,0.0,1.5708,1.43134,-0.0,-0.0,0.0
1736847132.9126437,0.0,1.5708,1.43146,-0.0,-0.0,0.0
1736847132.913713,0.0,1.5708,1.43161,-0.0,-0.0,0.0
1736847132.913713,0.0,1.5708,1.43175,-0.0,-0.0,0.0
1736847132.913713,0.0,1.5708,1.4319,-0.0,-0.0,0.0
1736847132.913713,0.0,1.5708,1.43203,-0.0,-0.0,0.0
1736847132.913713,0.0,1.5708,1.43215,-0.0,-0.0,0.0
1736847132.9181,0.0,1.5708,1.43227,-0.0,-0.0,0.0
1736847132.9191966,0.0,1.5708,1.43239,-0.0,-0.0,0.0
1736847132.9191966,0.0,1.5708,1.43253,-0.0,-0.0,0.0
1736847132.920946,0.0,1.5708,1.43267,-0.0,-0.0,0.0
1736847132.920946,0.0,1.5708,1.43282,-0.0,-0.0,0.0
1736847132.922724,0.0,1.5708,1.43295,-0.0,-0.0,0.0
1736847132.923023,0.0,1.5708,1.43307,-0.0,-0.0,0.0
1736847132.923023,0.0,1.5708,1.4332,-0.0,-0.0,0.0
1736847132.923023,0.0,1.5708,1.43333,-0.0,-0.0,0.0
1736847132.923023,0.0,1.5708,1.43346,-0.0,-0.0,0.0
1736847132.926293,0.0,1.5708,1.43358,-0.0,-0.0,0.0
1736847132.9274578,0.0,1.5708,1.43371,-0.0,-0.0,0.0
1736847132.9274578,0.0,1.5708,1.43385,-0.0,-0.0,0.0
1736847132.9291036,0.0,1.5708,1.43398,-0.0,-0.0,0.0
1736847132.9301112,0.0,1.5708,1.4341,-0.0,-0.0,0.0
1736847132.9301112,0.0,1.5708,1.43423,-0.0,-0.0,0.0
1736847132.9311097,0.0,1.5708,1.43435,-0.0,-0.0,0.0
1736847132.9321084,0.0,1.5708,1.43447,-0.0,-0.0,0.0
1736847132.9331188,0.0,1.5708,1.43458,-0.0,-0.0,0.0
1736847132.9331188,0.0,1.5708,1.4347,-0.0,-0.0,0.0
1736847132.9345665,0.0,1.5708,1.43484,-0.0,-0.0,0.0
1736847132.9353142,0.0,1.5708,1.43501,-0.0,-0.0,0.0
1736847132.9363163,0.0,1.5708,1.43516,-0.0,-0.0,0.0
1736847132.9373143,0.0,1.5708,1.43528,-0.0,-0.0,0.0
1736847132.9383228,0.0,1.5708,1.4354,-0.0,-0.0,0.0
1736847132.9383228,0.0,1.5708,1.43552,-0.0,-0.0,0.0
1736847132.9393146,0.0,1.5708,1.43564,-0.0,-0.0,0.0
1736847132.9401884,0.0,1.5708,1.43576,-0.0,-0.0,0.0
1736847132.9415407,0.0,1.5708,1.43589,-0.0,-0.0,0.0
1736847132.9423504,0.0,1.5708,1.43605,-0.0,-0.0,0.0
1736847132.9433308,0.0,1.5708,1.43618,-0.0,-0.0,0.0
1736847132.9433308,0.0,1.5708,1.43632,-0.0,-0.0,0.0
1736847132.9443426,0.0,1.5708,1.43644,-0.0,-0.0,0.0
1736847132.945341,0.0,1.5708,1.43656,-0.0,-0.0,0.0
1736847132.9459672,0.0,1.5708,1.43668,-0.0,-0.0,0.0
1736847132.94715,0.0,1.5708,1.4368,-0.0,-0.0,0.0
1736847132.94715,0.0,1.5708,1.43692,-0.0,-0.0,0.0
1736847132.9483755,0.0,1.5708,1.43708,-0.0,-0.0,0.0
1736847132.9483755,0.0,1.5708,1.43722,-0.0,-0.0,0.0
1736847133.0345664,0.0,1.5708,1.45091,-0.0,-0.0,0.0
1736847133.0345664,0.0,1.5708,1.45119,-0.0,-0.0,0.0
1736847133.0345664,0.0,1.5708,1.45136,-0.0,-0.0,0.0
1736847133.0345664,0.0,1.5708,1.45152,-0.0,-0.0,0.0
1736847133.0345664,0.0,1.5708,1.45166,-0.0,-0.0,0.0
1736847133.0345664,0.0,1.5708,1.45178,-0.0,-0.0,0.0
1736847133.0431578,0.0,1.5708,1.45189,-0.0,-0.0,0.0
1736847133.0442839,0.0,1.5708,1.45203,-0.0,-0.0,0.0
1736847133.0452218,0.0,1.5708,1.45218,-0.0,-0.0,0.0
1736847133.0461047,0.0,1.5708,1.45232,-0.0,-0.0,0.0
1736847133.0468829,0.0,1.5708,1.45247,-0.0,-0.0,0.0
1736847133.0468829,0.0,1.5708,1.45259,-0.0,-0.0,0.0
1736847133.048014,0.0,1.5708,1.45271,-0.0,-0.0,0.0
1736847133.048014,0.0,1.5708,1.45284,-0.0,-0.0,0.0
1736847133.048014,0.0,1.5708,1.45297,-0.0,-0.0,0.0
1736847133.048014,0.0,1.5708,1.45312,-0.0,-0.0,0.0
1736847133.0516787,0.0,1.5708,1.45326,-0.0,-0.0,0.0
1736847133.0516787,0.0,1.5708,1.4534,-0.0,-0.0,0.0
1736847133.05359,0.0,1.5708,1.45354,-0.0,-0.0,0.0
1736847133.0545967,0.0,1.5708,1.45366,-0.0,-0.0,0.0
1736847133.0545967,0.0,1.5708,1.45378,-0.0,-0.0,0.0
1736847133.0555952,0.0,1.5708,1.4539,-0.0,-0.0,0.0
1736847133.0565944,0.0,1.5708,1.45402,-0.0,-0.0,0.0
1736847133.0575945,0.0,1.5708,1.45414,-0.0,-0.0,0.0
1736847133.0575945,0.0,1.5708,1.45426,-0.0,-0.0,0.0
1736847133.058671,0.0,1.5708,1.45438,-0.0,-0.0,0.0
1736847133.0598347,0.0,1.5708,1.45455,-0.0,-0.0,0.0
1736847133.0608404,0.0,1.5708,1.4547,-0.0,-0.0,0.0
1736847133.0618565,0.0,1.5708,1.45482,-0.0,-0.0,0.0
1736847133.0618565,0.0,1.5708,1.45494,-0.0,-0.0,0.0
1736847133.063551,0.0,1.5708,1.45506,-0.0,-0.0,0.0
1736847133.063551,0.0,1.5708,1.45518,-0.0,-0.0,0.0
1736847133.064556,0.0,1.5708,1.45531,-0.0,-0.0,0.0
1736847133.0656712,0.0,1.5708,1.45544,-0.0,-0.0,0.0
1736847133.066494,0.0,1.5708,1.4556,-0.0,-0.0,0.0
1736847133.0675013,0.0,1.5708,1.45574,-0.0,-0.0,0.0
1736847133.0684998,0.0,1.5708,1.45589,-0.0,-0.0,0.0
1736847133.0695195,0.0,1.5708,1.45602,-0.0,-0.0,0.0
1736847133.0695195,0.0,1.5708,1.45614,-0.0,-0.0,0.0
1736847133.0705,0.0,1.5708,1.45626,-0.0,-0.0,0.0
1736847133.0719428,0.0,1.5708,1.45638,-0.0,-0.0,0.0
1736847133.0728524,0.0,1.5708,1.45652,-0.0,-0.0,0.0
1736847133.0729504,0.0,1.5708,1.45666,-0.0,-0.0,0.0
1736847133.074022,0.0,1.5708,1.45682,-0.0,-0.0,0.0
1736847133.0750017,0.0,1.5708,1.45696,-0.0,-0.0,0.0
1736847133.076,0.0,1.5708,1.45708,-0.0,-0.0,0.0
1736847133.077082,0.0,1.5708,1.4572,-0.0,-0.0,0.0
1736847133.0777154,0.0,1.5708,1.45732,-0.0,-0.0,0.0
1736847133.0787203,0.0,1.5708,1.45744,-0.0,-0.0,0.0
1736847133.0794814,0.0,1.5708,1.45757,-0.0,-0.0,0.0
1736847133.0799923,0.0,1.5708,1.45771,-0.0,-0.0,0.0
1736847133.0813036,0.0,1.5708,1.45786,-0.0,-0.0,0.0
1736847133.081813,0.0,1.5708,1.45799,-0.0,-0.0,0.0
1736847133.0828288,0.0,1.5708,1.45812,-0.0,-0.0,0.0
1736847133.0838206,0.0,1.5708,1.45824,-0.0,-0.0,0.0
1736847133.0838206,0.0,1.5708,1.45837,-0.0,-0.0,0.0
1736847133.0848222,0.0,1.5708,1.45849,-0.0,-0.0,0.0
1736847133.0858212,0.0,1.5708,1.45862,-0.0,-0.0,0.0
1736847133.0869858,0.0,1.5708,1.45874,-0.0,-0.0,0.0
1736847133.0880353,0.0,1.5708,1.4589,-0.0,-0.0,0.0
1736847133.0880353,0.0,1.5708,1.45905,-0.0,-0.0,0.0
1736847133.0895925,0.0,1.5708,1.4592,-0.0,-0.0,0.0
1736847133.0906003,0.0,1.5708,1.45932,-0.0,-0.0,0.0
1736847133.0906003,0.0,1.5708,1.45944,-0.0,-0.0,0.0
1736847133.0915978,0.0,1.5708,1.45957,-0.0,-0.0,0.0
1736847133.0925977,0.0,1.5708,1.45969,-0.0,-0.0,0.0
1736847133.0935981,0.0,1.5708,1.45983,-0.0,-0.0,0.0
1736847133.0946147,0.0,1.5708,1.45997,-0.0,-0.0,0.0
1736847133.0956223,0.0,1.5708,1.46013,-0.0,-0.0,0.0
1736847133.0966563,0.0,1.5708,1.46028,-0.0,-0.0,0.0
1736847133.0966563,0.0,1.5708,1.4604,-0.0,-0.0,0.0
1736847133.097655,0.0,1.5708,1.46053,-0.0,-0.0,0.0
1736847133.0986547,0.0,1.5708,1.46065,-0.0,-0.0,0.0
1736847133.099666,0.0,1.5708,1.46076,-0.0,-0.0,0.0
1736847133.1003516,0.0,1.5708,1.46089,-0.0,-0.0,0.0
1736847133.101693,0.0,1.5708,1.46104,-0.0,-0.0,0.0
1736847133.1020052,0.0,1.5708,1.46123,-0.0,-0.0,0.0
1736847133.1030061,0.0,1.5708,1.46136,-0.0,-0.0,0.0
1736847133.1040068,0.0,1.5708,1.46149,-0.0,-0.0,0.0
1736847133.105018,0.0,1.5708,1.46161,-0.0,-0.0,0.0
1736847133.105018,0.0,1.5708,1.46172,-0.0,-0.0,0.0
1736847133.1060052,0.0,1.5708,1.46184,-0.0,-0.0,0.0
1736847133.1070056,0.0,1.5708,1.46197,-0.0,-0.0,0.0
1736847133.1085348,0.0,1.5708,1.46211,-0.0,-0.0,0.0
1736847133.1095881,0.0,1.5708,1.46227,-0.0,-0.0,0.0
1736847133.110587,0.0,1.5708,1.46245,-0.0,-0.0,0.0
1736847133.110587,0.0,1.5708,1.46259,-0.0,-0.0,0.0
1736847133.1115956,0.0,1.5708,1.46272,-0.0,-0.0,0.0
1736847133.112586,0.0,1.5708,1.46284,-0.0,-0.0,0.0
1736847133.113334,0.0,1.5708,1.46296,-0.0,-0.0,0.0
1736847133.1143482,0.0,1.5708,1.46308,-0.0,-0.0,0.0
1736847133.1155298,0.0,1.5708,1.46324,-0.0,-0.0,0.0
1736847133.1160371,0.0,1.5708,1.46341,-0.0,-0.0,0.0
1736847133.1170428,0.0,1.5708,1.46355,-0.0,-0.0,0.0
1736847133.1180415,0.0,1.5708,1.46368,-0.0,-0.0,0.0
1736847133.1190429,0.0,1.5708,1.4638,-0.0,-0.0,0.0
1736847133.119776,0.0,1.5708,1.46392,-0.0,-0.0,0.0
1736847133.1207805,0.0,1.5708,1.46405,-0.0,-0.0,0.0
1736847133.1207805,0.0,1.5708,1.46418,-0.0,-0.0,0.0
1736847133.1220753,0.0,1.5708,1.46433,-0.0,-0.0,0.0
1736847133.1220753,0.0,1.5708,1.46447,-0.0,-0.0,0.0
1736847133.1241696,0.0,1.5708,1.46461,-0.0,-0.0,0.0
1736847133.1251743,0.0,1.5708,1.46474,-0.0,-0.0,0.0
1736847133.1251743,0.0,1.5708,1.46486,-0.0,-0.0,0.0
1736847133.126175,0.0,1.5708,1.46498,-0.0,-0.0,0.0
1736847133.1271858,0.0,1.5708,1.4651,-0.0,-0.0,0.0
1736847133.1281755,0.0,1.5708,1.46522,-0.0,-0.0,0.0
1736847133.128963,0.0,1.5708,1.46537,-0.0,-0.0,0.0
1736847133.128963,0.0,1.5708,1.46556,-0.0,-0.0,0.0
1736847133.1313956,0.0,1.5708,1.46571,-0.0,-0.0,0.0
1736847133.1313956,0.0,1.5708,1.46585,-0.0,-0.0,0.0
1736847133.1323967,0.0,1.5708,1.46598,-0.0,-0.0,0.0
1736847133.133397,0.0,1.5708,1.46611,-0.0,-0.0,0.0
1736847133.1342666,0.0,1.5708,1.46623,-0.0,-0.0,0.0
1736847133.1356285,0.0,1.5708,1.46636,-0.0,-0.0,0.0
1736847133.1359825,0.0,1.5708,1.46656,-0.0,-0.0,0.0
1736847133.1369839,0.0,1.5708,1.46672,-0.0,-0.0,0.0
1736847133.1369839,0.0,1.5708,1.46689,-0.0,-0.0,0.0
1736847133.1369839,0.0,1.5708,1.46702,-0.0,-0.0,0.0
1736847133.140091,0.0,1.5708,1.46714,-0.0,-0.0,0.0
1736847133.1412573,0.0,1.5708,1.46726,-0.0,-0.0,0.0
1736847133.1420379,0.0,1.5708,1.46739,-0.0,-0.0,0.0
1736847133.1420379,0.0,1.5708,1.46753,-0.0,-0.0,0.0
1736847133.143293,0.0,1.5708,1.4677,-0.0,-0.0,0.0
1736847133.1443002,0.0,1.5708,1.46785,-0.0,-0.0,0.0
1736847133.1458185,0.0,1.5708,1.46799,-0.0,-0.0,0.0
1736847133.1459174,0.0,1.5708,1.46812,-0.0,-0.0,0.0
1736847133.1469228,0.0,1.5708,1.46825,-0.0,-0.0,0.0
1736847133.147922,0.0,1.5708,1.46837,-0.0,-0.0,0.0
1736847133.148997,0.0,1.5708,1.46849,-0.0,-0.0,0.0
1736847133.1496599,0.0,1.5708,1.46864,-0.0,-0.0,0.0
1736847133.150665,0.0,1.5708,1.46879,-0.0,-0.0,0.0
1736847133.151563,0.0,1.5708,1.46894,-0.0,-0.0,0.0
1736847133.1525793,0.0,1.5708,1.46908,-0.0,-0.0,0.0
1736847133.1535683,0.0,1.5708,1.4692,-0.0,-0.0,0.0
1736847133.1535683,0.0,1.5708,1.46932,-0.0,-0.0,0.0
1736847133.1545672,0.0,1.5708,1.46944,-0.0,-0.0,0.0
1736847133.1558728,0.0,1.5708,1.46957,-0.0,-0.0,0.0
1736847133.1563425,0.0,1.5708,1.46971,-0.0,-0.0,0.0
1736847133.1577861,0.0,1.5708,1.46986,-0.0,-0.0,0.0
1736847133.158759,0.0,1.5708,1.47001,-0.0,-0.0,0.0
1736847133.1594272,0.0,1.5708,1.47015,-0.0,-0.0,0.0
1736847133.1594272,0.0,1.5708,1.47027,-0.0,-0.0,0.0
1736847133.1604393,0.0,1.5708,1.47039,-0.0,-0.0,0.0
1736847133.1614366,0.0,1.5708,1.47052,-0.0,-0.0,0.0
1736847133.162437,0.0,1.5708,1.47064,-0.0,-0.0,0.0
1736847133.1635294,0.0,1.5708,1.47077,-0.0,-0.0,0.0
1736847133.1638236,0.0,1.5708,1.47093,-0.0,-0.0,0.0
1736847133.1648269,0.0,1.5708,1.47107,-0.0,-0.0,0.0
1736847133.165824,0.0,1.5708,1.4712,-0.0,-0.0,0.0
1736847133.1668348,0.0,1.5708,1.47132,-0.0,-0.0,0.0
1736847133.1678238,0.0,1.5708,1.47144,-0.0,-0.0,0.0
1736847133.1678238,0.0,1.5708,1.47156,-0.0,-0.0,0.0
1736847133.1693592,0.0,1.5708,1.47168,-0.0,-0.0,0.0
1736847133.1702774,0.0,1.5708,1.47182,-0.0,-0.0,0.0
1736847133.171323,0.0,1.5708,1.47199,-0.0,-0.0,0.0
1736847133.1723232,0.0,1.5708,1.47215,-0.0,-0.0,0.0
1736847133.1723232,0.0,1.5708,1.47228,-0.0,-0.0,0.0
1736847133.1733212,0.0,1.5708,1.4724,-0.0,-0.0,0.0
1736847133.1747813,0.0,1.5708,1.47253,-0.0,-0.0,0.0
1736847133.1748905,0.0,1.5708,1.47266,-0.0,-0.0,0.0
1736847133.1762457,0.0,1.5708,1.47279,-0.0,-0.0,0.0
1736847133.1771963,0.0,1.5708,1.47292,-0.0,-0.0,0.0
1736847133.1771963,0.0,1.5708,1.47307,-0.0,-0.0,0.0
1736847133.1788948,0.0,1.5708,1.4732,-0.0,-0.0,0.0
1736847133.1799097,0.0,1.5708,1.47333,-0.0,-0.0,0.0
1736847133.1806757,0.0,1.5708,1.47346,-0.0,-0.0,0.0
1736847133.1814418,0.0,1.5708,1.47359,-0.0,-0.0,0.0
1736847133.1814418,0.0,1.5708,1.47371,-0.0,-0.0,0.0
1736847133.1824505,0.0,1.5708,1.47384,-0.0,-0.0,0.0
1736847133.1836545,0.0,1.5708,1.47396,-0.0,-0.0,0.0
1736847133.1840682,0.0,1.5708,1.47409,-0.0,-0.0,0.0
1736847133.185104,0.0,1.5708,1.47423,-0.0,-0.0,0.0
1736847133.1864219,0.0,1.5708,1.47436,-0.0,-0.0,0.0
1736847133.1865544,0.0,1.5708,1.4745,-0.0,-0.0,0.0
1736847133.187555,0.0,1.5708,1.47462,-0.0,-0.0,0.0
1736847133.1885545,0.0,1.5708,1.47475,-0.0,-0.0,0.0
1736847133.1895628,0.0,1.5708,1.47487,-0.0,-0.0,0.0
1736847133.1895628,0.0,1.5708,1.47499,-0.0,-0.0,0.0
1736847133.1906445,0.0,1.5708,1.47512,-0.0,-0.0,0.0
1736847133.1906445,0.0,1.5708,1.47529,-0.0,-0.0,0.0
1736847133.1906445,0.0,1.5708,1.47543,-0.0,-0.0,0.0
1736847133.1906445,0.0,1.5708,1.47556,-0.0,-0.0,0.0
1736847133.1906445,0.0,1.5708,1.47567,-0.0,-0.0,0.0
1736847133.1906445,0.0,1.5708,1.4758,-0.0,-0.0,0.0
1736847133.1959813,0.0,1.5708,1.47592,-0.0,-0.0,0.0
1736847133.196997,0.0,1.5708,1.47604,-0.0,-0.0,0.0
1736847133.1978652,0.0,1.5708,1.47617,-0.0,-0.0,0.0
1736847133.1980588,0.0,1.5708,1.47632,-0.0,-0.0,0.0
1736847133.1996367,0.0,1.5708,1.47646,-0.0,-0.0,0.0
1736847133.1996367,0.0,1.5708,1.4766,-0.0,-0.0,0.0
1736847133.2014048,0.0,1.5708,1.47672,-0.0,-0.0,0.0
1736847133.2022152,0.0,1.5708,1.47685,-0.0,-0.0,0.0
1736847133.2022152,0.0,1.5708,1.47698,-0.0,-0.0,0.0
1736847133.203228,0.0,1.5708,1.4771,-0.0,-0.0,0.0
1736847133.2044847,0.0,1.5708,1.47723,-0.0,-0.0,0.0
1736847133.2049432,0.0,1.5708,1.47737,-0.0,-0.0,0.0
1736847133.2061868,0.0,1.5708,1.47752,-0.0,-0.0,0.0
1736847133.2072005,0.0,1.5708,1.47766,-0.0,-0.0,0.0
1736847133.2072005,0.0,1.5708,1.47778,-0.0,-0.0,0.0
1736847133.2072005,0.0,1.5708,1.4779,-0.0,-0.0,0.0
1736847133.2072005,0.0,1.5708,1.47802,-0.0,-0.0,0.0
1736847133.2072005,0.0,1.5708,1.47814,-0.0,-0.0,0.0
1736847133.211034,0.0,1.5708,1.47826,-0.0,-0.0,0.0
1736847133.2121134,0.0,1.5708,1.47839,-0.0,-0.0,0.0
1736847133.2131183,0.0,1.5708,1.47855,-0.0,-0.0,0.0
1736847133.2131183,0.0,1.5708,1.47868,-0.0,-0.0,0.0
1736847133.2141187,0.0,1.5708,1.4788,-0.0,-0.0,0.0
1736847133.2151284,0.0,1.5708,1.47892,-0.0,-0.0,0.0
1736847133.2161257,0.0,1.5708,1.47904,-0.0,-0.0,0.0
1736847133.2161257,0.0,1.5708,1.47916,-0.0,-0.0,0.0
1736847133.217685,0.0,1.5708,1.47928,-0.0,-0.0,0.0
1736847133.2184389,0.0,1.5708,1.47941,-0.0,-0.0,0.0
1736847133.2189057,0.0,1.5708,1.47955,-0.0,-0.0,0.0
1736847133.2201467,0.0,1.5708,1.47969,-0.0,-0.0,0.0
1736847133.2212248,0.0,1.5708,1.47982,-0.0,-0.0,0.0
1736847133.2212248,0.0,1.5708,1.47995,-0.0,-0.0,0.0
1736847133.2222311,0.0,1.5708,1.48007,-0.0,-0.0,0.0
1736847133.2235196,0.0,1.5708,1.48019,-0.0,-0.0,0.0
1736847133.2236202,0.0,1.5708,1.48032,-0.0,-0.0,0.0
1736847133.224622,0.0,1.5708,1.48046,-0.0,-0.0,0.0
1736847133.2257478,0.0,1.5708,1.48059,-0.0,-0.0,0.0
1736847133.2267869,0.0,1.5708,1.48075,-0.0,-0.0,0.0
1736847133.227788,0.0,1.5708,1.48088,-0.0,-0.0,0.0
1736847133.228147,0.0,1.5708,1.481,-0.0,-0.0,0.0
1736847133.228147,0.0,1.5708,1.48114,-0.0,-0.0,0.0
1736847133.228147,0.0,1.5708,1.48127,-0.0,-0.0,0.0
1736847133.228147,0.0,1.5708,1.48139,-0.0,-0.0,0.0
1736847133.2319176,0.0,1.5708,1.48152,-0.0,-0.0,0.0
1736847133.2323687,0.0,1.5708,1.48164,-0.0,-0.0,0.0
1736847133.2323687,0.0,1.5708,1.48179,-0.0,-0.0,0.0
1736847133.2342718,0.0,1.5708,1.48192,-0.0,-0.0,0.0
1736847133.235279,0.0,1.5708,1.48205,-0.0,-0.0,0.0
1736847133.2362761,0.0,1.5708,1.48218,-0.0,-0.0,0.0
1736847133.2362761,0.0,1.5708,1.48231,-0.0,-0.0,0.0
1736847133.2377887,0.0,1.5708,1.48243,-0.0,-0.0,0.0
1736847133.238396,0.0,1.5708,1.48255,-0.0,-0.0,0.0
1736847133.239226,0.0,1.5708,1.48267,-0.0,-0.0,0.0
1736847133.239226,0.0,1.5708,1.48283,-0.0,-0.0,0.0
1736847133.2410731,0.0,1.5708,1.48301,-0.0,-0.0,0.0
1736847133.2420795,0.0,1.5708,1.48315,-0.0,-0.0,0.0
1736847133.2430787,0.0,1.5708,1.48328,-0.0,-0.0,0.0
1736847133.2430787,0.0,1.5708,1.4834,-0.0,-0.0,0.0
1736847133.244079,0.0,1.5708,1.48351,-0.0,-0.0,0.0
1736847133.245078,0.0,1.5708,1.48363,-0.0,-0.0,0.0
1736847133.246166,0.0,1.5708,1.48375,-0.0,-0.0,0.0
1736847133.2470372,0.0,1.5708,1.48388,-0.0,-0.0,0.0
1736847133.2480426,0.0,1.5708,1.48403,-0.0,-0.0,0.0
1736847133.2480426,0.0,1.5708,1.48417,-0.0,-0.0,0.0
1736847133.2490423,0.0,1.5708,1.4843,-0.0,-0.0,0.0
1736847133.2500412,0.0,1.5708,1.48442,-0.0,-0.0,0.0
1736847133.2510514,0.0,1.5708,1.48454,-0.0,-0.0,0.0
1736847133.2510514,0.0,1.5708,1.48466,-0.0,-0.0,0.0
1736847133.2524755,0.0,1.5708,1.48478,-0.0,-0.0,0.0
1736847133.2536662,0.0,1.5708,1.48491,-0.0,-0.0,0.0
1736847133.2546694,0.0,1.5708,1.48509,-0.0,-0.0,0.0
1736847133.255847,0.0,1.5708,1.48525,-0.0,-0.0,0.0
1736847133.255847,0.0,1.5708,1.48539,-0.0,-0.0,0.0
1736847133.2568526,0.0,1.5708,1.48551,-0.0,-0.0,0.0
1736847133.2578514,0.0,1.5708,1.48564,-0.0,-0.0,0.0
1736847133.258702,0.0,1.5708,1.48576,-0.0,-0.0,0.0
1736847133.2597075,0.0,1.5708,1.48588,-0.0,-0.0,0.0
1736847133.2604885,0.0,1.5708,1.48601,-0.0,-0.0,0.0
1736847133.2604885,0.0,1.5708,1.48615,-0.0,-0.0,0.0
1736847133.2615368,0.0,1.5708,1.48629,-0.0,-0.0,0.0
1736847133.2625337,0.0,1.5708,1.48641,-0.0,-0.0,0.0
1736847133.2635329,0.0,1.5708,1.48653,-0.0,-0.0,0.0
1736847133.2646155,0.0,1.5708,1.48665,-0.0,-0.0,0.0
1736847133.2647107,0.0,1.5708,1.48678,-0.0,-0.0,0.0
1736847133.265712,0.0,1.5708,1.48691,-0.0,-0.0,0.0
1736847133.2670045,0.0,1.5708,1.48703,-0.0,-0.0,0.0
1736847133.2674062,0.0,1.5708,1.48717,-0.0,-0.0,0.0
1736847133.2684495,0.0,1.5708,1.48731,-0.0,-0.0,0.0
1736847133.2692387,0.0,1.5708,1.48745,-0.0,-0.0,0.0
1736847133.2692387,0.0,1.5708,1.48758,-0.0,-0.0,0.0
1736847133.2692387,0.0,1.5708,1.48772,-0.0,-0.0,0.0
1736847133.2692387,0.0,1.5708,1.48784,-0.0,-0.0,0.0
1736847133.2692387,0.0,1.5708,1.48796,-0.0,-0.0,0.0
1736847133.2735224,0.0,1.5708,1.48809,-0.0,-0.0,0.0
1736847133.2739387,0.0,1.5708,1.48822,-0.0,-0.0,0.0
1736847133.2759786,0.0,1.5708,1.48843,-0.0,-0.0,0.0
1736847133.27699,0.0,1.5708,1.48861,-0.0,-0.0,0.0
1736847133.27699,0.0,1.5708,1.48874,-0.0,-0.0,0.0
1736847133.277987,0.0,1.5708,1.48886,-0.0,-0.0,0.0
1736847133.2789874,0.0,1.5708,1.48898,-0.0,-0.0,0.0
1736847133.2800028,0.0,1.5708,1.4891,-0.0,-0.0,0.0
1736847133.2809885,0.0,1.5708,1.48921,-0.0,-0.0,0.0
1736847133.2816129,0.0,1.5708,1.48936,-0.0,-0.0,0.0
1736847133.2826188,0.0,1.5708,1.4895,-0.0,-0.0,0.0
1736847133.2836287,0.0,1.5708,1.48964,-0.0,-0.0,0.0
1736847133.2836287,0.0,1.5708,1.48977,-0.0,-0.0,0.0
1736847133.2846172,0.0,1.5708,1.4899,-0.0,-0.0,0.0
1736847133.2856174,0.0,1.5708,1.49002,-0.0,-0.0,0.0
1736847133.2867024,0.0,1.5708,1.49014,-0.0,-0.0,0.0
1736847133.2874112,0.0,1.5708,1.49026,-0.0,-0.0,0.0
1736847133.2883291,0.0,1.5708,1.4904,-0.0,-0.0,0.0
1736847133.2893658,0.0,1.5708,1.49055,-0.0,-0.0,0.0
1736847133.2893658,0.0,1.5708,1.49069,-0.0,-0.0,0.0
1736847133.2903645,0.0,1.5708,1.49082,-0.0,-0.0,0.0
1736847133.2913647,0.0,1.5708,1.49094,-0.0,-0.0,0.0
1736847133.2923691,0.0,1.5708,1.49106,-0.0,-0.0,0.0
1736847133.2935812,0.0,1.5708,1.49119,-0.0,-0.0,0.0
1736847133.2935812,0.0,1.5708,1.49132,-0.0,-0.0,0.0
1736847133.2951856,0.0,1.5708,1.49145,-0.0,-0.0,0.0
1736847133.2953196,0.0,1.5708,1.49159,-0.0,-0.0,0.0
1736847133.2963603,0.0,1.5708,1.49173,-0.0,-0.0,0.0
1736847133.2973578,0.0,1.5708,1.49186,-0.0,-0.0,0.0
1736847133.2984366,0.0,1.5708,1.49198,-0.0,-0.0,0.0
1736847133.299156,0.0,1.5708,1.49211,-0.0,-0.0,0.0
1736847133.3001664,0.0,1.5708,1.49223,-0.0,-0.0,0.0
1736847133.3001664,0.0,1.5708,1.49236,-0.0,-0.0,0.0
1736847133.3017068,0.0,1.5708,1.4925,-0.0,-0.0,0.0
1736847133.3021235,0.0,1.5708,1.49264,-0.0,-0.0,0.0
1736847133.3031597,0.0,1.5708,1.49279,-0.0,-0.0,0.0
1736847133.3040044,0.0,1.5708,1.49291,-0.0,-0.0,0.0
1736847133.3040044,0.0,1.5708,1.49306,-0.0,-0.0,0.0
1736847133.3040044,0.0,1.5708,1.4932,-0.0,-0.0,0.0
1736847133.3040044,0.0,1.5708,1.49333,-0.0,-0.0,0.0
1736847133.3040044,0.0,1.5708,1.49346,-0.0,-0.0,0.0
1736847133.3086698,0.0,1.5708,1.49359,-0.0,-0.0,0.0
1736847133.3086698,0.0,1.5708,1.49374,-0.0,-0.0,0.0
1736847133.310596,0.0,1.5708,1.49388,-0.0,-0.0,0.0
1736847133.3113408,0.0,1.5708,1.49401,-0.0,-0.0,0.0
1736847133.3113408,0.0,1.5708,1.49413,-0.0,-0.0,0.0
1736847133.3123467,0.0,1.5708,1.49425,-0.0,-0.0,0.0
1736847133.313345,0.0,1.5708,1.49437,-0.0,-0.0,0.0
1736847133.314355,0.0,1.5708,1.49449,-0.0,-0.0,0.0
1736847133.314355,0.0,1.5708,1.49461,-0.0,-0.0,0.0
1736847133.3156872,0.0,1.5708,1.49473,-0.0,-0.0,0.0
1736847133.3165355,0.0,1.5708,1.49489,-0.0,-0.0,0.0
1736847133.3175364,0.0,1.5708,1.49503,-0.0,-0.0,0.0
1736847133.318535,0.0,1.5708,1.49515,-0.0,-0.0,0.0
1736847133.3195348,0.0,1.5708,1.49527,-0.0,-0.0,0.0
1736847133.3195348,0.0,1.5708,1.49539,-0.0,-0.0,0.0
1736847133.320535,0.0,1.5708,1.49552,-0.0,-0.0,0.0
1736847133.3219,0.0,1.5708,1.49564,-0.0,-0.0,0.0
1736847133.3225348,0.0,1.5708,1.49577,-0.0,-0.0,0.0
1736847133.323068,0.0,1.5708,1.49591,-0.0,-0.0,0.0
1736847133.32407,0.0,1.5708,1.49605,-0.0,-0.0,0.0
1736847133.3250694,0.0,1.5708,1.49618,-0.0,-0.0,0.0
1736847133.3260689,0.0,1.5708,1.4963,-0.0,-0.0,0.0
1736847133.3260689,0.0,1.5708,1.49642,-0.0,-0.0,0.0
1736847133.3275852,0.0,1.5708,1.49655,-0.0,-0.0,0.0
1736847133.3284204,0.0,1.5708,1.49666,-0.0,-0.0,0.0
1736847133.3289423,0.0,1.5708,1.49679,-0.0,-0.0,0.0
1736847133.3299804,0.0,1.5708,1.49691,-0.0,-0.0,0.0
1736847133.3299804,0.0,1.5708,1.49706,-0.0,-0.0,0.0
1736847133.3310232,0.0,1.5708,1.4972,-0.0,-0.0,0.0
1736847133.33202,0.0,1.5708,1.49732,-0.0,-0.0,0.0
1736847133.3332937,0.0,1.5708,1.49744,-0.0,-0.0,0.0
1736847133.333386,0.0,1.5708,1.49757,-0.0,-0.0,0.0
1736847133.3343878,0.0,1.5708,1.4977,-0.0,-0.0,0.0
1736847133.3353865,0.0,1.5708,1.49782,-0.0,-0.0,0.0
1736847133.3363862,0.0,1.5708,1.49794,-0.0,-0.0,0.0
1736847133.3368921,0.0,1.5708,1.49808,-0.0,-0.0,0.0
1736847133.3377705,0.0,1.5708,1.49823,-0.0,-0.0,0.0
1736847133.3377705,0.0,1.5708,1.49837,-0.0,-0.0,0.0
1736847133.3377705,0.0,1.5708,1.4985,-0.0,-0.0,0.0
1736847133.3377705,0.0,1.5708,1.49862,-0.0,-0.0,0.0
1736847133.3377705,0.0,1.5708,1.49874,-0.0,-0.0,0.0
1736847133.3377705,0.0,1.5708,1.49887,-0.0,-0.0,0.0
1736847133.3429759,0.0,1.5708,1.49899,-0.0,-0.0,0.0
1736847133.3440251,0.0,1.5708,1.49912,-0.0,-0.0,0.0
1736847133.3450303,0.0,1.5708,1.49927,-0.0,-0.0,0.0
1736847133.3457346,0.0,1.5708,1.49942,-0.0,-0.0,0.0
1736847133.346746,0.0,1.5708,1.49954,-0.0,-0.0,0.0
1736847133.346746,0.0,1.5708,1.49967,-0.0,-0.0,0.0
1736847133.3477514,0.0,1.5708,1.49979,-0.0,-0.0,0.0
1736847133.34875,0.0,1.5708,1.49991,-0.0,-0.0,0.0
1736847133.349813,0.0,1.5708,1.50003,-0.0,-0.0,0.0
1736847133.3507702,0.0,1.5708,1.50017,-0.0,-0.0,0.0
1736847133.3518136,0.0,1.5708,1.50032,-0.0,-0.0,0.0
1736847133.3518136,0.0,1.5708,1.50047,-0.0,-0.0,0.0
1736847133.3528142,0.0,1.5708,1.50059,-0.0,-0.0,0.0
1736847133.3538125,0.0,1.5708,1.50072,-0.0,-0.0,0.0
1736847133.3544545,0.0,1.5708,1.50084,-0.0,-0.0,0.0
1736847133.3544545,0.0,1.5708,1.50097,-0.0,-0.0,0.0
1736847133.3544545,0.0,1.5708,1.50111,-0.0,-0.0,0.0
1736847133.3572843,0.0,1.5708,1.50123,-0.0,-0.0,0.0
1736847133.3572843,0.0,1.5708,1.50136,-0.0,-0.0,0.0
1736847133.3572843,0.0,1.5708,1.5015,-0.0,-0.0,0.0
1736847133.3572843,0.0,1.5708,1.50163,-0.0,-0.0,0.0
1736847133.360594,0.0,1.5708,1.50176,-0.0,-0.0,0.0
1736847133.3615992,0.0,1.5708,1.50188,-0.0,-0.0,0.0
1736847133.3615992,0.0,1.5708,1.502,-0.0,-0.0,0.0
1736847133.3631508,0.0,1.5708,1.50212,-0.0,-0.0,0.0
1736847133.3636694,0.0,1.5708,1.50224,-0.0,-0.0,0.0
1736847133.3645504,0.0,1.5708,1.50236,-0.0,-0.0,0.0
1736847133.364843,0.0,1.5708,1.5025,-0.0,-0.0,0.0
1736847133.3665314,0.0,1.5708,1.50265,-0.0,-0.0,0.0
1736847133.3665314,0.0,1.5708,1.50279,-0.0,-0.0,0.0
1736847133.3675365,0.0,1.5708,1.50292,-0.0,-0.0,0.0
1736847133.3685353,0.0,1.5708,1.50305,-0.0,-0.0,0.0
1736847133.369535,0.0,1.5708,1.50317,-0.0,-0.0,0.0
1736847133.3705351,0.0,1.5708,1.50329,-0.0,-0.0,0.0
1736847133.3711686,0.0,1.5708,1.50341,-0.0,-0.0,0.0
1736847133.3711686,0.0,1.5708,1.50356,-0.0,-0.0,0.0
1736847133.37294,0.0,1.5708,1.50371,-0.0,-0.0,0.0
1736847133.3739462,0.0,1.5708,1.50384,-0.0,-0.0,0.0
1736847133.3749452,0.0,1.5708,1.50398,-0.0,-0.0,0.0
1736847133.3749452,0.0,1.5708,1.5041,-0.0,-0.0,0.0
1736847133.3759453,0.0,1.5708,1.50422,-0.0,-0.0,0.0
1736847133.3769443,0.0,1.5708,1.50435,-0.0,-0.0,0.0
1736847133.3780885,0.0,1.5708,1.50447,-0.0,-0.0,0.0
1736847133.3791096,0.0,1.5708,1.50461,-0.0,-0.0,0.0
1736847133.3791096,0.0,1.5708,1.50477,-0.0,-0.0,0.0
1736847133.38071,0.0,1.5708,1.5049,-0.0,-0.0,0.0
1736847133.3816855,0.0,1.5708,1.50503,-0.0,-0.0,0.0
1736847133.3816855,0.0,1.5708,1.50515,-0.0,-0.0,0.0
1736847133.382692,0.0,1.5708,1.50528,-0.0,-0.0,0.0
1736847133.383681,0.0,1.5708,1.5054,-0.0,-0.0,0.0
1736847133.3846867,0.0,1.5708,1.50552,-0.0,-0.0,0.0
1736847133.385148,0.0,1.5708,1.50564,-0.0,-0.0,0.0
1736847133.385148,0.0,1.5708,1.50579,-0.0,-0.0,0.0
1736847133.385148,0.0,1.5708,1.50595,-0.0,-0.0,0.0
1736847133.385148,0.0,1.5708,1.50609,-0.0,-0.0,0.0
1736847133.385148,0.0,1.5708,1.50622,-0.0,-0.0,0.0
1736847133.3897398,0.0,1.5708,1.50634,-0.0,-0.0,0.0
1736847133.3907454,0.0,1.5708,1.50646,-0.0,-0.0,0.0
1736847133.3907454,0.0,1.5708,1.50659,-0.0,-0.0,0.0
1736847133.39242,0.0,1.5708,1.50671,-0.0,-0.0,0.0
1736847133.392555,0.0,1.5708,1.50686,-0.0,-0.0,0.0
1736847133.3935935,0.0,1.5708,1.507,-0.0,-0.0,0.0
1736847133.3945918,0.0,1.5708,1.50713,-0.0,-0.0,0.0
1736847133.3958154,0.0,1.5708,1.50724,-0.0,-0.0,0.0
1736847133.3958154,0.0,1.5708,1.50738,-0.0,-0.0,0.0
1736847133.3968172,0.0,1.5708,1.50751,-0.0,-0.0,0.0
1736847133.3981707,0.0,1.5708,1.50763,-0.0,-0.0,0.0
1736847133.3989215,0.0,1.5708,1.50775,-0.0,-0.0,0.0
1736847133.3993676,0.0,1.5708,1.50789,-0.0,-0.0,0.0
1736847133.4004006,0.0,1.5708,1.50803,-0.0,-0.0,0.0
1736847133.4016285,0.0,1.5708,1.50816,-0.0,-0.0,0.0
1736847133.4023206,0.0,1.5708,1.5083,-0.0,-0.0,0.0
1736847133.4023206,0.0,1.5708,1.50843,-0.0,-0.0,0.0
1736847133.403333,0.0,1.5708,1.50855,-0.0,-0.0,0.0
1736847133.404331,0.0,1.5708,1.50867,-0.0,-0.0,0.0
1736847133.4053605,0.0,1.5708,1.50879,-0.0,-0.0,0.0
1736847133.4059641,0.0,1.5708,1.50891,-0.0,-0.0,0.0
1736847133.4059641,0.0,1.5708,1.50908,-0.0,-0.0,0.0
1736847133.408149,0.0,1.5708,1.50924,-0.0,-0.0,0.0
1736847133.409155,0.0,1.5708,1.50938,-0.0,-0.0,0.0
1736847133.4101539,0.0,1.5708,1.50951,-0.0,-0.0,0.0
1736847133.4101539,0.0,1.5708,1.50964,-0.0,-0.0,0.0
1736847133.4111543,0.0,1.5708,1.50976,-0.0,-0.0,0.0
1736847133.4121535,0.0,1.5708,1.50988,-0.0,-0.0,0.0
1736847133.4129364,0.0,1.5708,1.51,-0.0,-0.0,0.0
1736847133.4138103,0.0,1.5708,1.51015,-0.0,-0.0,0.0
1736847133.4148118,0.0,1.5708,1.5103,-0.0,-0.0,0.0
1736847133.4158108,0.0,1.5708,1.51042,-0.0,-0.0,0.0
1736847133.4168117,0.0,1.5708,1.51054,-0.0,-0.0,0.0
1736847133.4168117,0.0,1.5708,1.51067,-0.0,-0.0,0.0
1736847133.418017,0.0,1.5708,1.51079,-0.0,-0.0,0.0
1736847133.419027,0.0,1.5708,1.51091,-0.0,-0.0,0.0
1736847133.4197695,0.0,1.5708,1.51104,-0.0,-0.0,0.0
1736847133.4197695,0.0,1.5708,1.51119,-0.0,-0.0,0.0
1736847133.4197695,0.0,1.5708,1.51133,-0.0,-0.0,0.0
1736847133.4197695,0.0,1.5708,1.51146,-0.0,-0.0,0.0
1736847133.4232843,0.0,1.5708,1.51156,-0.0,-0.0,0.0
1736847133.4232843,0.0,1.5708,1.51169,-0.0,-0.0,0.0
1736847133.4242907,0.0,1.5708,1.51181,-0.0,-0.0,0.0
1736847133.4252882,0.0,1.5708,1.51193,-0.0,-0.0,0.0
1736847133.426289,0.0,1.5708,1.51205,-0.0,-0.0,0.0
1736847133.4272394,0.0,1.5708,1.51218,-0.0,-0.0,0.0
1736847133.4272394,0.0,1.5708,1.51233,-0.0,-0.0,0.0
1736847133.4288118,0.0,1.5708,1.51247,-0.0,-0.0,0.0
1736847133.4298165,0.0,1.5708,1.5126,-0.0,-0.0,0.0
1736847133.4298165,0.0,1.5708,1.51272,-0.0,-0.0,0.0
1736847133.4308167,0.0,1.5708,1.51284,-0.0,-0.0,0.0
1736847133.4318159,0.0,1.5708,1.51296,-0.0,-0.0,0.0
1736847133.432817,0.0,1.5708,1.51308,-0.0,-0.0,0.0
1736847133.4336498,0.0,1.5708,1.5132,-0.0,-0.0,0.0
1736847133.4346757,0.0,1.5708,1.51334,-0.0,-0.0,0.0
1736847133.4347749,0.0,1.5708,1.5135,-0.0,-0.0,0.0
1736847133.4357772,0.0,1.5708,1.51364,-0.0,-0.0,0.0
1736847133.4367757,0.0,1.5708,1.51376,-0.0,-0.0,0.0
1736847133.4377851,0.0,1.5708,1.51388,-0.0,-0.0,0.0
1736847133.4387748,0.0,1.5708,1.51399,-0.0,-0.0,0.0
1736847133.4387748,0.0,1.5708,1.51411,-0.0,-0.0,0.0
1736847133.4402053,0.0,1.5708,1.51423,-0.0,-0.0,0.0
1736847133.4406538,0.0,1.5708,1.51436,-0.0,-0.0,0.0
1736847133.4412851,0.0,1.5708,1.51453,-0.0,-0.0,0.0
1736847133.4430451,0.0,1.5708,1.51467,-0.0,-0.0,0.0
1736847133.443788,0.0,1.5708,1.51481,-0.0,-0.0,0.0
1736847133.4447994,0.0,1.5708,1.51494,-0.0,-0.0,0.0
1736847133.4447994,0.0,1.5708,1.51507,-0.0,-0.0,0.0
1736847133.4457955,0.0,1.5708,1.51519,-0.0,-0.0,0.0
1736847133.4471884,0.0,1.5708,1.51534,-0.0,-0.0,0.0
1736847133.4476407,0.0,1.5708,1.51547,-0.0,-0.0,0.0
1736847133.4476407,0.0,1.5708,1.51563,-0.0,-0.0,0.0
1736847133.4476407,0.0,1.5708,1.51578,-0.0,-0.0,0.0
1736847133.4476407,0.0,1.5708,1.5159,-0.0,-0.0,0.0
1736847133.4514828,0.0,1.5708,1.51603,-0.0,-0.0,0.0
1736847133.45249,0.0,1.5708,1.51615,-0.0,-0.0,0.0
1736847133.45249,0.0,1.5708,1.51627,-0.0,-0.0,0.0
1736847133.4534879,0.0,1.5708,1.51639,-0.0,-0.0,0.0
1736847133.4548604,0.0,1.5708,1.51653,-0.0,-0.0,0.0
1736847133.4550085,0.0,1.5708,1.51668,-0.0,-0.0,0.0
1736847133.4560475,0.0,1.5708,1.51682,-0.0,-0.0,0.0
1736847133.4574952,0.0,1.5708,1.51694,-0.0,-0.0,0.0
1736847133.4576056,0.0,1.5708,1.51707,-0.0,-0.0,0.0
1736847133.4586065,0.0,1.5708,1.5172,-0.0,-0.0,0.0
1736847133.4599357,0.0,1.5708,1.51732,-0.0,-0.0,0.0
1736847133.4599357,0.0,1.5708,1.51744,-0.0,-0.0,0.0
1736847133.4614444,0.0,1.5708,1.51757,-0.0,-0.0,0.0
1736847133.4621236,0.0,1.5708,1.5177,-0.0,-0.0,0.0
1736847133.463131,0.0,1.5708,1.51787,-0.0,-0.0,0.0
1736847133.463131,0.0,1.5708,1.51802,-0.0,-0.0,0.0
1736847133.463131,0.0,1.5708,1.51815,-0.0,-0.0,0.0
1736847133.463131,0.0,1.5708,1.51827,-0.0,-0.0,0.0
1736847133.463131,0.0,1.5708,1.51839,-0.0,-0.0,0.0
1736847133.4672713,0.0,1.5708,1.51851,-0.0,-0.0,0.0
1736847133.4682765,0.0,1.5708,1.51863,-0.0,-0.0,0.0
1736847133.468896,0.0,1.5708,1.51877,-0.0,-0.0,0.0
1736847133.4699361,0.0,1.5708,1.51892,-0.0,-0.0,0.0
1736847133.470947,0.0,1.5708,1.51908,-0.0,-0.0,0.0
1736847133.4719458,0.0,1.5708,1.51923,-0.0,-0.0,0.0
1736847133.4728847,0.0,1.5708,1.51936,-0.0,-0.0,0.0
1736847133.4729764,0.0,1.5708,1.51949,-0.0,-0.0,0.0
1736847133.4739776,0.0,1.5708,1.51962,-0.0,-0.0,0.0
1736847133.4753056,0.0,1.5708,1.51974,-0.0,-0.0,0.0
1736847133.4757705,0.0,1.5708,1.51988,-0.0,-0.0,0.0
1736847133.4768085,0.0,1.5708,1.52004,-0.0,-0.0,0.0
1736847133.5693276,0.0,1.5708,1.53514,-0.0,-0.0,0.0
1736847133.5693276,0.0,1.5708,1.5354,-0.0,-0.0,0.0
1736847133.5693276,0.0,1.5708,1.53561,-0.0,-0.0,0.0
1736847133.5693276,0.0,1.5708,1.5358,-0.0,-0.0,0.0
1736847133.5693276,0.0,1.5708,1.53595,-0.0,-0.0,0.0
1736847133.5795226,0.0,1.5708,1.53608,-0.0,-0.0,0.0
1736847133.5886376,0.0,1.5708,1.53761,-0.0,-0.0,0.0
1736847133.5896356,0.0,1.5708,1.53776,-0.0,-0.0,0.0
1736847133.5906441,0.0,1.5708,1.53789,-0.0,-0.0,0.0
1736847133.5916445,0.0,1.5708,1.53802,-0.0,-0.0,0.0
1736847133.5921202,0.0,1.5708,1.53814,-0.0,-0.0,0.0
1736847133.5931208,0.0,1.5708,1.53827,-0.0,-0.0,0.0
1736847133.5940976,0.0,1.5708,1.5384,-0.0,-0.0,0.0
1736847133.5940976,0.0,1.5708,1.53854,-0.0,-0.0,0.0
1736847133.5940976,0.0,1.5708,1.53868,-0.0,-0.0,0.0
1736847133.5940976,0.0,1.5708,1.5388,-0.0,-0.0,0.0
1736847133.5940976,0.0,1.5708,1.53892,-0.0,-0.0,0.0
1736847133.5974817,0.0,1.5708,1.53906,-0.0,-0.0,0.0
1736847133.599076,0.0,1.5708,1.53919,-0.0,-0.0,0.0
1736847133.599076,0.0,1.5708,1.53931,-0.0,-0.0,0.0
1736847133.6000881,0.0,1.5708,1.53945,-0.0,-0.0,0.0
1736847133.6015725,0.0,1.5708,1.53957,-0.0,-0.0,0.0
1736847133.6023545,0.0,1.5708,1.53973,-0.0,-0.0,0.0
1736847133.603449,0.0,1.5708,1.53988,-0.0,-0.0,0.0
1736847133.603449,0.0,1.5708,1.54,-0.0,-0.0,0.0
1736847133.603449,0.0,1.5708,1.54013,-0.0,-0.0,0.0
1736847133.603449,0.0,1.5708,1.54025,-0.0,-0.0,0.0
1736847133.603449,0.0,1.5708,1.54037,-0.0,-0.0,0.0
1736847133.606852,0.0,1.5708,1.54051,-0.0,-0.0,0.0
1736847133.6078577,0.0,1.5708,1.54065,-0.0,-0.0,0.0
1736847133.608857,0.0,1.5708,1.54078,-0.0,-0.0,0.0
1736847133.6098669,0.0,1.5708,1.5409,-0.0,-0.0,0.0
1736847133.610928,0.0,1.5708,1.54105,-0.0,-0.0,0.0
1736847133.6115232,0.0,1.5708,1.54121,-0.0,-0.0,0.0
1736847133.6125295,0.0,1.5708,1.54137,-0.0,-0.0,0.0
1736847133.6135375,0.0,1.5708,1.5415,-0.0,-0.0,0.0
1736847133.6145554,0.0,1.5708,1.54164,-0.0,-0.0,0.0
1736847133.6155415,0.0,1.5708,1.54177,-0.0,-0.0,0.0
1736847133.6155415,0.0,1.5708,1.5419,-0.0,-0.0,0.0
1736847133.6171181,0.0,1.5708,1.54203,-0.0,-0.0,0.0
1736847133.6171181,0.0,1.5708,1.54216,-0.0,-0.0,0.0
1736847133.6171181,0.0,1.5708,1.54231,-0.0,-0.0,0.0
1736847133.619599,0.0,1.5708,1.54243,-0.0,-0.0,0.0
1736847133.620529,0.0,1.5708,1.54255,-0.0,-0.0,0.0
1736847133.620529,0.0,1.5708,1.54268,-0.0,-0.0,0.0
1736847133.6223907,0.0,1.5708,1.54283,-0.0,-0.0,0.0
1736847133.6227374,0.0,1.5708,1.54299,-0.0,-0.0,0.0
1736847133.6237445,0.0,1.5708,1.54312,-0.0,-0.0,0.0
1736847133.6247535,0.0,1.5708,1.54325,-0.0,-0.0,0.0
1736847133.6256917,0.0,1.5708,1.54336,-0.0,-0.0,0.0
1736847133.625786,0.0,1.5708,1.5435,-0.0,-0.0,0.0
1736847133.6267874,0.0,1.5708,1.54363,-0.0,-0.0,0.0
1736847133.627787,0.0,1.5708,1.54375,-0.0,-0.0,0.0
1736847133.6288767,0.0,1.5708,1.54388,-0.0,-0.0,0.0
1736847133.6292024,0.0,1.5708,1.54402,-0.0,-0.0,0.0
1736847133.6302414,0.0,1.5708,1.54416,-0.0,-0.0,0.0
1736847133.6316748,0.0,1.5708,1.54429,-0.0,-0.0,0.0
1736847133.6316748,0.0,1.5708,1.54443,-0.0,-0.0,0.0
1736847133.6326761,0.0,1.5708,1.54456,-0.0,-0.0,0.0
1736847133.6336753,0.0,1.5708,1.54468,-0.0,-0.0,0.0
1736847133.6346755,0.0,1.5708,1.5448,-0.0,-0.0,0.0
1736847133.635678,0.0,1.5708,1.54493,-0.0,-0.0,0.0
1736847133.636245,0.0,1.5708,1.54508,-0.0,-0.0,0.0
1736847133.6375098,0.0,1.5708,1.54522,-0.0,-0.0,0.0
1736847133.6376138,0.0,1.5708,1.54536,-0.0,-0.0,0.0
1736847133.6392722,0.0,1.5708,1.5455,-0.0,-0.0,0.0
1736847133.6392722,0.0,1.5708,1.54562,-0.0,-0.0,0.0
1736847133.6402848,0.0,1.5708,1.54575,-0.0,-0.0,0.0
1736847133.6412828,0.0,1.5708,1.54587,-0.0,-0.0,0.0
1736847133.6422975,0.0,1.5708,1.54599,-0.0,-0.0,0.0
1736847133.642805,0.0,1.5708,1.54614,-0.0,-0.0,0.0
1736847133.644018,0.0,1.5708,1.54628,-0.0,-0.0,0.0
1736847133.645038,0.0,1.5708,1.54642,-0.0,-0.0,0.0
1736847133.645038,0.0,1.5708,1.54654,-0.0,-0.0,0.0
1736847133.6460254,0.0,1.5708,1.54666,-0.0,-0.0,0.0
1736847133.6470225,0.0,1.5708,1.54678,-0.0,-0.0,0.0
1736847133.6480324,0.0,1.5708,1.5469,-0.0,-0.0,0.0
1736847133.6480324,0.0,1.5708,1.54701,-0.0,-0.0,0.0
1736847133.6490233,0.0,1.5708,1.54715,-0.0,-0.0,0.0
1736847133.6501017,0.0,1.5708,1.54732,-0.0,-0.0,0.0
1736847133.6511395,0.0,1.5708,1.54749,-0.0,-0.0,0.0
1736847133.6521404,0.0,1.5708,1.54762,-0.0,-0.0,0.0
1736847133.6531403,0.0,1.5708,1.54774,-0.0,-0.0,0.0
1736847133.654151,0.0,1.5708,1.54785,-0.0,-0.0,0.0
1736847133.654151,0.0,1.5708,1.54797,-0.0,-0.0,0.0
1736847133.6554532,0.0,1.5708,1.54809,-0.0,-0.0,0.0
1736847133.6567237,0.0,1.5708,1.54823,-0.0,-0.0,0.0
1736847133.6573544,0.0,1.5708,1.54841,-0.0,-0.0,0.0
1736847133.6583607,0.0,1.5708,1.54855,-0.0,-0.0,0.0
1736847133.6593668,0.0,1.5708,1.54867,-0.0,-0.0,0.0
1736847133.6593668,0.0,1.5708,1.54879,-0.0,-0.0,0.0
1736847133.6603594,0.0,1.5708,1.54891,-0.0,-0.0,0.0
1736847133.6617742,0.0,1.5708,1.54904,-0.0,-0.0,0.0
1736847133.662268,0.0,1.5708,1.54916,-0.0,-0.0,0.0
1736847133.662772,0.0,1.5708,1.54928,-0.0,-0.0,0.0
1736847133.6641402,0.0,1.5708,1.54945,-0.0,-0.0,0.0
1736847133.665343,0.0,1.5708,1.54959,-0.0,-0.0,0.0
1736847133.665343,0.0,1.5708,1.54973,-0.0,-0.0,0.0
1736847133.6663563,0.0,1.5708,1.54985,-0.0,-0.0,0.0
1736847133.6677527,0.0,1.5708,1.54997,-0.0,-0.0,0.0
1736847133.667853,0.0,1.5708,1.5501,-0.0,-0.0,0.0
1736847133.668854,0.0,1.5708,1.55022,-0.0,-0.0,0.0
1736847133.6698544,0.0,1.5708,1.55036,-0.0,-0.0,0.0
1736847133.6710343,0.0,1.5708,1.5505,-0.0,-0.0,0.0
1736847133.6720712,0.0,1.5708,1.55064,-0.0,-0.0,0.0
1736847133.6720712,0.0,1.5708,1.55077,-0.0,-0.0,0.0
1736847133.673588,0.0,1.5708,1.55088,-0.0,-0.0,0.0
1736847133.673588,0.0,1.5708,1.551,-0.0,-0.0,0.0
1736847133.6745896,0.0,1.5708,1.55113,-0.0,-0.0,0.0
1736847133.6755886,0.0,1.5708,1.55125,-0.0,-0.0,0.0
1736847133.676588,0.0,1.5708,1.55137,-0.0,-0.0,0.0
1736847133.676588,0.0,1.5708,1.55149,-0.0,-0.0,0.0
1736847133.6782002,0.0,1.5708,1.55167,-0.0,-0.0,0.0
1736847133.67965,0.0,1.5708,1.55184,-0.0,-0.0,0.0
1736847133.6799104,0.0,1.5708,1.55198,-0.0,-0.0,0.0
1736847133.680911,0.0,1.5708,1.55211,-0.0,-0.0,0.0
1736847133.6820207,0.0,1.5708,1.55223,-0.0,-0.0,0.0
1736847133.682936,0.0,1.5708,1.55235,-0.0,-0.0,0.0
1736847133.6834419,0.0,1.5708,1.55247,-0.0,-0.0,0.0
1736847133.6844492,0.0,1.5708,1.5526,-0.0,-0.0,0.0
1736847133.684834,0.0,1.5708,1.55275,-0.0,-0.0,0.0
1736847133.684834,0.0,1.5708,1.5529,-0.0,-0.0,0.0
1736847133.684834,0.0,1.5708,1.55301,-0.0,-0.0,0.0
1736847133.684834,0.0,1.5708,1.55314,-0.0,-0.0,0.0
1736847133.684834,0.0,1.5708,1.55326,-0.0,-0.0,0.0
1736847133.684834,0.0,1.5708,1.55338,-0.0,-0.0,0.0
1736847133.6902373,0.0,1.5708,1.5535,-0.0,-0.0,0.0
1736847133.6902373,0.0,1.5708,1.55363,-0.0,-0.0,0.0
1736847133.691949,0.0,1.5708,1.55378,-0.0,-0.0,0.0
1736847133.691949,0.0,1.5708,1.55391,-0.0,-0.0,0.0
1736847133.6929932,0.0,1.5708,1.55405,-0.0,-0.0,0.0
1736847133.6939917,0.0,1.5708,1.55417,-0.0,-0.0,0.0
1736847133.6949916,0.0,1.5708,1.55429,-0.0,-0.0,0.0
1736847133.6959908,0.0,1.5708,1.55441,-0.0,-0.0,0.0
1736847133.696838,0.0,1.5708,1.55453,-0.0,-0.0,0.0
1736847133.696838,0.0,1.5708,1.55466,-0.0,-0.0,0.0
1736847133.6984243,0.0,1.5708,1.55479,-0.0,-0.0,0.0
1736847133.699275,0.0,1.5708,1.55493,-0.0,-0.0,0.0
1736847133.7000694,0.0,1.5708,1.55507,-0.0,-0.0,0.0
1736847133.7010827,0.0,1.5708,1.5552,-0.0,-0.0,0.0
1736847133.7010827,0.0,1.5708,1.55532,-0.0,-0.0,0.0
1736847133.7020624,0.0,1.5708,1.55544,-0.0,-0.0,0.0
1736847133.7027743,0.0,1.5708,1.55557,-0.0,-0.0,0.0
1736847133.703776,0.0,1.5708,1.5557,-0.0,-0.0,0.0
1736847133.7047858,0.0,1.5708,1.55583,-0.0,-0.0,0.0
1736847133.705619,0.0,1.5708,1.55597,-0.0,-0.0,0.0
1736847133.7066793,0.0,1.5708,1.5561,-0.0,-0.0,0.0
1736847133.7073047,0.0,1.5708,1.55623,-0.0,-0.0,0.0
1736847133.7083097,0.0,1.5708,1.55636,-0.0,-0.0,0.0
1736847133.7083097,0.0,1.5708,1.55649,-0.0,-0.0,0.0
1736847133.7083097,0.0,1.5708,1.55661,-0.0,-0.0,0.0
1736847133.7083097,0.0,1.5708,1.55673,-0.0,-0.0,0.0
1736847133.7110157,0.0,1.5708,1.55686,-0.0,-0.0,0.0
1736847133.7121792,0.0,1.5708,1.55699,-0.0,-0.0,0.0
1736847133.7121792,0.0,1.5708,1.55713,-0.0,-0.0,0.0
1736847133.7139418,0.0,1.5708,1.55726,-0.0,-0.0,0.0
1736847133.714947,0.0,1.5708,1.55739,-0.0,-0.0,0.0
1736847133.714947,0.0,1.5708,1.55751,-0.0,-0.0,0.0
1736847133.716546,0.0,1.5708,1.55763,-0.0,-0.0,0.0
1736847133.7171516,0.0,1.5708,1.55775,-0.0,-0.0,0.0
1736847133.7171516,0.0,1.5708,1.55787,-0.0,-0.0,0.0
1736847133.7181628,0.0,1.5708,1.55799,-0.0,-0.0,0.0
1736847133.720145,0.0,1.5708,1.55813,-0.0,-0.0,0.0
1736847133.7204425,0.0,1.5708,1.55834,-0.0,-0.0,0.0
1736847133.7214751,0.0,1.5708,1.55849,-0.0,-0.0,0.0
1736847133.7224827,0.0,1.5708,1.55862,-0.0,-0.0,0.0
1736847133.7234733,0.0,1.5708,1.55873,-0.0,-0.0,0.0
1736847133.7234733,0.0,1.5708,1.55885,-0.0,-0.0,0.0
1736847133.724474,0.0,1.5708,1.55898,-0.0,-0.0,0.0
1736847133.7254732,0.0,1.5708,1.5591,-0.0,-0.0,0.0
1736847133.7266712,0.0,1.5708,1.55927,-0.0,-0.0,0.0
1736847133.7277129,0.0,1.5708,1.5594,-0.0,-0.0,0.0
1736847133.7287118,0.0,1.5708,1.55954,-0.0,-0.0,0.0
1736847133.7287118,0.0,1.5708,1.55966,-0.0,-0.0,0.0
1736847133.7297115,0.0,1.5708,1.55978,-0.0,-0.0,0.0
1736847133.7307105,0.0,1.5708,1.55991,-0.0,-0.0,0.0
1736847133.7317536,0.0,1.5708,1.56003,-0.0,-0.0,0.0
1736847133.7318509,0.0,1.5708,1.56016,-0.0,-0.0,0.0
1736847133.7333143,0.0,1.5708,1.5603,-0.0,-0.0,0.0
1736847133.7344065,0.0,1.5708,1.56044,-0.0,-0.0,0.0
1736847133.7347488,0.0,1.5708,1.56058,-0.0,-0.0,0.0
1736847133.7357533,0.0,1.5708,1.5607,-0.0,-0.0,0.0
1736847133.7367535,0.0,1.5708,1.56082,-0.0,-0.0,0.0
1736847133.737566,0.0,1.5708,1.56094,-0.0,-0.0,0.0
1736847133.737652,0.0,1.5708,1.56106,-0.0,-0.0,0.0
1736847133.738653,0.0,1.5708,1.56119,-0.0,-0.0,0.0
1736847133.7399354,0.0,1.5708,1.56132,-0.0,-0.0,0.0
1736847133.7402759,0.0,1.5708,1.56146,-0.0,-0.0,0.0
1736847133.741316,0.0,1.5708,1.56159,-0.0,-0.0,0.0
1736847133.742153,0.0,1.5708,1.5617,-0.0,-0.0,0.0
1736847133.7431579,0.0,1.5708,1.56183,-0.0,-0.0,0.0
1736847133.7431579,0.0,1.5708,1.56195,-0.0,-0.0,0.0
1736847133.7431579,0.0,1.5708,1.56208,-0.0,-0.0,0.0
1736847133.7431579,0.0,1.5708,1.5622,-0.0,-0.0,0.0
1736847133.7457287,0.0,1.5708,1.56233,-0.0,-0.0,0.0
1736847133.746953,0.0,1.5708,1.56245,-0.0,-0.0,0.0
1736847133.747782,0.0,1.5708,1.56258,-0.0,-0.0,0.0
1736847133.7487872,0.0,1.5708,1.56273,-0.0,-0.0,0.0
1736847133.7497869,0.0,1.5708,1.56285,-0.0,-0.0,0.0
1736847133.7497869,0.0,1.5708,1.56297,-0.0,-0.0,0.0
1736847133.7513177,0.0,1.5708,1.56309,-0.0,-0.0,0.0
1736847133.7519338,0.0,1.5708,1.56321,-0.0,-0.0,0.0
1736847133.7527864,0.0,1.5708,1.56334,-0.0,-0.0,0.0
1736847133.7527864,0.0,1.5708,1.56346,-0.0,-0.0,0.0
1736847133.7547474,0.0,1.5708,1.56363,-0.0,-0.0,0.0
1736847133.755748,0.0,1.5708,1.56379,-0.0,-0.0,0.0
1736847133.755748,0.0,1.5708,1.56393,-0.0,-0.0,0.0
1736847133.756749,0.0,1.5708,1.56405,-0.0,-0.0,0.0
1736847133.757748,0.0,1.5708,1.56418,-0.0,-0.0,0.0
1736847133.7587643,0.0,1.5708,1.5643,-0.0,-0.0,0.0
1736847133.7596543,0.0,1.5708,1.56442,-0.0,-0.0,0.0
1736847133.7596543,0.0,1.5708,1.56455,-0.0,-0.0,0.0
1736847133.7608979,0.0,1.5708,1.56469,-0.0,-0.0,0.0
1736847133.7608979,0.0,1.5708,1.56483,-0.0,-0.0,0.0
1736847133.7608979,0.0,1.5708,1.56496,-0.0,-0.0,0.0
1736847133.7608979,0.0,1.5708,1.56509,-0.0,-0.0,0.0
1736847133.7608979,0.0,1.5708,1.56521,-0.0,-0.0,0.0
1736847133.7652636,0.0,1.5708,1.56533,-0.0,-0.0,0.0
1736847133.7662694,0.0,1.5708,1.56545,-0.0,-0.0,0.0
1736847133.7662694,0.0,1.5708,1.56557,-0.0,-0.0,0.0
1736847133.7677827,0.0,1.5708,1.56569,-0.0,-0.0,0.0
1736847133.7685788,0.0,1.5708,1.56583,-0.0,-0.0,0.0
1736847133.7694795,0.0,1.5708,1.56595,-0.0,-0.0,0.0
1736847133.7702122,0.0,1.5708,1.56608,-0.0,-0.0,0.0
1736847133.7711678,0.0,1.5708,1.56621,-0.0,-0.0,0.0
1736847133.7717106,0.0,1.5708,1.56634,-0.0,-0.0,0.0
1736847133.7727253,0.0,1.5708,1.56647,-0.0,-0.0,0.0
1736847133.7727253,0.0,1.5708,1.56659,-0.0,-0.0,0.0
1736847133.7737145,0.0,1.5708,1.56672,-0.0,-0.0,0.0
1736847133.7751858,0.0,1.5708,1.56687,-0.0,-0.0,0.0
1736847133.7757306,0.0,1.5708,1.56701,-0.0,-0.0,0.0
1736847133.776735,0.0,1.5708,1.56714,-0.0,-0.0,0.0
1736847133.7778254,0.0,1.5708,1.56727,-0.0,-0.0,0.0
